# Extracted component: F1_Wheel_FL.obj
mtllib material.mtl
v -0.141639 -0.195136 -0.236824
v -0.142659 -0.192661 -0.233820
v -0.142669 -0.143287 -0.266939
v -0.141650 -0.145128 -0.270367
v -0.140343 0.089843 0.294053
v -0.141378 0.088708 0.290333
v -0.141418 0.030418 0.302033
v -0.140383 0.030805 0.305903
v -0.141605 -0.237638 -0.194170
v -0.142624 -0.234626 -0.191706
v -0.140327 0.145433 0.270903
v -0.141363 0.143595 0.267483
v -0.141546 -0.271003 -0.144043
v -0.142566 -0.267568 -0.142214
v -0.140723 0.305786 -0.030387
v -0.141753 0.301917 -0.029997
v -0.141642 0.302025 0.029463
v -0.140609 0.305895 0.029833
v -0.140338 0.195440 0.237363
v -0.141372 0.192969 0.234363
v -0.141466 -0.293947 -0.088367
v -0.142487 -0.290222 -0.087247
v -0.140847 0.293933 -0.089417
v -0.141876 0.290214 -0.088287
v -0.140373 0.237943 0.194713
v -0.141408 0.234934 0.192253
v -0.141368 -0.305589 -0.029287
v -0.142390 -0.301716 -0.028917
v -0.140975 0.270791 -0.145009
v -0.142003 0.267365 -0.143169
v -0.140431 0.271307 0.144583
v -0.141465 0.267875 0.142753
v -0.141254 -0.305481 0.030923
v -0.142278 -0.301611 0.030533
v -0.142390 -0.301716 -0.028917
v -0.141368 -0.305589 -0.029287
v -0.141104 0.237247 -0.195017
v -0.142130 0.234247 -0.192543
v -0.140511 0.294251 0.088913
v -0.141544 0.290530 0.087793
v -0.141131 -0.293628 0.089963
v -0.142156 -0.289908 0.088823
v -0.141230 0.194594 -0.237520
v -0.142252 0.192133 -0.234507
v -0.141003 -0.270486 0.145553
v -0.142029 -0.267058 0.143713
v -0.141345 0.144466 -0.270885
v -0.142367 0.142641 -0.267449
v -0.140873 -0.236943 0.195563
v -0.141902 -0.233939 0.193083
v -0.141447 0.088794 -0.293828
v -0.142469 0.087673 -0.290103
v -0.140749 -0.194289 0.238063
v -0.141778 -0.191825 0.235053
v -0.141532 0.029715 -0.305470
v -0.142551 0.029342 -0.301597
v -0.140633 -0.144162 0.271423
v -0.141665 -0.142333 0.267993
v -0.141594 -0.030501 -0.305363
v -0.142614 -0.030111 -0.301491
v -0.140531 -0.088489 0.294373
v -0.141564 -0.087365 0.290643
v -0.141635 -0.089537 -0.293510
v -0.142654 -0.088401 -0.289789
v -0.140447 -0.029410 0.306013
v -0.141480 -0.029034 0.302143
v -0.135389 -0.297850 -0.089557
v -0.135470 -0.274602 -0.145967
v -0.134761 0.297820 -0.090617
v -0.134637 0.309831 -0.030797
v -0.134281 0.241088 0.197273
v -0.134245 0.198022 0.240493
v -0.135290 -0.309646 -0.029697
v -0.134892 0.274371 -0.146947
v -0.134340 0.274894 0.146483
v -0.135175 -0.309538 0.031323
v -0.135290 -0.309646 -0.029697
v -0.135022 0.240383 -0.197617
v -0.134422 0.298142 0.090073
v -0.135050 -0.297528 0.091133
v -0.135149 0.197164 -0.240682
v -0.134522 0.309938 0.030213
v -0.134919 -0.274079 0.147463
v -0.135266 0.146372 -0.274489
v -0.134788 -0.240091 0.198133
v -0.135370 0.089962 -0.297737
v -0.134662 -0.196871 0.241203
v -0.135455 0.030101 -0.309533
v -0.134543 -0.146080 0.275003
v -0.135519 -0.030913 -0.309424
v -0.134442 -0.089670 0.298253
v -0.135560 -0.090732 -0.297414
v -0.134356 -0.029808 0.310053
v -0.135575 -0.147060 -0.273965
v -0.134292 0.031206 0.309943
v -0.135565 -0.197729 -0.239977
v -0.134251 0.091024 0.297933
v -0.135530 -0.240796 -0.196758
v -0.134235 0.147352 0.274483
v -0.121810 -0.303799 0.093023
v -0.121938 -0.316061 0.031943
v -0.121911 0.201291 -0.245772
v -0.121782 0.245419 -0.201801
v -0.121271 0.316435 0.030813
v -0.121169 0.304393 0.091933
v -0.121677 -0.279857 0.150533
v -0.122031 0.149432 -0.280289
v -0.121543 -0.245155 0.202273
v -0.122136 0.091836 -0.304026
v -0.121414 -0.201027 0.246243
v -0.122223 0.030716 -0.316070
v -0.121294 -0.149168 0.280753
v -0.122289 -0.031580 -0.315959
v -0.121189 -0.091572 0.304493
v -0.122331 -0.092657 -0.303697
v -0.121102 -0.030452 0.316543
v -0.122347 -0.150168 -0.279754
v -0.121036 0.031844 0.316433
v -0.122337 -0.201903 -0.245052
v -0.120994 0.092921 0.304163
v -0.122300 -0.245874 -0.200924
v -0.120979 0.150432 0.280223
v -0.122239 -0.280392 -0.149065
v -0.121389 0.316325 -0.031477
v -0.120989 0.202168 0.245523
v -0.122157 -0.304129 -0.091467
v -0.121515 0.304064 -0.092557
v -0.121025 0.246138 0.201393
v -0.122054 -0.316173 -0.030347
v -0.121649 0.280121 -0.150066
v -0.121086 0.280656 0.149533
v -0.122054 -0.316173 -0.030347
v -0.106478 -0.204702 0.250683
v -0.106610 -0.249632 0.205913
v -0.107302 0.031256 -0.321851
v -0.107214 0.093488 -0.309587
v -0.106356 -0.151899 0.285833
v -0.107369 -0.032172 -0.321737
v -0.106249 -0.093255 0.310003
v -0.107412 -0.094360 -0.309252
v -0.106159 -0.031024 0.322263
v -0.107427 -0.152917 -0.284874
v -0.106093 0.032405 0.322153
v -0.107417 -0.205593 -0.249541
v -0.106051 0.094593 0.309663
v -0.107380 -0.250364 -0.204610
v -0.106034 0.153150 0.285283
v -0.107318 -0.285509 -0.151809
v -0.106451 0.322060 -0.032087
v -0.106328 0.322174 0.031343
v -0.106045 0.205826 0.249953
v -0.107234 -0.309678 -0.093167
v -0.106581 0.309575 -0.094267
v -0.106082 0.250597 0.205023
v -0.107129 -0.321942 -0.030937
v -0.106716 0.285198 -0.152828
v -0.106144 0.285741 0.152223
v -0.107011 -0.321828 0.032493
v -0.107129 -0.321942 -0.030937
v -0.106853 0.249864 -0.205504
v -0.106228 0.309910 0.093573
v -0.106880 -0.309343 0.094683
v -0.106984 0.204942 -0.250273
v -0.106745 -0.284965 0.153243
v -0.107106 0.152132 -0.285419
v -0.065948 -0.031787 0.329643
v -0.086053 -0.031462 0.326543
v -0.086143 -0.094528 0.314113
v -0.066038 -0.095460 0.317103
v -0.067245 -0.156503 -0.291552
v -0.087337 -0.154989 -0.288732
v -0.087321 -0.095648 -0.313436
v -0.067229 -0.096591 -0.316494
v -0.065880 0.033110 0.329533
v -0.085985 0.032817 0.326423
v -0.067234 -0.210399 -0.255400
v -0.087327 -0.208371 -0.252925
v -0.065836 0.096738 0.316753
v -0.085942 0.095838 0.313773
v -0.067196 -0.256207 -0.209429
v -0.087289 -0.253741 -0.207392
v -0.065820 0.156651 0.291813
v -0.085926 0.155180 0.289073
v -0.067133 -0.292167 -0.155404
v -0.087226 -0.289357 -0.153883
v -0.066245 0.329473 -0.032907
v -0.086348 0.326352 -0.032557
v -0.086227 0.326468 0.031723
v -0.066124 0.329589 0.031993
v -0.065831 0.210547 0.255663
v -0.085937 0.208561 0.253263
v -0.067047 -0.316894 -0.095407
v -0.087141 -0.313849 -0.094457
v -0.066379 0.316699 -0.096537
v -0.086479 0.313700 -0.095577
v -0.065868 0.256355 0.209693
v -0.085974 0.253931 0.207733
v -0.066941 -0.329442 -0.031727
v -0.087037 -0.326278 -0.031387
v -0.066517 0.291756 -0.156447
v -0.086617 0.288996 -0.154916
v -0.065932 0.292313 0.155663
v -0.086036 0.289548 0.154223
v -0.066818 -0.329326 0.033163
v -0.086915 -0.326163 0.032893
v -0.087037 -0.326278 -0.031387
v -0.066941 -0.329442 -0.031727
v -0.066657 0.255606 -0.210343
v -0.086755 0.253190 -0.208297
v -0.066017 0.317042 0.095663
v -0.086122 0.314041 0.094793
v -0.066686 -0.316552 0.096793
v -0.086784 -0.313510 0.095913
v -0.066791 0.209634 -0.256150
v -0.086888 0.207657 -0.253668
v -0.066547 -0.291610 0.156713
v -0.086647 -0.288806 0.155253
v -0.066916 0.155610 -0.292109
v -0.087012 0.154148 -0.289284
v -0.066408 -0.255458 0.210603
v -0.086509 -0.252999 0.208633
v -0.067025 0.095608 -0.316837
v -0.087120 0.094718 -0.313776
v -0.066273 -0.209486 0.256413
v -0.086375 -0.207467 0.254003
v -0.067117 0.031935 -0.329384
v -0.087210 0.031652 -0.326204
v -0.066149 -0.155462 0.292373
v -0.086252 -0.153957 0.289623
v -0.067185 -0.032962 -0.329268
v -0.087278 -0.032627 -0.326089
v -0.028067 -0.257687 0.212333
v -0.028208 -0.294149 0.157973
v -0.028691 0.096386 -0.319624
v -0.028580 0.156902 -0.294684
v -0.027932 -0.211323 0.258533
v -0.028783 0.032167 -0.332279
v -0.027805 -0.156835 0.294803
v -0.028852 -0.033286 -0.332162
v -0.027695 -0.096319 0.319743
v -0.028895 -0.097459 -0.319278
v -0.027603 -0.032101 0.332393
v -0.028911 -0.157885 -0.294122
v -0.027534 0.033353 0.332283
v -0.028901 -0.212243 -0.257661
v -0.027490 0.097526 0.319393
v -0.028862 -0.258443 -0.211296
v -0.027474 0.157953 0.294243
v -0.028798 -0.294710 -0.156809
v -0.027904 0.332255 -0.033257
v -0.027781 0.332371 0.032193
v -0.027485 0.212310 0.257783
v -0.028712 -0.319650 -0.096297
v -0.028038 0.319370 -0.097437
v -0.027523 0.258510 0.211413
v -0.028605 -0.332305 -0.032077
v -0.028178 0.294214 -0.157860
v -0.027587 0.294776 0.156923
v -0.028482 -0.332188 0.033383
v -0.028605 -0.332305 -0.032077
v -0.028319 0.257753 -0.212218
v -0.027674 0.319716 0.096413
v -0.028348 -0.319305 0.097553
v -0.028454 0.211389 -0.258417
v 0.004359 0.097842 0.320483
v 0.004316 0.033439 0.333413
v 0.002983 -0.259406 -0.212115
v 0.002944 -0.213040 -0.258647
v 0.004376 0.158486 0.295233
v 0.003046 -0.295803 -0.157432
v 0.003945 0.333416 -0.033437
v 0.004068 0.333532 0.032243
v 0.004366 0.213039 0.258643
v 0.003134 -0.320833 -0.096697
v 0.003807 0.320485 -0.097847
v 0.004327 0.259406 0.212113
v 0.003241 -0.333533 -0.032247
v 0.003670 0.295238 -0.158488
v 0.004263 0.295803 0.157433
v 0.003365 -0.333416 0.033443
v 0.003241 -0.333533 -0.032247
v 0.003529 0.258647 -0.213041
v 0.004175 0.320832 0.096693
v 0.003499 -0.320486 0.097843
v 0.003392 0.212115 -0.259406
v 0.003639 -0.295239 0.158483
v 0.003267 0.157432 -0.295804
v 0.003781 -0.258648 0.213043
v 0.003155 0.096698 -0.320833
v 0.003916 -0.212116 0.259403
v 0.003063 0.032249 -0.333533
v 0.004042 -0.157432 0.295803
v 0.002994 -0.033440 -0.333416
v 0.004154 -0.096699 0.320833
v 0.002951 -0.097843 -0.320486
v 0.004245 -0.032250 0.333533
v 0.002933 -0.158487 -0.295239
v 0.043099 -0.033435 -0.333025
v 0.043168 0.032161 -0.333142
v 0.044257 -0.096606 0.320303
v 0.044147 -0.157255 0.295313
v 0.043055 -0.097748 -0.320113
v 0.044350 -0.032247 0.332993
v 0.043038 -0.158307 -0.294901
v 0.044418 0.033350 0.332873
v 0.043050 -0.212785 -0.258361
v 0.044463 0.097663 0.319963
v 0.043087 -0.259086 -0.211894
v 0.044479 0.158222 0.294753
v 0.043152 -0.295432 -0.157287
v 0.044048 0.332898 -0.033467
v 0.044172 0.333023 0.032123
v 0.044469 0.212698 0.258203
v 0.043239 -0.320426 -0.096637
v 0.043914 0.319994 -0.097787
v 0.044430 0.259001 0.211743
v 0.043347 -0.333109 -0.032277
v 0.043773 0.294783 -0.158341
v 0.044366 0.295346 0.157133
v 0.043470 -0.332992 0.033313
v 0.043347 -0.333109 -0.032277
v 0.043633 0.258242 -0.212817
v 0.044278 0.320340 0.096483
v 0.043604 -0.320080 0.097633
v 0.043497 0.211775 -0.259118
v 0.043744 -0.294869 0.158193
v 0.043372 0.157169 -0.295465
v 0.043884 -0.258328 0.212663
v 0.043260 0.096520 -0.320459
v 0.044020 -0.211862 0.258963
v 0.082020 -0.211318 -0.256604
v 0.082008 -0.157228 -0.292886
v 0.083423 0.096929 0.317623
v 0.083379 0.033072 0.330443
v 0.082058 -0.257291 -0.210466
v 0.083439 0.157060 0.292583
v 0.082121 -0.293380 -0.156246
v 0.083012 0.330506 -0.033307
v 0.083134 0.330621 0.031823
v 0.083429 0.211150 0.256303
v 0.082207 -0.318197 -0.096027
v 0.082878 0.317685 -0.097167
v 0.083391 0.257123 0.210163
v 0.082315 -0.330791 -0.032127
v 0.082739 0.292653 -0.157293
v 0.083327 0.293212 0.155943
v 0.082437 -0.330674 0.033003
v 0.082315 -0.330791 -0.032127
v 0.082600 0.256371 -0.211383
v 0.083240 0.318030 0.095733
v 0.082570 -0.317854 0.096863
v 0.082464 0.210234 -0.257356
v 0.082710 -0.292822 0.156993
v 0.082339 0.156014 -0.293445
v 0.082849 -0.256539 0.211083
v 0.082229 0.095795 -0.318262
v 0.082984 -0.210402 0.257053
v 0.082137 0.031893 -0.330855
v 0.083109 -0.156182 0.293143
v 0.082069 -0.033240 -0.330739
v 0.083219 -0.095964 0.317963
v 0.082025 -0.097097 -0.317918
v 0.083310 -0.032060 0.330553
v 0.117210 -0.312606 -0.094397
v 0.117124 -0.288228 -0.153550
v 0.117869 0.312026 -0.095517
v 0.118000 0.324619 -0.032787
v 0.118372 0.252535 0.206383
v 0.118409 0.207376 0.251703
v 0.117314 -0.324976 -0.031627
v 0.117732 0.287437 -0.154578
v 0.118309 0.287986 0.153123
v 0.117434 -0.324862 0.032353
v 0.117314 -0.324976 -0.031627
v 0.117594 0.251796 -0.207712
v 0.118224 0.312365 0.093963
v 0.117566 -0.312268 0.095083
v 0.117461 0.206476 -0.252871
v 0.118119 0.324734 0.031193
v 0.117702 -0.287679 0.154153
v 0.117339 0.153216 -0.288322
v 0.117839 -0.252039 0.207283
v 0.117231 0.094062 -0.312700
v 0.117973 -0.206718 0.252443
v 0.117141 0.031289 -0.325070
v 0.118096 -0.153457 0.287893
v 0.117074 -0.032690 -0.324956
v 0.118204 -0.094304 0.312273
v 0.117030 -0.095418 -0.312362
v 0.118293 -0.031532 0.324643
v 0.117014 -0.154485 -0.287772
v 0.118360 0.032448 0.324523
v 0.117025 -0.207618 -0.252132
v 0.118403 0.095176 0.311933
v 0.117062 -0.252778 -0.206811
v 0.118420 0.154243 0.287343
v 0.149420 -0.298551 0.090823
v 0.133492 -0.305934 0.093113
v 0.133364 -0.318272 0.031663
v 0.149295 -0.310589 0.030863
v 0.149320 0.197340 -0.241800
v 0.133391 0.202256 -0.247760
v 0.133521 0.246654 -0.203518
v 0.149448 0.240665 -0.198630
v 0.149950 0.310388 0.029753
v 0.134035 0.318108 0.030523
v 0.134137 0.305989 0.092023
v 0.150049 0.298563 0.089753
v 0.149551 -0.275044 0.147283
v 0.133626 -0.281845 0.150973
v 0.149203 0.146427 -0.275688
v 0.133271 0.150079 -0.282489
v 0.149682 -0.240974 0.198083
v 0.133761 -0.246930 0.203033
v 0.149100 0.089879 -0.298993
v 0.133164 0.092129 -0.306372
v 0.149809 -0.197650 0.241253
v 0.133891 -0.202531 0.247273
v 0.149014 0.029873 -0.310818
v 0.133077 0.030634 -0.318489
v 0.149926 -0.146735 0.275143
v 0.134012 -0.150354 0.282003
v 0.148949 -0.031289 -0.310708
v 0.133010 -0.032044 -0.318378
v 0.150030 -0.090188 0.298443
v 0.134117 -0.092404 0.305883
v 0.148909 -0.091253 -0.298669
v 0.132969 -0.093496 -0.306040
v 0.150115 -0.030182 0.310273
v 0.134205 -0.030910 0.318003
v 0.148893 -0.147717 -0.275163
v 0.132953 -0.151360 -0.281951
v 0.150180 0.030980 0.310163
v 0.134272 0.031769 0.317883
v 0.148903 -0.198510 -0.241093
v 0.132963 -0.203413 -0.247034
v 0.150221 0.090944 0.298123
v 0.134313 0.093221 0.305553
v 0.148939 -0.241680 -0.197769
v 0.133000 -0.247654 -0.202637
v 0.150236 0.147408 0.274613
v 0.134329 0.151085 0.281463
v 0.148998 -0.275568 -0.146855
v 0.133060 -0.282382 -0.150460
v 0.149834 0.310279 -0.031407
v 0.133918 0.317995 -0.032157
v 0.150226 0.198201 0.240543
v 0.134319 0.203137 0.246543
v 0.149080 -0.298874 -0.090307
v 0.133144 -0.306265 -0.092507
v 0.149710 0.298241 -0.091377
v 0.133789 0.305659 -0.093607
v 0.150191 0.241371 0.197223
v 0.134282 0.247378 0.202143
v 0.149180 -0.310698 -0.030297
v 0.133246 -0.318383 -0.031017
v 0.149579 0.274735 -0.147837
v 0.133655 0.281569 -0.151467
v 0.150131 0.275259 0.146303
v 0.134221 0.282107 0.149973
v 0.133246 -0.318383 -0.031017
v 0.149180 -0.310698 -0.030297
v 0.152398 -0.196076 0.239313
v 0.152272 -0.239055 0.196493
v 0.151609 0.029629 -0.308343
v 0.151694 0.089158 -0.296613
v 0.152514 -0.145568 0.272933
v 0.151545 -0.031043 -0.308235
v 0.152617 -0.089473 0.296053
v 0.151504 -0.090529 -0.296292
v 0.152701 -0.029945 0.307783
v 0.151489 -0.146542 -0.272972
v 0.152765 0.030729 0.307673
v 0.151499 -0.196929 -0.239175
v 0.152806 0.090214 0.295733
v 0.151534 -0.239755 -0.196197
v 0.152822 0.146227 0.272413
v 0.151594 -0.273373 -0.145689
v 0.152423 0.307799 -0.031167
v 0.152537 0.307907 0.029503
v 0.152811 0.196614 0.238613
v 0.151675 -0.296491 -0.089597
v 0.152299 0.295855 -0.090647
v 0.152776 0.239440 0.195633
v 0.151773 -0.308222 -0.030067
v 0.152169 0.272537 -0.146664
v 0.152717 0.273057 0.145133
v 0.151888 -0.308114 0.030603
v 0.151773 -0.308222 -0.030067
v 0.152039 0.238739 -0.197051
v 0.152636 0.296175 0.089033
v 0.152012 -0.296171 0.090093
v 0.151913 0.195760 -0.239875
v 0.152141 -0.272852 0.146103
v 0.151797 0.145254 -0.273495
v 0.154676 -0.029557 0.303753
v 0.154591 -0.088307 0.292173
v 0.153479 -0.144630 -0.269412
v 0.153494 -0.089350 -0.292426
v 0.154739 0.030322 0.303643
v 0.153489 -0.194359 -0.236056
v 0.154779 0.089030 0.291863
v 0.153524 -0.236624 -0.193639
v 0.154794 0.144312 0.268843
v 0.153582 -0.269803 -0.143792
v 0.154401 0.303766 -0.030767
v 0.154513 0.303877 0.029113
v 0.154784 0.194039 0.235493
v 0.153662 -0.292619 -0.088427
v 0.154278 0.291984 -0.089477
v 0.154750 0.236306 0.193073
v 0.153760 -0.304197 -0.029677
v 0.154150 0.268969 -0.144754
v 0.154691 0.269484 0.143223
v 0.153872 -0.304090 0.030203
v 0.153760 -0.304197 -0.029677
v 0.154022 0.235614 -0.194482
v 0.154611 0.292299 0.087863
v 0.153995 -0.292303 0.088903
v 0.153898 0.193197 -0.236748
v 0.154123 -0.269289 0.144183
v 0.153783 0.143350 -0.269926
v 0.154251 -0.235933 0.193913
v 0.153681 0.087988 -0.292742
v 0.154376 -0.193516 0.236183
v 0.153597 0.029238 -0.304319
v 0.154491 -0.143669 0.269363
v 0.153535 -0.030642 -0.304212
v 0.161756 0.140542 0.261823
v 0.154794 0.144312 0.268843
v 0.154779 0.089030 0.291863
v 0.161741 0.086701 0.284233
v 0.160576 -0.262788 -0.140068
v 0.153582 -0.269803 -0.143792
v 0.153524 -0.236624 -0.193639
v 0.160519 -0.230474 -0.188617
v 0.161373 0.295848 -0.029987
v 0.154401 0.303766 -0.030767
v 0.154513 0.303877 0.029113
v 0.161482 0.295952 0.028333
v 0.161746 0.188975 0.229333
v 0.154784 0.194039 0.235493
v 0.160653 -0.285010 -0.086147
v 0.153662 -0.292619 -0.088427
v 0.161253 0.284368 -0.087167
v 0.154278 0.291984 -0.089477
v 0.161712 0.230141 0.188023
v 0.154750 0.236306 0.193073
v 0.160749 -0.296285 -0.028927
v 0.153760 -0.304197 -0.029677
v 0.161129 0.261953 -0.141005
v 0.154150 0.268969 -0.144754
v 0.161655 0.262454 0.139473
v 0.154691 0.269484 0.143223
v 0.160858 -0.296182 0.029393
v 0.153872 -0.304090 0.030203
v 0.161004 0.229467 -0.189438
v 0.154022 0.235614 -0.194482
v 0.161577 0.284676 0.085553
v 0.154611 0.292299 0.087863
v 0.160978 -0.284702 0.086573
v 0.153995 -0.292303 0.088903
v 0.160883 0.188155 -0.230603
v 0.153898 0.193197 -0.236748
v 0.161102 -0.262288 0.140413
v 0.154123 -0.269289 0.144183
v 0.160771 0.139606 -0.262917
v 0.153783 0.143350 -0.269926
v 0.161227 -0.229801 0.188843
v 0.154251 -0.235933 0.193913
v 0.160672 0.085685 -0.285139
v 0.153681 0.087988 -0.292742
v 0.161348 -0.188488 0.230013
v 0.154376 -0.193516 0.236183
v 0.160590 0.028465 -0.296414
v 0.153597 0.029238 -0.304319
v 0.161460 -0.139939 0.262323
v 0.154491 -0.143669 0.269363
v 0.160529 -0.029855 -0.296310
v 0.153535 -0.030642 -0.304212
v 0.161559 -0.086018 0.284543
v 0.154591 -0.088307 0.292173
v 0.160490 -0.087034 -0.284831
v 0.153494 -0.089350 -0.292426
v 0.161641 -0.028798 0.295823
v 0.154676 -0.029557 0.303753
v 0.160475 -0.140875 -0.262416
v 0.153479 -0.144630 -0.269412
v 0.161702 0.029522 0.295713
v 0.154739 0.030322 0.303643
v 0.160485 -0.189309 -0.229929
v 0.153489 -0.194359 -0.236056
v 0.175276 0.250220 0.132943
v 0.175331 0.219410 0.179233
v 0.174516 -0.282423 0.027983
v 0.174412 -0.282522 -0.027617
v 0.174655 0.218768 -0.180663
v 0.174774 0.249743 -0.134487
v 0.175203 0.271408 0.081533
v 0.174630 -0.271477 0.082503
v 0.174540 0.179378 -0.219912
v 0.175112 0.282159 0.026973
v 0.174749 -0.250106 0.133843
v 0.174433 0.133087 -0.250723
v 0.174868 -0.219130 0.180023
v 0.174339 0.081676 -0.271911
v 0.174984 -0.179740 0.219273
v 0.174261 0.027118 -0.282662
v 0.175091 -0.133450 0.250083
v 0.174203 -0.028489 -0.282563
v 0.175185 -0.082038 0.271263
v 0.174165 -0.083007 -0.271617
v 0.175262 -0.027481 0.282013
v 0.174151 -0.134342 -0.250245
v 0.175321 0.028126 0.281923
v 0.174160 -0.180523 -0.219270
v 0.175358 0.082644 0.270973
v 0.174192 -0.219772 -0.179880
v 0.175373 0.133980 0.249603
v 0.174247 -0.250583 -0.133587
v 0.175007 0.282060 -0.028627
v 0.175363 0.180160 0.218623
v 0.174321 -0.271771 -0.082177
v 0.174894 0.271114 -0.083147
v 0.182840 -0.206747 0.169793
v 0.182728 -0.235970 0.126233
v 0.182341 0.077034 -0.256555
v 0.182430 0.125536 -0.236566
v 0.182949 -0.169586 0.206823
v 0.182268 0.025565 -0.266697
v 0.183050 -0.125916 0.235893
v 0.182212 -0.026894 -0.266604
v 0.183139 -0.077414 0.255883
v 0.182178 -0.078327 -0.256278
v 0.183212 -0.025945 0.266023
v 0.182164 -0.126758 -0.236116
v 0.183268 0.026515 0.265933
v 0.182173 -0.170324 -0.206893
v 0.183303 0.077947 0.255603
v 0.182204 -0.207353 -0.169733
v 0.183317 0.126379 0.235443
v 0.182255 -0.236420 -0.126067
v 0.182971 0.266077 -0.027047
v 0.183070 0.266170 0.025413
v 0.183307 0.169945 0.206223
v 0.182324 -0.256409 -0.077557
v 0.182864 0.255751 -0.078477
v 0.183277 0.206972 0.169063
v 0.182410 -0.266551 -0.026087
v 0.182752 0.235589 -0.126907
v 0.183226 0.236039 0.125383
v 0.182508 -0.266458 0.026363
v 0.182639 0.206367 -0.170471
v 0.183156 0.256028 0.076883
v 0.182616 -0.256131 0.077803
v 0.182531 0.169207 -0.207499
v 0.187786 0.191057 0.156043
v 0.187814 0.156872 0.190343
v 0.186987 -0.246098 -0.024117
v 0.186907 -0.236734 -0.071637
v 0.187302 0.217476 -0.117197
v 0.187405 0.236088 -0.072487
v 0.187739 0.217890 0.115723
v 0.187077 -0.246011 0.024313
v 0.187198 0.190497 -0.157412
v 0.187674 0.236344 0.070943
v 0.187176 -0.236478 0.071793
v 0.187098 0.156191 -0.191596
v 0.187596 0.245708 0.023433
v 0.187280 -0.217865 0.116503
v 0.187004 0.115875 -0.218431
v 0.187384 -0.190887 0.156723
v 0.186923 0.071099 -0.236884
v 0.187484 -0.156581 0.190903
v 0.186855 0.023582 -0.246248
v 0.187577 -0.116265 0.217743
v 0.186804 -0.024849 -0.246161
v 0.187659 -0.071487 0.236193
v 0.186771 -0.072331 -0.236628
v 0.187727 -0.023971 0.245553
v 0.186759 -0.117042 -0.218015
v 0.187778 0.024459 0.245473
v 0.186767 -0.157262 -0.191037
v 0.187810 0.071942 0.235933
v 0.186795 -0.191446 -0.156730
v 0.187823 0.116652 0.217323
v 0.186842 -0.218280 -0.116417
v 0.187505 0.245621 -0.024997
v 0.184893 -0.062195 -0.203431
v 0.184921 -0.021383 -0.211624
v 0.185094 0.099571 -0.187790
v 0.185174 0.134223 -0.164725
v 0.185715 -0.020629 0.211013
v 0.185657 -0.061470 0.202963
v 0.184883 -0.100624 -0.187432
v 0.185761 0.020998 0.210943
v 0.184890 -0.135195 -0.164244
v 0.185787 0.061810 0.202743
v 0.184914 -0.164576 -0.134757
v 0.185798 0.100239 0.186753
v 0.184955 -0.187641 -0.100107
v 0.185791 0.134809 0.163563
v 0.185010 -0.203503 -0.061617
v 0.185766 0.164191 0.134073
v 0.185079 -0.211550 -0.020777
v 0.185726 0.187256 0.099423
v 0.185156 -0.211476 0.020853
v 0.185671 0.203118 0.060933
v 0.185242 -0.203282 0.061663
v 0.185602 0.211164 0.020093
v 0.185524 0.211090 -0.021537
v 0.185331 -0.187284 0.100093
v 0.185438 0.202897 -0.062347
v 0.185419 -0.164096 0.134663
v 0.185024 0.061085 -0.203651
v 0.185349 0.186899 -0.100777
v 0.185507 -0.134609 0.164043
v 0.184965 0.020243 -0.211699
v 0.185586 -0.099957 0.187103
v 0.185261 0.163711 -0.135347
v 0.178393 -0.143355 -0.117397
v 0.178372 -0.117765 -0.143080
v 0.179162 0.087285 0.162613
v 0.179153 0.053816 0.176553
v 0.178429 -0.163444 -0.087217
v 0.178923 0.183831 -0.018787
v 0.178992 0.183896 0.017473
v 0.179156 0.117394 0.142423
v 0.178477 -0.177258 -0.053697
v 0.178850 0.176695 -0.054327
v 0.179135 0.142980 0.116743
v 0.178536 -0.184267 -0.018127
v 0.178773 0.162760 -0.087797
v 0.179100 0.163072 0.086563
v 0.178604 -0.184203 0.018123
v 0.178695 0.142566 -0.117907
v 0.179051 0.176887 0.053043
v 0.178678 -0.177067 0.053673
v 0.178620 0.116884 -0.143499
v 0.178756 -0.163133 0.087143
v 0.178550 0.086704 -0.163586
v 0.178834 -0.142937 0.117253
v 0.178488 0.053184 -0.177401
v 0.178909 -0.117255 0.142843
v 0.178438 0.017614 -0.184411
v 0.178978 -0.087074 0.162933
v 0.178400 -0.018641 -0.184346
v 0.179040 -0.053556 0.176743
v 0.178375 -0.054186 -0.177209
v 0.179091 -0.017984 0.183753
v 0.178366 -0.087657 -0.163276
v 0.179129 0.018270 0.183683
v 0.175688 -0.180229 -0.017737
v 0.175630 -0.173374 -0.052527
v 0.175920 0.159192 -0.085877
v 0.175995 0.172820 -0.053137
v 0.176240 0.159497 0.084663
v 0.176274 0.139849 0.114183
v 0.175755 -0.180162 0.017723
v 0.175843 0.139439 -0.115327
v 0.176192 0.173007 0.051873
v 0.175827 -0.173189 0.052493
v 0.175770 0.114321 -0.140355
v 0.176134 0.179863 0.017083
v 0.175903 -0.159558 0.085233
v 0.175701 0.084802 -0.160003
v 0.175979 -0.139804 0.114683
v 0.175642 0.052017 -0.173514
v 0.176053 -0.114686 0.139703
v 0.175592 0.017226 -0.180370
v 0.176121 -0.085168 0.159353
v 0.175554 -0.018234 -0.180307
v 0.176181 -0.052382 0.172863
v 0.175531 -0.053000 -0.173327
v 0.176231 -0.017591 0.179723
v 0.175522 -0.085737 -0.159699
v 0.176268 0.017869 0.179663
v 0.175528 -0.115185 -0.139945
v 0.176291 0.052634 0.172683
v 0.175549 -0.140214 -0.114827
v 0.176301 0.085371 0.159053
v 0.175583 -0.159862 -0.085307
v 0.176067 0.179800 -0.018377
v 0.176295 0.114820 0.139293
v 0.175344 -0.158585 0.084713
v 0.175268 -0.172130 0.052173
v 0.175143 0.084284 -0.159028
v 0.175211 0.113623 -0.139500
v 0.175420 -0.138952 0.113973
v 0.175084 0.051700 -0.172457
v 0.175493 -0.113987 0.138853
v 0.175034 0.017121 -0.179271
v 0.175561 -0.084648 0.158383
v 0.174998 -0.018123 -0.179208
v 0.175620 -0.052063 0.171813
v 0.174974 -0.052677 -0.172271
v 0.175670 -0.017485 0.178623
v 0.174964 -0.085214 -0.158726
v 0.175706 0.017759 0.178563
v 0.174971 -0.114483 -0.139097
v 0.175730 0.052314 0.171623
v 0.174991 -0.139360 -0.114127
v 0.175739 0.084849 0.158083
v 0.175026 -0.158892 -0.084787
v 0.175507 0.178703 -0.018267
v 0.175573 0.178766 0.016983
v 0.175733 0.114119 0.138443
v 0.175072 -0.172320 -0.052207
v 0.175435 0.171767 -0.052817
v 0.175712 0.138996 0.113483
v 0.175131 -0.179131 -0.017627
v 0.175360 0.158221 -0.085357
v 0.175678 0.158523 0.084143
v 0.175196 -0.179068 0.017613
v 0.175284 0.138589 -0.114627
v 0.175631 0.171953 0.051553
v 0.174710 -0.082625 0.154583
v 0.174644 -0.111260 0.135523
v 0.174160 -0.017693 -0.174922
v 0.174197 0.016707 -0.174983
v 0.174769 -0.050820 0.167693
v 0.174138 -0.051419 -0.168151
v 0.174816 -0.017069 0.174343
v 0.174129 -0.083177 -0.154930
v 0.174853 0.017330 0.174283
v 0.174135 -0.111744 -0.135767
v 0.174876 0.051057 0.167503
v 0.174155 -0.136025 -0.111397
v 0.174885 0.082814 0.154283
v 0.174188 -0.155089 -0.082767
v 0.174658 0.174420 -0.017837
v 0.174723 0.174481 0.016563
v 0.174879 0.111382 0.135123
v 0.174234 -0.168193 -0.050957
v 0.174588 0.167648 -0.051557
v 0.174859 0.135663 0.110753
v 0.174290 -0.174844 -0.017207
v 0.174518 0.154427 -0.083317
v 0.174825 0.154723 0.082123
v 0.174355 -0.174783 0.017193
v 0.174441 0.135266 -0.111887
v 0.174776 0.167830 0.050313
v 0.174425 -0.168011 0.050913
v 0.174370 0.110899 -0.136167
v 0.174499 -0.154790 0.082673
v 0.174304 0.082262 -0.155226
v 0.174573 -0.135628 0.111243
v 0.174245 0.050457 -0.168333
v 0.174127 0.016752 0.168513
v 0.174092 -0.016510 0.168573
v 0.173433 -0.108058 -0.131287
v 0.173427 -0.080433 -0.149820
v 0.174149 0.049365 0.161963
v 0.173452 -0.131532 -0.107727
v 0.174158 0.080073 0.149183
v 0.173485 -0.149967 -0.080037
v 0.173939 0.168651 -0.017257
v 0.174002 0.168711 0.016013
v 0.174153 0.107697 0.130653
v 0.173529 -0.162641 -0.049287
v 0.173871 0.162104 -0.049867
v 0.174132 0.131176 0.107093
v 0.173583 -0.169073 -0.016647
v 0.173800 0.149320 -0.080577
v 0.174100 0.149606 0.079403
v 0.173645 -0.169013 0.016613
v 0.173729 0.130792 -0.108197
v 0.174056 0.162280 0.048643
v 0.173714 -0.162466 0.049223
v 0.173660 0.107229 -0.131677
v 0.173785 -0.149678 0.079933
v 0.173596 0.079538 -0.150106
v 0.173856 -0.131152 0.107553
v 0.173539 0.048785 -0.162780
v 0.173926 -0.107590 0.131033
v 0.173493 0.016150 -0.169211
v 0.173989 -0.079900 0.149463
v 0.173458 -0.017113 -0.169152
v 0.174043 -0.049146 0.162143
v 0.173436 -0.049726 -0.162605
v -0.174170 0.017410 -0.177791
v -0.174153 0.016455 -0.167912
v -0.174107 0.048965 -0.161506
v -0.174121 0.051829 -0.171008
v -0.173648 -0.083890 0.158303
v -0.173659 -0.079226 0.149543
v -0.173723 -0.106811 0.131183
v -0.173715 -0.113094 0.138863
v -0.174208 -0.017671 -0.177728
v -0.174188 -0.016680 -0.167853
v -0.173588 -0.051455 0.171673
v -0.173602 -0.048590 0.162173
v -0.174231 -0.052066 -0.170823
v -0.174210 -0.049168 -0.161331
v -0.173538 -0.017036 0.178453
v -0.173557 -0.016080 0.168573
v -0.174240 -0.084452 -0.157340
v -0.174219 -0.079759 -0.148595
v -0.173502 0.018045 0.178393
v -0.173522 0.017056 0.168513
v -0.174234 -0.113586 -0.137797
v -0.174214 -0.107277 -0.130137
v -0.173478 0.052441 0.171483
v -0.173500 0.049542 0.161993
v -0.174214 -0.138348 -0.112947
v -0.174195 -0.130665 -0.106667
v -0.173470 0.084826 0.158003
v -0.173491 0.080133 0.149263
v -0.174179 -0.157787 -0.083747
v -0.174162 -0.149025 -0.079077
v -0.173700 0.178248 -0.017527
v -0.173708 0.168372 -0.016537
v -0.173646 0.168431 0.016603
v -0.173635 0.178310 0.017553
v -0.173475 0.113960 0.138463
v -0.173496 0.107651 0.130803
v -0.174133 -0.171153 -0.051307
v -0.174118 -0.161651 -0.048447
v -0.173772 0.171342 -0.051917
v -0.173777 0.161850 -0.049027
v -0.173495 0.138723 0.113613
v -0.173516 0.131040 0.107333
v -0.174075 -0.177936 -0.016887
v -0.174063 -0.168057 -0.015937
v -0.173847 0.157859 -0.084307
v -0.173847 0.149116 -0.079617
v -0.173530 0.158161 0.084403
v -0.173548 0.149399 0.079743
v -0.174010 -0.177874 0.018193
v -0.174001 -0.167998 0.017203
v -0.173922 0.138317 -0.113447
v -0.173918 0.130658 -0.107137
v -0.173577 0.171528 0.051973
v -0.173592 0.162025 0.049113
v -0.173937 -0.170968 0.052583
v -0.173934 -0.161476 0.049683
v -0.173995 0.113468 -0.138207
v -0.173987 0.107185 -0.130517
v -0.173863 -0.157485 0.084973
v -0.173862 -0.148740 0.080273
v -0.174062 0.084264 -0.157641
v -0.174050 0.079601 -0.148880
v -0.173787 -0.137943 0.114103
v -0.173791 -0.130283 0.107793
v -0.176284 0.161637 -0.086327
v -0.175066 0.160821 -0.085897
v -0.174990 0.174557 -0.052897
v -0.176204 0.175442 -0.053167
v -0.175964 0.161945 0.086423
v -0.174743 0.161127 0.085993
v -0.174709 0.141325 0.115743
v -0.175924 0.142041 0.116323
v -0.176454 -0.182134 0.018623
v -0.175232 -0.181215 0.018523
v -0.175299 -0.181278 -0.017217
v -0.176524 -0.182198 -0.017297
v -0.176364 0.141627 -0.116157
v -0.175143 0.140912 -0.115577
v -0.176004 0.175632 0.053213
v -0.174791 0.174745 0.052943
v -0.176374 -0.175063 0.053843
v -0.175158 -0.174180 0.053573
v -0.176434 0.116182 -0.141515
v -0.175217 0.115595 -0.140802
v -0.176064 0.182577 0.017973
v -0.174849 0.181655 0.017883
v -0.176304 -0.161257 0.087003
v -0.175082 -0.160444 0.086563
v -0.176504 0.086279 -0.161418
v -0.175286 0.085843 -0.160605
v -0.176224 -0.141248 0.116833
v -0.175006 -0.140535 0.116243
v -0.176564 0.053068 -0.175105
v -0.175346 0.052801 -0.174223
v -0.176154 -0.115802 0.142193
v -0.174932 -0.115218 0.141473
v -0.176614 0.017826 -0.182050
v -0.175396 0.017735 -0.181132
v -0.176084 -0.085899 0.162093
v -0.174863 -0.085466 0.161273
v -0.176654 -0.018095 -0.181986
v -0.175434 -0.018005 -0.181069
v -0.176024 -0.052689 0.175783
v -0.174802 -0.052422 0.174893
v -0.176674 -0.053314 -0.174915
v -0.175458 -0.053046 -0.174034
v -0.175974 -0.017445 0.182723
v -0.174753 -0.017357 0.181803
v -0.176684 -0.086476 -0.161110
v -0.175466 -0.086040 -0.160298
v -0.175934 0.018475 0.182663
v -0.174714 0.018382 0.181733
v -0.176684 -0.116307 -0.141100
v -0.175462 -0.115721 -0.140389
v -0.175904 0.053693 0.175593
v -0.174691 0.053423 0.174703
v -0.176664 -0.141663 -0.115657
v -0.175440 -0.140948 -0.115077
v -0.175904 0.086856 0.161783
v -0.174681 0.086417 0.160963
v -0.176624 -0.161565 -0.085757
v -0.175405 -0.160751 -0.085317
v -0.176134 0.182512 -0.017947
v -0.174917 0.181592 -0.017857
v -0.175904 0.116687 0.141773
v -0.174688 0.116098 0.141053
v -0.176574 -0.175253 -0.052537
v -0.175358 -0.174368 -0.052277
v -0.187604 0.106988 -0.200287
v -0.187514 0.144080 -0.175599
v -0.187254 -0.175240 0.144863
v -0.187344 -0.200060 0.107863
v -0.187674 0.065792 -0.217265
v -0.187154 -0.143678 0.176313
v -0.187734 0.022077 -0.225879
v -0.187074 -0.106586 0.201003
v -0.187784 -0.022480 -0.225800
v -0.186994 -0.065390 0.217983
v -0.187814 -0.066166 -0.217029
v -0.186934 -0.021673 0.226593
v -0.187824 -0.107300 -0.199904
v -0.186884 0.022884 0.226513
v -0.187814 -0.144304 -0.175084
v -0.186854 0.066569 0.217743
v -0.187794 -0.175754 -0.143521
v -0.186844 0.107704 0.200623
v -0.187754 -0.200443 -0.106427
v -0.187144 0.226358 -0.022327
v -0.187054 0.226439 0.022233
v -0.186854 0.144708 0.175803
v -0.187694 -0.217421 -0.065237
v -0.187234 0.217588 -0.066007
v -0.186884 0.176158 0.144233
v -0.187614 -0.226035 -0.021517
v -0.187324 0.200463 -0.107147
v -0.186924 0.200846 0.107143
v -0.187534 -0.225956 0.023043
v -0.187424 0.175643 -0.144148
v -0.186984 0.217823 0.065943
v -0.187444 -0.217186 0.066723
v -0.174670 -0.170936 -0.207424
v -0.174680 -0.127116 -0.236816
v -0.173534 0.078779 0.257763
v -0.173569 0.027047 0.268143
v -0.174640 -0.208179 -0.170047
v -0.173521 0.127492 0.237483
v -0.174589 -0.237414 -0.126127
v -0.173867 0.268001 -0.026527
v -0.173767 0.268095 0.026233
v -0.173530 0.171311 0.208093
v -0.174518 -0.257519 -0.077337
v -0.173976 0.257615 -0.078257
v -0.173560 0.208554 0.170713
v -0.174432 -0.267721 -0.025567
v -0.174088 0.237337 -0.126967
v -0.173611 0.237789 0.126783
v -0.174332 -0.267626 0.027193
v -0.174201 0.207945 -0.170790
v -0.173682 0.257894 0.078003
v -0.174225 -0.257240 0.078923
v -0.174311 0.170568 -0.208033
v -0.174112 -0.236962 0.127633
v -0.174412 0.126645 -0.237269
v -0.173998 -0.207569 0.171453
v -0.174500 0.077860 -0.257374
v -0.173889 -0.170193 0.208703
v -0.174576 0.026092 -0.267575
v -0.173788 -0.126269 0.237933
v -0.174631 -0.026673 -0.267481
v -0.173699 -0.077485 0.258043
v -0.174666 -0.078404 -0.257095
v -0.173625 -0.025717 0.268243
v -0.156477 0.255894 -0.136977
v -0.156355 0.277752 -0.084447
v -0.155963 0.256381 0.136663
v -0.155907 0.224856 0.184023
v -0.156741 -0.288622 0.029263
v -0.156847 -0.288724 -0.027637
v -0.156598 0.224198 -0.184226
v -0.156038 0.278060 0.084053
v -0.156624 -0.277422 0.085043
v -0.156717 0.183894 -0.224387
v -0.156132 0.289061 0.028233
v -0.156502 -0.255556 0.137573
v -0.156826 0.136531 -0.255913
v -0.156381 -0.223860 0.184823
v -0.156922 0.083925 -0.277592
v -0.156262 -0.183557 0.224983
v -0.157001 0.028102 -0.288592
v -0.156153 -0.136192 0.256513
v -0.157062 -0.028795 -0.288491
v -0.156057 -0.083588 0.278193
v -0.157100 -0.084579 -0.277291
v -0.155978 -0.027764 0.289193
v -0.157114 -0.137105 -0.255424
v -0.155917 0.029133 0.289093
v -0.157105 -0.184357 -0.223729
v -0.155879 0.084916 0.277893
v -0.157071 -0.224517 -0.183425
v -0.155865 0.137444 0.256023
v -0.157016 -0.256043 -0.136057
v -0.156238 0.288959 -0.028667
v -0.155875 0.184695 0.224323
v -0.156941 -0.277723 -0.083457
v -0.147734 0.140208 -0.262857
v -0.147622 0.188852 -0.230478
v -0.147275 -0.229927 0.189793
v -0.147402 -0.262478 0.141263
v -0.147832 0.086180 -0.285122
v -0.147155 -0.188534 0.231043
v -0.147915 0.028847 -0.296420
v -0.147043 -0.139888 0.263423
v -0.147976 -0.029587 -0.296316
v -0.146944 -0.085862 0.285683
v -0.148015 -0.086879 -0.284813
v -0.146862 -0.028529 0.296983
v -0.148029 -0.140826 -0.262355
v -0.146800 0.029906 0.296883
v -0.148020 -0.189356 -0.229803
v -0.146762 0.087199 0.285373
v -0.147986 -0.230602 -0.188410
v -0.146746 0.141146 0.262923
v -0.147929 -0.262980 -0.139765
v -0.147131 0.296758 -0.029467
v -0.147020 0.296862 0.028973
v -0.146756 0.189674 0.230363
v -0.147852 -0.285245 -0.085737
v -0.147250 0.285255 -0.086757
v -0.146790 0.230920 0.188973
v -0.147756 -0.296544 -0.028407
v -0.147374 0.262796 -0.140703
v -0.146848 0.263298 0.140333
v -0.147646 -0.296439 0.030033
v -0.147501 0.230245 -0.189232
v -0.146925 0.285564 0.086303
v -0.147526 -0.284937 0.087323
v -0.142614 -0.030111 -0.301491
v -0.142551 0.029342 -0.301597
v -0.141564 -0.087365 0.290643
v -0.141665 -0.142333 0.267993
v -0.142654 -0.088401 -0.289789
v -0.141480 -0.029034 0.302143
v -0.142669 -0.143287 -0.266939
v -0.141418 0.030418 0.302033
v -0.142659 -0.192661 -0.233820
v -0.141378 0.088708 0.290333
v -0.142624 -0.234626 -0.191706
v -0.141363 0.143595 0.267483
v -0.142566 -0.267568 -0.142214
v -0.141753 0.301917 -0.029997
v -0.141642 0.302025 0.029463
v -0.141372 0.192969 0.234363
v -0.142487 -0.290222 -0.087247
v -0.141876 0.290214 -0.088287
v -0.141408 0.234934 0.192253
v -0.142390 -0.301716 -0.028917
v -0.142003 0.267365 -0.143169
v -0.141465 0.267875 0.142753
v -0.142278 -0.301611 0.030533
v -0.142130 0.234247 -0.192543
v -0.141544 0.290530 0.087793
v -0.142156 -0.289908 0.088823
v -0.142252 0.192133 -0.234507
v -0.142029 -0.267058 0.143713
v -0.142367 0.142641 -0.267449
v -0.141902 -0.233939 0.193083
v -0.142469 0.087673 -0.290103
v -0.141778 -0.191825 0.235053
v 0.175044 0.125518 -0.099517
v 0.174967 0.099346 -0.125897
v 0.181277 0.102183 -0.128767
v 0.181356 0.129042 -0.101697
v 0.181440 0.148933 -0.069157
v 0.181520 0.160785 -0.032917
v 0.175204 0.156448 -0.032497
v 0.175124 0.144900 -0.067817
v 0.181440 0.148933 -0.069157
v 0.181955 0.158902 -0.073757
v 0.182042 0.171547 -0.035087
v 0.181520 0.160785 -0.032917
v 0.181866 0.137681 -0.108467
v 0.181356 0.129042 -0.101697
v 0.181277 0.102183 -0.128767
v 0.181781 0.109026 -0.137357
v 0.179940 0.139433 -0.109837
v 0.180030 0.160923 -0.074687
v 0.180117 0.173729 -0.035527
v 0.179854 0.110415 -0.139087
v 0.180030 0.160923 -0.074687
v 0.176855 0.160856 -0.074647
v 0.176942 0.173655 -0.035507
v 0.180117 0.173729 -0.035527
v 0.179940 0.139433 -0.109837
v 0.176766 0.139375 -0.109787
v 0.179854 0.110415 -0.139087
v 0.176680 0.110370 -0.139017
v 0.175310 0.137771 -0.108527
v 0.175399 0.159005 -0.073797
v 0.176855 0.160856 -0.074647
v 0.176766 0.139375 -0.109787
v 0.176680 0.110370 -0.139017
v 0.175225 0.109100 -0.137427
v 0.175486 0.171657 -0.035097
v 0.176942 0.173655 -0.035507
v 0.174895 0.067798 -0.145529
v 0.181204 0.069805 -0.148914
v 0.179775 0.075435 -0.160856
v 0.176601 0.075404 -0.160779
v 0.181204 0.069805 -0.148914
v 0.181705 0.074485 -0.158847
v 0.179775 0.075435 -0.160856
v 0.175147 0.074537 -0.158931
v 0.176601 0.075404 -0.160779
v 0.181638 0.035916 -0.171797
v 0.181143 0.033653 -0.161052
v 0.181096 -0.004323 -0.164525
v 0.181588 -0.004599 -0.175503
v 0.179709 0.036376 -0.173970
v 0.181638 0.035916 -0.171797
v 0.181588 -0.004599 -0.175503
v 0.179658 -0.004652 -0.177723
v 0.175082 0.035945 -0.171888
v 0.176534 0.036364 -0.173887
v 0.176484 -0.004648 -0.177638
v 0.175032 -0.004595 -0.175596
v 0.174836 0.032571 -0.157357
v 0.181143 0.033653 -0.161052
v 0.179709 0.036376 -0.173970
v 0.176601 0.075404 -0.160779
v 0.179775 0.075435 -0.160856
v 0.179709 0.036376 -0.173970
v 0.176534 0.036364 -0.173887
v 0.174790 -0.004432 -0.160741
v 0.174761 -0.041220 -0.155501
v 0.181066 -0.042077 -0.159148
v 0.181096 -0.004323 -0.164525
v 0.181066 -0.042077 -0.159148
v 0.181557 -0.044876 -0.169766
v 0.181557 -0.044876 -0.169766
v 0.179625 -0.045442 -0.171913
v 0.176484 -0.004648 -0.177638
v 0.179658 -0.004652 -0.177723
v 0.179625 -0.045442 -0.171913
v 0.176452 -0.045418 -0.171831
v 0.175032 -0.004595 -0.175596
v 0.176484 -0.004648 -0.177638
v 0.176452 -0.045418 -0.171831
v 0.175000 -0.044896 -0.169855
v 0.181054 -0.077572 -0.145208
v 0.174750 -0.075807 -0.141919
v 0.174757 -0.106329 -0.120727
v 0.181063 -0.108896 -0.123457
v 0.181054 -0.077572 -0.145208
v 0.181545 -0.082745 -0.154894
v 0.181545 -0.082745 -0.154894
v 0.179614 -0.083792 -0.156853
v 0.179614 -0.083792 -0.156853
v 0.179622 -0.117634 -0.133357
v 0.176448 -0.117578 -0.133287
v 0.176439 -0.083751 -0.156777
v 0.174987 -0.082787 -0.154976
v 0.176439 -0.083751 -0.156777
v 0.181063 -0.108896 -0.123457
v 0.181553 -0.116164 -0.131687
v 0.181553 -0.116164 -0.131687
v 0.179622 -0.117634 -0.133357
v 0.174996 -0.116227 -0.131757
v 0.176448 -0.117578 -0.133287
v 0.181088 -0.134360 -0.095067
v 0.174783 -0.131141 -0.093067
v 0.174827 -0.148906 -0.060427
v 0.181133 -0.152592 -0.061577
v 0.181581 -0.143331 -0.101407
v 0.181088 -0.134360 -0.095067
v 0.181133 -0.152592 -0.061577
v 0.181628 -0.162781 -0.065677
v 0.179698 -0.164842 -0.066497
v 0.179651 -0.145146 -0.102687
v 0.181581 -0.143331 -0.101407
v 0.181628 -0.162781 -0.065677
v 0.176525 -0.164766 -0.066467
v 0.176477 -0.145078 -0.102637
v 0.179651 -0.145146 -0.102687
v 0.179698 -0.164842 -0.066497
v 0.175072 -0.162871 -0.065697
v 0.175024 -0.143410 -0.101457
v 0.176477 -0.145078 -0.102637
v 0.176525 -0.164766 -0.066467
v 0.174884 -0.158665 -0.024577
v 0.181192 -0.162607 -0.024777
v 0.181192 -0.162607 -0.024777
v 0.181691 -0.173466 -0.026417
v 0.181691 -0.173466 -0.026417
v 0.179762 -0.175663 -0.026747
v 0.179762 -0.175663 -0.026747
v 0.176588 -0.175582 -0.026727
v 0.176525 -0.164766 -0.066467
v 0.176588 -0.175582 -0.026727
v 0.175134 -0.173563 -0.026417
v 0.175072 -0.162871 -0.065697
v 0.175029 -0.152525 0.048983
v 0.181342 -0.156307 0.050713
v 0.181262 -0.163867 0.013333
v 0.174954 -0.159893 0.012563
v 0.175110 -0.136952 0.082723
v 0.181424 -0.140324 0.085333
v 0.181850 -0.166740 0.054123
v 0.181342 -0.156307 0.050713
v 0.181424 -0.140324 0.085333
v 0.181939 -0.149692 0.091063
v 0.181262 -0.163867 0.013333
v 0.181766 -0.174809 0.014243
v 0.179924 -0.168852 0.054813
v 0.179839 -0.177025 0.014433
v 0.180013 -0.151588 0.092223
v 0.179924 -0.168852 0.054813
v 0.176749 -0.168774 0.054793
v 0.176664 -0.176942 0.014433
v 0.179839 -0.177025 0.014433
v 0.180013 -0.151588 0.092223
v 0.176838 -0.151520 0.092193
v 0.175294 -0.166837 0.054173
v 0.175209 -0.174908 0.014263
v 0.176664 -0.176942 0.014433
v 0.176749 -0.168774 0.054793
v 0.176838 -0.151520 0.092193
v 0.175382 -0.149775 0.091133
v 0.179762 -0.175663 -0.026747
v 0.179839 -0.177025 0.014433
v 0.176664 -0.176942 0.014433
v 0.181506 -0.116790 0.115343
v 0.175190 -0.114016 0.111963
v 0.175264 -0.084963 0.135123
v 0.181583 -0.086969 0.139113
v 0.181424 -0.140324 0.085333
v 0.175110 -0.136952 0.082723
v 0.182026 -0.124585 0.123073
v 0.181506 -0.116790 0.115343
v 0.181583 -0.086969 0.139113
v 0.182108 -0.092771 0.148433
v 0.180102 -0.126162 0.124643
v 0.180185 -0.093945 0.150323
v 0.180102 -0.126162 0.124643
v 0.176927 -0.126103 0.124593
v 0.180185 -0.093945 0.150323
v 0.177009 -0.093899 0.150263
v 0.175469 -0.124649 0.123153
v 0.176927 -0.126103 0.124593
v 0.177009 -0.093899 0.150263
v 0.175552 -0.092818 0.148533
v 0.175331 -0.051349 0.150963
v 0.181649 -0.052471 0.155363
v 0.175383 -0.014989 0.158613
v 0.181705 -0.015155 0.163223
v 0.181649 -0.052471 0.155363
v 0.182180 -0.055967 0.165773
v 0.180256 -0.056674 0.167883
v 0.180256 -0.056674 0.167883
v 0.180315 -0.016357 0.176373
v 0.177142 -0.016346 0.176303
v 0.177082 -0.056645 0.167813
v 0.177009 -0.093899 0.150263
v 0.180185 -0.093945 0.150323
v 0.175624 -0.055994 0.165883
v 0.177082 -0.056645 0.167813
v 0.175421 0.022159 0.157683
v 0.181743 0.022967 0.162263
v 0.181705 -0.015155 0.163223
v 0.182238 -0.016156 0.174153
v 0.181743 0.022967 0.162263
v 0.182279 0.024515 0.173133
v 0.180315 -0.016357 0.176373
v 0.180315 -0.016357 0.176373
v 0.182238 -0.016156 0.174153
v 0.182279 0.024515 0.173133
v 0.180358 0.024831 0.175343
v 0.180358 0.024831 0.175343
v 0.177183 0.024823 0.175263
v 0.175682 -0.016160 0.174273
v 0.177142 -0.016346 0.176303
v 0.177183 0.024823 0.175263
v 0.175723 0.024537 0.173253
v 0.175442 0.058090 0.148213
v 0.181764 0.059841 0.152543
v 0.175443 0.090866 0.130703
v 0.181766 0.093479 0.134573
v 0.181764 0.059841 0.152543
v 0.182301 0.063854 0.162763
v 0.182301 0.063854 0.162763
v 0.180380 0.064669 0.164833
v 0.180380 0.064669 0.164833
v 0.180382 0.101011 0.145423
v 0.177207 0.100970 0.145363
v 0.177206 0.064644 0.164763
v 0.175746 0.063900 0.162873
v 0.175723 0.024537 0.173253
v 0.177183 0.024823 0.175263
v 0.177206 0.064644 0.164763
v 0.175427 0.118721 0.106113
v 0.181749 0.122066 0.109333
v 0.181766 0.093479 0.134573
v 0.182303 0.099740 0.143593
v 0.181749 0.122066 0.109333
v 0.182284 0.130239 0.116663
v 0.182303 0.099740 0.143593
v 0.180382 0.101011 0.145423
v 0.182284 0.130239 0.116663
v 0.180362 0.131897 0.118153
v 0.180362 0.131897 0.118153
v 0.177189 0.131841 0.118113
v 0.175748 0.099808 0.143693
v 0.177207 0.100970 0.145363
v 0.177189 0.131841 0.118113
v 0.175728 0.130325 0.116753
v 0.181713 0.144062 0.078183
v 0.175392 0.140154 0.075753
v 0.175341 0.154010 0.041273
v 0.181661 0.158283 0.042803
v 0.181713 0.144062 0.078183
v 0.182246 0.153706 0.083433
v 0.182246 0.153706 0.083433
v 0.180324 0.155662 0.084503
v 0.180324 0.155662 0.084503
v 0.180269 0.171025 0.046273
v 0.177095 0.170952 0.046253
v 0.177151 0.155595 0.084463
v 0.175690 0.153806 0.083493
v 0.177151 0.155595 0.084463
v 0.181661 0.158283 0.042803
v 0.182192 0.168877 0.045683
v 0.182192 0.168877 0.045683
v 0.180269 0.171025 0.046273
v 0.175635 0.168985 0.045723
v 0.175690 0.153806 0.083493
v 0.177151 0.155595 0.084463
v 0.177095 0.170952 0.046253
v 0.175278 0.159541 0.004533
v 0.181596 0.163958 0.005093
v 0.182122 0.174933 0.005453
v 0.181596 0.163958 0.005093
v 0.180198 0.177157 0.005533
v 0.180198 0.177157 0.005533
v 0.177024 0.177082 0.005533
v 0.177024 0.177082 0.005533
v 0.175566 0.175045 0.005463
v 0.181596 0.163958 0.005093
v 0.180269 0.171025 0.046273
v 0.180198 0.177157 0.005533
v 0.177024 0.177082 0.005533
v -0.136677 0.139977 -0.035647
v -0.125298 0.132604 -0.033167
v -0.127054 0.135468 -0.026877
v -0.148057 0.147351 -0.038137
v -0.146301 0.144486 -0.044427
v -0.136677 0.139977 -0.035647
v -0.148057 0.147351 -0.038137
v -0.136677 0.139977 -0.035647
v -0.146764 0.148239 -0.031177
v -0.146764 0.148239 -0.031177
v -0.142767 0.146914 -0.025417
v -0.142767 0.146914 -0.025417
v -0.137140 0.143730 -0.022397
v -0.131388 0.139540 -0.022927
v -0.127054 0.135468 -0.026877
v -0.126591 0.131716 -0.040127
v -0.125298 0.132604 -0.033167
v -0.130586 0.133041 -0.045887
v -0.126591 0.131716 -0.040127
v -0.136215 0.136225 -0.048907
v -0.130586 0.133041 -0.045887
v -0.141966 0.140414 -0.048377
v -0.136215 0.136225 -0.048907
v -0.136677 0.139977 -0.035647
v -0.146301 0.144486 -0.044427
v -0.141966 0.140414 -0.048377
v -0.141278 -0.135591 -0.010667
v -0.140712 -0.135291 -0.010717
v -0.140607 -0.135284 -0.010257
v -0.141281 -0.135641 -0.010197
v -0.141278 -0.135591 -0.010667
v -0.140607 -0.135284 -0.010257
v -0.142821 -0.136308 -0.011477
v -0.142371 -0.136117 -0.011057
v -0.142581 -0.136267 -0.010667
v -0.143118 -0.136495 -0.011167
v -0.142821 -0.136308 -0.011477
v -0.142581 -0.136267 -0.010667
v -0.139149 -0.134174 -0.013617
v -0.139364 -0.134223 -0.014227
v -0.139001 -0.134012 -0.014437
v -0.138745 -0.133954 -0.013717
v -0.142803 -0.135935 -0.014937
v -0.143153 -0.136168 -0.014457
v -0.143512 -0.136328 -0.014707
v -0.143095 -0.136051 -0.015287
v -0.142803 -0.135935 -0.014937
v -0.143512 -0.136328 -0.014707
v -0.143453 -0.136451 -0.013247
v -0.143382 -0.136481 -0.012607
v -0.143786 -0.136700 -0.012517
v -0.143870 -0.136664 -0.013277
v -0.143453 -0.136451 -0.013247
v -0.143786 -0.136700 -0.012517
v -0.139155 -0.134310 -0.012357
v -0.139078 -0.134204 -0.012977
v -0.138660 -0.133989 -0.012957
v -0.138753 -0.134116 -0.012207
v -0.139155 -0.134310 -0.012357
v -0.138660 -0.133989 -0.012957
v -0.139364 -0.134223 -0.014227
v -0.139708 -0.134346 -0.014757
v -0.139412 -0.134159 -0.015067
v -0.139001 -0.134012 -0.014437
v -0.139364 -0.134223 -0.014227
v -0.139412 -0.134159 -0.015067
v -0.141251 -0.135063 -0.015567
v -0.141818 -0.135363 -0.015517
v -0.141923 -0.135370 -0.015967
v -0.141249 -0.135013 -0.016027
v -0.141251 -0.135063 -0.015567
v -0.141923 -0.135370 -0.015967
v -0.139708 -0.134346 -0.014757
v -0.140160 -0.134537 -0.015167
v -0.139948 -0.134386 -0.015557
v -0.139412 -0.134159 -0.015067
v -0.139708 -0.134346 -0.014757
v -0.139948 -0.134386 -0.015557
v -0.142371 -0.136117 -0.011057
v -0.141845 -0.135872 -0.010787
v -0.141954 -0.135976 -0.010337
v -0.142581 -0.136267 -0.010667
v -0.142371 -0.136117 -0.011057
v -0.141954 -0.135976 -0.010337
v -0.143375 -0.136344 -0.013877
v -0.143453 -0.136451 -0.013247
v -0.143870 -0.136664 -0.013277
v -0.143777 -0.136538 -0.014027
v -0.143375 -0.136344 -0.013877
v -0.143870 -0.136664 -0.013277
v -0.143382 -0.136481 -0.012607
v -0.143167 -0.136432 -0.012007
v -0.143529 -0.136643 -0.011797
v -0.143786 -0.136700 -0.012517
v -0.143382 -0.136481 -0.012607
v -0.143529 -0.136643 -0.011797
v -0.143153 -0.136168 -0.014457
v -0.143375 -0.136344 -0.013877
v -0.143777 -0.136538 -0.014027
v -0.143512 -0.136328 -0.014707
v -0.143153 -0.136168 -0.014457
v -0.143777 -0.136538 -0.014027
v -0.140712 -0.135291 -0.010717
v -0.140183 -0.134993 -0.010927
v -0.139977 -0.134930 -0.010507
v -0.140607 -0.135284 -0.010257
v -0.140712 -0.135291 -0.010717
v -0.139977 -0.134930 -0.010507
v -0.139728 -0.134720 -0.011287
v -0.139377 -0.134486 -0.011777
v -0.139017 -0.134325 -0.011517
v -0.139434 -0.134604 -0.010937
v -0.139728 -0.134720 -0.011287
v -0.139017 -0.134325 -0.011517
v -0.140183 -0.134993 -0.010927
v -0.139728 -0.134720 -0.011287
v -0.139434 -0.134604 -0.010937
v -0.139977 -0.134930 -0.010507
v -0.140183 -0.134993 -0.010927
v -0.139434 -0.134604 -0.010937
v -0.140686 -0.134782 -0.015447
v -0.141251 -0.135063 -0.015567
v -0.141249 -0.135013 -0.016027
v -0.140575 -0.134677 -0.015887
v -0.140686 -0.134782 -0.015447
v -0.141249 -0.135013 -0.016027
v -0.139377 -0.134486 -0.011777
v -0.139155 -0.134310 -0.012357
v -0.138753 -0.134116 -0.012207
v -0.139377 -0.134486 -0.011777
v -0.138753 -0.134116 -0.012207
v -0.143167 -0.136432 -0.012007
v -0.142821 -0.136308 -0.011477
v -0.143118 -0.136495 -0.011167
v -0.143529 -0.136643 -0.011797
v -0.143167 -0.136432 -0.012007
v -0.143118 -0.136495 -0.011167
v -0.140160 -0.134537 -0.015167
v -0.140575 -0.134677 -0.015887
v -0.139948 -0.134386 -0.015557
v -0.140160 -0.134537 -0.015167
v -0.140575 -0.134677 -0.015887
v -0.139078 -0.134204 -0.012977
v -0.139149 -0.134174 -0.013617
v -0.138745 -0.133954 -0.013717
v -0.138660 -0.133989 -0.012957
v -0.139078 -0.134204 -0.012977
v -0.138745 -0.133954 -0.013717
v -0.142347 -0.135660 -0.015307
v -0.142554 -0.135724 -0.015717
v -0.141923 -0.135370 -0.015967
v -0.141818 -0.135363 -0.015517
v -0.142347 -0.135660 -0.015307
v -0.141923 -0.135370 -0.015967
v -0.142347 -0.135660 -0.015307
v -0.142803 -0.135935 -0.014937
v -0.143095 -0.136051 -0.015287
v -0.142554 -0.135724 -0.015717
v -0.142347 -0.135660 -0.015307
v -0.143095 -0.136051 -0.015287
v -0.141845 -0.135872 -0.010787
v -0.141278 -0.135591 -0.010667
v -0.141281 -0.135641 -0.010197
v -0.141954 -0.135976 -0.010337
v -0.141845 -0.135872 -0.010787
v -0.141281 -0.135641 -0.010197
v -0.144011 -0.130046 -0.012557
v -0.144962 -0.130599 -0.012007
v -0.144790 -0.130536 -0.011737
v -0.143059 -0.129493 -0.013117
v -0.143232 -0.129555 -0.013377
v -0.144011 -0.130046 -0.012557
v -0.143059 -0.129493 -0.013117
v -0.144011 -0.130046 -0.012557
v -0.142952 -0.129468 -0.012817
v -0.142952 -0.129468 -0.012817
v -0.144011 -0.130046 -0.012557
v -0.142916 -0.129483 -0.012497
v -0.142956 -0.129537 -0.012177
v -0.144011 -0.130046 -0.012557
v -0.143066 -0.129624 -0.011887
v -0.143066 -0.129624 -0.011887
v -0.144011 -0.130046 -0.012557
v -0.143242 -0.129741 -0.011647
v -0.143242 -0.129741 -0.011647
v -0.144011 -0.130046 -0.012557
v -0.143470 -0.129879 -0.011467
v -0.143470 -0.129879 -0.011467
v -0.144011 -0.130046 -0.012557
v -0.143734 -0.130028 -0.011357
v -0.143734 -0.130028 -0.011357
v -0.144011 -0.130046 -0.012557
v -0.144018 -0.130177 -0.011337
v -0.144018 -0.130177 -0.011337
v -0.144011 -0.130046 -0.012557
v -0.144301 -0.130319 -0.011397
v -0.144301 -0.130319 -0.011397
v -0.144011 -0.130046 -0.012557
v -0.144564 -0.130442 -0.011537
v -0.144564 -0.130442 -0.011537
v -0.144011 -0.130046 -0.012557
v -0.144790 -0.130536 -0.011737
v -0.145070 -0.130623 -0.012307
v -0.144962 -0.130599 -0.012007
v -0.144011 -0.130046 -0.012557
v -0.145106 -0.130608 -0.012627
v -0.145070 -0.130623 -0.012307
v -0.145067 -0.130555 -0.012947
v -0.145106 -0.130608 -0.012627
v -0.144011 -0.130046 -0.012557
v -0.144955 -0.130467 -0.013227
v -0.145067 -0.130555 -0.012947
v -0.144011 -0.130046 -0.012557
v -0.144780 -0.130350 -0.013477
v -0.144955 -0.130467 -0.013227
v -0.144288 -0.130064 -0.013767
v -0.144553 -0.130212 -0.013657
v -0.144011 -0.130046 -0.012557
v -0.144004 -0.129914 -0.013787
v -0.144288 -0.130064 -0.013767
v -0.144011 -0.130046 -0.012557
v -0.143721 -0.129773 -0.013727
v -0.144004 -0.129914 -0.013787
v -0.144011 -0.130046 -0.012557
v -0.143457 -0.129650 -0.013587
v -0.143721 -0.129773 -0.013727
v -0.144011 -0.130046 -0.012557
v -0.143232 -0.129555 -0.013377
v -0.143457 -0.129650 -0.013587
v -0.140917 -0.142596 -0.019757
v -0.137928 -0.141058 -0.019607
v -0.138867 -0.141744 -0.017717
v -0.133469 -0.139684 -0.010597
v -0.134859 -0.140304 -0.011577
v -0.134495 -0.140015 -0.012527
v -0.131980 -0.138614 -0.013417
v -0.133469 -0.139684 -0.010597
v -0.134495 -0.140015 -0.012527
v -0.142450 -0.143686 -0.016967
v -0.140917 -0.142596 -0.019757
v -0.140484 -0.142683 -0.016777
v -0.141060 -0.143066 -0.015977
v -0.142450 -0.143686 -0.016967
v -0.140484 -0.142683 -0.016777
v -0.136145 -0.140388 -0.017157
v -0.134938 -0.139525 -0.019397
v -0.135404 -0.140074 -0.016467
v -0.142482 -0.144313 -0.011147
v -0.141082 -0.143499 -0.011957
v -0.140515 -0.143295 -0.011097
v -0.140981 -0.143844 -0.008167
v -0.142482 -0.144313 -0.011147
v -0.140515 -0.143295 -0.011097
v -0.133436 -0.139056 -0.016417
v -0.131980 -0.138614 -0.013417
v -0.134483 -0.139791 -0.014607
v -0.134837 -0.139870 -0.015607
v -0.133436 -0.139056 -0.016417
v -0.134483 -0.139791 -0.014607
v -0.139736 -0.142233 -0.017377
v -0.137991 -0.142312 -0.007957
v -0.140981 -0.143844 -0.008167
v -0.138911 -0.142581 -0.009957
v -0.137982 -0.142118 -0.009757
v -0.137991 -0.142312 -0.007957
v -0.138911 -0.142581 -0.009957
v -0.135435 -0.140687 -0.010787
v -0.135002 -0.140773 -0.007807
v -0.136183 -0.141137 -0.010187
v -0.141423 -0.143355 -0.015037
v -0.143939 -0.144756 -0.014147
v -0.142450 -0.143686 -0.016967
v -0.141423 -0.143355 -0.015037
v -0.133436 -0.139056 -0.016417
v -0.134837 -0.139870 -0.015607
v -0.135404 -0.140074 -0.016467
v -0.134938 -0.139525 -0.019397
v -0.135404 -0.140074 -0.016467
v -0.137008 -0.140789 -0.017607
v -0.134938 -0.139525 -0.019397
v -0.136145 -0.140388 -0.017157
v -0.137051 -0.141625 -0.009837
v -0.143939 -0.144756 -0.014147
v -0.141435 -0.143578 -0.012947
v -0.141082 -0.143499 -0.011957
v -0.142482 -0.144313 -0.011147
v -0.141435 -0.143578 -0.012947
v -0.137991 -0.142312 -0.007957
v -0.137982 -0.142118 -0.009757
v -0.135002 -0.140773 -0.007807
v -0.137991 -0.142312 -0.007957
v -0.137051 -0.141625 -0.009837
v -0.141435 -0.143578 -0.012947
v -0.143939 -0.144756 -0.014147
v -0.141552 -0.143530 -0.013997
v -0.137008 -0.140789 -0.017607
v -0.137937 -0.141252 -0.017807
v -0.133469 -0.139684 -0.010597
v -0.135002 -0.140773 -0.007807
v -0.135435 -0.140687 -0.010787
v -0.134859 -0.140304 -0.011577
v -0.134367 -0.139840 -0.013567
v -0.131980 -0.138614 -0.013417
v -0.134495 -0.140015 -0.012527
v -0.138911 -0.142581 -0.009957
v -0.140981 -0.143844 -0.008167
v -0.139774 -0.142982 -0.010407
v -0.141552 -0.143530 -0.013997
v -0.140484 -0.142683 -0.016777
v -0.140917 -0.142596 -0.019757
v -0.139736 -0.142233 -0.017377
v -0.102689 0.040672 -0.015697
v -0.089439 0.027670 -0.012677
v -0.089421 0.030090 -0.004767
v -0.102677 0.043433 -0.004127
v -0.109772 0.047306 -0.019247
v -0.112963 0.047522 -0.027597
v -0.102693 0.034894 -0.026087
v -0.108488 0.048223 -0.012077
v -0.156826 0.141186 -0.074557
v -0.183124 0.142624 -0.075357
v -0.183184 0.125757 -0.100897
v -0.156904 0.120944 -0.104117
v -0.156826 0.141186 -0.074557
v -0.156904 0.120944 -0.104117
v -0.152469 0.124637 -0.095647
v -0.152430 0.134615 -0.081077
v -0.150102 0.131662 -0.081427
v -0.150132 0.123890 -0.092777
v -0.112436 0.052943 -0.024257
v -0.114950 0.055894 -0.028207
v -0.116980 0.050736 -0.034437
v -0.141646 0.120018 -0.075217
v -0.141670 0.113872 -0.084197
v -0.112979 0.043192 -0.033917
v -0.089456 0.023209 -0.019637
v -0.109193 0.052209 -0.018997
v -0.108488 0.048223 -0.012077
v -0.107640 0.053134 -0.013317
v -0.135345 0.110159 -0.068057
v -0.135370 0.103612 -0.077617
v -0.117205 0.061295 -0.032147
v -0.056265 0.063315 -0.031277
v -0.069966 0.081427 -0.047887
v -0.124934 0.081688 -0.047137
v -0.044560 0.053307 -0.013537
v -0.020678 0.045518 -0.031107
v -0.025318 0.046868 -0.032027
v -0.046338 0.052857 -0.018237
v -0.053217 0.059062 -0.027077
v -0.039054 0.054382 -0.037137
v -0.044975 0.058442 -0.039897
v -0.056265 0.063315 -0.031277
v -0.050148 0.055463 -0.023617
v -0.032371 0.050318 -0.034367
v -0.064918 0.079091 -0.053987
v -0.069966 0.081427 -0.047887
v -0.076062 0.113078 -0.080917
v -0.076056 0.114795 -0.078407
v -0.077431 0.108195 -0.073887
v -0.149524 0.139867 -0.075797
v -0.148335 0.134993 -0.080157
v -0.144736 0.134768 -0.078367
v -0.143449 0.136927 -0.074857
v -0.141199 0.131561 -0.076147
v -0.140684 0.134264 -0.073037
v -0.131832 0.124777 -0.070287
v -0.131528 0.126888 -0.068007
v -0.145291 0.131860 -0.079727
v -0.136305 0.122559 -0.073627
v -0.121770 0.121824 -0.067257
v -0.122230 0.123593 -0.065777
v -0.133027 0.118568 -0.072207
v -0.088125 0.117773 -0.069737
v -0.088313 0.122762 -0.067707
v -0.088395 0.124105 -0.066217
v -0.088395 0.124105 -0.066217
v -0.088313 0.122762 -0.067707
v -0.073227 0.122503 -0.076417
v -0.069801 0.129452 -0.069847
v -0.070709 0.120529 -0.082347
v -0.069280 0.121235 -0.082837
v -0.114950 0.055894 -0.028207
v -0.053217 0.059062 -0.027077
v -0.084736 0.110005 -0.068387
v -0.135345 0.110159 -0.068057
v -0.112436 0.052943 -0.024257
v -0.050148 0.055463 -0.023617
v -0.046338 0.052857 -0.018237
v -0.109193 0.052209 -0.018997
v -0.107640 0.053134 -0.013317
v -0.044560 0.053307 -0.013537
v -0.088125 0.117773 -0.069737
v -0.076049 0.116511 -0.075897
v -0.077431 0.108195 -0.073887
v -0.084736 0.110005 -0.068387
v -0.073251 0.115719 -0.086327
v -0.156746 0.154817 -0.039417
v -0.183054 0.154354 -0.047097
v -0.088334 0.134802 -0.040327
v -0.124687 0.134792 -0.041357
v -0.069710 0.140709 -0.042837
v -0.088334 0.134802 -0.040327
v -0.088324 0.136280 -0.034737
v -0.122973 0.135943 -0.034557
v -0.069662 0.142419 -0.036257
v -0.088324 0.136280 -0.034737
v -0.149450 0.153970 -0.039217
v -0.144533 0.148055 -0.045087
v -0.146266 0.150235 -0.038447
v -0.141646 0.120018 -0.075217
v -0.150102 0.131662 -0.081427
v -0.152430 0.134615 -0.081077
v -0.156826 0.141186 -0.074557
v -0.089439 0.027670 -0.012677
v -0.089456 0.023209 -0.019637
v -0.086560 0.024108 -0.020007
v -0.086540 0.028655 -0.012817
v -0.086540 0.028655 -0.012817
v -0.086519 0.031094 -0.004667
v -0.089421 0.030090 -0.004767
v -0.089439 0.027670 -0.012677
v -0.022846 0.030633 -0.006957
v -0.022867 0.026392 -0.017007
v -0.020586 0.027069 -0.017437
v -0.020568 0.031417 -0.007137
v -0.020586 0.027069 -0.017437
v -0.019597 0.027740 -0.018787
v -0.019579 0.032507 -0.008167
v -0.020568 0.031417 -0.007137
v -0.019888 0.052720 -0.013657
v -0.019923 0.044855 -0.030857
v -0.021020 0.052962 -0.013517
v -0.034671 0.127758 -0.095877
v 0.126218 0.122286 -0.096247
v 0.126297 0.141128 -0.065427
v -0.034591 0.146552 -0.063897
v -0.034746 0.102093 -0.122667
v 0.126143 0.096843 -0.121887
v 0.126374 0.152355 -0.031087
v -0.069280 0.121235 -0.082837
v -0.069801 0.129452 -0.069847
v -0.069710 0.140709 -0.042837
v -0.069662 0.142419 -0.036257
v -0.102688 0.026525 -0.034537
v -0.089473 0.017035 -0.025137
v -0.109817 0.035320 -0.036747
v -0.108561 0.029071 -0.040127
v -0.117205 0.061295 -0.032147
v -0.124964 0.073791 -0.058667
v -0.124934 0.081688 -0.047137
v -0.109252 0.036859 -0.041417
v -0.107721 0.032037 -0.044237
v -0.108561 0.029071 -0.040127
v -0.114985 0.046787 -0.041497
v -0.112478 0.042033 -0.040187
v -0.117239 0.052420 -0.045107
v -0.124964 0.073791 -0.058667
v -0.069994 0.074263 -0.058347
v -0.056308 0.052196 -0.047517
v -0.044642 0.032086 -0.044587
v -0.046401 0.036229 -0.042517
v -0.025318 0.046868 -0.032027
v -0.053265 0.046730 -0.045087
v -0.056308 0.052196 -0.047517
v -0.044975 0.058442 -0.039897
v -0.039054 0.054382 -0.037137
v -0.032371 0.050318 -0.034367
v -0.050198 0.042194 -0.042987
v -0.069994 0.074263 -0.058347
v -0.064918 0.079091 -0.053987
v -0.144783 0.122148 -0.096797
v -0.148377 0.123907 -0.096347
v -0.149593 0.121599 -0.102467
v -0.143515 0.119647 -0.100087
v -0.141247 0.118908 -0.094627
v -0.140749 0.116984 -0.098267
v -0.131884 0.110965 -0.090457
v -0.131593 0.109608 -0.093247
v -0.145328 0.122365 -0.093597
v -0.136340 0.113287 -0.087157
v -0.122295 0.106312 -0.091007
v -0.121826 0.107050 -0.088827
v -0.088163 0.107818 -0.084277
v -0.133058 0.110520 -0.083967
v -0.088370 0.107725 -0.089657
v -0.088460 0.106824 -0.091447
v -0.088460 0.106824 -0.091447
v -0.069866 0.112100 -0.095187
v -0.088370 0.107725 -0.089657
v -0.114985 0.046787 -0.041497
v -0.053265 0.046730 -0.045087
v -0.135370 0.103612 -0.077617
v -0.084760 0.103742 -0.077537
v -0.050198 0.042194 -0.042987
v -0.112478 0.042033 -0.040187
v -0.046401 0.036229 -0.042517
v -0.044642 0.032086 -0.044587
v -0.107721 0.032037 -0.044237
v -0.109252 0.036859 -0.041417
v -0.088163 0.107818 -0.084277
v -0.076275 -0.125302 -0.059917
v -0.076279 -0.123988 -0.062657
v -0.077638 -0.118084 -0.056457
v -0.084760 0.103742 -0.077537
v -0.077431 0.108195 -0.073887
v -0.117239 0.052420 -0.045107
v -0.156904 0.120944 -0.104117
v -0.183184 0.125757 -0.100897
v -0.183244 0.104362 -0.122777
v -0.131664 0.083492 -0.116037
v -0.122362 0.081440 -0.112717
v -0.156904 0.120944 -0.104117
v -0.156983 0.091393 -0.129577
v -0.149636 0.091231 -0.128827
v -0.140827 0.088081 -0.123507
v -0.088528 0.081745 -0.113337
v -0.143595 0.089737 -0.126197
v -0.069916 0.085045 -0.118757
v -0.088528 0.081745 -0.113337
v -0.183304 0.079213 -0.140211
v -0.156983 0.091393 -0.129577
v -0.141670 0.113872 -0.084197
v -0.150132 0.123890 -0.092777
v -0.152469 0.124637 -0.095647
v -0.089473 0.017035 -0.025137
v -0.086578 0.017788 -0.025707
v -0.022867 0.026392 -0.017007
v -0.022889 0.018970 -0.024997
v -0.020606 0.019459 -0.025637
v -0.020586 0.027069 -0.017437
v -0.020606 0.019459 -0.025637
v -0.019622 0.019629 -0.027137
v -0.021101 0.031857 -0.044377
v -0.019959 0.031582 -0.044327
v -0.069866 0.112100 -0.095187
v -0.069916 0.085045 -0.118757
v -0.102674 0.016188 -0.040417
v -0.089488 0.009606 -0.028757
v -0.109845 0.023759 -0.045027
v -0.113039 0.018554 -0.051557
v -0.183354 0.051218 -0.152574
v -0.183394 0.021389 -0.159415
v -0.157104 0.025569 -0.157321
v -0.157049 0.060077 -0.147689
v -0.152672 0.033846 -0.153212
v -0.152646 0.050856 -0.148464
v -0.157049 0.060077 -0.147689
v -0.157104 0.025569 -0.157321
v -0.150334 0.035123 -0.150536
v -0.150312 0.048371 -0.146837
v -0.141855 0.032973 -0.137527
v -0.141839 0.043450 -0.134607
v -0.113050 0.011173 -0.053617
v -0.102653 0.004647 -0.043287
v -0.089500 0.001475 -0.030247
v -0.117302 0.026178 -0.063887
v -0.117325 0.011049 -0.068117
v -0.117063 0.016619 -0.058857
v -0.115038 0.024576 -0.057397
v -0.125064 0.032154 -0.088477
v -0.135526 0.040509 -0.122787
v -0.135546 0.029348 -0.125907
v -0.125085 0.018694 -0.092237
v -0.109274 0.027676 -0.047987
v -0.112518 0.024858 -0.052477
v -0.117302 0.026178 -0.063887
v -0.056366 0.028340 -0.064597
v -0.070096 0.031524 -0.088947
v -0.125064 0.032154 -0.088477
v -0.020752 0.014849 -0.053067
v -0.025393 0.015292 -0.054627
v -0.046419 0.028722 -0.047887
v -0.053310 0.027788 -0.058637
v -0.039142 0.017752 -0.063357
v -0.045070 0.019079 -0.068077
v -0.056366 0.028340 -0.064597
v -0.050235 0.027259 -0.053677
v -0.032453 0.016422 -0.058627
v -0.065046 0.025821 -0.092117
v -0.070096 0.031524 -0.088947
v -0.076246 0.034538 -0.134577
v -0.076241 0.037464 -0.133767
v -0.077606 0.035314 -0.126057
v -0.149745 0.058279 -0.147794
v -0.148554 0.051739 -0.148009
v -0.144950 0.052722 -0.146497
v -0.143667 0.056637 -0.145192
v -0.141408 0.051697 -0.142736
v -0.140896 0.055768 -0.142092
v -0.132030 0.050278 -0.133897
v -0.131728 0.053358 -0.133507
v -0.145502 0.049620 -0.145667
v -0.136501 0.046428 -0.135017
v -0.121963 0.049972 -0.129687
v -0.122425 0.052277 -0.129697
v -0.133216 0.044282 -0.131377
v -0.088313 0.045306 -0.129027
v -0.088507 0.050435 -0.130667
v -0.088591 0.052420 -0.130397
v -0.088591 0.052420 -0.130397
v -0.088507 0.050435 -0.130667
v -0.073422 0.044651 -0.137197
v -0.070006 0.054199 -0.136637
v -0.070904 0.039329 -0.140473
v -0.069477 0.039557 -0.141301
v -0.115038 0.024576 -0.057397
v -0.053310 0.027788 -0.058637
v -0.084913 0.040227 -0.122997
v -0.135526 0.040509 -0.122787
v -0.112518 0.024858 -0.052477
v -0.050235 0.027259 -0.053677
v -0.046419 0.028722 -0.047887
v -0.109274 0.027676 -0.047987
v -0.107721 0.032037 -0.044237
v -0.044642 0.032086 -0.044587
v -0.088313 0.045306 -0.129027
v -0.076237 0.040390 -0.132947
v -0.077606 0.035314 -0.126057
v -0.084913 0.040227 -0.122997
v -0.073441 0.033084 -0.140424
v -0.157049 0.060077 -0.147689
v -0.141839 0.043450 -0.134607
v -0.150312 0.048371 -0.146837
v -0.152646 0.050856 -0.148464
v -0.089488 0.009606 -0.028757
v -0.086592 0.010166 -0.029487
v -0.022908 0.009263 -0.029967
v -0.022921 -0.001558 -0.031317
v -0.020642 -0.001595 -0.032127
v -0.020625 0.009504 -0.030737
v -0.019651 0.009152 -0.032197
v -0.020625 0.009504 -0.030737
v -0.020642 -0.001595 -0.032127
v -0.019680 -0.002426 -0.033377
v -0.019989 0.014502 -0.052447
v -0.034814 0.070943 -0.142817
v 0.126074 0.066173 -0.140976
v -0.070006 0.054199 -0.136637
v -0.102626 -0.007241 -0.042937
v -0.089507 -0.006757 -0.029487
v -0.109877 0.003327 -0.050727
v -0.108614 -0.003627 -0.049297
v -0.109315 0.001509 -0.055287
v -0.107777 -0.003995 -0.054357
v -0.108614 -0.003627 -0.049297
v -0.115063 0.009051 -0.061737
v -0.112548 0.006251 -0.057667
v -0.117325 0.011049 -0.068117
v -0.125085 0.018694 -0.092237
v -0.070115 0.019313 -0.092347
v -0.056395 0.009385 -0.069887
v -0.044699 -0.004124 -0.054727
v -0.046464 0.000377 -0.055797
v -0.025393 0.015292 -0.054627
v -0.053343 0.006766 -0.064507
v -0.056395 0.009385 -0.069887
v -0.045070 0.019079 -0.068077
v -0.039142 0.017752 -0.063357
v -0.032453 0.016422 -0.058627
v -0.050271 0.004640 -0.059997
v -0.070115 0.019313 -0.092347
v -0.065046 0.025821 -0.092117
v -0.144984 0.031209 -0.152502
v -0.148583 0.032843 -0.153283
v -0.149795 0.027140 -0.156486
v -0.143712 0.027179 -0.153414
v -0.141443 0.030128 -0.148757
v -0.140943 0.026310 -0.150315
v -0.132067 0.026733 -0.140466
v -0.131775 0.023900 -0.141733
v -0.145527 0.033434 -0.150186
v -0.136526 0.030623 -0.139437
v -0.122471 0.022819 -0.137917
v -0.122003 0.024788 -0.136717
v -0.088339 0.028336 -0.133757
v -0.133238 0.030564 -0.135207
v -0.088547 0.024802 -0.137827
v -0.088637 0.022962 -0.138617
v -0.088637 0.022962 -0.138617
v -0.070052 0.024619 -0.144893
v -0.088547 0.024802 -0.137827
v -0.115063 0.009051 -0.061737
v -0.053343 0.006766 -0.064507
v -0.135546 0.029348 -0.125907
v -0.084930 0.029550 -0.125977
v -0.050271 0.004640 -0.059997
v -0.112548 0.006251 -0.057667
v -0.046464 0.000377 -0.055797
v -0.044699 -0.004124 -0.054727
v -0.107777 -0.003995 -0.054357
v -0.109315 0.001509 -0.055287
v -0.088339 0.028336 -0.133757
v -0.084930 0.029550 -0.125977
v -0.077606 0.035314 -0.126057
v -0.131814 -0.011731 -0.142345
v -0.122509 -0.011691 -0.138457
v -0.157104 0.025569 -0.157321
v -0.157144 -0.011464 -0.157991
v -0.149797 -0.011768 -0.157276
v -0.140985 -0.011832 -0.151094
v -0.088675 -0.011735 -0.139167
v -0.143756 -0.011869 -0.154254
v -0.088675 -0.011735 -0.139167
v -0.070069 -0.011856 -0.145522
v -0.149865 -0.050502 -0.150507
v -0.143784 -0.050081 -0.147465
v -0.141855 0.032973 -0.137527
v -0.150334 0.035123 -0.150536
v -0.152672 0.033846 -0.153212
v -0.089500 0.001475 -0.030247
v -0.086603 0.001805 -0.031077
v -0.089507 -0.006757 -0.029487
v -0.086608 -0.006672 -0.030347
v -0.022927 -0.012190 -0.028887
v -0.020651 -0.012500 -0.029627
v -0.020651 -0.012500 -0.029627
v -0.019705 -0.013709 -0.030527
v -0.021158 -0.004142 -0.054447
v -0.020012 -0.004324 -0.054237
v -0.034913 -0.000895 -0.159266
v 0.125971 -0.004046 -0.155764
v 0.126017 0.031928 -0.152474
v -0.034871 0.035986 -0.155240
v -0.070052 0.024619 -0.144893
v -0.070069 -0.011856 -0.145522
v -0.070118 -0.046379 -0.139427
v -0.034937 -0.037710 -0.154678
v -0.069477 0.039557 -0.141301
v -0.109890 -0.010848 -0.049637
v -0.113078 -0.019039 -0.051287
v -0.102594 -0.018594 -0.039397
v -0.157173 -0.049064 -0.151574
v -0.183444 -0.039429 -0.155752
v -0.183454 -0.068221 -0.145380
v -0.157179 -0.081688 -0.136777
v -0.152755 -0.056621 -0.146246
v -0.157173 -0.049064 -0.151574
v -0.157179 -0.081688 -0.136777
v -0.152758 -0.072704 -0.138947
v -0.150419 -0.057477 -0.143404
v -0.150422 -0.070003 -0.137727
v -0.141933 -0.053377 -0.130877
v -0.141936 -0.063283 -0.126387
v -0.113079 -0.026017 -0.048127
v -0.089510 -0.014480 -0.026537
v -0.117355 -0.021128 -0.065637
v -0.117357 -0.035432 -0.059147
v -0.117101 -0.025215 -0.055637
v -0.115089 -0.018182 -0.059637
v -0.109326 -0.009751 -0.054427
v -0.112567 -0.014802 -0.056047
v -0.135614 -0.048027 -0.119947
v -0.135616 -0.058580 -0.115157
v -0.117355 -0.021128 -0.065637
v -0.056422 -0.019865 -0.067627
v -0.070164 -0.033092 -0.088317
v -0.125131 -0.032361 -0.088297
v -0.020786 -0.022754 -0.050167
v -0.025429 -0.023424 -0.051647
v -0.046472 -0.008827 -0.055087
v -0.073523 -0.064992 -0.128757
v -0.070994 -0.060238 -0.132807
v -0.076328 -0.057357 -0.126457
v -0.076329 -0.060124 -0.125207
v -0.053364 -0.016460 -0.062717
v -0.039182 -0.027164 -0.059897
v -0.045115 -0.029188 -0.064357
v -0.056422 -0.019865 -0.067627
v -0.050286 -0.013673 -0.058587
v -0.032491 -0.025140 -0.055427
v -0.065107 -0.039496 -0.087087
v -0.070164 -0.033092 -0.088317
v -0.148665 -0.055649 -0.146469
v -0.145062 -0.053921 -0.145946
v -0.141518 -0.052286 -0.142410
v -0.141011 -0.048753 -0.144535
v -0.132135 -0.047680 -0.134737
v -0.131838 -0.045073 -0.136417
v -0.145609 -0.055764 -0.143316
v -0.136601 -0.051357 -0.133117
v -0.122066 -0.045200 -0.131327
v -0.122531 -0.043438 -0.132817
v -0.133312 -0.050655 -0.128957
v -0.088410 -0.048316 -0.127857
v -0.088612 -0.045445 -0.132417
v -0.088698 -0.043748 -0.133477
v -0.088698 -0.043748 -0.133477
v -0.088612 -0.045445 -0.132417
v -0.073520 -0.054056 -0.133717
v -0.070118 -0.046379 -0.139427
v -0.069567 -0.060593 -0.133587
v -0.115089 -0.018182 -0.059637
v -0.053364 -0.016460 -0.062717
v -0.085001 -0.048330 -0.119987
v -0.135614 -0.048027 -0.119947
v -0.112567 -0.014802 -0.056047
v -0.050286 -0.013673 -0.058587
v -0.046472 -0.008827 -0.055087
v -0.109326 -0.009751 -0.054427
v -0.107777 -0.003995 -0.054357
v -0.044699 -0.004124 -0.054727
v -0.088410 -0.048316 -0.127857
v -0.076328 -0.054591 -0.127717
v -0.077687 -0.054051 -0.119177
v -0.085001 -0.048330 -0.119987
v -0.077687 -0.054051 -0.119177
v -0.125131 -0.032361 -0.088297
v -0.125134 -0.045088 -0.082527
v -0.157173 -0.049064 -0.151574
v -0.183424 -0.009195 -0.160487
v -0.157144 -0.011464 -0.157991
v -0.141933 -0.053377 -0.130877
v -0.150419 -0.057477 -0.143404
v -0.152755 -0.056621 -0.146246
v -0.089510 -0.014480 -0.026537
v -0.086607 -0.014640 -0.027357
v -0.020659 -0.021894 -0.023557
v -0.022926 -0.021348 -0.022957
v -0.020659 -0.021894 -0.023557
v -0.019725 -0.023337 -0.023987
v -0.020024 -0.022628 -0.049477
v 0.125943 -0.039810 -0.150670
v -0.102562 -0.028569 -0.032917
v -0.089506 -0.021120 -0.021617
v -0.109895 -0.030167 -0.040877
v -0.108620 -0.034574 -0.035307
v -0.109330 -0.034491 -0.043197
v -0.107785 -0.038104 -0.038947
v -0.108620 -0.034574 -0.035307
v -0.115092 -0.032860 -0.052977
v -0.112570 -0.032390 -0.048067
v -0.117357 -0.035432 -0.059147
v -0.125134 -0.045088 -0.082527
v -0.070165 -0.044637 -0.083077
v -0.056426 -0.037788 -0.059497
v -0.044706 -0.038381 -0.039217
v -0.046478 -0.035625 -0.042937
v -0.025429 -0.023424 -0.051647
v -0.053369 -0.036337 -0.053707
v -0.056426 -0.037788 -0.059497
v -0.045115 -0.029188 -0.064357
v -0.039182 -0.027164 -0.059897
v -0.032491 -0.025140 -0.055427
v -0.050291 -0.035059 -0.048877
v -0.070165 -0.044637 -0.083077
v -0.065107 -0.039496 -0.087087
v -0.145064 -0.074261 -0.136717
v -0.148668 -0.073513 -0.138367
v -0.149872 -0.079942 -0.137147
v -0.143789 -0.077933 -0.134827
v -0.141522 -0.072678 -0.133157
v -0.141017 -0.076604 -0.131897
v -0.132140 -0.069940 -0.124637
v -0.131844 -0.072924 -0.123787
v -0.145612 -0.071068 -0.136377
v -0.136604 -0.066300 -0.126337
v -0.122537 -0.071289 -0.120177
v -0.122072 -0.069012 -0.120527
v -0.088413 -0.064360 -0.120577
v -0.133316 -0.063626 -0.123067
v -0.088617 -0.069682 -0.121417
v -0.088704 -0.071599 -0.120847
v -0.088704 -0.071599 -0.120847
v -0.070123 -0.074347 -0.126737
v -0.088617 -0.069682 -0.121417
v -0.115092 -0.032860 -0.052977
v -0.053369 -0.036337 -0.053707
v -0.135616 -0.058580 -0.115157
v -0.085003 -0.058426 -0.115407
v -0.050291 -0.035059 -0.048877
v -0.112570 -0.032390 -0.048067
v -0.046478 -0.035625 -0.042937
v -0.044706 -0.038381 -0.039217
v -0.107785 -0.038104 -0.038947
v -0.109330 -0.034491 -0.043197
v -0.088413 -0.064360 -0.120577
v -0.085003 -0.058426 -0.115407
v -0.077687 -0.054051 -0.119177
v -0.131832 -0.098576 -0.103247
v -0.122527 -0.095710 -0.100617
v -0.157179 -0.081688 -0.136777
v -0.157166 -0.110431 -0.113427
v -0.149819 -0.109665 -0.113207
v -0.141003 -0.105011 -0.109147
v -0.088693 -0.096226 -0.101127
v -0.143776 -0.107336 -0.111287
v -0.070089 -0.100880 -0.105447
v -0.088693 -0.096226 -0.101127
v -0.183454 -0.094529 -0.129747
v -0.157166 -0.110431 -0.113427
v -0.141936 -0.063283 -0.126387
v -0.150422 -0.070003 -0.137727
v -0.152758 -0.072704 -0.138947
v -0.089506 -0.021120 -0.021617
v -0.086601 -0.021505 -0.022327
v -0.022916 -0.027928 -0.014267
v -0.020658 -0.028646 -0.014637
v -0.021165 -0.038190 -0.039017
v -0.020024 -0.038199 -0.038747
v 0.125932 -0.073434 -0.137467
v -0.034932 -0.103314 -0.121107
v -0.034944 -0.072474 -0.141724
v -0.070123 -0.074347 -0.126737
v -0.070089 -0.100880 -0.105447
v -0.069567 -0.060593 -0.133587
v -0.102530 -0.036428 -0.023997
v -0.089500 -0.026183 -0.015077
v -0.109886 -0.040324 -0.030927
v -0.113062 -0.047665 -0.026927
v -0.157137 -0.135168 -0.084397
v -0.183424 -0.136019 -0.085127
v -0.183384 -0.149699 -0.057757
v -0.157093 -0.150646 -0.052087
v -0.152708 -0.137529 -0.075457
v -0.157137 -0.135168 -0.084397
v -0.157093 -0.150646 -0.052087
v -0.152686 -0.145158 -0.059537
v -0.150370 -0.136356 -0.072737
v -0.150353 -0.142298 -0.060337
v -0.141888 -0.125157 -0.065787
v -0.141874 -0.129856 -0.055977
v -0.113053 -0.050976 -0.020017
v -0.102502 -0.041587 -0.013277
v -0.089489 -0.029296 -0.007417
v -0.117339 -0.058489 -0.036567
v -0.117321 -0.065275 -0.022397
v -0.117078 -0.055190 -0.026277
v -0.115076 -0.052374 -0.033867
v -0.109324 -0.042560 -0.035297
v -0.112560 -0.047477 -0.033297
v -0.135572 -0.114022 -0.060857
v -0.135558 -0.119028 -0.050407
v -0.117339 -0.058489 -0.036567
v -0.056410 -0.058746 -0.038977
v -0.070137 -0.082189 -0.046297
v -0.125106 -0.081671 -0.046697
v -0.020765 -0.049700 -0.023777
v -0.024116 -0.051062 -0.024427
v -0.046473 -0.042221 -0.036477
v -0.053355 -0.052979 -0.037407
v -0.039157 -0.059349 -0.028377
v -0.045088 -0.063774 -0.030487
v -0.056410 -0.058746 -0.038977
v -0.050281 -0.048181 -0.036027
v -0.032468 -0.054922 -0.026267
v -0.065070 -0.086299 -0.041247
v -0.070137 -0.082189 -0.046297
v -0.076272 -0.126614 -0.057177
v -0.141476 -0.131731 -0.075327
v -0.145016 -0.135259 -0.076977
v -0.145563 -0.134982 -0.073777
v -0.148619 -0.136922 -0.076267
v -0.132098 -0.123260 -0.072417
v -0.136558 -0.125043 -0.068807
v -0.132098 -0.123260 -0.072417
v -0.122033 -0.119160 -0.071407
v -0.133270 -0.121824 -0.066067
v -0.088370 -0.119284 -0.066787
v -0.088577 -0.120017 -0.072127
v -0.088577 -0.120017 -0.072127
v -0.073474 -0.127431 -0.067597
v -0.070083 -0.125220 -0.076917
v -0.070939 -0.131581 -0.062937
v -0.069512 -0.132356 -0.063307
v -0.115076 -0.052374 -0.033867
v -0.053355 -0.052979 -0.037407
v -0.084960 -0.114229 -0.060747
v -0.135572 -0.114022 -0.060857
v -0.112560 -0.047477 -0.033297
v -0.050281 -0.048181 -0.036027
v -0.046473 -0.042221 -0.036477
v -0.109324 -0.042560 -0.035297
v -0.107785 -0.038104 -0.038947
v -0.044706 -0.038381 -0.039217
v -0.088370 -0.119284 -0.066787
v -0.077638 -0.118084 -0.056457
v -0.084960 -0.114229 -0.060747
v -0.125106 -0.081671 -0.046697
v -0.125089 -0.087708 -0.034097
v -0.073459 -0.132620 -0.056767
v -0.157137 -0.135168 -0.084397
v -0.152708 -0.137529 -0.075457
v -0.183444 -0.117405 -0.109417
v -0.141888 -0.125157 -0.065787
v -0.150370 -0.136356 -0.072737
v -0.152708 -0.137529 -0.075457
v -0.089500 -0.026183 -0.015077
v -0.086589 -0.026760 -0.015637
v -0.020658 -0.028646 -0.014637
v -0.019735 -0.030148 -0.014557
v -0.020651 -0.031940 -0.003957
v -0.019736 -0.033320 -0.003357
v -0.020012 -0.049161 -0.023337
v 0.125940 -0.103106 -0.116867
v -0.070083 -0.125220 -0.076917
v -0.034901 -0.128566 -0.093927
v -0.102478 -0.043664 -0.001567
v -0.089474 -0.030228 0.000793
v -0.109860 -0.049489 -0.011797
v -0.108579 -0.049287 -0.004697
v -0.109290 -0.054298 -0.010797
v -0.107739 -0.054327 -0.005217
v -0.108579 -0.049287 -0.004697
v -0.115056 -0.059337 -0.019327
v -0.112535 -0.055822 -0.015877
v -0.117321 -0.065275 -0.022397
v -0.125089 -0.087708 -0.034097
v -0.070121 -0.087666 -0.034867
v -0.056385 -0.067249 -0.021227
v -0.044660 -0.054655 -0.005317
v -0.046436 -0.054935 -0.009937
v -0.024116 -0.051062 -0.024427
v -0.073023 0.143073 0.020183
v -0.075853 0.138155 0.016733
v -0.075858 0.138451 0.013703
v -0.070502 0.145369 0.014373
v -0.053329 -0.062408 -0.017717
v -0.056385 -0.067249 -0.021227
v -0.045088 -0.063774 -0.030487
v -0.039157 -0.059349 -0.028377
v -0.032468 -0.054922 -0.026267
v -0.050252 -0.058326 -0.014847
v -0.070121 -0.087666 -0.034867
v -0.065070 -0.086299 -0.041247
v -0.144992 -0.144909 -0.056837
v -0.148594 -0.145398 -0.058567
v -0.149788 -0.149544 -0.053507
v -0.143708 -0.146506 -0.053027
v -0.141448 -0.141406 -0.055127
v -0.140937 -0.143603 -0.051637
v -0.132068 -0.133821 -0.050367
v -0.131767 -0.135559 -0.047797
v -0.145542 -0.142243 -0.058617
v -0.136538 -0.132133 -0.054007
v -0.122464 -0.131977 -0.046097
v -0.122001 -0.130458 -0.047827
v -0.088348 -0.126895 -0.050897
v -0.133252 -0.127978 -0.053227
v -0.088545 -0.131514 -0.048117
v -0.088629 -0.132613 -0.046447
v -0.088629 -0.132613 -0.046447
v -0.070046 -0.138488 -0.049217
v -0.088545 -0.131514 -0.048117
v -0.115056 -0.059337 -0.019327
v -0.053329 -0.062408 -0.017717
v -0.135558 -0.119028 -0.050407
v -0.084946 -0.119019 -0.050747
v -0.050252 -0.058326 -0.014847
v -0.112535 -0.055822 -0.015877
v -0.046436 -0.054935 -0.009937
v -0.044660 -0.054655 -0.005317
v -0.107739 -0.054327 -0.005217
v -0.109290 -0.054298 -0.010797
v -0.088348 -0.126895 -0.050897
v -0.084946 -0.119019 -0.050747
v -0.077638 -0.118084 -0.056457
v -0.131709 -0.142803 -0.012197
v -0.122406 -0.138877 -0.012177
v -0.157093 -0.150646 -0.052087
v -0.157028 -0.158170 -0.013087
v -0.149677 -0.157795 -0.012287
v -0.140873 -0.151615 -0.012267
v -0.088572 -0.139570 -0.012247
v -0.143641 -0.154797 -0.012287
v -0.069959 -0.145944 -0.012367
v -0.088572 -0.139570 -0.012247
v -0.183344 -0.157951 -0.028287
v -0.157028 -0.158170 -0.013087
v -0.141874 -0.129856 -0.055977
v -0.150353 -0.142298 -0.060337
v -0.152686 -0.145158 -0.059537
v -0.089489 -0.029296 -0.007417
v -0.086574 -0.030012 -0.007777
v -0.089474 -0.030228 0.000793
v -0.086555 -0.031024 0.000673
v -0.020651 -0.031940 -0.003957
v -0.022900 -0.031139 -0.003847
v -0.021119 -0.054358 -0.005317
v -0.019989 -0.054190 -0.005107
v 0.125965 -0.127228 -0.089977
v -0.034854 -0.146871 -0.061657
v 0.126006 -0.144497 -0.058247
v -0.034794 -0.157240 -0.026037
v -0.070046 -0.138488 -0.049217
v -0.069959 -0.145944 -0.012367
v -0.069512 -0.132356 -0.063307
v -0.109835 -0.050876 0.002353
v -0.112999 -0.053931 0.010143
v -0.183284 -0.160478 0.002213
v -0.183234 -0.157186 0.032643
v -0.156961 -0.157946 0.022413
v -0.152526 -0.154007 0.030773
v -0.156961 -0.157946 0.022413
v -0.156886 -0.149034 0.057113
v -0.152489 -0.149614 0.047873
v -0.150189 -0.151355 0.032103
v -0.150160 -0.147934 0.045423
v -0.117004 -0.059282 0.015483
v -0.112984 -0.052025 0.017563
v -0.141722 -0.138302 0.030213
v -0.141699 -0.135596 0.040753
v -0.102460 -0.042505 0.010263
v -0.089459 -0.028908 0.008953
v -0.117231 -0.064514 0.024933
v -0.114974 -0.057992 0.023463
v -0.109270 -0.055399 0.000443
v -0.115008 -0.062001 0.007853
v -0.112498 -0.057881 0.005143
v -0.135422 -0.126597 0.026823
v -0.135397 -0.123714 0.038053
v -0.117264 -0.068423 0.009723
v -0.056333 -0.070111 0.007973
v -0.070029 -0.092791 0.017443
v -0.124998 -0.092703 0.016873
v -0.020698 -0.053379 0.013763
v -0.025339 -0.054953 0.014173
v -0.046420 -0.055834 -0.000747
v -0.053287 -0.064680 0.005463
v -0.039078 -0.063742 0.016463
v -0.045002 -0.068495 0.017693
v -0.056333 -0.070111 0.007973
v -0.050221 -0.060118 0.003433
v -0.032394 -0.058987 0.015223
v -0.064955 -0.092688 0.023953
v -0.070029 -0.092791 0.017443
v -0.076101 -0.133821 0.037673
v -0.076108 -0.134576 0.034733
v -0.077480 -0.126826 0.032743
v -0.149651 -0.157138 0.023993
v -0.148438 -0.154053 0.029763
v -0.144840 -0.153236 0.028143
v -0.143572 -0.154063 0.024093
v -0.141303 -0.149465 0.027133
v -0.140805 -0.150944 0.023283
v -0.131936 -0.141100 0.023913
v -0.131645 -0.142306 0.021043
v -0.145385 -0.150967 0.030413
v -0.136393 -0.140150 0.027823
v -0.121877 -0.137303 0.022033
v -0.122345 -0.138459 0.020043
v -0.133109 -0.135923 0.027843
v -0.088213 -0.134393 0.025613
v -0.088421 -0.138385 0.021993
v -0.088511 -0.139137 0.020143
v -0.088511 -0.139137 0.020143
v -0.088421 -0.138385 0.021993
v -0.073305 -0.141143 0.030213
v -0.069920 -0.145433 0.021653
v -0.070763 -0.141320 0.036453
v -0.069335 -0.142151 0.036663
v -0.115008 -0.062001 0.007853
v -0.053287 -0.064680 0.005463
v -0.084808 -0.126637 0.026993
v -0.135422 -0.126597 0.026823
v -0.112498 -0.057881 0.005143
v -0.050221 -0.060118 0.003433
v -0.046420 -0.055834 -0.000747
v -0.109270 -0.055399 0.000443
v -0.107739 -0.054327 -0.005217
v -0.044660 -0.054655 -0.005317
v -0.088213 -0.134393 0.025613
v -0.076114 -0.135332 0.031793
v -0.077480 -0.126826 0.032743
v -0.084808 -0.126637 0.026993
v -0.117264 -0.068423 0.009723
v -0.124998 -0.092703 0.016873
v -0.124969 -0.089226 0.030403
v -0.073280 -0.138156 0.041843
v -0.156961 -0.157946 0.022413
v -0.141722 -0.138302 0.030213
v -0.150189 -0.151355 0.032103
v -0.152526 -0.154007 0.030773
v -0.089459 -0.028908 0.008953
v -0.086536 -0.029718 0.009083
v -0.020636 -0.031379 0.007223
v -0.022882 -0.030589 0.007053
v -0.020636 -0.031379 0.007223
v -0.019727 -0.032471 0.008253
v -0.020618 -0.027031 0.017523
v -0.019709 -0.027703 0.018873
v -0.019957 -0.052683 0.013743
v 0.126062 -0.153985 -0.023387
v -0.069920 -0.145433 0.021653
v -0.102453 -0.038195 0.021353
v -0.089440 -0.025435 0.016463
v -0.109791 -0.045599 0.022903
v -0.108507 -0.040883 0.028203
v -0.109215 -0.048641 0.026753
v -0.107660 -0.045076 0.031053
v -0.108507 -0.040883 0.028203
v -0.112458 -0.053078 0.023853
v -0.117231 -0.064514 0.024933
v -0.124969 -0.089226 0.030403
v -0.070002 -0.089638 0.029723
v -0.056293 -0.065214 0.027033
v -0.044581 -0.045332 0.031113
v -0.046359 -0.048515 0.027753
v -0.025339 -0.054953 0.014173
v -0.072908 0.096735 0.107413
v -0.075739 0.095193 0.101603
v -0.075740 0.097364 0.099473
v -0.070379 0.102227 0.104433
v -0.053243 -0.059250 0.026603
v -0.056293 -0.065214 0.027033
v -0.045002 -0.068495 0.017693
v -0.039078 -0.063742 0.016463
v -0.032394 -0.058987 0.015223
v -0.050170 -0.054276 0.026173
v -0.070002 -0.089638 0.029723
v -0.064955 -0.092688 0.023953
v -0.141256 -0.143896 0.048823
v -0.144794 -0.147679 0.049773
v -0.145504 -0.128780 0.088563
v -0.141828 -0.125239 0.086123
v -0.145350 -0.146785 0.046693
v -0.148397 -0.149173 0.048763
v -0.130656 -0.117940 0.081113
v -0.131886 -0.135019 0.047583
v -0.131886 -0.135019 0.047583
v -0.136359 -0.136069 0.043713
v -0.121822 -0.130800 0.047353
v -0.122211 -0.115298 0.079323
v -0.088176 -0.130011 0.042683
v -0.133079 -0.132379 0.041643
v -0.088366 -0.131765 0.047773
v -0.088376 -0.115932 0.079553
v -0.069856 -0.137793 0.051393
v -0.088366 -0.131765 0.047773
v -0.069718 -0.121231 0.083023
v -0.088376 -0.115932 0.079553
v -0.114974 -0.057992 0.023463
v -0.053243 -0.059250 0.026603
v -0.135397 -0.123714 0.038053
v -0.084785 -0.123878 0.037723
v -0.050170 -0.054276 0.026173
v -0.112458 -0.053078 0.023853
v -0.046359 -0.048515 0.027753
v -0.044581 -0.045332 0.031113
v -0.107660 -0.045076 0.031053
v -0.109215 -0.048641 0.026753
v -0.088176 -0.130011 0.042683
v -0.077244 0.130491 0.012933
v -0.084785 -0.123878 0.037723
v -0.077480 -0.126826 0.032743
v -0.183164 -0.148197 0.061893
v -0.183104 -0.133834 0.088913
v -0.156807 -0.130954 0.089623
v -0.156886 -0.149034 0.057113
v -0.149583 -0.149096 0.055303
v -0.149624 -0.130785 0.089943
v -0.141699 -0.135596 0.040753
v -0.150160 -0.147934 0.045423
v -0.152489 -0.149614 0.047873
v -0.156886 -0.149034 0.057113
v -0.089440 -0.025435 0.016463
v -0.086515 -0.026192 0.016833
v -0.020618 -0.027031 0.017523
v -0.022857 -0.026348 0.017093
v -0.021041 -0.045077 0.030893
v -0.019922 -0.044818 0.030943
v -0.034645 -0.152394 0.047503
v 0.126204 -0.148013 0.048123
v 0.126130 -0.155178 0.012713
v -0.034723 -0.159114 0.011023
v -0.034565 -0.137440 0.081453
v 0.126282 -0.132876 0.080923
v -0.069856 -0.137793 0.051393
v -0.069718 -0.121231 0.083023
v -0.069335 -0.142151 0.036663
v -0.102453 -0.031055 0.030863
v -0.089423 -0.020067 0.022743
v -0.109761 -0.037566 0.034633
v -0.112918 -0.034904 0.042563
v -0.182984 -0.091237 0.132483
v -0.156656 -0.077608 0.139723
v -0.156727 -0.106739 0.118873
v -0.183044 -0.114616 0.112733
v -0.152295 -0.098347 0.122733
v -0.156727 -0.106739 0.118873
v -0.156656 -0.077608 0.139723
v -0.152261 -0.083986 0.133013
v -0.149962 -0.095458 0.122053
v -0.149934 -0.084274 0.130053
v -0.116914 -0.035576 0.050103
v -0.112904 -0.028673 0.047023
v -0.141514 -0.086663 0.112203
v -0.141492 -0.077818 0.118533
v -0.102463 -0.021613 0.038093
v -0.089407 -0.013202 0.027353
v -0.117162 -0.046280 0.051563
v -0.117131 -0.033508 0.060703
v -0.114916 -0.042559 0.046003
v -0.109190 -0.042260 0.036073
v -0.112412 -0.041144 0.041273
v -0.135231 -0.079866 0.102083
v -0.135209 -0.070444 0.108823
v -0.117162 -0.046280 0.051563
v -0.056229 -0.048638 0.051243
v -0.069889 -0.059940 0.073093
v -0.124859 -0.060294 0.072653
v -0.020618 -0.032068 0.044873
v -0.025256 -0.033012 0.046213
v -0.046339 -0.043299 0.035373
v -0.053192 -0.046089 0.045823
v -0.038982 -0.038289 0.053633
v -0.044899 -0.041143 0.057633
v -0.056229 -0.048638 0.051243
v -0.050132 -0.043898 0.041333
v -0.032305 -0.035434 0.049623
v -0.064814 -0.055673 0.078003
v -0.069889 -0.059940 0.073093
v -0.075898 -0.078372 0.114963
v -0.075903 -0.080842 0.113203
v -0.077288 -0.076184 0.106693
v -0.149416 -0.105098 0.119563
v -0.148206 -0.099026 0.121993
v -0.144610 -0.099438 0.120223
v -0.143342 -0.102672 0.117653
v -0.141079 -0.097193 0.117023
v -0.140580 -0.100800 0.115023
v -0.131726 -0.092849 0.109163
v -0.131434 -0.095612 0.107743
v -0.145158 -0.096239 0.120503
v -0.136182 -0.089612 0.111553
v -0.121671 -0.091137 0.105273
v -0.122140 -0.093303 0.104493
v -0.132904 -0.086353 0.108853
v -0.088011 -0.086573 0.106113
v -0.088214 -0.091956 0.105903
v -0.088304 -0.093726 0.104963
v -0.088304 -0.093726 0.104963
v -0.088214 -0.091956 0.105903
v -0.073092 -0.088774 0.113953
v -0.069703 -0.097559 0.110153
v -0.070549 -0.084897 0.118843
v -0.069119 -0.085397 0.119543
v -0.114916 -0.042559 0.046003
v -0.053192 -0.046089 0.045823
v -0.084618 -0.079745 0.102173
v -0.135231 -0.079866 0.102083
v -0.112412 -0.041144 0.041273
v -0.050132 -0.043898 0.041333
v -0.046339 -0.043299 0.035373
v -0.109190 -0.042260 0.036073
v -0.107660 -0.045076 0.031053
v -0.044581 -0.045332 0.031113
v -0.088011 -0.086573 0.106113
v -0.075910 -0.083312 0.111433
v -0.077288 -0.076184 0.106693
v -0.084618 -0.079745 0.102173
v -0.124859 -0.060294 0.072653
v -0.124832 -0.048931 0.080783
v -0.073070 -0.079010 0.120943
v -0.141514 -0.086663 0.112203
v -0.149962 -0.095458 0.122053
v -0.152295 -0.098347 0.122733
v -0.156727 -0.106739 0.118873
v -0.089423 -0.020067 0.022743
v -0.086496 -0.020708 0.023333
v -0.020598 -0.019420 0.025723
v -0.022835 -0.018926 0.025083
v -0.020598 -0.019420 0.025723
v -0.019685 -0.019592 0.027213
v -0.020579 -0.009465 0.030823
v -0.019656 -0.009115 0.032283
v -0.019887 -0.031545 0.044413
v -0.034486 -0.115059 0.111043
v 0.126359 -0.110583 0.109343
v 0.126282 -0.132876 0.080923
v -0.034565 -0.137440 0.081453
v -0.034414 -0.086459 0.134673
v 0.126433 -0.082336 0.131863
v -0.069718 -0.121231 0.083023
v -0.069703 -0.097559 0.110153
v -0.102480 -0.010571 0.042513
v -0.089394 -0.005348 0.029933
v -0.109719 -0.020316 0.046983
v -0.108442 -0.013293 0.048013
v -0.109137 -0.020169 0.051893
v -0.107587 -0.014678 0.052883
v -0.108442 -0.013293 0.048013
v -0.114884 -0.029453 0.055383
v -0.112375 -0.025441 0.052513
v -0.117131 -0.033508 0.060703
v -0.124832 -0.048931 0.080783
v -0.069865 -0.049631 0.080463
v -0.056191 -0.032636 0.062693
v -0.044508 -0.014774 0.053023
v -0.046282 -0.019369 0.052503
v -0.025256 -0.033012 0.046213
v -0.075759 0.010759 0.138763
v -0.075762 0.007730 0.139003
v -0.077151 0.010146 0.130793
v -0.053150 -0.028341 0.058533
v -0.056191 -0.032636 0.062693
v -0.044899 -0.041143 0.057633
v -0.038982 -0.038289 0.053633
v -0.032305 -0.035434 0.049623
v -0.050086 -0.024802 0.055003
v -0.069865 -0.049631 0.080463
v -0.064814 -0.055673 0.078003
v -0.144567 -0.081276 0.133223
v -0.148169 -0.083073 0.133413
v -0.149354 -0.078808 0.138373
v -0.143282 -0.077803 0.135453
v -0.141035 -0.078984 0.130053
v -0.140520 -0.075931 0.132823
v -0.131678 -0.072974 0.123393
v -0.131374 -0.070743 0.125553
v -0.145124 -0.082574 0.130283
v -0.136150 -0.076269 0.121103
v -0.122080 -0.068435 0.122293
v -0.121620 -0.069876 0.120493
v -0.087977 -0.072246 0.116363
v -0.132876 -0.074771 0.117143
v -0.088163 -0.070317 0.121393
v -0.088244 -0.068858 0.122773
v -0.088244 -0.068858 0.122773
v -0.069643 -0.072587 0.128023
v -0.088163 -0.070317 0.121393
v -0.114884 -0.029453 0.055383
v -0.053150 -0.028341 0.058533
v -0.135209 -0.070444 0.108823
v -0.084596 -0.070731 0.108623
v -0.050086 -0.024802 0.055003
v -0.112375 -0.025441 0.052513
v -0.046282 -0.019369 0.052503
v -0.044508 -0.014774 0.053023
v -0.107587 -0.014678 0.052883
v -0.109137 -0.020169 0.051893
v -0.087977 -0.072246 0.116363
v -0.077134 0.091767 0.093763
v -0.084596 -0.070731 0.108623
v -0.077288 -0.076184 0.106693
v -0.131316 -0.038388 0.138073
v -0.122025 -0.037622 0.134223
v -0.156656 -0.077608 0.139723
v -0.156591 -0.041098 0.153583
v -0.149248 -0.041223 0.152803
v -0.140456 -0.040115 0.146693
v -0.088189 -0.037787 0.134793
v -0.143216 -0.040737 0.149803
v -0.069560 -0.039082 0.140953
v -0.088189 -0.037787 0.134793
v -0.182934 -0.064546 0.147443
v -0.182884 -0.035502 0.157093
v -0.156591 -0.041098 0.153583
v -0.141492 -0.077818 0.118533
v -0.149934 -0.084274 0.130053
v -0.152261 -0.083986 0.133013
v -0.089407 -0.013202 0.027353
v -0.086479 -0.013670 0.028123
v -0.089394 -0.005348 0.029933
v -0.086467 -0.005604 0.030833
v -0.020579 -0.009465 0.030823
v -0.022816 -0.009220 0.030063
v -0.020969 -0.014692 0.052673
v -0.019857 -0.014465 0.052533
v 0.126496 -0.049657 0.147263
v -0.069560 -0.039082 0.140953
v -0.069643 -0.072587 0.128023
v -0.034352 -0.053180 0.151073
v -0.069119 -0.085397 0.119543
v -0.109697 -0.006622 0.050803
v -0.112858 0.000512 0.055173
v -0.102505 0.001254 0.043783
v -0.156510 0.030210 0.157103
v -0.182824 0.025390 0.159233
v -0.182804 0.055036 0.151643
v -0.152122 0.003408 0.157413
v -0.156542 -0.005509 0.159853
v -0.156510 0.030210 0.157103
v -0.152106 0.021017 0.156053
v -0.149793 0.005181 0.155023
v -0.149780 0.018895 0.153973
v -0.116850 0.004837 0.061383
v -0.112851 0.008153 0.054583
v -0.141360 0.005600 0.141823
v -0.141350 0.016444 0.140983
v -0.089384 0.002911 0.030303
v -0.117067 0.013238 0.068173
v -0.114829 0.012927 0.061493
v -0.109120 -0.009291 0.054923
v -0.114843 -0.003144 0.062733
v -0.112342 -0.005098 0.058193
v -0.135091 0.004303 0.129693
v -0.135080 0.015857 0.128803
v -0.117082 -0.002424 0.069383
v -0.056146 -0.004378 0.070583
v -0.069784 0.000994 0.094603
v -0.124754 0.000392 0.094553
v -0.020560 0.004260 0.055013
v -0.025196 0.004389 0.056653
v -0.046268 -0.010478 0.054983
v -0.053114 -0.005905 0.064793
v -0.038913 0.005102 0.065743
v -0.044824 0.005485 0.070653
v -0.056146 -0.004378 0.070583
v -0.050057 -0.007111 0.059933
v -0.032242 0.004717 0.060823
v -0.064714 0.007426 0.095613
v -0.069784 0.000994 0.094603
v -0.075756 0.013788 0.138533
v -0.149235 -0.003805 0.159313
v -0.148032 0.002412 0.157273
v -0.144438 0.000962 0.156173
v -0.143164 -0.003167 0.156283
v -0.140909 0.000628 0.152283
v -0.140405 -0.003419 0.153063
v -0.131565 -0.001087 0.143453
v -0.131268 -0.004113 0.144143
v -0.144988 0.003593 0.154343
v -0.136025 0.002928 0.143213
v -0.121514 -0.002265 0.139363
v -0.121979 -0.004428 0.140163
v -0.132753 0.003689 0.139043
v -0.087860 0.001802 0.137033
v -0.088055 -0.002456 0.140343
v -0.088143 -0.004414 0.140753
v -0.088143 -0.004414 0.140753
v -0.088055 -0.002456 0.140343
v -0.072936 0.005172 0.144443
v -0.069535 -0.004001 0.147173
v -0.070397 0.011287 0.145693
v -0.068967 0.011352 0.146543
v -0.114843 -0.003144 0.062733
v -0.053114 -0.005905 0.064793
v -0.084477 0.004505 0.129623
v -0.135091 0.004303 0.129693
v -0.112342 -0.005098 0.058193
v -0.050057 -0.007111 0.059933
v -0.046268 -0.010478 0.054983
v -0.109120 -0.009291 0.054923
v -0.107587 -0.014678 0.052883
v -0.044508 -0.014774 0.053023
v -0.087860 0.001802 0.137033
v -0.077151 0.010146 0.130793
v -0.084477 0.004505 0.129623
v -0.117082 -0.002424 0.069383
v -0.124754 0.000392 0.094553
v -0.124741 0.014325 0.093483
v -0.072925 0.017144 0.143523
v -0.156542 -0.005509 0.159853
v -0.156542 -0.005509 0.159853
v -0.182844 -0.005159 0.161073
v -0.141360 0.005600 0.141823
v -0.149793 0.005181 0.155023
v -0.152122 0.003408 0.157413
v -0.089384 0.002911 0.030303
v -0.086459 0.002894 0.031263
v -0.020562 0.001634 0.032213
v -0.022803 0.001603 0.031413
v -0.020562 0.001634 0.032213
v -0.019627 0.002463 0.033463
v -0.020553 0.012538 0.029723
v -0.019600 0.013746 0.030613
v -0.019857 -0.014465 0.052533
v -0.019836 0.004361 0.054323
v -0.034304 -0.017015 0.159353
v 0.126549 -0.014308 0.154703
v -0.034269 0.020082 0.159073
v 0.126585 0.021804 0.153793
v -0.069535 -0.004001 0.147173
v -0.102535 0.012983 0.041813
v -0.089379 0.010963 0.028433
v -0.109678 0.014528 0.049173
v -0.108411 0.020571 0.045453
v -0.109095 0.017796 0.052843
v -0.107553 0.022643 0.050073
v -0.108411 0.020571 0.045453
v -0.112325 0.014159 0.056713
v -0.117067 0.013238 0.068173
v -0.124741 0.014325 0.093483
v -0.069773 0.013635 0.093623
v -0.056129 0.015243 0.069073
v -0.044474 0.022721 0.050173
v -0.046240 0.018864 0.052723
v -0.025196 0.004389 0.056653
v -0.053094 0.015858 0.063113
v -0.056129 0.015243 0.069073
v -0.044824 0.005485 0.070653
v -0.038913 0.005102 0.065743
v -0.032242 0.004717 0.060823
v -0.050036 0.016303 0.058133
v -0.069773 0.013635 0.093623
v -0.064714 0.007426 0.095613
v -0.144414 0.023231 0.154463
v -0.148016 0.021973 0.155763
v -0.149206 0.028430 0.156833
v -0.143136 0.027327 0.153933
v -0.140889 0.022957 0.150563
v -0.140378 0.027075 0.150723
v -0.131543 0.023285 0.141583
v -0.131241 0.026381 0.141803
v -0.144974 0.020350 0.153043
v -0.136010 0.019288 0.141953
v -0.121951 0.026065 0.137813
v -0.121490 0.023805 0.137363
v -0.087844 0.019367 0.135683
v -0.132740 0.017892 0.137953
v -0.088031 0.024080 0.138293
v -0.088114 0.026080 0.138413
v -0.088114 0.026080 0.138413
v -0.069507 0.026620 0.144813
v -0.088031 0.024080 0.138293
v -0.114829 0.012927 0.061493
v -0.053094 0.015858 0.063113
v -0.135080 0.015857 0.128803
v -0.084467 0.015556 0.128773
v -0.050036 0.016303 0.058133
v -0.112325 0.014159 0.056713
v -0.046240 0.018864 0.052723
v -0.044474 0.022721 0.050173
v -0.107553 0.022643 0.050073
v -0.109095 0.017796 0.052843
v -0.087844 0.019367 0.135683
v -0.084467 0.015556 0.128773
v -0.077151 0.010146 0.130793
v -0.131227 0.059283 0.130773
v -0.121938 0.057408 0.127303
v -0.156510 0.030210 0.157103
v -0.156494 0.066228 0.144643
v -0.149149 0.066482 0.143943
v -0.140362 0.063476 0.138523
v -0.088101 0.057683 0.127813
v -0.143120 0.064990 0.141313
v -0.069468 0.060659 0.133363
v -0.088101 0.057683 0.127813
v -0.182804 0.082714 0.138583
v -0.156494 0.066228 0.144643
v -0.141350 0.016444 0.140983
v -0.149780 0.018895 0.153973
v -0.152106 0.021017 0.156053
v -0.089379 0.010963 0.028433
v -0.086457 0.011193 0.029383
v -0.020553 0.012538 0.029723
v -0.022797 0.012233 0.028973
v -0.020934 0.022578 0.049823
v -0.019821 0.022665 0.049563
v 0.126605 0.056734 0.144583
v -0.034253 0.056115 0.150233
v -0.069507 0.026620 0.144813
v -0.069468 0.060659 0.133363
v -0.068967 0.011352 0.146543
v -0.102566 0.023747 0.036763
v -0.089379 0.018211 0.024453
v -0.109676 0.027476 0.043303
v -0.112844 0.035746 0.042063
v -0.156515 0.123973 0.101103
v -0.182824 0.128255 0.098103
v -0.182854 0.144475 0.072153
v -0.152088 0.103645 0.118573
v -0.156496 0.098378 0.126173
v -0.156515 0.123973 0.101103
v -0.152099 0.116263 0.106213
v -0.149763 0.103471 0.115593
v -0.149770 0.113298 0.105973
v -0.112847 0.038485 0.039383
v -0.116842 0.043046 0.044043
v -0.141335 0.095312 0.105203
v -0.141341 0.103084 0.097593
v -0.102600 0.032748 0.028993
v -0.089384 0.024117 0.018673
v -0.114823 0.037801 0.050203
v -0.117061 0.042627 0.054843
v -0.109093 0.028082 0.048173
v -0.112321 0.033392 0.047983
v -0.135065 0.086528 0.096733
v -0.135072 0.094806 0.088633
v -0.117061 0.042627 0.054843
v -0.056123 0.041959 0.056953
v -0.069763 0.061499 0.071913
v -0.124731 0.060956 0.072323
v -0.020553 0.038605 0.039433
v -0.025189 0.039751 0.040613
v -0.046239 0.027270 0.048913
v -0.053090 0.037071 0.053493
v -0.038905 0.046127 0.047123
v -0.044816 0.049569 0.050653
v -0.056123 0.041959 0.056953
v -0.050033 0.033029 0.050543
v -0.032234 0.042678 0.043603
v -0.064702 0.067084 0.068543
v -0.069763 0.061499 0.071913
v -0.075742 0.099534 0.097353
v -0.149191 0.099345 0.124653
v -0.147998 0.102797 0.119093
v -0.144398 0.100984 0.119183
v -0.143121 0.097892 0.121923
v -0.140873 0.098229 0.116413
v -0.140364 0.095633 0.119613
v -0.131528 0.091250 0.110743
v -0.131227 0.089378 0.113213
v -0.144956 0.101818 0.116083
v -0.135995 0.094166 0.107983
v -0.121477 0.087729 0.108353
v -0.121938 0.086580 0.110353
v -0.132724 0.092074 0.104293
v -0.087829 0.089377 0.103923
v -0.088018 0.088241 0.109183
v -0.088102 0.087008 0.110763
v -0.088102 0.087008 0.110763
v -0.088018 0.088241 0.109183
v -0.069494 0.091466 0.115393
v -0.068948 0.102825 0.105043
v -0.114823 0.037801 0.050203
v -0.053090 0.037071 0.053493
v -0.084452 0.086689 0.096503
v -0.135065 0.086528 0.096733
v -0.112321 0.033392 0.047983
v -0.050033 0.033029 0.050543
v -0.046239 0.027270 0.048913
v -0.109093 0.028082 0.048173
v -0.107553 0.022643 0.050073
v -0.044474 0.022721 0.050173
v -0.087829 0.089377 0.103923
v -0.077134 0.091767 0.093763
v -0.084452 0.086689 0.096503
v -0.124731 0.060956 0.072323
v -0.124739 0.070940 0.062543
v -0.117070 0.053849 0.043853
v -0.072915 0.105314 0.099013
v -0.156496 0.098378 0.126173
v -0.156496 0.098378 0.126173
v -0.182804 0.107416 0.120513
v -0.141335 0.095312 0.105203
v -0.149763 0.103471 0.115593
v -0.152088 0.103645 0.118573
v -0.089379 0.018211 0.024453
v -0.086461 0.018679 0.025343
v -0.089384 0.024117 0.018673
v -0.086469 0.024795 0.019423
v -0.020545 0.021933 0.023643
v -0.022800 0.021391 0.023053
v -0.020545 0.021933 0.023643
v -0.019582 0.023374 0.024073
v -0.020546 0.028684 0.014733
v -0.019571 0.030185 0.014633
v -0.019821 0.038236 0.038833
v -0.034256 0.089141 0.133333
v 0.126606 0.088598 0.127563
v -0.034278 0.117378 0.109273
v 0.126590 0.115678 0.103653
v -0.069494 0.091466 0.115393
v -0.102630 0.039317 0.019073
v -0.089392 0.028244 0.011503
v -0.109686 0.042631 0.028453
v -0.112849 0.041221 0.036703
v -0.108430 0.044866 0.021713
v -0.109108 0.047490 0.029163
v -0.107574 0.049424 0.023923
v -0.108430 0.044866 0.021713
v -0.112332 0.047189 0.034473
v -0.117070 0.053849 0.043853
v -0.124739 0.070940 0.062543
v -0.069770 0.070557 0.063043
v -0.056134 0.056019 0.043183
v -0.044495 0.049608 0.023883
v -0.046255 0.048294 0.028323
v -0.025189 0.039751 0.040613
v -0.053103 0.052664 0.038223
v -0.056134 0.056019 0.043183
v -0.044816 0.049569 0.050653
v -0.038905 0.046127 0.047123
v -0.032234 0.042678 0.043603
v -0.050046 0.049807 0.034113
v -0.069770 0.070557 0.063043
v -0.064702 0.067084 0.068543
v -0.144413 0.116941 0.103553
v -0.148009 0.116813 0.105373
v -0.149210 0.122441 0.102033
v -0.143138 0.119741 0.100523
v -0.140886 0.114227 0.100743
v -0.140380 0.117484 0.098213
v -0.131537 0.108714 0.093643
v -0.131244 0.111227 0.091823
v -0.144966 0.113824 0.104323
v -0.136004 0.105888 0.096503
v -0.121955 0.108430 0.088953
v -0.121491 0.106409 0.090063
v -0.087839 0.101964 0.091593
v -0.132732 0.102249 0.094333
v -0.088032 0.107254 0.090563
v -0.088119 0.108859 0.089363
v -0.088119 0.108859 0.089363
v -0.069511 0.113407 0.093903
v -0.088032 0.107254 0.090563
v -0.114831 0.049316 0.038933
v -0.053103 0.052664 0.038223
v -0.135072 0.094806 0.088633
v -0.084458 0.094609 0.088743
v -0.050046 0.049807 0.034113
v -0.112332 0.047189 0.034473
v -0.046255 0.048294 0.028323
v -0.044495 0.049608 0.023883
v -0.107574 0.049424 0.023923
v -0.109108 0.047490 0.029163
v -0.087839 0.101964 0.091593
v -0.084458 0.094609 0.088743
v -0.077134 0.091767 0.093763
v -0.140421 0.137799 0.064993
v -0.131281 0.129585 0.061793
v -0.088154 0.126490 0.060533
v -0.069525 0.132373 0.062813
v -0.121990 0.125916 0.060353
v -0.156515 0.123973 0.101103
v -0.156557 0.143927 0.067793
v -0.149211 0.143600 0.067193
v -0.088154 0.126490 0.060533
v -0.143181 0.140763 0.066143
v -0.182894 0.155492 0.043603
v -0.156557 0.143927 0.067793
v -0.141341 0.103084 0.097593
v -0.149770 0.113298 0.105973
v -0.152099 0.116263 0.106213
v -0.089392 0.028244 0.011503
v -0.086483 0.029089 0.012073
v -0.020546 0.028684 0.014733
v -0.022809 0.027973 0.014363
v -0.020955 0.049297 0.023683
v -0.019834 0.049198 0.023423
v 0.126557 0.136514 0.074143
v -0.034313 0.137484 0.081833
v -0.069511 0.113407 0.093903
v -0.069525 0.132373 0.062813
v -0.068948 0.102825 0.105043
v -0.102657 0.042969 0.007763
v -0.089406 0.030286 0.003493
v -0.109705 0.048773 0.015633
v -0.112887 0.054313 0.009373
v -0.156671 0.159807 -0.002057
v -0.152242 0.157186 0.006803
v -0.152211 0.155463 0.024383
v -0.156608 0.156312 0.033603
v -0.149909 0.154764 0.008523
v -0.149885 0.153423 0.022213
v -0.112900 0.055059 0.001753
v -0.114879 0.061903 0.006273
v -0.114895 0.062688 -0.001747
v -0.112392 0.058197 -0.003797
v -0.117110 0.067792 0.014743
v -0.117137 0.069324 -0.000887
v -0.141466 0.141561 0.008663
v -0.141447 0.140500 0.019483
v -0.109123 0.052370 0.018983
v -0.112357 0.056308 0.015433
v -0.135188 0.129463 0.007113
v -0.135171 0.128333 0.018643
v -0.156608 0.156312 0.033603
v -0.182944 0.160905 0.013483
v -0.117110 0.067792 0.014743
v -0.056170 0.068693 0.016723
v -0.069835 0.093265 0.015633
v -0.124803 0.093062 0.016363
v -0.020600 0.054899 0.005423
v -0.025237 0.056527 0.005593
v -0.046267 0.052283 0.019993
v -0.053131 0.062728 0.017213
v -0.038960 0.065587 0.006503
v -0.044875 0.070484 0.006993
v -0.056170 0.068693 0.016723
v -0.050068 0.057742 0.017553
v -0.032285 0.060687 0.006013
v -0.064782 0.095386 0.009463
v -0.069835 0.093265 0.015633
v -0.075863 0.138748 0.010683
v -0.149305 0.156085 0.031803
v -0.148119 0.155157 0.025323
v -0.144518 0.153829 0.026553
v -0.143234 0.153220 0.030633
v -0.140988 0.149938 0.026193
v -0.140474 0.150009 0.030323
v -0.131634 0.140958 0.026333
v -0.131330 0.141114 0.029433
v -0.145076 0.152475 0.023643
v -0.136105 0.141412 0.022343
v -0.121578 0.136734 0.026753
v -0.122037 0.137140 0.029023
v -0.132833 0.137442 0.020863
v -0.087934 0.135178 0.022253
v -0.088119 0.137693 0.027023
v -0.088202 0.137765 0.029023
v -0.088202 0.137765 0.029023
v -0.088119 0.137693 0.027023
v -0.069599 0.144171 0.029683
v -0.069071 0.146221 0.014453
v -0.114865 0.061116 0.014293
v -0.053131 0.062728 0.017213
v -0.084555 0.128354 0.018303
v -0.135171 0.128333 0.018643
v -0.112357 0.056308 0.015433
v -0.050068 0.057742 0.017553
v -0.046267 0.052283 0.019993
v -0.109123 0.052370 0.018983
v -0.107574 0.049424 0.023923
v -0.044495 0.049608 0.023883
v -0.087934 0.135178 0.022253
v -0.077244 0.130491 0.012933
v -0.084555 0.128354 0.018303
v -0.124803 0.093062 0.016363
v -0.124827 0.094426 0.002453
v -0.073044 0.144244 0.008233
v -0.156608 0.156312 0.033603
v -0.141447 0.140500 0.019483
v -0.149885 0.153423 0.022213
v -0.152211 0.155463 0.024383
v -0.089406 0.030286 0.003493
v -0.086500 0.031242 0.003843
v -0.020554 0.031978 0.004043
v -0.022825 0.031181 0.003933
v -0.020554 0.031978 0.004043
v -0.019570 0.033356 0.003433
v -0.019857 0.054228 0.005193
v -0.034370 0.153739 0.045173
v 0.126507 0.149985 0.040633
v -0.069599 0.144171 0.029683
v -0.109742 0.050843 -0.005477
v -0.109170 0.055018 -0.008057
v -0.156671 0.159807 -0.002057
v -0.183004 0.160521 -0.017117
v -0.117137 0.069324 -0.000887
v -0.124827 0.094426 0.002453
v -0.069857 0.094501 0.003023
v -0.056205 0.070613 -0.002867
v -0.046319 0.055153 -0.009297
v -0.025237 0.056527 0.005593
v -0.053170 0.064858 -0.004507
v -0.056205 0.070613 -0.002867
v -0.044875 0.070484 0.006993
v -0.038960 0.065587 0.006503
v -0.032285 0.060687 0.006013
v -0.050110 0.060032 -0.005827
v -0.069857 0.094501 0.003023
v -0.064782 0.095386 0.009463
v -0.144558 0.156007 0.004323
v -0.148154 0.157070 0.005803
v -0.149362 0.159237 -0.000367
v -0.143288 0.156203 0.000203
v -0.141027 0.152121 0.003913
v -0.140527 0.152992 -0.000117
v -0.131677 0.143342 0.002003
v -0.131384 0.144096 -0.001007
v -0.145105 0.154113 0.006923
v -0.136135 0.143012 0.006013
v -0.122091 0.140123 -0.001417
v -0.121624 0.139285 0.000733
v -0.087965 0.136896 0.004723
v -0.132858 0.138831 0.006683
v -0.088167 0.140289 0.000533
v -0.088255 0.140748 -0.001417
v -0.088255 0.140748 -0.001417
v -0.069653 0.147165 -0.000877
v -0.088167 0.140289 0.000533
v -0.114895 0.062688 -0.001747
v -0.053170 0.064858 -0.004507
v -0.135188 0.129463 0.007113
v -0.084575 0.129435 0.007273
v -0.050110 0.060032 -0.005827
v -0.112392 0.058197 -0.003797
v -0.107640 0.053134 -0.013317
v -0.109170 0.055018 -0.008057
v -0.046319 0.055153 -0.009297
v -0.044560 0.053307 -0.013537
v -0.087965 0.136896 0.004723
v -0.084575 0.129435 0.007273
v -0.077244 0.130491 0.012933
v -0.124780 0.138272 -0.028017
v -0.088311 0.137646 -0.029257
v -0.088311 0.137646 -0.029257
v -0.069681 0.144012 -0.029977
v -0.144624 0.151505 -0.031627
v -0.141466 0.141561 0.008663
v -0.149909 0.154764 0.008523
v -0.152242 0.157186 0.006803
v -0.156671 0.159807 -0.002057
v -0.034511 0.157463 -0.028437
v 0.126445 0.155361 0.004903
v -0.034436 0.159902 0.008583
v -0.069653 0.147165 -0.000877
v -0.069681 0.144012 -0.029977
v -0.069071 0.146221 0.014453
v -0.140653 0.149247 -0.025807
v -0.142767 0.146914 -0.025417
v -0.137140 0.143730 -0.022397
v -0.135325 0.144946 -0.022817
v -0.148057 0.147351 -0.038137
v -0.146266 0.150235 -0.038447
v -0.144533 0.148055 -0.045087
v -0.146301 0.144486 -0.044427
v -0.146764 0.148239 -0.031177
v -0.144624 0.151505 -0.031627
v -0.130586 0.133041 -0.045887
v -0.129353 0.135209 -0.046497
v -0.124687 0.134792 -0.041357
v -0.126591 0.131716 -0.040127
v -0.127054 0.135468 -0.026877
v -0.124780 0.138272 -0.028017
v -0.129505 0.141167 -0.023657
v -0.131388 0.139540 -0.022927
v -0.140544 0.143149 -0.048827
v -0.141966 0.140414 -0.048377
v -0.136215 0.136225 -0.048907
v -0.135188 0.138013 -0.049087
v -0.122973 0.135943 -0.034557
v -0.125298 0.132604 -0.033167
v -0.125298 0.132604 -0.033167
v -0.122973 0.135943 -0.034557
v -0.137140 0.143730 -0.022397
v -0.114831 0.049316 0.038933
v -0.140653 0.149247 -0.025807
v -0.129505 0.141167 -0.023657
v -0.129353 0.135209 -0.046497
v -0.140544 0.143149 -0.048827
v -0.135188 0.138013 -0.049087
v -0.135325 0.144946 -0.022817
v -0.114865 0.061116 0.014293
v -0.156807 -0.130954 0.089623
v -0.156746 0.154817 -0.039417
v -0.019896 0.039699 -0.010277
v -0.019923 0.033777 -0.023227
v -0.019923 0.044855 -0.030857
v -0.019888 0.052720 -0.013657
v -0.019950 0.023783 -0.033367
v -0.019959 0.031582 -0.044327
v -0.019973 0.010924 -0.039477
v -0.019989 0.014502 -0.052447
v -0.019990 -0.003252 -0.040827
v -0.020012 -0.004324 -0.054237
v -0.019998 -0.017032 -0.037247
v -0.020024 -0.022628 -0.049477
v -0.019998 -0.028756 -0.029167
v -0.020024 -0.038199 -0.038747
v -0.019990 -0.037010 -0.017557
v -0.020012 -0.049161 -0.023337
v -0.019973 -0.040797 -0.003837
v -0.019989 -0.054190 -0.005107
v -0.019949 -0.039662 0.010363
v -0.019957 -0.052683 0.013743
v -0.019921 -0.033740 0.023313
v -0.019922 -0.044818 0.030943
v -0.019897 -0.023747 0.033453
v -0.019887 -0.031545 0.044413
v -0.019873 -0.010886 0.039563
v -0.019857 -0.014465 0.052533
v -0.019856 0.003289 0.040913
v -0.019836 0.004361 0.054323
v -0.019846 0.017069 0.037323
v -0.019821 0.022665 0.049563
v -0.019847 0.028794 0.029243
v -0.019821 0.038236 0.038833
v -0.019856 0.037048 0.017643
v -0.019834 0.049198 0.023423
v -0.019873 0.040835 0.003923
v -0.019857 0.054228 0.005193
v -0.141960 -0.132489 -0.009547
v -0.141238 -0.132084 -0.009837
v -0.142216 -0.130201 -0.009637
v -0.142938 -0.130608 -0.009347
v -0.140617 -0.131709 -0.010327
v -0.140138 -0.131391 -0.010997
v -0.141117 -0.129509 -0.010797
v -0.141595 -0.129828 -0.010137
v -0.141924 -0.131795 -0.016007
v -0.142696 -0.132179 -0.016167
v -0.143675 -0.130297 -0.015967
v -0.142903 -0.129912 -0.015807
v -0.139836 -0.131152 -0.011787
v -0.140815 -0.129269 -0.011587
v -0.145309 -0.134047 -0.011307
v -0.144839 -0.133877 -0.010587
v -0.145817 -0.131996 -0.010387
v -0.146288 -0.132164 -0.011117
v -0.141206 -0.131461 -0.015627
v -0.142185 -0.129578 -0.015427
v -0.139730 -0.131006 -0.012637
v -0.139826 -0.130964 -0.013517
v -0.140805 -0.129083 -0.013317
v -0.140708 -0.129124 -0.012447
v -0.143469 -0.132588 -0.016097
v -0.144191 -0.132994 -0.015807
v -0.145170 -0.131112 -0.015607
v -0.144448 -0.130706 -0.015897
v -0.144812 -0.133369 -0.015317
v -0.145792 -0.131486 -0.015117
v -0.143505 -0.133283 -0.009637
v -0.142733 -0.132898 -0.009477
v -0.143712 -0.131017 -0.009287
v -0.144484 -0.131400 -0.009447
v -0.144223 -0.133617 -0.010017
v -0.145202 -0.131735 -0.009827
v -0.140120 -0.131031 -0.014337
v -0.141098 -0.129149 -0.014137
v -0.145291 -0.133687 -0.014647
v -0.146269 -0.131805 -0.014457
v -0.145701 -0.134072 -0.013007
v -0.145603 -0.134114 -0.012137
v -0.146581 -0.132231 -0.011937
v -0.146679 -0.132190 -0.012807
v -0.139836 -0.131152 -0.011787
v -0.140815 -0.129269 -0.011587
v -0.140590 -0.131201 -0.015057
v -0.141569 -0.129318 -0.014857
v -0.145594 -0.133927 -0.013867
v -0.146573 -0.132045 -0.013667
v -0.144910 -0.133641 -0.014427
v -0.145174 -0.133850 -0.013737
v -0.145594 -0.133927 -0.013867
v -0.145291 -0.133687 -0.014647
v -0.145182 -0.134013 -0.012227
v -0.144926 -0.133956 -0.011517
v -0.145309 -0.134047 -0.011307
v -0.145603 -0.134114 -0.012137
v -0.145267 -0.133977 -0.012987
v -0.145701 -0.134072 -0.013007
v -0.143979 -0.133580 -0.010387
v -0.143352 -0.133289 -0.010057
v -0.143505 -0.133283 -0.009637
v -0.144223 -0.133617 -0.010017
v -0.140810 -0.131471 -0.014787
v -0.141346 -0.131699 -0.015277
v -0.141206 -0.131461 -0.015627
v -0.140590 -0.131201 -0.015057
v -0.142646 -0.132326 -0.015747
v -0.143320 -0.132683 -0.015687
v -0.143469 -0.132588 -0.016097
v -0.142696 -0.132179 -0.016167
v -0.140399 -0.131324 -0.014157
v -0.140120 -0.131031 -0.014337
v -0.140151 -0.131429 -0.011927
v -0.140057 -0.131302 -0.012677
v -0.139730 -0.131006 -0.012637
v -0.139836 -0.131152 -0.011787
v -0.144493 -0.133364 -0.015007
v -0.144812 -0.133369 -0.015317
v -0.140142 -0.131266 -0.013437
v -0.139826 -0.130964 -0.013517
v -0.144515 -0.133808 -0.010887
v -0.144839 -0.133877 -0.010587
v -0.142678 -0.132954 -0.009917
v -0.142004 -0.132597 -0.009977
v -0.141960 -0.132489 -0.009547
v -0.142733 -0.132898 -0.009477
v -0.143951 -0.133037 -0.015437
v -0.144191 -0.132994 -0.015807
v -0.141973 -0.131990 -0.015607
v -0.141924 -0.131795 -0.016007
v -0.140415 -0.131638 -0.011237
v -0.140138 -0.131391 -0.010997
v -0.141374 -0.132243 -0.010227
v -0.140832 -0.131916 -0.010657
v -0.140617 -0.131709 -0.010327
v -0.141238 -0.132084 -0.009837
v -0.140607 -0.135284 -0.010257
v -0.139977 -0.134930 -0.010507
v -0.141374 -0.132243 -0.010227
v -0.142004 -0.132597 -0.009977
v -0.139434 -0.134604 -0.010937
v -0.139017 -0.134325 -0.011517
v -0.140415 -0.131638 -0.011237
v -0.140832 -0.131916 -0.010657
v -0.140575 -0.134677 -0.015887
v -0.141249 -0.135013 -0.016027
v -0.142646 -0.132326 -0.015747
v -0.141973 -0.131990 -0.015607
v -0.138753 -0.134116 -0.012207
v -0.140151 -0.131429 -0.011927
v -0.143529 -0.136643 -0.011797
v -0.143118 -0.136495 -0.011167
v -0.144515 -0.133808 -0.010887
v -0.144926 -0.133956 -0.011517
v -0.139948 -0.134386 -0.015557
v -0.141346 -0.131699 -0.015277
v -0.138660 -0.133989 -0.012957
v -0.138745 -0.133954 -0.013717
v -0.140142 -0.131266 -0.013437
v -0.140057 -0.131302 -0.012677
v -0.141923 -0.135370 -0.015967
v -0.142554 -0.135724 -0.015717
v -0.143951 -0.133037 -0.015437
v -0.143320 -0.132683 -0.015687
v -0.143095 -0.136051 -0.015287
v -0.144493 -0.133364 -0.015007
v -0.141954 -0.135976 -0.010337
v -0.141281 -0.135641 -0.010197
v -0.142678 -0.132954 -0.009917
v -0.143352 -0.133289 -0.010057
v -0.142581 -0.136267 -0.010667
v -0.143979 -0.133580 -0.010387
v -0.139001 -0.134012 -0.014437
v -0.140399 -0.131324 -0.014157
v -0.143512 -0.136328 -0.014707
v -0.144910 -0.133641 -0.014427
v -0.143870 -0.136664 -0.013277
v -0.143786 -0.136700 -0.012517
v -0.145182 -0.134013 -0.012227
v -0.145267 -0.133977 -0.012987
v -0.138753 -0.134116 -0.012207
v -0.140151 -0.131429 -0.011927
v -0.139412 -0.134159 -0.015067
v -0.140810 -0.131471 -0.014787
v -0.143777 -0.136538 -0.014027
v -0.145174 -0.133850 -0.013737
v -0.143712 -0.131017 -0.009287
v -0.142938 -0.130608 -0.009347
v -0.143049 -0.130503 -0.009577
v -0.143766 -0.130883 -0.009517
v -0.144484 -0.131400 -0.009447
v -0.144483 -0.131239 -0.009657
v -0.145170 -0.131112 -0.015607
v -0.145792 -0.131486 -0.015117
v -0.145697 -0.131319 -0.014927
v -0.145119 -0.130971 -0.015387
v -0.144448 -0.130706 -0.015897
v -0.144450 -0.130595 -0.015657
v -0.140708 -0.129124 -0.012447
v -0.140805 -0.129083 -0.013317
v -0.141069 -0.129088 -0.013257
v -0.140978 -0.129126 -0.012447
v -0.142185 -0.129578 -0.015427
v -0.142903 -0.129912 -0.015807
v -0.143015 -0.129858 -0.015567
v -0.142349 -0.129548 -0.015217
v -0.146288 -0.132164 -0.011117
v -0.145817 -0.131996 -0.010387
v -0.145721 -0.131792 -0.010537
v -0.146158 -0.131948 -0.011207
v -0.141117 -0.129509 -0.010797
v -0.140815 -0.129269 -0.011587
v -0.141078 -0.129260 -0.011647
v -0.141359 -0.129484 -0.010917
v -0.143675 -0.130297 -0.015967
v -0.143732 -0.130215 -0.015717
v -0.142216 -0.130201 -0.009637
v -0.141595 -0.129828 -0.010137
v -0.141802 -0.129779 -0.010297
v -0.142379 -0.130126 -0.009847
v -0.146269 -0.131805 -0.014457
v -0.146573 -0.132045 -0.013667
v -0.146422 -0.131837 -0.013577
v -0.146141 -0.131614 -0.014307
v -0.146581 -0.132231 -0.011937
v -0.146431 -0.132009 -0.011977
v -0.146679 -0.132190 -0.012807
v -0.146521 -0.131972 -0.012787
v -0.145202 -0.131735 -0.009827
v -0.145150 -0.131550 -0.010017
v -0.141569 -0.129318 -0.014857
v -0.141778 -0.129307 -0.014687
v -0.141098 -0.129149 -0.014137
v -0.141341 -0.129149 -0.014017
v -0.142798 -0.129996 -0.013167
v -0.142971 -0.130057 -0.013437
v -0.143232 -0.129555 -0.013377
v -0.143059 -0.129493 -0.013117
v -0.144291 -0.130716 -0.013707
v -0.144518 -0.130853 -0.013527
v -0.144780 -0.130350 -0.013477
v -0.144553 -0.130212 -0.013657
v -0.143743 -0.130417 -0.013837
v -0.144026 -0.130567 -0.013817
v -0.144288 -0.130064 -0.013767
v -0.144004 -0.129914 -0.013787
v -0.143459 -0.130276 -0.013777
v -0.143721 -0.129773 -0.013727
v -0.144291 -0.130716 -0.013707
v -0.144026 -0.130567 -0.013817
v -0.142690 -0.129971 -0.012867
v -0.142654 -0.129986 -0.012547
v -0.143459 -0.130276 -0.013777
v -0.143196 -0.130153 -0.013647
v -0.144528 -0.131040 -0.011797
v -0.144701 -0.131102 -0.012057
v -0.142694 -0.130040 -0.012237
v -0.142805 -0.130128 -0.011947
v -0.143743 -0.130417 -0.013837
v -0.142980 -0.130244 -0.011697
v -0.143207 -0.130382 -0.011517
v -0.143473 -0.130530 -0.011417
v -0.144805 -0.131058 -0.012997
v -0.144695 -0.130970 -0.013287
v -0.144808 -0.131127 -0.012357
v -0.144844 -0.131112 -0.012677
v -0.144039 -0.130822 -0.011447
v -0.144302 -0.130944 -0.011587
v -0.142971 -0.130057 -0.013437
v -0.142798 -0.129996 -0.013167
v -0.144518 -0.130853 -0.013527
v -0.143756 -0.130681 -0.011387
v -0.143196 -0.130153 -0.013647
v -0.143457 -0.129650 -0.013587
v -0.144695 -0.130970 -0.013287
v -0.144805 -0.131058 -0.012997
v -0.145067 -0.130555 -0.012947
v -0.144955 -0.130467 -0.013227
v -0.142690 -0.129971 -0.012867
v -0.142952 -0.129468 -0.012817
v -0.144528 -0.131040 -0.011797
v -0.144302 -0.130944 -0.011587
v -0.144564 -0.130442 -0.011537
v -0.144790 -0.130536 -0.011737
v -0.142980 -0.130244 -0.011697
v -0.142805 -0.130128 -0.011947
v -0.143066 -0.129624 -0.011887
v -0.143242 -0.129741 -0.011647
v -0.142654 -0.129986 -0.012547
v -0.142916 -0.129483 -0.012497
v -0.144844 -0.131112 -0.012677
v -0.145106 -0.130608 -0.012627
v -0.142694 -0.130040 -0.012237
v -0.142654 -0.129986 -0.012547
v -0.142916 -0.129483 -0.012497
v -0.142956 -0.129537 -0.012177
v -0.144808 -0.131127 -0.012357
v -0.145070 -0.130623 -0.012307
v -0.144701 -0.131102 -0.012057
v -0.144962 -0.130599 -0.012007
v -0.143207 -0.130382 -0.011517
v -0.143470 -0.129879 -0.011467
v -0.143473 -0.130530 -0.011417
v -0.143734 -0.130028 -0.011357
v -0.143756 -0.130681 -0.011387
v -0.144018 -0.130177 -0.011337
v -0.144039 -0.130822 -0.011447
v -0.144301 -0.130319 -0.011397
v -0.142916 -0.129483 -0.012497
v -0.142956 -0.129537 -0.012177
v -0.144011 -0.130046 -0.012557
v -0.144553 -0.130212 -0.013657
v -0.144780 -0.130350 -0.013477
v -0.139474 -0.138094 -0.019197
v -0.139569 -0.137984 -0.018567
v -0.137115 -0.136727 -0.018087
v -0.136529 -0.136594 -0.018997
v -0.140981 -0.143844 -0.008167
v -0.137991 -0.142312 -0.007957
v -0.139474 -0.139462 -0.007657
v -0.142463 -0.140994 -0.007867
v -0.131980 -0.138614 -0.013417
v -0.133436 -0.139056 -0.016417
v -0.134918 -0.136206 -0.016117
v -0.133462 -0.135764 -0.013117
v -0.134938 -0.139525 -0.019397
v -0.137928 -0.141058 -0.019607
v -0.139409 -0.138207 -0.019307
v -0.136420 -0.136674 -0.019097
v -0.143939 -0.144756 -0.014147
v -0.142482 -0.144313 -0.011147
v -0.143965 -0.141463 -0.010847
v -0.145421 -0.141905 -0.013847
v -0.135002 -0.140773 -0.007807
v -0.133469 -0.139684 -0.010597
v -0.134950 -0.136834 -0.010297
v -0.136484 -0.137922 -0.007507
v -0.141501 -0.137726 -0.015907
v -0.141608 -0.138690 -0.017057
v -0.142038 -0.138050 -0.015477
v -0.139569 -0.137289 -0.010487
v -0.140239 -0.137643 -0.010437
v -0.139817 -0.138595 -0.009337
v -0.138001 -0.137579 -0.009767
v -0.142450 -0.143686 -0.016967
v -0.143939 -0.144756 -0.014147
v -0.145421 -0.141905 -0.013847
v -0.143933 -0.140835 -0.016667
v -0.139539 -0.136688 -0.016077
v -0.137963 -0.136818 -0.016837
v -0.139772 -0.137717 -0.017487
v -0.140207 -0.137021 -0.016217
v -0.142936 -0.139556 -0.015637
v -0.142451 -0.138325 -0.014907
v -0.140917 -0.142596 -0.019757
v -0.142399 -0.139746 -0.019457
v -0.137723 -0.135969 -0.013917
v -0.136159 -0.136262 -0.013187
v -0.136631 -0.136317 -0.015257
v -0.137977 -0.136028 -0.014637
v -0.143949 -0.141293 -0.010877
v -0.143572 -0.140845 -0.011137
v -0.144547 -0.141046 -0.013747
v -0.145385 -0.141740 -0.013827
v -0.134938 -0.139525 -0.019397
v -0.136420 -0.136674 -0.019097
v -0.140907 -0.137976 -0.010577
v -0.141647 -0.139452 -0.009987
v -0.140917 -0.142596 -0.019757
v -0.142399 -0.139746 -0.019457
v -0.131980 -0.138614 -0.013417
v -0.133462 -0.135764 -0.013117
v -0.142958 -0.139995 -0.011567
v -0.142061 -0.138491 -0.011387
v -0.142468 -0.138637 -0.012017
v -0.138407 -0.136614 -0.011167
v -0.136653 -0.136756 -0.011187
v -0.137993 -0.136339 -0.011747
v -0.135002 -0.140773 -0.007807
v -0.136484 -0.137922 -0.007507
v -0.140981 -0.143844 -0.008167
v -0.142463 -0.140994 -0.007867
v -0.137731 -0.136131 -0.012427
v -0.142722 -0.138694 -0.012727
v -0.142806 -0.138659 -0.013487
v -0.143452 -0.140007 -0.013627
v -0.140876 -0.137375 -0.016157
v -0.137639 -0.136005 -0.013167
v -0.138945 -0.136938 -0.010737
v -0.141528 -0.138266 -0.010897
v -0.138917 -0.136399 -0.015747
v -0.142715 -0.138533 -0.014227
v -0.138384 -0.136173 -0.015257
v -0.135094 -0.136745 -0.010337
v -0.133618 -0.135698 -0.013117
v -0.134673 -0.135975 -0.013147
v -0.135650 -0.136777 -0.010647
v -0.135062 -0.136129 -0.016057
v -0.135623 -0.136225 -0.015767
v -0.143917 -0.140676 -0.016597
v -0.143543 -0.140293 -0.016247
v -0.139537 -0.139327 -0.007747
v -0.136591 -0.137822 -0.007587
v -0.137168 -0.137759 -0.008517
v -0.139626 -0.139086 -0.008327
v -0.142474 -0.140844 -0.007947
v -0.142105 -0.140294 -0.008817
v -0.142411 -0.139616 -0.019357
v -0.142052 -0.139263 -0.018387
v -0.140239 -0.137643 -0.010437
v -0.139569 -0.137289 -0.010487
v -0.139669 -0.137295 -0.010927
v -0.140236 -0.137596 -0.010877
v -0.137723 -0.135969 -0.013917
v -0.137977 -0.136028 -0.014637
v -0.138321 -0.136228 -0.014437
v -0.138105 -0.136179 -0.013827
v -0.142468 -0.138637 -0.012017
v -0.142061 -0.138491 -0.011387
v -0.141779 -0.138313 -0.011687
v -0.142123 -0.138437 -0.012217
v -0.138945 -0.136938 -0.010737
v -0.139140 -0.136999 -0.011137
v -0.142451 -0.138325 -0.014907
v -0.142715 -0.138533 -0.014227
v -0.142332 -0.138349 -0.014087
v -0.142110 -0.138173 -0.014667
v -0.142806 -0.138659 -0.013487
v -0.142722 -0.138694 -0.012727
v -0.142340 -0.138486 -0.012817
v -0.142411 -0.138456 -0.013457
v -0.140207 -0.137021 -0.016217
v -0.140876 -0.137375 -0.016157
v -0.140776 -0.137368 -0.015727
v -0.140209 -0.137068 -0.015777
v -0.139539 -0.136688 -0.016077
v -0.139643 -0.136787 -0.015657
v -0.141501 -0.137726 -0.015907
v -0.141305 -0.137665 -0.015517
v -0.138384 -0.136173 -0.015257
v -0.138666 -0.136352 -0.014967
v -0.138407 -0.136614 -0.011167
v -0.138685 -0.136724 -0.011497
v -0.137993 -0.136339 -0.011747
v -0.137731 -0.136131 -0.012427
v -0.138113 -0.136315 -0.012567
v -0.138335 -0.136491 -0.011987
v -0.141528 -0.138266 -0.010897
v -0.141328 -0.138122 -0.011267
v -0.142038 -0.138050 -0.015477
v -0.141759 -0.137940 -0.015147
v -0.138917 -0.136399 -0.015747
v -0.139117 -0.136542 -0.015377
v -0.137639 -0.136005 -0.013167
v -0.138035 -0.136209 -0.013187
v -0.140907 -0.137976 -0.010577
v -0.140802 -0.137878 -0.010997
v -0.141305 -0.137665 -0.015517
v -0.141759 -0.137940 -0.015147
v -0.142803 -0.135935 -0.014937
v -0.142347 -0.135660 -0.015307
v -0.139140 -0.136999 -0.011137
v -0.138685 -0.136724 -0.011497
v -0.139728 -0.134720 -0.011287
v -0.140183 -0.134993 -0.010927
v -0.138035 -0.136209 -0.013187
v -0.138105 -0.136179 -0.013827
v -0.139149 -0.134174 -0.013617
v -0.139078 -0.134204 -0.012977
v -0.139643 -0.136787 -0.015657
v -0.140209 -0.137068 -0.015777
v -0.141251 -0.135063 -0.015567
v -0.140686 -0.134782 -0.015447
v -0.142123 -0.138437 -0.012217
v -0.141779 -0.138313 -0.011687
v -0.142821 -0.136308 -0.011477
v -0.143167 -0.136432 -0.012007
v -0.140802 -0.137878 -0.010997
v -0.140236 -0.137596 -0.010877
v -0.141278 -0.135591 -0.010667
v -0.141845 -0.135872 -0.010787
v -0.139117 -0.136542 -0.015377
v -0.140160 -0.134537 -0.015167
v -0.141328 -0.138122 -0.011267
v -0.142371 -0.136117 -0.011057
v -0.140776 -0.137368 -0.015727
v -0.141818 -0.135363 -0.015517
v -0.138113 -0.136315 -0.012567
v -0.139155 -0.134310 -0.012357
v -0.139669 -0.137295 -0.010927
v -0.140712 -0.135291 -0.010717
v -0.142110 -0.138173 -0.014667
v -0.143153 -0.136168 -0.014457
v -0.142332 -0.138349 -0.014087
v -0.142411 -0.138456 -0.013457
v -0.143453 -0.136451 -0.013247
v -0.143375 -0.136344 -0.013877
v -0.138666 -0.136352 -0.014967
v -0.139708 -0.134346 -0.014757
v -0.142340 -0.138486 -0.012817
v -0.143382 -0.136481 -0.012607
v -0.138321 -0.136228 -0.014437
v -0.139364 -0.134223 -0.014227
v -0.138335 -0.136491 -0.011987
v -0.139377 -0.134486 -0.011777
v -0.142110 -0.138173 -0.014667
v -0.143153 -0.136168 -0.014457
v -0.138321 -0.136228 -0.014437
v -0.139364 -0.134223 -0.014227
v -0.138113 -0.136315 -0.012567
v -0.139155 -0.134310 -0.012357
v -0.143933 -0.140835 -0.016667
v -0.145421 -0.141905 -0.013847
v -0.145421 -0.141905 -0.013847
v -0.143965 -0.141463 -0.010847
v -0.139409 -0.138207 -0.019307
v -0.142399 -0.139746 -0.019457
v -0.142399 -0.139746 -0.019457
v -0.134918 -0.136206 -0.016117
v -0.136420 -0.136674 -0.019097
v -0.136420 -0.136674 -0.019097
v -0.134950 -0.136834 -0.010297
v -0.133462 -0.135764 -0.013117
v -0.133462 -0.135764 -0.013117
v -0.139474 -0.139462 -0.007657
v -0.136484 -0.137922 -0.007507
v -0.136484 -0.137922 -0.007507
v -0.142463 -0.140994 -0.007867
v -0.142463 -0.140994 -0.007867
v -0.137928 -0.141058 -0.019607
v -0.137937 -0.141252 -0.017807
v -0.138867 -0.141744 -0.017717
v -0.134483 -0.139791 -0.014607
v -0.131980 -0.138614 -0.013417
v -0.134367 -0.139840 -0.013567
v -0.139774 -0.142982 -0.010407
v -0.140981 -0.143844 -0.008167
v -0.140515 -0.143295 -0.011097
v -0.139736 -0.142233 -0.017377
v -0.138867 -0.141744 -0.017717
v -0.136531 -0.146238 -0.018197
v -0.137400 -0.146726 -0.017847
v -0.134495 -0.140015 -0.012527
v -0.134859 -0.140304 -0.011577
v -0.132523 -0.144797 -0.012057
v -0.132158 -0.144509 -0.012997
v -0.141552 -0.143530 -0.013997
v -0.141423 -0.143355 -0.015037
v -0.139087 -0.147848 -0.015507
v -0.139215 -0.148023 -0.014467
v -0.139774 -0.142982 -0.010407
v -0.140515 -0.143295 -0.011097
v -0.138178 -0.147790 -0.011567
v -0.137438 -0.147476 -0.010877
v -0.134837 -0.139870 -0.015607
v -0.134483 -0.139791 -0.014607
v -0.132147 -0.144285 -0.015077
v -0.132501 -0.144364 -0.016077
v -0.141060 -0.143066 -0.015977
v -0.138723 -0.147560 -0.016447
v -0.138911 -0.142581 -0.009957
v -0.136574 -0.147074 -0.010427
v -0.137051 -0.141625 -0.009837
v -0.137982 -0.142118 -0.009757
v -0.135645 -0.146612 -0.010227
v -0.134714 -0.146119 -0.010307
v -0.141082 -0.143499 -0.011957
v -0.141435 -0.143578 -0.012947
v -0.139098 -0.148072 -0.013427
v -0.138745 -0.147993 -0.012427
v -0.135435 -0.140687 -0.010787
v -0.136183 -0.141137 -0.010187
v -0.133846 -0.145631 -0.010657
v -0.133099 -0.145181 -0.011257
v -0.137937 -0.141252 -0.017807
v -0.135600 -0.145746 -0.018277
v -0.136145 -0.140388 -0.017157
v -0.135404 -0.140074 -0.016467
v -0.133066 -0.144569 -0.016937
v -0.133807 -0.144882 -0.017627
v -0.140484 -0.142683 -0.016777
v -0.138147 -0.147177 -0.017247
v -0.134367 -0.139840 -0.013567
v -0.132031 -0.144334 -0.014037
v -0.137008 -0.140789 -0.017607
v -0.134671 -0.145283 -0.018077
v -0.141552 -0.143530 -0.013997
v -0.139215 -0.148023 -0.014467
v -0.183124 0.142624 -0.075357
v -0.182284 0.155707 -0.078887
v -0.182354 0.137876 -0.106837
v -0.183184 0.125757 -0.100897
v -0.183054 0.154354 -0.047097
v -0.182214 0.167925 -0.048067
v -0.182284 0.155707 -0.078887
v -0.178614 0.158705 -0.080427
v -0.178684 0.140532 -0.108917
v -0.182354 0.137876 -0.106837
v -0.182214 0.167925 -0.048067
v -0.178534 0.171160 -0.049017
v -0.176284 0.171158 -0.049017
v -0.176354 0.158703 -0.080427
v -0.176424 0.140529 -0.108917
v -0.174423 0.170247 -0.048807
v -0.174494 0.157851 -0.080057
v -0.174567 0.139765 -0.108387
v -0.182424 0.115079 -0.130907
v -0.183244 0.104362 -0.122777
v -0.182494 0.088139 -0.150225
v -0.183304 0.079213 -0.140211
v -0.182424 0.115079 -0.130907
v -0.178754 0.117294 -0.133447
v -0.178804 0.093868 -0.150110
v -0.182494 0.088139 -0.150225
v -0.182354 0.137876 -0.106837
v -0.178684 0.140532 -0.108917
v -0.176494 0.117292 -0.133457
v -0.176554 0.093866 -0.150114
v -0.176424 0.140529 -0.108917
v -0.174636 0.116643 -0.132787
v -0.174693 0.093337 -0.149355
v -0.174567 0.139765 -0.108387
v -0.182544 0.058030 -0.164097
v -0.183354 0.051218 -0.152574
v -0.178874 0.059142 -0.167281
v -0.178934 0.020493 -0.175630
v -0.182594 0.025839 -0.172021
v -0.182544 0.058030 -0.164097
v -0.176624 0.059140 -0.167285
v -0.176684 0.020490 -0.175634
v -0.174762 0.058787 -0.166427
v -0.174817 0.020340 -0.174722
v -0.182594 0.025839 -0.172021
v -0.183394 0.021389 -0.159415
v -0.176714 -0.007421 -0.177082
v -0.178964 -0.007419 -0.177077
v -0.174849 -0.007426 -0.176156
v -0.182664 -0.040100 -0.169100
v -0.183444 -0.039429 -0.155752
v -0.183424 -0.009195 -0.160487
v -0.182634 -0.007270 -0.173708
v -0.178994 -0.040883 -0.172380
v -0.182664 -0.040100 -0.169100
v -0.182634 -0.007270 -0.173708
v -0.176734 -0.040885 -0.172384
v -0.174876 -0.040714 -0.171474
v -0.182674 -0.071464 -0.158361
v -0.183454 -0.068221 -0.145380
v -0.182674 -0.100229 -0.141882
v -0.183454 -0.094529 -0.129747
v -0.179004 -0.072852 -0.161434
v -0.182674 -0.071464 -0.158361
v -0.179004 -0.096524 -0.147849
v -0.182674 -0.100229 -0.141882
v -0.176754 -0.072855 -0.161438
v -0.176754 -0.096429 -0.147933
v -0.174889 -0.072513 -0.160578
v -0.174889 -0.095959 -0.147138
v -0.182634 -0.145936 -0.094267
v -0.183424 -0.136019 -0.085127
v -0.183444 -0.117405 -0.109417
v -0.182664 -0.125356 -0.120257
v -0.178964 -0.148762 -0.096097
v -0.182634 -0.145936 -0.094267
v -0.182664 -0.125356 -0.120257
v -0.178994 -0.127785 -0.122597
v -0.176734 -0.127788 -0.122597
v -0.176714 -0.148765 -0.096107
v -0.174874 -0.127148 -0.121927
v -0.174847 -0.148009 -0.095567
v -0.182594 -0.161226 -0.064847
v -0.183384 -0.149699 -0.057757
v -0.182544 -0.170670 -0.033077
v -0.183344 -0.157951 -0.028287
v -0.178924 -0.164347 -0.066117
v -0.182594 -0.161226 -0.064847
v -0.178884 -0.172624 -0.038267
v -0.182544 -0.170670 -0.033077
v -0.176674 -0.164349 -0.066117
v -0.176624 -0.172627 -0.038277
v -0.174808 -0.163505 -0.065737
v -0.174764 -0.171732 -0.038037
v -0.182424 -0.170891 0.032933
v -0.183234 -0.157186 0.032643
v -0.183284 -0.160478 0.002213
v -0.182484 -0.173932 -0.000087
v -0.178744 -0.174199 0.033553
v -0.182424 -0.170891 0.032933
v -0.182484 -0.173932 -0.000087
v -0.178814 -0.177299 -0.000097
v -0.176564 -0.177302 -0.000097
v -0.176494 -0.174201 0.033553
v -0.174698 -0.176372 -0.000057
v -0.174631 -0.173280 0.033413
v -0.182354 -0.161658 0.064773
v -0.183164 -0.148197 0.061893
v -0.182284 -0.146565 0.094283
v -0.183104 -0.133834 0.088913
v -0.178674 -0.164787 0.066003
v -0.182354 -0.161658 0.064773
v -0.178604 -0.149403 0.096093
v -0.182284 -0.146565 0.094283
v -0.176424 -0.164790 0.066003
v -0.176354 -0.149406 0.096093
v -0.174562 -0.163909 0.065693
v -0.174489 -0.148599 0.095613
v -0.182144 -0.101177 0.142203
v -0.182984 -0.091237 0.132483
v -0.183044 -0.114616 0.112733
v -0.182204 -0.126159 0.120413
v -0.178464 -0.103138 0.144943
v -0.182144 -0.101177 0.142203
v -0.182204 -0.126159 0.120413
v -0.178534 -0.128602 0.122723
v -0.176274 -0.128605 0.122723
v -0.176214 -0.103141 0.144933
v -0.174417 -0.127901 0.122103
v -0.174349 -0.102565 0.144193
v -0.182084 -0.072523 0.158873
v -0.182934 -0.064546 0.147443
v -0.182024 -0.041231 0.169823
v -0.182884 -0.035502 0.157093
v -0.178404 -0.073930 0.161933
v -0.182084 -0.072523 0.158873
v -0.178344 -0.042034 0.173093
v -0.182024 -0.041231 0.169823
v -0.176144 -0.073932 0.161923
v -0.176104 -0.046784 0.171333
v -0.174287 -0.073505 0.161093
v -0.174240 -0.046497 0.170443
v -0.181954 0.024686 0.173183
v -0.182824 0.025390 0.159233
v -0.182844 -0.005159 0.161073
v -0.181984 -0.008433 0.174653
v -0.178264 0.025156 0.176513
v -0.181954 0.024686 0.173183
v -0.181984 -0.008433 0.174653
v -0.178304 -0.008602 0.178013
v -0.176044 -0.008604 0.178003
v -0.176014 0.025155 0.176513
v -0.174188 -0.008515 0.177073
v -0.174156 0.025066 0.175573
v -0.181934 0.056929 0.165473
v -0.182804 0.055036 0.151643
v -0.181924 0.087131 0.151803
v -0.182804 0.082714 0.138583
v -0.178244 0.058023 0.168663
v -0.181934 0.056929 0.165473
v -0.178244 0.083418 0.157163
v -0.181924 0.087131 0.151803
v -0.175994 0.058020 0.168653
v -0.175984 0.083416 0.157163
v -0.174136 0.057757 0.167753
v -0.174130 0.083016 0.156313
v -0.181954 0.137157 0.108753
v -0.182824 0.128255 0.098103
v -0.182804 0.107416 0.120513
v -0.181934 0.114200 0.132663
v -0.178274 0.139799 0.110833
v -0.181954 0.137157 0.108753
v -0.181934 0.114200 0.132663
v -0.178244 0.116399 0.135213
v -0.175994 0.116396 0.135213
v -0.176014 0.139797 0.110833
v -0.174136 0.115818 0.134463
v -0.174157 0.139090 0.110213
v -0.181984 0.155173 0.080923
v -0.182854 0.144475 0.072153
v -0.182034 0.167596 0.050183
v -0.182894 0.155492 0.043603
v -0.181984 0.155173 0.080923
v -0.178304 0.158162 0.082473
v -0.178344 0.169771 0.053753
v -0.182034 0.167596 0.050183
v -0.176054 0.158161 0.082463
v -0.176094 0.169768 0.053743
v -0.174191 0.157351 0.081993
v -0.174232 0.168891 0.053423
v -0.182084 0.173980 0.017653
v -0.182944 0.160905 0.013483
v -0.178404 0.177332 0.017983
v -0.182084 0.173980 0.017653
v -0.176154 0.177330 0.017973
v -0.174291 0.176404 0.017833
v -0.182144 0.174090 -0.015497
v -0.183004 0.160521 -0.017117
v -0.178464 0.177445 -0.015807
v -0.182144 0.174090 -0.015497
v -0.176214 0.177443 -0.015817
v -0.174353 0.176507 -0.015777
v -0.090960 0.008408 0.026763
v -0.090977 0.002233 0.027973
v -0.091032 0.000104 0.000183
v -0.090993 -0.012900 0.024843
v -0.090977 -0.018172 0.021213
v -0.091013 -0.003520 0.027853
v -0.091010 -0.008362 0.026823
v -0.091022 -0.022518 0.016373
v -0.091053 -0.027729 0.001383
v -0.091034 -0.027250 -0.004997
v -0.091059 -0.025069 0.012273
v -0.091067 -0.026989 0.006973
v -0.091015 0.018192 -0.020997
v -0.091033 0.022601 -0.016187
v -0.090989 0.028022 -0.000347
v -0.090955 0.027494 0.005283
v -0.091044 0.025527 -0.011327
v -0.091033 0.027342 -0.005967
v -0.090977 0.025955 0.010743
v -0.090964 0.014154 0.024203
v -0.091005 0.023335 0.015743
v -0.090995 0.019651 0.020143
v -0.091079 -0.025326 -0.011117
v -0.091082 -0.014952 -0.023287
v -0.091057 -0.009229 -0.026067
v -0.091109 -0.023040 -0.015457
v -0.091105 -0.019422 -0.019817
v -0.091080 -0.002930 -0.027477
v -0.091062 0.012791 -0.024627
v -0.091098 0.002750 -0.027617
v -0.091095 0.008319 -0.026547
v -0.089550 -0.013777 0.027143
v -0.100683 -0.018819 0.037283
v -0.100626 -0.026693 0.031973
v -0.089597 -0.019537 0.023253
v -0.089500 -0.008794 0.029243
v -0.100758 -0.011907 0.040173
v -0.089522 0.009474 0.028983
v -0.100595 0.013191 0.039693
v -0.100636 0.004033 0.041653
v -0.089500 0.002780 0.030373
v -0.127259 0.000063 0.028533
v -0.123875 0.000039 0.028333
v -0.124012 0.010474 0.025853
v -0.127110 0.010828 0.026383
v -0.102758 0.014588 0.037393
v -0.098671 0.012773 0.032693
v -0.098738 0.004035 0.035013
v -0.102764 0.004632 0.040253
v -0.124141 -0.016630 0.021223
v -0.124081 -0.007921 0.027243
v -0.127461 -0.008025 0.027353
v -0.127505 -0.017414 0.022363
v -0.102812 -0.024841 0.031003
v -0.102793 -0.015861 0.036763
v -0.098704 -0.013880 0.032153
v -0.098889 -0.021670 0.027133
v -0.102776 -0.006522 0.040633
v -0.098953 -0.005806 0.036113
v -0.124562 -0.006489 0.031543
v -0.127718 -0.005795 0.029853
v -0.130455 -0.000100 0.025903
v -0.130464 -0.000370 0.027773
v -0.130161 0.010664 0.025573
v -0.130167 0.009746 0.024063
v -0.130465 -0.004633 0.025323
v -0.130662 -0.007092 0.024843
v -0.130659 -0.007359 0.026703
v -0.130591 -0.005071 0.028003
v -0.130957 -0.016819 0.021813
v -0.130953 -0.015742 0.020373
v -0.130418 -0.002399 0.025663
v -0.130529 -0.002838 0.028343
v -0.127639 -0.002789 0.030313
v -0.124468 -0.002666 0.031923
v -0.098972 -0.004684 0.036243
v -0.102773 -0.005207 0.040793
v -0.100732 -0.004572 0.041653
v -0.089469 -0.003490 0.030313
v -0.089613 -0.029657 -0.005257
v -0.089587 -0.030143 0.001723
v -0.100768 -0.041504 0.002173
v -0.100750 -0.040747 -0.007667
v -0.089562 -0.029291 0.007823
v -0.100831 -0.040273 0.010703
v -0.100648 -0.033322 0.024933
v -0.089568 -0.024301 0.018053
v -0.127696 -0.024335 0.014393
v -0.123955 -0.024029 0.013983
v -0.098850 -0.027983 0.020763
v -0.102832 -0.032026 0.023863
v -0.124336 -0.026065 -0.003617
v -0.124160 -0.027091 0.006923
v -0.127905 -0.027422 0.006813
v -0.127980 -0.027807 -0.003747
v -0.102876 -0.039843 0.004633
v -0.098794 -0.034688 0.004153
v -0.098929 -0.034824 -0.005077
v -0.102895 -0.040442 -0.005887
v -0.102856 -0.038198 0.014113
v -0.099057 -0.033934 0.012683
v -0.124664 -0.030350 0.010213
v -0.128166 -0.028318 0.009963
v -0.131245 -0.022071 0.012983
v -0.131263 -0.023821 0.013593
v -0.131308 -0.023930 0.008773
v -0.131460 -0.024743 0.006413
v -0.131462 -0.026426 0.007033
v -0.131388 -0.026158 0.009583
v -0.131755 -0.027093 -0.003497
v -0.131757 -0.025247 -0.003477
v -0.131240 -0.023158 0.010673
v -0.131325 -0.025405 0.011473
v -0.128075 -0.027272 0.012453
v -0.124609 -0.028982 0.013663
v -0.099058 -0.033289 0.014263
v -0.102852 -0.037333 0.016213
v -0.089551 -0.027140 0.013593
v -0.100803 -0.037244 0.018753
v -0.089561 0.030457 -0.000717
v -0.100698 0.041753 -0.001227
v -0.100586 0.041096 0.007223
v -0.089580 0.029943 0.005423
v -0.089529 0.029654 -0.006827
v -0.100775 0.040661 -0.009617
v -0.089643 0.019535 -0.023057
v -0.100678 0.026644 -0.031797
v -0.100681 0.033352 -0.024797
v -0.089583 0.024368 -0.017887
v -0.128827 0.024539 -0.014007
v -0.123983 0.024125 -0.013317
v -0.124345 0.016283 -0.020567
v -0.128728 0.017376 -0.022127
v -0.102871 0.025655 -0.031657
v -0.098696 0.022183 -0.027447
v -0.098774 0.028569 -0.020877
v -0.102850 0.033083 -0.024267
v -0.124302 0.028092 0.004173
v -0.124088 0.027710 -0.006397
v -0.126758 0.027717 -0.006437
v -0.126692 0.028108 0.004203
v -0.102788 0.039267 0.006233
v -0.102807 0.039957 -0.004327
v -0.098717 0.034844 -0.003787
v -0.098870 0.034326 0.005383
v -0.102819 0.038647 -0.013347
v -0.098797 0.034354 -0.012157
v -0.124702 0.030871 -0.009957
v -0.127879 0.028645 -0.009627
v -0.133453 0.023880 -0.013347
v -0.133238 0.016775 -0.021577
v -0.133236 0.015859 -0.020037
v -0.132960 0.022575 -0.012487
v -0.129644 0.024407 -0.008567
v -0.129181 0.025272 -0.005907
v -0.129179 0.026965 -0.006607
v -0.129909 0.025802 -0.009347
v -0.129437 0.027325 0.003973
v -0.129436 0.025529 0.003813
v -0.131538 0.025145 -0.011077
v -0.130842 0.023640 -0.010337
v -0.128317 0.027471 -0.011937
v -0.124579 0.029089 -0.013177
v -0.098779 0.033613 -0.013967
v -0.102830 0.037579 -0.015917
v -0.089541 0.027610 -0.012637
v -0.100769 0.037821 -0.017587
v -0.112806 0.016333 -0.020557
v -0.124345 0.016283 -0.020567
v -0.123983 0.024125 -0.013317
v -0.112465 0.023871 -0.013407
v -0.113744 0.029121 -0.013197
v -0.124579 0.029089 -0.013177
v -0.089522 0.015685 0.026143
v -0.100603 0.021695 0.035763
v -0.100595 0.013191 0.039693
v -0.089522 0.009474 0.028983
v -0.089490 0.021587 0.021673
v -0.100732 0.029712 0.029613
v -0.089531 0.028326 0.011373
v -0.100667 0.038892 0.015413
v -0.126870 0.024717 0.014183
v -0.123836 0.024657 0.014123
v -0.098703 0.031946 0.014103
v -0.102774 0.036428 0.016143
v -0.124012 0.010474 0.025853
v -0.124056 0.019760 0.020753
v -0.127053 0.019708 0.020783
v -0.127110 0.010828 0.026383
v -0.102758 0.023569 0.032293
v -0.098790 0.020584 0.028233
v -0.098671 0.012773 0.032693
v -0.102758 0.014588 0.037393
v -0.102496 0.030709 0.026073
v -0.098642 0.027802 0.023313
v -0.124564 0.024125 0.021693
v -0.127324 0.023006 0.020263
v -0.129696 0.022357 0.013043
v -0.129704 0.023881 0.014193
v -0.129709 0.019676 0.016703
v -0.129888 0.018038 0.018593
v -0.129890 0.019428 0.019943
v -0.129829 0.021856 0.018813
v -0.130161 0.010664 0.025573
v -0.130167 0.009746 0.024063
v -0.129668 0.021039 0.014943
v -0.129773 0.023263 0.017003
v -0.127217 0.024768 0.017783
v -0.124441 0.026092 0.018373
v -0.098371 0.028535 0.021913
v -0.101921 0.031655 0.023913
v -0.089480 0.025534 0.016843
v -0.100748 0.035101 0.022953
v -0.089654 -0.016524 -0.025187
v -0.100819 -0.022832 -0.034557
v -0.100738 -0.014380 -0.038767
v -0.089686 -0.010339 -0.028257
v -0.089613 -0.021339 -0.021367
v -0.100903 -0.029382 -0.029337
v -0.089596 -0.027648 -0.011857
v -0.100791 -0.038058 -0.016427
v -0.128124 -0.024396 -0.013767
v -0.124039 -0.023586 -0.013687
v -0.099215 -0.032074 -0.013807
v -0.102911 -0.037430 -0.016117
v -0.124314 -0.009698 -0.024177
v -0.124195 -0.019366 -0.019827
v -0.128326 -0.019514 -0.020257
v -0.128339 -0.010489 -0.025917
v -0.102926 -0.014704 -0.037857
v -0.102926 -0.024194 -0.032887
v -0.099113 -0.020789 -0.028167
v -0.099066 -0.012717 -0.032537
v -0.102923 -0.031009 -0.026457
v -0.099270 -0.027535 -0.023237
v -0.124723 -0.023746 -0.021177
v -0.128603 -0.022473 -0.019397
v -0.132039 -0.022086 -0.012527
v -0.132053 -0.023540 -0.013717
v -0.132050 -0.019323 -0.016247
v -0.132243 -0.017719 -0.018117
v -0.132245 -0.019193 -0.019277
v -0.132182 -0.020909 -0.017567
v -0.132525 -0.010307 -0.025167
v -0.132519 -0.009557 -0.023467
v -0.132006 -0.020686 -0.014497
v -0.132119 -0.022264 -0.015837
v -0.128488 -0.024099 -0.017087
v -0.124632 -0.025910 -0.018047
v -0.099158 -0.028825 -0.021427
v -0.102921 -0.032744 -0.024207
v -0.089585 -0.025215 -0.016597
v -0.100895 -0.034686 -0.022857
v -0.089624 0.013636 -0.026937
v -0.100756 0.018585 -0.037127
v -0.089590 0.008729 -0.028977
v -0.100880 0.011764 -0.039887
v -0.089686 -0.010339 -0.028257
v -0.100738 -0.014380 -0.038767
v -0.100743 -0.005069 -0.041077
v -0.089635 -0.003521 -0.029857
v -0.128489 -0.000089 -0.028007
v -0.124035 0.000274 -0.027197
v -0.124314 -0.009698 -0.024177
v -0.128339 -0.010489 -0.025917
v -0.102918 -0.004497 -0.040177
v -0.102926 -0.014704 -0.037857
v -0.099066 -0.012717 -0.032537
v -0.099169 -0.003870 -0.034557
v -0.124183 0.007718 -0.026767
v -0.128684 0.008020 -0.027077
v -0.102891 0.016603 -0.037147
v -0.098718 0.014294 -0.032207
v -0.102719 0.007663 -0.039697
v -0.099155 0.006556 -0.035297
v -0.124782 0.006682 -0.031447
v -0.128896 0.005581 -0.029047
v -0.132785 -0.000022 -0.025397
v -0.132796 0.000286 -0.027257
v -0.132525 -0.010307 -0.025167
v -0.132519 -0.009557 -0.023467
v -0.132854 0.004510 -0.024927
v -0.132977 0.007061 -0.024497
v -0.132978 0.007343 -0.026257
v -0.132915 0.004864 -0.026857
v -0.132778 0.002440 -0.025187
v -0.132858 0.002802 -0.027147
v -0.128786 0.002993 -0.029237
v -0.124641 0.002934 -0.031427
v -0.098379 0.004246 -0.034927
v -0.102900 0.004845 -0.040237
v -0.089598 0.002657 -0.030077
v -0.100850 0.003422 -0.041377
v -0.113841 0.006682 -0.031437
v -0.124782 0.006682 -0.031447
v -0.124183 0.007718 -0.026767
v -0.112954 0.007680 -0.026847
v -0.100687 -0.028488 -0.004137
v -0.100450 -0.028775 0.003603
v -0.108010 -0.028799 0.003653
v -0.108504 -0.028391 -0.003907
v -0.100961 -0.028857 0.010953
v -0.108212 -0.030551 0.010373
v -0.100967 -0.028434 0.012023
v -0.100595 -0.023312 0.017243
v -0.108430 -0.023258 0.017023
v -0.108538 -0.029696 0.013613
v -0.100688 -0.018010 0.022703
v -0.108454 -0.017949 0.022633
v -0.100359 -0.011570 0.026863
v -0.108148 -0.011204 0.026883
v -0.100839 -0.004928 0.030773
v -0.108023 -0.006438 0.031733
v -0.100876 -0.004019 0.030873
v -0.100447 0.003382 0.029053
v -0.107871 0.003114 0.029233
v -0.108413 -0.003017 0.032463
v -0.100328 0.010710 0.027323
v -0.107592 0.010811 0.027573
v -0.100550 0.017187 0.023593
v -0.107585 0.017690 0.023753
v -0.107592 0.010811 0.027573
v -0.100328 0.010710 0.027323
v -0.100511 0.024223 0.020003
v -0.108302 0.024836 0.021853
v -0.100525 0.024736 0.019363
v -0.100373 0.026795 0.011773
v -0.107575 0.027040 0.012003
v -0.108416 0.026494 0.019073
v -0.100673 0.028677 0.004463
v -0.108439 0.028609 0.004453
v -0.100369 0.029019 -0.003137
v -0.108245 0.028857 -0.003207
v -0.100509 0.029291 -0.010637
v -0.108265 0.031030 -0.010167
v -0.100465 0.028872 -0.011697
v -0.100436 0.023506 -0.017057
v -0.107911 0.023732 -0.016967
v -0.108475 0.029756 -0.013197
v -0.100273 0.018290 -0.022647
v -0.107751 0.018411 -0.022707
v -0.100293 0.011729 -0.026577
v -0.107788 0.011468 -0.026807
v -0.101270 0.005351 -0.030057
v -0.108370 0.006605 -0.031687
v -0.108503 0.003270 -0.032057
v -0.099651 0.003583 -0.028867
v -0.101115 -0.003138 -0.028237
v -0.108037 -0.002770 -0.028787
v -0.100917 -0.010443 -0.026567
v -0.108540 -0.010525 -0.026547
v -0.101001 -0.016948 -0.022897
v -0.108345 -0.017578 -0.022687
v -0.108540 -0.010525 -0.026547
v -0.100917 -0.010443 -0.026567
v -0.101300 -0.023397 -0.019477
v -0.108371 -0.024378 -0.021387
v -0.101091 -0.024239 -0.018127
v -0.101208 -0.026071 -0.011217
v -0.108236 -0.026290 -0.011727
v -0.108528 -0.026257 -0.018657
v -0.131462 -0.026426 0.007033
v -0.131755 -0.027093 -0.003497
v -0.131388 -0.026158 0.009583
v -0.131263 -0.023821 0.013593
v -0.131325 -0.025405 0.011473
v -0.130957 -0.016819 0.021813
v -0.130659 -0.007359 0.026703
v -0.130591 -0.005071 0.028003
v -0.130464 -0.000370 0.027773
v -0.130529 -0.002838 0.028343
v -0.130161 0.010664 0.025573
v -0.129890 0.019428 0.019943
v -0.130161 0.010664 0.025573
v -0.129829 0.021856 0.018813
v -0.129704 0.023881 0.014193
v -0.129773 0.023263 0.017003
v -0.129437 0.027325 0.003973
v -0.129179 0.026965 -0.006607
v -0.129909 0.025802 -0.009347
v -0.133453 0.023880 -0.013347
v -0.131538 0.025145 -0.011077
v -0.133238 0.016775 -0.021577
v -0.132978 0.007343 -0.026257
v -0.132915 0.004864 -0.026857
v -0.132796 0.000286 -0.027257
v -0.132858 0.002802 -0.027147
v -0.132525 -0.010307 -0.025167
v -0.132245 -0.019193 -0.019277
v -0.132525 -0.010307 -0.025167
v -0.132182 -0.020909 -0.017567
v -0.132053 -0.023540 -0.013717
v -0.132119 -0.022264 -0.015837
v -0.124782 0.006682 -0.031447
v -0.124641 0.002934 -0.031427
v -0.113841 0.006682 -0.031437
v -0.113805 0.002956 -0.031517
v -0.124641 0.002934 -0.031427
v -0.124782 0.006682 -0.031447
v -0.124702 0.030871 -0.009957
v -0.124579 0.029089 -0.013177
v -0.124564 0.024125 0.021693
v -0.124562 -0.006489 0.031543
v -0.124468 -0.002666 0.031923
v -0.124664 -0.030350 0.010213
v -0.124609 -0.028982 0.013663
v -0.124723 -0.023746 -0.021177
v -0.124632 -0.025910 -0.018047
v -0.112889 -0.026947 0.007023
v -0.112869 -0.026052 -0.002597
v -0.113789 -0.030373 0.010203
v -0.113765 -0.029062 0.013643
v -0.113789 -0.030373 0.010203
v -0.112827 -0.023966 0.013733
v -0.113765 -0.029062 0.013643
v -0.112840 -0.016399 0.020723
v -0.112817 -0.007557 0.026973
v -0.113720 -0.006487 0.031583
v -0.113678 -0.002711 0.031963
v -0.113720 -0.006487 0.031583
v -0.112790 -0.000286 0.027913
v -0.113678 -0.002711 0.031963
v -0.112799 0.009741 0.024733
v -0.112846 0.019732 0.020283
v -0.112799 0.009741 0.024733
v -0.113718 0.024140 0.021683
v -0.113676 0.026131 0.018433
v -0.113718 0.024140 0.021683
v -0.112753 0.023839 0.014163
v -0.112823 0.026163 0.004093
v -0.112868 0.027242 -0.006647
v -0.113779 0.030878 -0.009987
v -0.113744 0.029121 -0.013197
v -0.113779 0.030878 -0.009987
v -0.112465 0.023871 -0.013407
v -0.113744 0.029121 -0.013197
v -0.112806 0.016333 -0.020557
v -0.112954 0.007680 -0.026847
v -0.113841 0.006682 -0.031437
v -0.113805 0.002956 -0.031517
v -0.113841 0.006682 -0.031437
v -0.112848 0.000298 -0.027247
v -0.113805 0.002956 -0.031517
v -0.112919 -0.009607 -0.024257
v -0.112952 -0.019445 -0.019847
v -0.112919 -0.009607 -0.024257
v -0.113843 -0.023779 -0.021207
v -0.113808 -0.025950 -0.018117
v -0.113843 -0.023779 -0.021207
v -0.112860 -0.023591 -0.013757
v -0.113808 -0.025950 -0.018117
v -0.102762 0.004410 0.041563
v -0.102771 -0.004945 0.041873
v -0.102777 -0.009380 0.041003
v -0.102793 -0.017584 0.037503
v -0.102812 -0.026126 0.031923
v -0.102833 -0.033106 0.024743
v -0.102850 -0.037850 0.017763
v -0.102861 -0.039821 0.012573
v -0.102879 -0.041235 0.003433
v -0.102897 -0.041249 -0.006897
v -0.102913 -0.038361 -0.016537
v -0.102909 -0.034272 -0.023907
v -0.102900 -0.030685 -0.028377
v -0.102895 -0.023893 -0.034287
v -0.102927 -0.014807 -0.039007
v -0.102927 -0.014807 -0.039007
v -0.102921 -0.004874 -0.041287
v -0.102912 0.004183 -0.041437
v -0.102904 0.009887 -0.040437
v -0.102891 0.017872 -0.037707
v -0.102871 0.026639 -0.032327
v -0.102805 0.033774 -0.024957
v -0.102832 0.038338 -0.017057
v -0.102820 0.040263 -0.011637
v -0.102803 0.041427 -0.002807
v -0.102785 0.040719 0.006813
v -0.102772 0.038129 0.015973
v -0.102447 0.033788 0.023683
v -0.102733 0.030587 0.028183
v -0.102725 0.022911 0.034463
v -0.102756 0.014087 0.039083
v -0.102756 0.014087 0.039083
v -0.101884 -0.042054 0.002193
v -0.101834 -0.041299 -0.007797
v -0.101887 -0.040885 0.010863
v -0.101832 -0.037832 0.019043
v -0.101733 -0.033780 0.025283
v -0.101647 -0.027078 0.032453
v -0.101733 -0.019085 0.037833
v -0.101790 -0.012083 0.040803
v -0.101789 -0.004628 0.042293
v -0.101674 0.004105 0.042283
v -0.101630 0.013396 0.040273
v -0.101660 0.022017 0.036273
v -0.101630 0.013396 0.040273
v -0.101755 0.030192 0.030073
v -0.101758 0.035677 0.023323
v -0.101674 0.039501 0.015653
v -0.101621 0.041685 0.007313
v -0.101713 0.042395 -0.001267
v -0.101820 0.041285 -0.009777
v -0.101812 0.038399 -0.017867
v -0.101756 0.033817 -0.025147
v -0.101713 0.027019 -0.032267
v -0.101833 0.018833 -0.037657
v -0.101912 0.011936 -0.040517
v -0.101895 0.003466 -0.042007
v -0.101826 -0.005147 -0.041637
v -0.101769 -0.014598 -0.039327
v -0.101873 -0.023175 -0.035057
v -0.101769 -0.014598 -0.039327
v -0.101937 -0.029848 -0.029797
v -0.101941 -0.035226 -0.023217
v -0.101875 -0.038594 -0.016677
v -0.102378 -0.004806 0.042293
v -0.102457 0.004303 0.042293
v -0.102408 -0.010792 0.041103
v -0.102610 -0.018517 0.038013
v -0.102653 -0.026907 0.032553
v -0.102624 -0.033779 0.025283
v -0.102477 -0.038055 0.018513
v -0.102518 -0.040600 0.011783
v -0.102577 -0.041975 0.002833
v -0.102486 -0.041597 -0.007397
v -0.102493 -0.038756 -0.016717
v -0.102503 -0.034937 -0.023687
v -0.102488 -0.030421 -0.029237
v -0.102474 -0.023698 -0.034927
v -0.102454 -0.014835 -0.039527
v -0.102454 -0.014835 -0.039527
v -0.102529 -0.005066 -0.041867
v -0.102532 0.003845 -0.042007
v -0.102536 0.010981 -0.040727
v -0.102495 0.018503 -0.037977
v -0.102383 0.027082 -0.032607
v -0.102367 0.034084 -0.025277
v -0.102404 0.038607 -0.017577
v -0.102450 0.041014 -0.010767
v -0.102548 0.042258 -0.002037
v -0.102648 0.041651 0.007143
v -0.102665 0.039157 0.015943
v -0.102630 0.035065 0.023713
v -0.102575 0.030593 0.029333
v -0.102622 0.022697 0.035743
v -0.102533 0.013881 0.040063
v -0.102533 0.013881 0.040063
v -0.102378 -0.004806 0.042293
v -0.102457 0.004303 0.042293
v -0.102408 -0.010792 0.041103
v -0.102610 -0.018517 0.038013
v -0.102653 -0.026907 0.032553
v -0.102624 -0.033779 0.025283
v -0.102477 -0.038055 0.018513
v -0.102518 -0.040600 0.011783
v -0.102577 -0.041975 0.002833
v -0.102486 -0.041597 -0.007397
v -0.102493 -0.038756 -0.016717
v -0.102503 -0.034937 -0.023687
v -0.102488 -0.030421 -0.029237
v -0.102474 -0.023698 -0.034927
v -0.102454 -0.014835 -0.039527
v -0.102454 -0.014835 -0.039527
v -0.102529 -0.005066 -0.041867
v -0.102532 0.003845 -0.042007
v -0.102536 0.010981 -0.040727
v -0.102495 0.018503 -0.037977
v -0.102383 0.027082 -0.032607
v -0.102367 0.034084 -0.025277
v -0.102404 0.038607 -0.017577
v -0.102450 0.041014 -0.010767
v -0.102548 0.042258 -0.002037
v -0.102648 0.041651 0.007143
v -0.102665 0.039157 0.015943
v -0.101758 0.035677 0.023323
v -0.102630 0.035065 0.023713
v -0.102575 0.030593 0.029333
v -0.102622 0.022697 0.035743
v -0.102533 0.013881 0.040063
v -0.102533 0.013881 0.040063
v -0.099113 -0.020789 -0.028167
v -0.101001 -0.016948 -0.022897
v -0.100917 -0.010443 -0.026567
v -0.099066 -0.012717 -0.032537
v -0.099270 -0.027535 -0.023237
v -0.101300 -0.023397 -0.019477
v -0.099158 -0.028825 -0.021427
v -0.101091 -0.024239 -0.018127
v -0.099215 -0.032074 -0.013807
v -0.101208 -0.026071 -0.011217
v -0.100687 -0.028488 -0.004137
v -0.098929 -0.034824 -0.005077
v -0.098794 -0.034688 0.004153
v -0.100450 -0.028775 0.003603
v -0.099057 -0.033934 0.012683
v -0.100961 -0.028857 0.010953
v -0.099058 -0.033289 0.014263
v -0.100967 -0.028434 0.012023
v -0.098850 -0.027983 0.020763
v -0.100595 -0.023312 0.017243
v -0.098889 -0.021670 0.027133
v -0.100688 -0.018010 0.022703
v -0.098704 -0.013880 0.032153
v -0.100359 -0.011570 0.026863
v -0.098953 -0.005806 0.036113
v -0.100839 -0.004928 0.030773
v -0.098972 -0.004684 0.036243
v -0.100876 -0.004019 0.030873
v -0.098738 0.004035 0.035013
v -0.100447 0.003382 0.029053
v -0.098671 0.012773 0.032693
v -0.100328 0.010710 0.027323
v -0.098790 0.020584 0.028233
v -0.100550 0.017187 0.023593
v -0.100328 0.010710 0.027323
v -0.098671 0.012773 0.032693
v -0.098642 0.027802 0.023313
v -0.100511 0.024223 0.020003
v -0.098371 0.028535 0.021913
v -0.100525 0.024736 0.019363
v -0.098703 0.031946 0.014103
v -0.100373 0.026795 0.011773
v -0.098870 0.034326 0.005383
v -0.100673 0.028677 0.004463
v -0.098717 0.034844 -0.003787
v -0.100369 0.029019 -0.003137
v -0.098797 0.034354 -0.012157
v -0.100509 0.029291 -0.010637
v -0.098779 0.033613 -0.013967
v -0.100465 0.028872 -0.011697
v -0.098774 0.028569 -0.020877
v -0.100436 0.023506 -0.017057
v -0.098696 0.022183 -0.027447
v -0.100273 0.018290 -0.022647
v -0.098718 0.014294 -0.032207
v -0.100293 0.011729 -0.026577
v -0.099155 0.006556 -0.035297
v -0.101270 0.005351 -0.030057
v -0.098379 0.004246 -0.034927
v -0.099651 0.003583 -0.028867
v -0.101270 0.005351 -0.030057
v -0.099155 0.006556 -0.035297
v -0.099169 -0.003870 -0.034557
v -0.101115 -0.003138 -0.028237
v -0.099066 -0.012717 -0.032537
v -0.100917 -0.010443 -0.026567
v -0.145290 -0.005776 0.027363
v -0.139875 -0.006052 0.027573
v -0.142136 -0.001338 0.024873
v -0.146538 -0.000685 0.024343
v -0.152476 0.000371 0.022453
v -0.155142 -0.006013 0.026503
v -0.151652 -0.005725 0.027153
v -0.150865 0.000113 0.023443
v -0.142119 -0.014813 0.019833
v -0.139868 -0.013024 0.024973
v -0.145273 -0.013016 0.024723
v -0.146476 -0.014942 0.019003
v -0.151673 -0.012803 0.024643
v -0.155242 -0.012113 0.024443
v -0.152581 -0.014452 0.017043
v -0.150851 -0.014943 0.017843
v -0.145290 -0.005776 0.027363
v -0.144178 -0.009569 0.026363
v -0.137561 -0.009744 0.026533
v -0.151508 -0.009372 0.026173
v -0.151652 -0.005725 0.027153
v -0.155142 -0.006013 0.026503
v -0.155191 -0.009170 0.025853
v -0.140192 -0.014773 0.020113
v -0.139563 -0.014382 0.019293
v -0.136983 -0.012381 0.023363
v -0.138061 -0.013137 0.024913
v -0.144178 -0.009569 0.026363
v -0.145273 -0.013016 0.024723
v -0.137561 -0.009744 0.026533
v -0.155242 -0.012113 0.024443
v -0.151673 -0.012803 0.024643
v -0.151508 -0.009372 0.026173
v -0.155191 -0.009170 0.025853
v -0.135343 -0.009774 0.026603
v -0.134132 -0.009031 0.025043
v -0.137108 -0.005218 0.025783
v -0.138091 -0.005931 0.027603
v -0.135343 -0.009774 0.026603
v -0.134132 -0.009031 0.025043
v -0.140192 -0.001543 0.025053
v -0.139542 -0.001200 0.024053
v -0.133186 -0.013149 0.018773
v -0.130763 -0.010940 0.020293
v -0.136217 -0.011468 0.021493
v -0.139033 -0.014146 0.018583
v -0.129577 -0.007733 0.021693
v -0.133596 -0.008195 0.023173
v -0.133596 -0.008195 0.023173
v -0.129577 -0.007733 0.021693
v -0.130545 -0.004300 0.022683
v -0.136493 -0.004346 0.023643
v -0.133912 -0.001438 0.022893
v -0.138951 -0.000739 0.023333
v -0.145185 -0.014546 0.015503
v -0.141614 -0.015101 0.017233
v -0.142276 -0.015145 0.017933
v -0.146338 -0.014999 0.016993
v -0.151252 -0.014221 0.014573
v -0.149622 -0.013439 0.012463
v -0.148503 -0.013828 0.013503
v -0.150075 -0.014592 0.015563
v -0.145385 0.001255 0.021603
v -0.146442 0.000657 0.022913
v -0.142330 0.000168 0.023653
v -0.141644 0.000611 0.023073
v -0.151224 0.001726 0.020463
v -0.150152 0.001317 0.021553
v -0.148869 0.001990 0.019743
v -0.150051 0.002400 0.018643
v -0.140859 0.000887 0.022583
v -0.139590 0.001450 0.021043
v -0.141810 0.002168 0.019583
v -0.144063 0.001723 0.020413
v -0.142448 -0.013891 0.013213
v -0.139631 -0.014315 0.015113
v -0.140868 -0.014994 0.016683
v -0.143777 -0.014069 0.014153
v -0.145944 -0.012643 0.010303
v -0.144279 -0.013353 0.011703
v -0.146731 -0.013098 0.011533
v -0.147934 -0.012671 0.010393
v -0.147357 0.002617 0.018053
v -0.143895 0.002738 0.017953
v -0.145844 0.003185 0.016333
v -0.148764 0.003045 0.016903
v -0.158787 -0.008572 0.023923
v -0.157813 -0.006077 0.024523
v -0.159010 -0.005938 0.023243
v -0.159844 -0.007929 0.022063
v -0.159202 -0.009987 0.021753
v -0.158022 -0.010769 0.022913
v -0.158787 -0.008572 0.023923
v -0.159844 -0.007929 0.022063
v -0.154632 0.001064 0.020033
v -0.155867 0.001083 0.019063
v -0.154630 -0.013429 0.014653
v -0.155780 -0.012856 0.013753
v -0.152970 -0.012454 0.010013
v -0.151618 -0.012708 0.010513
v -0.153011 -0.013215 0.011873
v -0.154155 -0.012915 0.011093
v -0.150311 -0.011237 0.008683
v -0.148820 -0.011320 0.008793
v -0.150217 -0.011887 0.008953
v -0.151732 -0.011692 0.009193
v -0.153053 0.003363 0.015833
v -0.154415 0.002886 0.017243
v -0.153130 0.002675 0.017923
v -0.151971 0.003108 0.016753
v -0.150736 0.003544 0.015313
v -0.148738 0.003339 0.014473
v -0.150258 0.003333 0.014263
v -0.151735 0.003324 0.014763
v -0.158822 -0.001160 0.018813
v -0.158965 -0.010833 0.015313
v -0.161582 -0.005999 0.015233
v -0.161252 -0.003300 0.016233
v -0.161582 -0.005999 0.015233
v -0.160909 -0.008574 0.014363
v -0.136493 -0.004346 0.023643
v -0.133596 -0.008195 0.023173
v -0.136217 -0.011468 0.021493
v -0.133596 -0.008195 0.023173
v -0.149682 0.003315 0.016163
v -0.147279 0.003347 0.015203
v -0.150912 0.002731 0.017763
v -0.152041 0.002171 0.019273
v -0.156577 -0.006138 0.025633
v -0.153467 0.000682 0.021363
v -0.157086 -0.008953 0.025103
v -0.157086 -0.008953 0.025103
v -0.156750 -0.011458 0.023863
v -0.153575 -0.013965 0.016013
v -0.150509 -0.013102 0.011563
v -0.152061 -0.013774 0.013373
v -0.148925 -0.012332 0.009653
v -0.147404 -0.011933 0.009303
v -0.159809 -0.000999 0.017243
v -0.157424 0.001365 0.017663
v -0.140288 0.000178 0.023603
v -0.140832 -0.000076 0.023943
v -0.139759 0.000395 0.023253
v -0.137075 0.000409 0.022233
v -0.136255 -0.014189 0.017053
v -0.139865 -0.015027 0.017623
v -0.140320 -0.015117 0.017963
v -0.140796 -0.015155 0.018313
v -0.157064 -0.012339 0.012323
v -0.159340 -0.010842 0.013283
v -0.135343 -0.009774 0.026603
v -0.135343 -0.009774 0.026603
v -0.136255 -0.014189 0.017053
v -0.139631 -0.014315 0.015113
v -0.141575 -0.016986 0.011963
v -0.130928 -0.014945 0.017483
v -0.142448 -0.013891 0.013213
v -0.144279 -0.013353 0.011703
v -0.130763 -0.010940 0.020293
v -0.133186 -0.013149 0.018773
v -0.126745 -0.007541 0.022003
v -0.147404 -0.011933 0.009303
v -0.148820 -0.011320 0.008793
v -0.147669 -0.015652 0.009763
v -0.161582 -0.005999 0.015233
v -0.161252 -0.003300 0.016233
v -0.163673 -0.004614 0.010433
v -0.159340 -0.010842 0.013283
v -0.160909 -0.008574 0.014363
v -0.163673 -0.004614 0.010433
v -0.158715 -0.013043 0.006753
v -0.145944 -0.012643 0.010303
v -0.150311 -0.011237 0.008683
v -0.152942 -0.015374 0.009133
v -0.161582 -0.005999 0.015233
v -0.159809 -0.000999 0.017243
v -0.159085 0.004975 0.013953
v -0.154155 -0.012915 0.011093
v -0.152942 -0.015374 0.009133
v -0.152970 -0.012454 0.010013
v -0.154415 0.002886 0.017243
v -0.153053 0.003363 0.015833
v -0.152870 0.005706 0.017193
v -0.157424 0.001365 0.017663
v -0.157064 -0.012339 0.012323
v -0.151732 -0.011692 0.009193
v -0.152970 -0.012454 0.010013
v -0.129577 -0.007733 0.021693
v -0.150934 0.014549 -0.005487
v -0.150177 0.019342 -0.005957
v -0.148535 0.018452 -0.007627
v -0.148852 0.014403 -0.008227
v -0.148121 0.023664 -0.006477
v -0.146310 0.025758 -0.007027
v -0.144857 0.023487 -0.008537
v -0.146417 0.021943 -0.007997
v -0.139231 0.025787 -0.008587
v -0.139634 0.028289 -0.007167
v -0.135233 0.027878 -0.007137
v -0.135337 0.025479 -0.008477
v -0.144069 0.017032 0.005443
v -0.142394 0.018794 0.005413
v -0.144577 0.019304 0.005003
v -0.146702 0.016438 0.004163
v -0.140399 0.020896 0.005353
v -0.141547 0.022823 0.004493
v -0.142560 0.021847 0.004673
v -0.141343 0.020075 0.005393
v -0.137828 0.021546 0.005273
v -0.136165 0.021290 0.005313
v -0.136120 0.023608 0.004013
v -0.138459 0.023791 0.004073
v -0.132510 0.020792 0.004923
v -0.131181 0.021359 0.003493
v -0.132187 0.022245 0.003793
v -0.133453 0.020970 0.005233
v -0.127905 0.022152 -0.006087
v -0.129195 0.021079 -0.007487
v -0.130139 0.022960 -0.007817
v -0.129015 0.024605 -0.006447
v -0.127035 0.022966 -0.003607
v -0.128300 0.025637 -0.003987
v -0.139875 0.029951 -0.004707
v -0.135253 0.029592 -0.004637
v -0.149248 0.024832 -0.003887
v -0.147352 0.027486 -0.004237
v -0.125894 0.021252 -0.006137
v -0.125160 0.022069 -0.003797
v -0.127678 0.020031 -0.007897
v -0.131255 0.020863 0.004233
v -0.129141 0.021442 0.002563
v -0.133523 0.022997 0.004053
v -0.134695 0.021129 0.005373
v -0.130801 0.026907 -0.006787
v -0.130598 0.028366 -0.004347
v -0.131455 0.024670 -0.008127
v -0.142717 0.024819 -0.008827
v -0.143686 0.027494 -0.007327
v -0.144319 0.029454 -0.004597
v -0.139252 0.021379 0.005293
v -0.140381 0.023532 0.004233
v -0.144360 0.014454 -0.010587
v -0.146799 0.014420 -0.009537
v -0.145033 0.016238 -0.010347
v -0.142958 0.014946 -0.010827
v -0.143560 0.018573 -0.010657
v -0.141873 0.016243 -0.011077
v -0.142366 0.019439 -0.011047
v -0.140811 0.017602 -0.011277
v -0.139615 0.018244 -0.011387
v -0.140800 0.020301 -0.011277
v -0.138346 0.021087 -0.011137
v -0.137903 0.018502 -0.011437
v -0.135535 0.020886 -0.010987
v -0.136164 0.018383 -0.011487
v -0.132742 0.020316 -0.010567
v -0.134691 0.018158 -0.011397
v -0.133253 0.017989 -0.011107
v -0.132097 0.019660 -0.010277
v -0.132114 0.018037 -0.010657
v -0.131553 0.019010 -0.010027
v -0.130827 0.018316 -0.010027
v -0.129454 0.019007 -0.009127
v -0.148380 0.020156 0.001783
v -0.149213 0.016254 0.002833
v -0.145952 0.023704 0.001113
v -0.144508 0.025590 0.000813
v -0.139320 0.027409 0.000043
v -0.142529 0.027064 0.000243
v -0.135654 0.027012 0.000193
v -0.131906 0.026105 0.000243
v -0.130204 0.024463 0.000403
v -0.129025 0.022431 0.000583
v -0.127120 0.022017 0.001083
v -0.150179 0.020371 -0.000167
v -0.151351 0.015927 0.000323
v -0.148035 0.024616 -0.001007
v -0.146237 0.026872 -0.001257
v -0.139740 0.029226 -0.001997
v -0.143682 0.028680 -0.001727
v -0.135425 0.028799 -0.001847
v -0.131087 0.027700 -0.001717
v -0.129045 0.025493 -0.001427
v -0.127786 0.022966 -0.001077
v -0.125471 0.022394 -0.001307
v -0.150504 0.019982 -0.003077
v -0.151619 0.014825 -0.002347
v -0.125160 0.022069 -0.003797
v -0.127035 0.022966 -0.003607
v -0.128300 0.025637 -0.003987
v -0.130598 0.028366 -0.004347
v -0.135253 0.029592 -0.004637
v -0.139875 0.029951 -0.004707
v -0.144319 0.029454 -0.004597
v -0.147352 0.027486 -0.004237
v -0.149248 0.024832 -0.003887
v -0.150504 0.019982 -0.003077
v -0.151619 0.014825 -0.002347
v -0.106247 -0.015765 -0.019047
v -0.106709 -0.007307 -0.023517
v -0.097664 -0.007234 -0.023667
v -0.097664 -0.015752 -0.019067
v -0.097656 -0.021901 -0.011597
v -0.106781 -0.021757 -0.011627
v -0.106829 -0.024584 -0.002227
v -0.097642 -0.024633 -0.002237
v -0.106668 -0.023712 0.007533
v -0.106829 -0.024584 -0.002227
v -0.097642 -0.024633 -0.002237
v -0.097622 -0.023668 0.007503
v -0.097602 -0.019119 0.016123
v -0.106607 -0.019020 0.016363
v -0.097582 -0.011606 0.022223
v -0.106600 -0.011355 0.022243
v -0.097574 -0.007128 0.024083
v -0.097568 -0.002346 0.025033
v -0.106644 -0.002762 0.025123
v -0.106459 -0.007230 0.024123
v -0.106573 0.007025 0.023863
v -0.097559 0.007386 0.023863
v -0.106534 0.015775 0.019213
v -0.097559 0.015921 0.019313
v -0.106534 0.015775 0.019213
v -0.097559 0.015921 0.019313
v -0.097567 0.021904 0.011823
v -0.106588 0.021940 0.011773
v -0.106452 0.025062 0.002573
v -0.097580 0.024953 0.002563
v -0.106120 0.024901 -0.002837
v -0.097589 0.024960 -0.002277
v -0.097600 0.023989 -0.007067
v -0.106513 0.023444 -0.008057
v -0.097620 0.019177 -0.015607
v -0.106764 0.018767 -0.016047
v -0.097640 0.011669 -0.021727
v -0.106865 0.011420 -0.021877
v -0.106865 0.011420 -0.021877
v -0.097640 0.011669 -0.021727
v -0.097656 0.002487 -0.024627
v -0.106838 0.002502 -0.024577
v -0.168428 -0.003649 -0.009177
v -0.164175 -0.004501 -0.012857
v -0.164355 -0.008749 -0.010317
v -0.168520 -0.006263 -0.007487
v -0.168387 -0.008485 -0.005227
v -0.164023 -0.011943 -0.006887
v -0.168257 -0.009983 -0.001017
v -0.163774 -0.013692 -0.001887
v -0.168257 -0.009983 -0.001017
v -0.163774 -0.013692 -0.001887
v -0.163768 -0.013490 0.003503
v -0.168281 -0.009600 0.003393
v -0.166181 -0.009632 0.007963
v -0.168543 -0.007224 0.007133
v -0.166929 -0.004639 0.011243
v -0.168689 -0.004314 0.009173
v -0.168582 -0.000386 0.010313
v -0.166440 0.001297 0.012443
v -0.168309 0.003061 0.010333
v -0.164042 0.005864 0.013303
v -0.168319 0.006635 0.008443
v -0.164078 0.009865 0.010623
v -0.168331 0.009188 0.005403
v -0.168319 0.006635 0.008443
v -0.164078 0.009865 0.010623
v -0.164120 0.012519 0.006973
v -0.164311 0.013917 0.001913
v -0.168385 0.010401 0.001383
v -0.164460 0.013220 -0.004027
v -0.168418 0.009910 -0.002917
v -0.168256 0.008286 -0.006317
v -0.164087 0.011012 -0.008677
v -0.168256 0.004951 -0.008897
v -0.164007 0.006691 -0.012127
v -0.168256 0.004951 -0.008897
v -0.164007 0.006691 -0.012127
v -0.164099 0.001200 -0.013627
v -0.168345 0.000810 -0.009917
v -0.114832 -0.015769 -0.019027
v -0.115752 -0.007418 -0.023417
v -0.115905 -0.021663 -0.011717
v -0.116020 -0.024565 -0.002317
v -0.115711 -0.023784 0.007463
v -0.116020 -0.024565 -0.002317
v -0.115590 -0.019127 0.016253
v -0.115518 -0.011686 0.021823
v -0.115345 -0.007333 0.024123
v -0.115605 -0.002333 0.025193
v -0.115563 0.007091 0.023743
v -0.115507 0.015770 0.019113
v -0.115507 0.015770 0.019113
v -0.115590 0.021968 0.011743
v -0.115189 0.024915 0.003193
v -0.114652 0.024838 -0.003367
v -0.115490 0.022875 -0.010087
v -0.115847 0.018296 -0.016567
v -0.116051 0.011004 -0.022037
v -0.116051 0.011004 -0.022037
v -0.116016 0.002276 -0.024507
v -0.159038 0.001583 -0.016397
v -0.159097 -0.005046 -0.015687
v -0.158967 0.007973 -0.014557
v -0.159151 0.013099 -0.010457
v -0.158967 0.007973 -0.014557
v -0.159812 0.015906 -0.004727
v -0.159572 0.016713 0.001883
v -0.159139 0.015200 0.007853
v -0.158991 0.012554 0.011933
v -0.158482 -0.016469 -0.002617
v -0.158419 -0.016451 0.003093
v -0.158828 -0.014705 -0.007897
v -0.158482 -0.016469 -0.002617
v -0.159337 -0.010641 -0.012497
v -0.154636 0.001892 -0.018197
v -0.154245 -0.005745 -0.017797
v -0.154857 0.008687 -0.016157
v -0.154330 0.014829 -0.011847
v -0.154857 0.008687 -0.016157
v -0.157594 0.017130 -0.004877
v -0.157334 0.017952 0.001373
v -0.154360 0.017453 0.008153
v -0.154046 0.014287 0.013013
v -0.153822 -0.018449 -0.002867
v -0.153184 -0.018642 0.002843
v -0.154057 -0.016787 -0.008617
v -0.153822 -0.018449 -0.002867
v -0.156393 -0.011495 -0.013667
v -0.144806 0.008772 -0.019747
v -0.145072 0.004485 -0.021007
v -0.144765 0.012757 -0.017697
v -0.144806 0.008772 -0.019747
v -0.143802 0.014671 0.016933
v -0.144324 0.017401 0.014033
v -0.144294 -0.021691 0.000763
v -0.143540 -0.021283 0.005473
v -0.123572 0.010295 -0.022227
v -0.123675 0.001908 -0.024387
v -0.133853 0.004822 -0.023357
v -0.133666 0.009851 -0.021777
v -0.123572 0.010295 -0.022227
v -0.133666 0.009851 -0.021777
v -0.133205 0.014361 -0.019127
v -0.123384 0.017499 -0.017367
v -0.131966 0.018914 0.015403
v -0.131930 0.015450 0.019243
v -0.122879 0.016039 0.019063
v -0.122929 0.021806 0.012013
v -0.131291 0.009431 0.022923
v -0.122860 0.007968 0.023453
v -0.122879 0.016039 0.019063
v -0.131930 0.015450 0.019243
v -0.129460 0.002488 0.024693
v -0.122714 -0.000356 0.025203
v -0.125935 -0.007961 0.023853
v -0.122548 -0.007421 0.024033
v -0.127758 -0.015251 0.019913
v -0.132549 -0.019792 0.014273
v -0.122968 -0.019614 0.015513
v -0.123240 -0.014284 0.020633
v -0.132610 -0.022982 0.007633
v -0.123263 -0.023897 0.007183
v -0.132919 -0.024079 0.001633
v -0.123591 -0.024644 -0.002267
v -0.123722 -0.007600 -0.023427
v -0.123485 0.021947 -0.011917
v -0.120954 0.024782 -0.003757
v -0.124402 0.024638 0.005083
v -0.123591 -0.024644 -0.002267
v -0.124029 -0.021679 -0.011917
v -0.120865 -0.015624 -0.019137
v -0.137977 0.015288 0.018193
v -0.137913 0.018720 0.014983
v -0.169713 0.000632 -0.007647
v -0.169642 0.003907 -0.006867
v -0.169642 0.003907 -0.006867
v -0.169617 0.006555 -0.004857
v -0.169698 0.007833 -0.002207
v -0.169696 0.008195 0.001113
v -0.169682 0.007191 0.004323
v -0.169682 0.005047 0.006753
v -0.169682 0.005047 0.006753
v -0.169684 0.002123 0.008183
v -0.169682 -0.000634 0.008353
v -0.169697 -0.003645 0.007403
v -0.169698 -0.005642 0.005883
v -0.169709 -0.007343 0.002843
v -0.169732 -0.007637 -0.000677
v -0.169732 -0.007637 -0.000677
v -0.169752 -0.006487 -0.003997
v -0.169754 -0.004789 -0.005687
v -0.169754 -0.002890 -0.006997
v -0.145456 -0.019819 -0.009767
v -0.145706 -0.020609 -0.007457
v -0.153037 -0.016245 -0.010357
v -0.152105 -0.015625 -0.012157
v -0.134294 -0.021417 -0.011737
v -0.134238 -0.022708 -0.008997
v -0.154211 -0.012101 -0.014447
v -0.153205 -0.007656 -0.017577
v -0.152133 -0.009164 -0.017507
v -0.152283 -0.012615 -0.015147
v -0.145847 -0.003866 -0.021457
v -0.145559 -0.006031 -0.021177
v -0.134498 -0.005079 -0.023817
v -0.134449 -0.007553 -0.023167
v -0.126132 -0.009004 -0.022467
v -0.128614 -0.010885 -0.021377
v -0.128033 -0.018817 -0.014877
v -0.126387 -0.020286 -0.013397
v -0.125226 -0.015647 -0.018897
v -0.123513 -0.015712 -0.019057
v -0.133970 -0.001147 -0.023917
v -0.145593 -0.000245 -0.021507
v -0.133624 -0.023397 -0.005577
v -0.145221 -0.021276 -0.003947
v -0.144294 -0.021691 0.000763
v -0.132919 -0.024079 0.001633
v -0.158908 0.008536 0.015173
v -0.158991 0.012554 0.011933
v -0.153410 0.010218 0.016753
v -0.154046 0.014287 0.013013
v -0.143554 0.010577 0.019933
v -0.143802 0.014671 0.016933
v -0.137977 0.015288 0.018193
v -0.137723 0.010520 0.021333
v -0.145456 -0.019819 -0.009767
v -0.144939 -0.018476 -0.008127
v -0.134067 -0.019992 -0.010217
v -0.134294 -0.021417 -0.011737
v -0.152105 -0.015625 -0.012157
v -0.151820 -0.014471 -0.010307
v -0.128040 -0.017791 -0.014137
v -0.128033 -0.018817 -0.014877
v -0.125211 -0.014527 -0.017567
v -0.125226 -0.015647 -0.018897
v -0.145108 0.018124 -0.012977
v -0.145203 0.018908 -0.012027
v -0.133355 0.021605 -0.012157
v -0.132632 0.020545 -0.012937
v -0.128649 0.022639 -0.008837
v -0.126509 0.022432 -0.010317
v -0.152680 0.017980 -0.008237
v -0.151913 0.018834 -0.007347
v -0.125178 0.024596 -0.003757
v -0.123973 0.024773 -0.003797
v -0.128798 0.024400 0.001573
v -0.126749 0.024987 0.002633
v -0.133082 0.024517 0.004933
v -0.132518 0.023607 0.006433
v -0.139183 0.023218 0.005493
v -0.138514 0.023061 0.007213
v -0.145284 0.021867 0.005743
v -0.145419 0.021221 0.007263
v -0.151858 0.020327 0.001333
v -0.152632 0.019807 0.002563
v -0.153359 0.019113 -0.004487
v -0.152226 0.019334 -0.004447
v -0.132476 0.017566 -0.016037
v -0.132023 0.021583 0.010863
v -0.137978 0.021413 0.011183
v -0.144949 0.019595 0.010703
v -0.153645 0.018796 0.005293
v -0.144890 0.015598 -0.015527
v -0.153612 0.016537 -0.010007
v -0.155335 0.018271 -0.004787
v -0.153272 0.019706 -0.000717
v -0.152220 0.019878 -0.001277
v -0.155146 0.019012 0.000433
v -0.152615 0.002462 0.019953
v -0.145989 0.001600 0.022243
v -0.145355 0.003270 0.022293
v -0.152991 0.004061 0.019483
v -0.137945 0.000623 0.024363
v -0.137188 0.002369 0.024343
v -0.143646 -0.017796 0.014223
v -0.134507 -0.016991 0.017443
v -0.136634 -0.015461 0.018663
v -0.144425 -0.015516 0.016583
v -0.157883 -0.012381 0.012543
v -0.158554 -0.013865 0.010333
v -0.152366 -0.016113 0.011653
v -0.152200 -0.014474 0.013853
v -0.159143 0.003495 0.016953
v -0.163489 0.000709 0.014683
v -0.161861 -0.000232 0.015733
v -0.158174 0.001528 0.017633
v -0.161914 -0.009578 0.012223
v -0.163043 -0.010096 0.010673
v -0.163957 -0.004863 0.013533
v -0.162216 -0.005161 0.014563
v -0.130902 -0.013730 0.020553
v -0.132920 -0.012762 0.020793
v -0.133286 -0.002874 0.024453
v -0.130651 -0.008554 0.023663
v -0.129321 -0.008518 0.023673
v -0.132198 -0.001029 0.025133
v -0.143221 -0.019976 0.010223
v -0.152733 -0.017877 0.007403
v -0.158659 -0.015470 0.006823
v -0.163889 -0.010869 0.009083
v -0.164808 -0.004762 0.013013
v -0.164298 0.002012 0.014053
v -0.159285 0.005983 0.016163
v -0.137119 0.006508 0.023253
v -0.144315 0.006989 0.021323
v -0.153262 0.007260 0.018343
v -0.132920 -0.012762 0.020793
v -0.130651 -0.008554 0.023663
v -0.130707 -0.007921 0.021813
v -0.133046 -0.011957 0.019623
v -0.136634 -0.015461 0.018663
v -0.136531 -0.014738 0.016893
v -0.143616 -0.014801 0.014693
v -0.144425 -0.015516 0.016583
v -0.151706 -0.013736 0.011863
v -0.152200 -0.014474 0.013853
v -0.157883 -0.012381 0.012543
v -0.157571 -0.011687 0.010203
v -0.161942 -0.008607 0.010013
v -0.161914 -0.009578 0.012223
v -0.169698 0.000273 0.000363
v -0.169697 -0.003645 0.007403
v -0.169682 -0.000634 0.008353
v -0.169642 0.003907 -0.006867
v -0.169713 0.000632 -0.007647
v -0.169617 0.006555 -0.004857
v -0.169698 0.007833 -0.002207
v -0.169696 0.008195 0.001113
v -0.169682 0.007191 0.004323
v -0.169682 0.005047 0.006753
v -0.169684 0.002123 0.008183
v -0.169698 -0.005642 0.005883
v -0.169709 -0.007343 0.002843
v -0.169732 -0.007637 -0.000677
v -0.169752 -0.006487 -0.003997
v -0.169754 -0.004789 -0.005687
v -0.169754 -0.002890 -0.006997
v -0.151080 -0.014047 -0.011637
v -0.150209 -0.016514 -0.015337
v -0.148603 -0.017585 -0.013737
v -0.148993 -0.015888 -0.010437
v -0.148166 -0.019087 -0.018857
v -0.146431 -0.020717 -0.020417
v -0.144944 -0.020896 -0.017677
v -0.146502 -0.019651 -0.016587
v -0.139278 -0.021968 -0.019697
v -0.139694 -0.022147 -0.022617
v -0.135263 -0.021906 -0.022347
v -0.135365 -0.021880 -0.019497
v -0.145058 -0.005927 -0.019387
v -0.143210 -0.006192 -0.020197
v -0.144624 -0.006903 -0.020707
v -0.147763 -0.006691 -0.018637
v -0.140435 -0.007284 -0.022007
v -0.141598 -0.009050 -0.023487
v -0.142596 -0.008408 -0.022717
v -0.141575 -0.006611 -0.021057
v -0.137763 -0.007806 -0.022787
v -0.136403 -0.007714 -0.022707
v -0.136184 -0.009926 -0.024017
v -0.138523 -0.009942 -0.024217
v -0.131919 -0.008140 -0.022017
v -0.131237 -0.009275 -0.021817
v -0.132245 -0.009454 -0.022727
v -0.133353 -0.007705 -0.022267
v -0.127867 -0.018087 -0.017817
v -0.129175 -0.018793 -0.016177
v -0.130107 -0.019999 -0.017627
v -0.128949 -0.019580 -0.019757
v -0.127010 -0.016266 -0.019757
v -0.128272 -0.017890 -0.021857
v -0.139945 -0.020719 -0.025317
v -0.135315 -0.020476 -0.025057
v -0.149301 -0.017414 -0.021137
v -0.147450 -0.019050 -0.023327
v -0.125408 -0.017359 -0.017497
v -0.125026 -0.015691 -0.019187
v -0.126940 -0.018468 -0.015577
v -0.130523 -0.008928 -0.021777
v -0.129092 -0.010098 -0.021487
v -0.133585 -0.009593 -0.023507
v -0.134890 -0.007622 -0.022517
v -0.130752 -0.021104 -0.021617
v -0.130575 -0.019609 -0.024137
v -0.131439 -0.021156 -0.018967
v -0.142761 -0.021704 -0.018727
v -0.143795 -0.021882 -0.021837
v -0.144425 -0.020366 -0.024917
v -0.139133 -0.007693 -0.022597
v -0.140447 -0.009631 -0.024037
v -0.144826 -0.017725 -0.009417
v -0.146769 -0.016789 -0.009707
v -0.145051 -0.018862 -0.010497
v -0.143404 -0.018700 -0.009867
v -0.143579 -0.020306 -0.012397
v -0.142287 -0.019566 -0.010487
v -0.142391 -0.021081 -0.012957
v -0.141022 -0.020314 -0.011197
v -0.139432 -0.020772 -0.011697
v -0.140830 -0.021713 -0.013587
v -0.138373 -0.021988 -0.014347
v -0.137549 -0.020953 -0.011867
v -0.135552 -0.021761 -0.014247
v -0.135957 -0.020940 -0.011817
v -0.132731 -0.021093 -0.013967
v -0.134750 -0.020824 -0.011647
v -0.133618 -0.020515 -0.011587
v -0.132075 -0.020498 -0.013537
v -0.132447 -0.020209 -0.011907
v -0.131576 -0.019891 -0.013117
v -0.130744 -0.019462 -0.012707
v -0.128934 -0.018965 -0.013977
v -0.148429 -0.010174 -0.019867
v -0.149846 -0.007640 -0.017397
v -0.145999 -0.012500 -0.022617
v -0.144557 -0.013706 -0.024097
v -0.139388 -0.015255 -0.025357
v -0.142594 -0.014918 -0.025127
v -0.135720 -0.014935 -0.025107
v -0.131965 -0.014438 -0.024357
v -0.130265 -0.013498 -0.022987
v -0.129062 -0.012335 -0.021357
v -0.127512 -0.011561 -0.021197
v -0.150224 -0.011976 -0.019087
v -0.151081 -0.009013 -0.015247
v -0.148093 -0.014797 -0.022377
v -0.146276 -0.016138 -0.024187
v -0.139811 -0.017940 -0.025927
v -0.143752 -0.017441 -0.025557
v -0.135495 -0.017647 -0.025657
v -0.131135 -0.016940 -0.024767
v -0.129086 -0.015605 -0.022957
v -0.127811 -0.014049 -0.020977
v -0.125909 -0.013542 -0.020507
v -0.150543 -0.014321 -0.017307
v -0.151753 -0.011238 -0.013277
v -0.125026 -0.015691 -0.019187
v -0.127010 -0.016266 -0.019757
v -0.128272 -0.017890 -0.021857
v -0.130575 -0.019609 -0.024137
v -0.135315 -0.020476 -0.025057
v -0.139945 -0.020719 -0.025317
v -0.144425 -0.020366 -0.024917
v -0.147450 -0.019050 -0.023327
v -0.149301 -0.017414 -0.021137
v -0.150543 -0.014321 -0.017307
v -0.151753 -0.011238 -0.013277
v -0.125408 -0.017359 -0.017497
v -0.118502 -0.012797 -0.015477
v -0.124631 -0.016881 -0.008787
v -0.126940 -0.018468 -0.015577
v -0.130744 -0.019462 -0.012707
v -0.128934 -0.018965 -0.013977
v -0.125026 -0.015691 -0.019187
v -0.125026 -0.015691 -0.019187
v -0.125909 -0.013542 -0.020507
v -0.118502 -0.012797 -0.015477
v -0.151081 -0.009013 -0.015247
v -0.151753 -0.011238 -0.013277
v -0.157217 -0.010731 -0.012767
v -0.139432 -0.020772 -0.011697
v -0.137549 -0.020953 -0.011867
v -0.137926 -0.018379 -0.005177
v -0.137763 -0.007806 -0.022787
v -0.139133 -0.007693 -0.022597
v -0.138217 -0.001965 -0.018747
v -0.135957 -0.020940 -0.011817
v -0.136403 -0.007714 -0.022707
v -0.134750 -0.020824 -0.011647
v -0.131913 -0.018772 -0.005987
v -0.134890 -0.007622 -0.022517
v -0.131460 -0.002671 -0.019307
v -0.151408 -0.002693 -0.017837
v -0.149846 -0.007640 -0.017397
v -0.127512 -0.011561 -0.021197
v -0.124831 -0.005448 -0.018347
v -0.130523 -0.008928 -0.021777
v -0.131919 -0.008140 -0.022017
v -0.132447 -0.020209 -0.011907
v -0.129092 -0.010098 -0.021487
v -0.147763 -0.006691 -0.018637
v -0.145058 -0.005927 -0.019387
v -0.143466 -0.000315 -0.017377
v -0.143210 -0.006192 -0.020197
v -0.141022 -0.020314 -0.011197
v -0.145278 -0.017518 -0.004137
v -0.140435 -0.007284 -0.022007
v -0.142287 -0.019566 -0.010487
v -0.141575 -0.006611 -0.021057
v -0.143404 -0.018700 -0.009867
v -0.144826 -0.017725 -0.009417
v -0.150567 -0.018086 -0.007107
v -0.133353 -0.007705 -0.022267
v -0.133618 -0.020515 -0.011587
v -0.137075 0.000409 0.022233
v -0.133912 -0.001438 0.022893
v -0.131684 0.001215 0.023413
v -0.143895 0.002738 0.017953
v -0.141810 0.002168 0.019583
v -0.140780 0.005127 0.021233
v -0.147279 0.003347 0.015203
v -0.145844 0.003185 0.016333
v -0.147458 0.005649 0.018313
v -0.150258 0.003333 0.014263
v -0.148738 0.003339 0.014473
v -0.152870 0.005706 0.017193
v -0.139590 0.001450 0.021043
v -0.130545 -0.004300 0.022683
v -0.126745 -0.007541 0.022003
v -0.153053 0.003363 0.015833
v -0.151735 0.003324 0.014763
v -0.129577 -0.007733 0.021693
v -0.125894 0.021252 -0.006137
v -0.118844 0.021559 -0.003867
v -0.125007 0.018812 -0.011867
v -0.127678 0.020031 -0.007897
v -0.130827 0.018316 -0.010027
v -0.129454 0.019007 -0.009127
v -0.125160 0.022069 -0.003797
v -0.151619 0.014825 -0.002347
v -0.150934 0.014549 -0.005487
v -0.155875 0.016005 -0.002647
v -0.125160 0.022069 -0.003797
v -0.125471 0.022394 -0.001307
v -0.118844 0.021559 -0.003867
v -0.151351 0.015927 0.000323
v -0.151619 0.014825 -0.002347
v -0.155875 0.016005 -0.002647
v -0.139615 0.018244 -0.011387
v -0.137903 0.018502 -0.011437
v -0.136691 0.015857 -0.014597
v -0.137828 0.021546 0.005273
v -0.139252 0.021379 0.005293
v -0.136602 0.020158 0.009043
v -0.136164 0.018383 -0.011487
v -0.136165 0.021290 0.005313
v -0.134691 0.018158 -0.011397
v -0.129873 0.017298 -0.014557
v -0.134695 0.021129 0.005373
v -0.130238 0.021561 0.008633
v -0.149196 0.016224 0.007983
v -0.149213 0.016254 0.002833
v -0.127120 0.022017 0.001083
v -0.124561 0.022298 0.004993
v -0.148852 0.014403 -0.008227
v -0.149182 0.013625 -0.012777
v -0.131255 0.020863 0.004233
v -0.132510 0.020792 0.004923
v -0.132114 0.018037 -0.010657
v -0.129141 0.021442 0.002563
v -0.146702 0.016438 0.004163
v -0.146799 0.014420 -0.009537
v -0.144069 0.017032 0.005443
v -0.141568 0.020816 0.008993
v -0.142394 0.018794 0.005413
v -0.142233 0.015527 -0.014577
v -0.140811 0.017602 -0.011277
v -0.140399 0.020896 0.005353
v -0.141568 0.020816 0.008993
v -0.141873 0.016243 -0.011077
v -0.140811 0.017602 -0.011277
v -0.142233 0.015527 -0.014577
v -0.140399 0.020896 0.005353
v -0.141343 0.020075 0.005393
v -0.142958 0.014946 -0.010827
v -0.144360 0.014454 -0.010587
v -0.133453 0.020970 0.005233
v -0.133253 0.017989 -0.011107
v -0.152275 -0.011262 -0.013457
v -0.151820 -0.014471 -0.010307
v -0.152105 -0.015625 -0.012157
v -0.152283 -0.012615 -0.015147
v -0.152133 -0.009164 -0.017507
v -0.152119 -0.007920 -0.015797
v -0.152133 -0.009164 -0.017507
v -0.145559 -0.006031 -0.021177
v -0.145133 -0.004579 -0.019537
v -0.152119 -0.007920 -0.015797
v -0.134449 -0.007553 -0.023167
v -0.133951 -0.006416 -0.021487
v -0.128614 -0.010885 -0.021377
v -0.128476 -0.010331 -0.020257
v -0.125211 -0.014527 -0.017567
v -0.125226 -0.015647 -0.018897
v -0.145203 0.018908 -0.012027
v -0.144887 0.016761 -0.011657
v -0.132874 0.019737 -0.011617
v -0.133355 0.021605 -0.012157
v -0.151913 0.018834 -0.007347
v -0.151867 0.016731 -0.006977
v -0.152227 0.017509 -0.004177
v -0.151867 0.016731 -0.006977
v -0.151913 0.018834 -0.007347
v -0.152226 0.019334 -0.004447
v -0.152221 0.018053 -0.001107
v -0.152220 0.019878 -0.001277
v -0.151858 0.020327 0.001333
v -0.151893 0.018148 0.001653
v -0.151858 0.020327 0.001333
v -0.145284 0.021867 0.005743
v -0.145025 0.019719 0.006083
v -0.151893 0.018148 0.001653
v -0.138518 0.021403 0.005793
v -0.139183 0.023218 0.005493
v -0.133082 0.024517 0.004933
v -0.132799 0.022499 0.005013
v -0.128798 0.024400 0.001573
v -0.128606 0.023097 0.001613
v -0.125222 0.023043 -0.003507
v -0.125178 0.024596 -0.003757
v -0.128649 0.022639 -0.008837
v -0.128558 0.021390 -0.008547
v -0.125222 0.023043 -0.003507
v -0.125178 0.024596 -0.003757
v -0.152615 0.002462 0.019953
v -0.152238 0.003228 0.017893
v -0.145079 0.002231 0.020543
v -0.145989 0.001600 0.022243
v -0.137451 0.001104 0.022413
v -0.137945 0.000623 0.024363
v -0.133280 -0.003011 0.022813
v -0.133286 -0.002874 0.024453
v -0.130707 -0.007921 0.021813
v -0.130651 -0.008554 0.023663
v -0.161914 -0.009578 0.012223
v -0.161942 -0.008607 0.010013
v -0.162220 -0.004203 0.012443
v -0.162216 -0.005161 0.014563
v -0.161978 0.000405 0.013373
v -0.161861 -0.000232 0.015733
v -0.157787 0.002576 0.015453
v -0.158174 0.001528 0.017633
v -0.161861 -0.000232 0.015733
v -0.161978 0.000405 0.013373
v -0.151753 -0.011238 -0.013277
v -0.151080 -0.014047 -0.011637
v -0.157217 -0.010731 -0.012767
v -0.148993 -0.015888 -0.010437
v -0.150567 -0.018086 -0.007107
v -0.146769 -0.016789 -0.009707
v -0.144826 -0.017725 -0.009417
v -0.075343 0.008725 0.027633
v -0.089522 0.009474 0.028983
v -0.089500 0.002780 0.030373
v -0.075312 0.002345 0.028883
v -0.075352 -0.013330 0.025643
v -0.089550 -0.013777 0.027143
v -0.089597 -0.019537 0.023253
v -0.075426 -0.018793 0.021923
v -0.075284 -0.008625 0.027673
v -0.089500 -0.008794 0.029243
v -0.089469 -0.003490 0.030313
v -0.075253 -0.003609 0.028743
v -0.112799 0.009741 0.024733
v -0.124012 0.010474 0.025853
v -0.123875 0.000039 0.028333
v -0.112790 -0.000286 0.027913
v -0.113678 -0.002711 0.031963
v -0.124468 -0.002666 0.031923
v -0.113720 -0.006487 0.031583
v -0.124562 -0.006489 0.031543
v -0.124081 -0.007921 0.027243
v -0.112817 -0.007557 0.026973
v -0.112840 -0.016399 0.020723
v -0.124141 -0.016630 0.021223
v -0.074811 0.008391 0.026733
v -0.075343 0.008725 0.027633
v -0.075312 0.002345 0.028883
v -0.074829 0.002217 0.027943
v -0.074844 -0.012917 0.024813
v -0.075352 -0.013330 0.025643
v -0.075426 -0.018793 0.021923
v -0.074829 -0.018189 0.021183
v -0.074861 -0.008379 0.026793
v -0.075284 -0.008625 0.027673
v -0.075253 -0.003609 0.028743
v -0.074863 -0.003537 0.027823
v -0.089568 -0.024301 0.018053
v -0.075380 -0.023271 0.016923
v -0.075415 -0.028694 0.001413
v -0.089587 -0.030143 0.001723
v -0.089613 -0.029657 -0.005257
v -0.075489 -0.028233 -0.005167
v -0.075353 -0.027903 0.007193
v -0.089562 -0.029291 0.007823
v -0.089551 -0.027140 0.013593
v -0.075333 -0.025902 0.012673
v -0.123955 -0.024029 0.013983
v -0.112827 -0.023966 0.013733
v -0.113765 -0.029062 0.013643
v -0.124609 -0.028982 0.013663
v -0.113789 -0.030373 0.010203
v -0.124664 -0.030350 0.010213
v -0.124160 -0.027091 0.006923
v -0.112889 -0.026947 0.007023
v -0.112869 -0.026052 -0.002597
v -0.124336 -0.026065 -0.003617
v -0.075380 -0.023271 0.016923
v -0.074873 -0.022536 0.016343
v -0.074904 -0.027745 0.001353
v -0.075415 -0.028694 0.001413
v -0.075489 -0.028233 -0.005167
v -0.074884 -0.027268 -0.005027
v -0.074918 -0.027006 0.006943
v -0.075353 -0.027903 0.007193
v -0.075333 -0.025902 0.012673
v -0.074911 -0.025086 0.012243
v -0.075468 0.018772 -0.021777
v -0.089643 0.019535 -0.023057
v -0.089583 0.024368 -0.017887
v -0.075395 0.023318 -0.016807
v -0.075368 0.028947 -0.000427
v -0.089561 0.030457 -0.000717
v -0.089580 0.029943 0.005423
v -0.075408 0.028421 0.005403
v -0.075312 0.028222 -0.006227
v -0.089529 0.029654 -0.006827
v -0.089541 0.027610 -0.012637
v -0.075332 0.026338 -0.011777
v -0.113779 0.030878 -0.009987
v -0.124702 0.030871 -0.009957
v -0.124088 0.027710 -0.006397
v -0.112868 0.027242 -0.006647
v -0.112823 0.026163 0.004093
v -0.124302 0.028092 0.004173
v -0.074866 0.018174 -0.021027
v -0.075468 0.018772 -0.021777
v -0.075395 0.023318 -0.016807
v -0.074884 0.022584 -0.016217
v -0.074840 0.028005 -0.000377
v -0.075368 0.028947 -0.000427
v -0.075408 0.028421 0.005403
v -0.074807 0.027478 0.005253
v -0.074885 0.027326 -0.005997
v -0.075312 0.028222 -0.006227
v -0.075332 0.026338 -0.011777
v -0.074895 0.025510 -0.011357
v -0.089531 0.028326 0.011373
v -0.075345 0.026823 0.011033
v -0.075332 0.014655 0.024983
v -0.089522 0.015685 0.026143
v -0.089522 0.009474 0.028983
v -0.075343 0.008725 0.027633
v -0.075274 0.020313 0.020753
v -0.089490 0.021587 0.021673
v -0.089480 0.025534 0.016843
v -0.075269 0.024109 0.016193
v -0.123836 0.024657 0.014123
v -0.112753 0.023839 0.014163
v -0.113676 0.026131 0.018433
v -0.124441 0.026092 0.018373
v -0.113718 0.024140 0.021683
v -0.124564 0.024125 0.021693
v -0.124056 0.019760 0.020753
v -0.112846 0.019732 0.020283
v -0.124012 0.010474 0.025853
v -0.112799 0.009741 0.024733
v -0.075345 0.026823 0.011033
v -0.074828 0.025938 0.010713
v -0.074816 0.014137 0.024173
v -0.075332 0.014655 0.024983
v -0.075343 0.008725 0.027633
v -0.074811 0.008391 0.026733
v -0.074846 0.019633 0.020113
v -0.075274 0.020313 0.020753
v -0.075269 0.024109 0.016193
v -0.074857 0.023318 0.015713
v -0.089596 -0.027648 -0.011857
v -0.075437 -0.026229 -0.011487
v -0.075447 -0.015492 -0.024097
v -0.089654 -0.016524 -0.025187
v -0.089686 -0.010339 -0.028257
v -0.075512 -0.009591 -0.026987
v -0.075394 -0.020108 -0.020487
v -0.089613 -0.021339 -0.021367
v -0.089585 -0.025215 -0.016597
v -0.075381 -0.023847 -0.015977
v -0.124039 -0.023586 -0.013687
v -0.112860 -0.023591 -0.013757
v -0.113808 -0.025950 -0.018117
v -0.124632 -0.025910 -0.018047
v -0.075437 -0.026229 -0.011487
v -0.074931 -0.025343 -0.011147
v -0.074934 -0.014968 -0.023317
v -0.075447 -0.015492 -0.024097
v -0.075512 -0.009591 -0.026987
v -0.074909 -0.009245 -0.026097
v -0.074957 -0.019440 -0.019847
v -0.075394 -0.020108 -0.020487
v -0.075381 -0.023847 -0.015977
v -0.074961 -0.023057 -0.015487
v -0.075512 -0.009591 -0.026987
v -0.089686 -0.010339 -0.028257
v -0.089635 -0.003521 -0.029857
v -0.075445 -0.003089 -0.028437
v -0.075421 0.013181 -0.025497
v -0.089624 0.013636 -0.026937
v -0.075370 0.008544 -0.027457
v -0.089590 0.008729 -0.028977
v -0.089598 0.002657 -0.030077
v -0.075387 0.002783 -0.028567
v -0.074909 -0.009245 -0.026097
v -0.075512 -0.009591 -0.026987
v -0.075445 -0.003089 -0.028437
v -0.074931 -0.002947 -0.027507
v -0.074913 0.012774 -0.024657
v -0.075421 0.013181 -0.025497
v -0.074947 0.008303 -0.026577
v -0.075370 0.008544 -0.027457
v -0.075387 0.002783 -0.028567
v -0.074950 0.002734 -0.027647
v -0.113718 0.024140 0.021683
v -0.124564 0.024125 0.021693
v -0.113843 -0.023779 -0.021207
v -0.124723 -0.023746 -0.021177
v -0.124195 -0.019366 -0.019827
v -0.112952 -0.019445 -0.019847
v -0.112919 -0.009607 -0.024257
v -0.124314 -0.009698 -0.024177
v -0.112919 -0.009607 -0.024257
v -0.124314 -0.009698 -0.024177
v -0.124035 0.000274 -0.027197
v -0.112848 0.000298 -0.027247
v -0.113805 0.002956 -0.031517
v -0.124641 0.002934 -0.031427
v -0.113779 0.030878 -0.009987
v -0.113744 0.029121 -0.013197
v -0.124579 0.029089 -0.013177
v -0.124702 0.030871 -0.009957
v -0.113720 -0.006487 0.031583
v -0.113678 -0.002711 0.031963
v -0.124468 -0.002666 0.031923
v -0.124562 -0.006489 0.031543
v -0.113789 -0.030373 0.010203
v -0.113765 -0.029062 0.013643
v -0.124609 -0.028982 0.013663
v -0.124664 -0.030350 0.010213
v -0.113843 -0.023779 -0.021207
v -0.113808 -0.025950 -0.018117
v -0.124632 -0.025910 -0.018047
v -0.124723 -0.023746 -0.021177
v -0.074829 0.002217 0.027943
v -0.090977 0.002233 0.027973
v -0.090960 0.008408 0.026763
v -0.074811 0.008391 0.026733
v -0.074844 -0.012917 0.024813
v -0.074829 -0.018189 0.021183
v -0.090977 -0.018172 0.021213
v -0.090993 -0.012900 0.024843
v -0.074863 -0.003537 0.027823
v -0.074861 -0.008379 0.026793
v -0.091010 -0.008362 0.026823
v -0.091013 -0.003520 0.027853
v -0.074873 -0.022536 0.016343
v -0.091022 -0.022518 0.016373
v -0.074904 -0.027745 0.001353
v -0.074884 -0.027268 -0.005027
v -0.091034 -0.027250 -0.004997
v -0.091053 -0.027729 0.001383
v -0.074911 -0.025086 0.012243
v -0.074918 -0.027006 0.006943
v -0.091067 -0.026989 0.006973
v -0.091059 -0.025069 0.012273
v -0.074884 0.022584 -0.016217
v -0.091033 0.022601 -0.016187
v -0.091015 0.018192 -0.020997
v -0.074866 0.018174 -0.021027
v -0.074840 0.028005 -0.000377
v -0.074807 0.027478 0.005253
v -0.090955 0.027494 0.005283
v -0.090989 0.028022 -0.000347
v -0.074895 0.025510 -0.011357
v -0.074885 0.027326 -0.005997
v -0.091033 0.027342 -0.005967
v -0.091044 0.025527 -0.011327
v -0.074828 0.025938 0.010713
v -0.090977 0.025955 0.010743
v -0.074816 0.014137 0.024173
v -0.074811 0.008391 0.026733
v -0.090960 0.008408 0.026763
v -0.090964 0.014154 0.024203
v -0.074857 0.023318 0.015713
v -0.074846 0.019633 0.020113
v -0.090995 0.019651 0.020143
v -0.091005 0.023335 0.015743
v -0.074931 -0.025343 -0.011147
v -0.091079 -0.025326 -0.011117
v -0.074934 -0.014968 -0.023317
v -0.074909 -0.009245 -0.026097
v -0.091057 -0.009229 -0.026067
v -0.091082 -0.014952 -0.023287
v -0.074961 -0.023057 -0.015487
v -0.074957 -0.019440 -0.019847
v -0.091105 -0.019422 -0.019817
v -0.091109 -0.023040 -0.015457
v -0.074931 -0.002947 -0.027507
v -0.091080 -0.002930 -0.027477
v -0.074913 0.012774 -0.024657
v -0.091062 0.012791 -0.024627
v -0.074947 0.008303 -0.026577
v -0.091095 0.008319 -0.026547
v -0.091098 0.002750 -0.027617
v -0.074950 0.002734 -0.027647
vt 0.499720 0.493126
vt 0.499712 0.499587
vt 0.624634 0.499566
vt 0.624642 0.493105
vt 2.748310 0.493009
vt 2.748300 0.499469
vt 2.873220 0.499453
vt 2.873230 0.492992
vt 0.374800 0.493084
vt 0.374788 0.499545
vt 2.623390 0.493012
vt 2.623380 0.499472
vt 0.249876 0.493042
vt 0.249866 0.499503
vt 1.873860 0.493108
vt 1.873850 0.499569
vt 1.998770 0.499556
vt 1.998780 0.493095
vt 2.498460 0.493046
vt 2.498450 0.499503
vt 0.124958 0.493116
vt 0.124945 0.499577
vt 1.748940 0.493108
vt 1.748920 0.499569
vt 2.373540 0.493084
vt 2.373540 0.499544
vt 0.000037 0.493165
vt 0.000025 0.499626
vt 1.624010 0.493126
vt 1.624000 0.499587
vt 2.248620 0.493055
vt 2.248610 0.499516
vt 3.872600 0.492966
vt 3.872590 0.499427
vt 3.997520 0.499471
vt 3.997520 0.493014
vt 1.499090 0.493187
vt 1.499080 0.499649
vt 2.123700 0.493071
vt 2.123690 0.499531
vt 3.747680 0.493044
vt 3.747670 0.499505
vt 1.374170 0.493143
vt 1.374160 0.499604
vt 3.622760 0.493080
vt 3.622750 0.499541
vt 1.249250 0.493153
vt 1.249240 0.499614
vt 3.497840 0.493121
vt 3.497830 0.499578
vt 1.124330 0.493101
vt 1.124310 0.499562
vt 3.372920 0.493067
vt 3.372900 0.499526
vt 0.999409 0.493048
vt 0.999396 0.499510
vt 3.248000 0.493085
vt 3.247990 0.499546
vt 0.874484 0.493068
vt 0.874475 0.499530
vt 3.123070 0.493034
vt 3.123070 0.499494
vt 0.749564 0.493084
vt 0.749555 0.499545
vt 2.998150 0.492987
vt 2.998140 0.499444
vt 0.124975 0.481362
vt 0.249895 0.481285
vt 1.748950 0.481351
vt 1.873870 0.481351
vt 2.373560 0.481327
vt 2.498480 0.481289
vt 0.000052 0.481408
vt 1.624030 0.481373
vt 2.248640 0.481298
vt 3.872620 0.481209
vt 3.997550 0.481257
vt 1.499110 0.481431
vt 2.123720 0.481317
vt 3.747700 0.481287
vt 1.374190 0.481385
vt 1.998800 0.481339
vt 3.622770 0.481326
vt 1.249260 0.481396
vt 3.497850 0.481364
vt 1.124340 0.481346
vt 3.372940 0.481308
vt 0.999426 0.481291
vt 3.248010 0.481328
vt 0.874506 0.481311
vt 3.123090 0.481280
vt 0.749584 0.481327
vt 2.998170 0.481229
vt 0.624660 0.481351
vt 2.873250 0.481236
vt 0.499743 0.481369
vt 2.748330 0.481252
vt 0.374816 0.481327
vt 2.623410 0.481258
vt 3.747740 0.457563
vt 3.872660 0.457485
vt 1.374230 0.457661
vt 1.499150 0.457707
vt 1.998830 0.457615
vt 2.123760 0.457590
vt 3.622820 0.457599
vt 1.249300 0.457672
vt 3.497890 0.457640
vt 1.124380 0.457620
vt 3.372970 0.457585
vt 0.999464 0.457567
vt 3.248060 0.457605
vt 0.874541 0.457588
vt 3.123130 0.457553
vt 0.749621 0.457603
vt 2.998210 0.457506
vt 0.624701 0.457628
vt 2.873290 0.457511
vt 0.499779 0.457645
vt 2.748360 0.457527
vt 0.374853 0.457603
vt 2.623440 0.457531
vt 0.249933 0.457561
vt 1.873910 0.457627
vt 2.498520 0.457565
vt 0.125012 0.457635
vt 1.748990 0.457627
vt 2.373600 0.457603
vt 0.000091 0.457685
vt 1.624070 0.457646
vt 2.248680 0.457574
vt 3.997580 0.457533
vt 3.373010 0.431866
vt 3.497940 0.431921
vt 0.999505 0.431849
vt 1.124420 0.431905
vt 3.248090 0.431890
vt 0.874584 0.431869
vt 3.123170 0.431838
vt 0.749664 0.431888
vt 2.998250 0.431787
vt 0.624741 0.431908
vt 2.873320 0.431793
vt 0.499814 0.431926
vt 2.748400 0.431813
vt 0.374896 0.431884
vt 2.623480 0.431815
vt 0.249975 0.431846
vt 1.873950 0.431908
vt 1.998870 0.431896
vt 2.498560 0.431846
vt 0.125053 0.431919
vt 1.749030 0.431912
vt 2.373640 0.431884
vt 0.000132 0.431966
vt 1.624110 0.431930
vt 2.248720 0.431859
vt 3.872700 0.431766
vt 3.997620 0.431814
vt 1.499190 0.431988
vt 2.123800 0.431874
vt 3.747780 0.431847
vt 1.374260 0.431943
vt 3.622860 0.431884
vt 1.249340 0.431957
vt 2.998360 0.366085
vt 2.998300 0.398764
vt 3.123220 0.398812
vt 3.123280 0.366132
vt 0.624847 0.366203
vt 0.624792 0.398883
vt 0.749713 0.398861
vt 0.749768 0.366182
vt 2.873430 0.366091
vt 2.873380 0.398770
vt 0.499921 0.366224
vt 0.499870 0.398903
vt 2.748510 0.366107
vt 2.748460 0.398786
vt 0.375000 0.366182
vt 0.374948 0.398861
vt 2.623590 0.366109
vt 2.623540 0.398789
vt 0.250077 0.366140
vt 0.250028 0.398819
vt 1.874060 0.366206
vt 1.874010 0.398886
vt 1.998930 0.398873
vt 1.998980 0.366194
vt 2.498670 0.366144
vt 2.498610 0.398823
vt 0.125158 0.366214
vt 0.125108 0.398893
vt 1.749140 0.366206
vt 1.749080 0.398885
vt 2.373750 0.366181
vt 2.373690 0.398861
vt 0.000236 0.366263
vt 0.000186 0.398943
vt 1.624210 0.366225
vt 1.624160 0.398904
vt 2.248830 0.366153
vt 2.248770 0.398833
vt 3.872800 0.366064
vt 3.872750 0.398743
vt 3.997670 0.398791
vt 3.997720 0.366112
vt 1.499290 0.366286
vt 1.499240 0.398965
vt 2.123900 0.366169
vt 2.123850 0.398848
vt 3.747890 0.366142
vt 3.747830 0.398821
vt 1.374370 0.366241
vt 1.374320 0.398920
vt 3.622960 0.366178
vt 3.622910 0.398858
vt 1.249450 0.366251
vt 1.249400 0.398930
vt 3.498040 0.366219
vt 3.497990 0.398898
vt 1.124530 0.366199
vt 1.124480 0.398878
vt 3.373120 0.366164
vt 3.373070 0.398843
vt 0.999610 0.366147
vt 0.999560 0.398826
vt 3.248200 0.366184
vt 3.248140 0.398863
vt 0.874685 0.366166
vt 0.874635 0.398846
vt 3.498140 0.304469
vt 3.623060 0.304432
vt 1.124630 0.304452
vt 1.249550 0.304504
vt 3.373220 0.304414
vt 0.999709 0.304397
vt 3.248300 0.304437
vt 0.874785 0.304417
vt 3.123370 0.304385
vt 0.749863 0.304436
vt 2.998450 0.304335
vt 0.624941 0.304457
vt 2.873530 0.304340
vt 0.500019 0.304474
vt 2.748610 0.304360
vt 0.375099 0.304432
vt 2.623690 0.304363
vt 0.250176 0.304394
vt 1.874160 0.304456
vt 1.999080 0.304444
vt 2.498770 0.304394
vt 0.125258 0.304467
vt 1.749230 0.304459
vt 2.373840 0.304432
vt 0.000336 0.304513
vt 1.624310 0.304478
vt 2.248920 0.304407
vt 3.872900 0.304314
vt 3.997830 0.304362
vt 1.499390 0.304536
vt 2.124000 0.304422
vt 3.747980 0.304396
vt 1.374470 0.304490
vt 2.748690 0.253169
vt 2.873610 0.253153
vt 0.375183 0.253245
vt 0.500101 0.253286
vt 2.623770 0.253172
vt 0.250258 0.253202
vt 1.874240 0.253269
vt 1.999160 0.253256
vt 2.498850 0.253206
vt 0.125336 0.253276
vt 1.749310 0.253268
vt 2.373920 0.253244
vt 0.000415 0.253326
vt 1.624390 0.253287
vt 2.249000 0.253216
vt 3.872990 0.253127
vt 3.997900 0.253174
vt 1.499470 0.253348
vt 2.124080 0.253231
vt 3.748060 0.253205
vt 1.374550 0.253303
vt 3.623140 0.253241
vt 1.249630 0.253314
vt 3.498220 0.253282
vt 1.124710 0.253261
vt 3.373300 0.253226
vt 0.999788 0.253209
vt 3.248380 0.253246
vt 0.874867 0.253229
vt 3.123460 0.253195
vt 0.749944 0.253244
vt 2.998530 0.253147
vt 0.625025 0.253266
vt 0.874970 0.188809
vt 0.999893 0.188789
vt 3.123560 0.188777
vt 3.248480 0.188826
vt 0.750049 0.188827
vt 2.998630 0.188727
vt 0.625127 0.188849
vt 2.873710 0.188733
vt 0.500202 0.188866
vt 2.748790 0.188749
vt 0.375283 0.188824
vt 2.623870 0.188755
vt 0.250361 0.188782
vt 1.874340 0.188848
vt 1.999260 0.188836
vt 2.498950 0.188786
vt 0.125441 0.188859
vt 1.749420 0.188848
vt 2.374030 0.188824
vt 0.000519 0.188905
vt 1.624500 0.188870
vt 2.249100 0.188795
vt 3.873080 0.188706
vt 3.998010 0.188754
vt 1.499580 0.188928
vt 2.124180 0.188814
vt 3.748170 0.188784
vt 1.374650 0.188883
vt 3.623240 0.188824
vt 1.249730 0.188893
vt 3.498320 0.188861
vt 1.124810 0.188845
vt 3.373400 0.188806
vt 0.500302 0.126164
vt 0.625224 0.126147
vt 2.748890 0.126050
vt 2.873810 0.126031
vt 0.375384 0.126123
vt 2.623970 0.126053
vt 0.250460 0.126083
vt 1.874440 0.126150
vt 1.999360 0.126134
vt 2.499050 0.126084
vt 0.125538 0.126157
vt 1.749520 0.126149
vt 2.374130 0.126122
vt 0.000615 0.126204
vt 1.624600 0.126168
vt 2.249200 0.126097
vt 3.873190 0.126004
vt 3.998110 0.126052
vt 1.499680 0.126226
vt 2.124280 0.126112
vt 3.748260 0.126086
vt 1.374750 0.126181
vt 3.623340 0.126122
vt 1.249830 0.126195
vt 3.498420 0.126159
vt 1.124910 0.126143
vt 3.373500 0.126104
vt 0.999994 0.126087
vt 3.248580 0.126127
vt 0.875069 0.126106
vt 3.123660 0.126075
vt 0.750150 0.126126
vt 2.998730 0.126025
vt 0.125629 0.069164
vt 0.250553 0.069090
vt 1.749610 0.069156
vt 1.874530 0.069156
vt 2.374220 0.069131
vt 2.499140 0.069094
vt 0.000712 0.069214
vt 1.624680 0.069174
vt 2.249300 0.069103
vt 3.873270 0.069014
vt 3.998200 0.069062
vt 1.499760 0.069236
vt 2.124370 0.069118
vt 3.748360 0.069092
vt 1.374840 0.069190
vt 1.999450 0.069143
vt 3.623440 0.069128
vt 1.249920 0.069201
vt 3.498520 0.069169
vt 1.125000 0.069149
vt 3.373590 0.069114
vt 1.000080 0.069097
vt 3.248670 0.069134
vt 0.875158 0.069116
vt 3.123750 0.069082
vt 0.750235 0.069132
vt 2.998820 0.069035
vt 0.625316 0.069153
vt 2.873900 0.069040
vt 0.500394 0.069174
vt 2.748980 0.069057
vt 0.375474 0.069132
vt 2.624060 0.069059
vt 3.748450 0.012945
vt 3.748400 0.041381
vt 3.873320 0.041300
vt 3.873370 0.012864
vt 1.374930 0.013041
vt 1.374890 0.041480
vt 1.499810 0.041522
vt 1.499860 0.013086
vt 1.999540 0.012994
vt 1.999500 0.041430
vt 2.124420 0.041408
vt 2.124460 0.012972
vt 3.623520 0.012982
vt 3.623470 0.041418
vt 1.250010 0.013054
vt 1.249970 0.041491
vt 3.498600 0.013018
vt 3.498550 0.041455
vt 1.125090 0.013002
vt 1.125040 0.041439
vt 3.373680 0.012964
vt 3.373630 0.041400
vt 1.000170 0.012947
vt 1.000130 0.041383
vt 3.248760 0.012987
vt 3.248720 0.041423
vt 0.875249 0.012967
vt 0.875203 0.041406
vt 3.123840 0.012935
vt 3.123790 0.041372
vt 0.750326 0.012986
vt 0.750282 0.041422
vt 2.998920 0.012885
vt 2.998870 0.041321
vt 0.625407 0.013007
vt 0.625362 0.041443
vt 2.873990 0.012894
vt 2.873950 0.041330
vt 0.500483 0.013024
vt 0.500439 0.041460
vt 2.749070 0.012911
vt 2.749020 0.041346
vt 0.375561 0.012986
vt 0.375520 0.041422
vt 2.624150 0.012913
vt 2.624100 0.041349
vt 0.250640 0.012943
vt 0.250594 0.041379
vt 1.874620 0.013010
vt 1.874570 0.041446
vt 2.499230 0.012944
vt 2.499190 0.041380
vt 0.125717 0.013017
vt 0.125671 0.041453
vt 1.749700 0.013009
vt 1.749650 0.041445
vt 2.374310 0.012982
vt 2.374260 0.041421
vt 0.000795 0.013063
vt 0.000754 0.041500
vt 1.624780 0.013028
vt 1.624730 0.041464
vt 2.249390 0.012957
vt 2.249340 0.041393
vt 3.998240 0.041348
vt 3.998290 0.012912
vt 3.373690 0.007192
vt 3.498610 0.007247
vt 1.000180 0.007174
vt 1.125100 0.007230
vt 3.248770 0.007215
vt 0.875257 0.007194
vt 3.123850 0.007163
vt 0.750335 0.007213
vt 2.998920 0.007112
vt 0.625417 0.007235
vt 2.874000 0.007118
vt 0.500493 0.007252
vt 2.749080 0.007138
vt 0.375575 0.007210
vt 2.624160 0.007141
vt 0.250648 0.007171
vt 1.874630 0.007234
vt 1.999550 0.007221
vt 2.499240 0.007172
vt 0.125726 0.007245
vt 1.749700 0.007237
vt 2.374320 0.007209
vt 0.000803 0.007291
vt 1.624790 0.007256
vt 2.249400 0.007185
vt 3.873370 0.007092
vt 3.998300 0.007140
vt 1.499860 0.007314
vt 2.124470 0.007200
vt 3.748460 0.007173
vt 1.374940 0.007268
vt 3.623530 0.007209
vt 1.250020 0.007282
vt 2.998940 -0.000130
vt 3.123860 -0.000070
vt 0.625428 0.000000
vt 0.750349 -0.000020
vt 2.874010 -0.000120
vt 0.500501 0.000015
vt 2.749090 -0.000100
vt 0.375582 -0.000020
vt 2.624170 -0.000100
vt 0.250660 -0.000070
vt 1.874640 0.000000
vt 1.999560 -0.000020
vt 2.499250 -0.000070
vt 0.125740 0.000008
vt 1.749720 0.000000
vt 2.374330 -0.000020
vt 0.000819 0.000054
vt 1.624800 0.000018
vt 2.249410 -0.000050
vt 3.873390 -0.000140
vt 3.998310 -0.000100
vt 1.499880 0.000076
vt 2.124480 -0.000040
vt 3.748470 -0.000060
vt 1.374950 0.000034
vt 3.623540 -0.000030
vt 1.250030 0.000045
vt 3.498620 0.000009
vt 1.125110 -0.000010
vt 3.373700 -0.000040
vt 1.000190 -0.000060
vt 3.248780 -0.000020
vt 0.875268 -0.000040
vt 0.897319 0.886436
vt 0.911542 0.891320
vt 0.958857 0.848490
vt 0.942997 0.845086
vt 0.320855 0.526398
vt 0.314468 0.518394
vt 0.227460 0.540870
vt 0.236855 0.548102
vt 0.399387 0.985587
vt 0.395795 0.994014
vt 0.493140 0.999436
vt 0.493372 0.990822
vt 0.836355 0.922544
vt 0.848395 0.928719
vt 0.411686 0.513294
vt 0.408550 0.504826
vt 0.309258 0.971297
vt 0.302436 0.979211
vt 0.762452 0.952018
vt 0.771848 0.959247
vt 0.505862 0.509282
vt 0.506092 0.500674
vt 0.226463 0.948496
vt 0.216682 0.955593
vt 0.678463 0.973727
vt 0.684846 0.981732
vt 0.599760 0.514501
vt 0.603340 0.506085
vt 0.154164 0.918079
vt 0.141799 0.924087
vt 0.587599 0.986805
vt 0.590732 0.995277
vt 0.689770 0.528737
vt 0.696556 0.520822
vt 0.095142 0.881205
vt 0.080666 0.885893
vt 0.772737 0.551417
vt 0.782506 0.544304
vt 0.051671 0.839292
vt 0.035641 0.842479
vt 0.845199 0.581877
vt 0.857580 0.575857
vt 0.025426 0.793954
vt 0.008463 0.795518
vt 0.904309 0.618787
vt 0.918797 0.614093
vt 0.017426 0.746948
vt 0.000185 0.746830
vt 0.947825 0.660734
vt 0.963865 0.657543
vt 0.027897 0.700078
vt 0.011040 0.698291
vt 0.974102 0.706105
vt 0.991078 0.704538
vt 0.056429 0.655153
vt 0.040575 0.651764
vt 0.982140 0.753157
vt 0.999403 0.753274
vt 0.101879 0.613742
vt 0.087632 0.608865
vt 0.971637 0.800084
vt 0.988521 0.801879
vt 0.162910 0.577581
vt 0.150856 0.571400
vt 0.666927 0.959194
vt 0.745440 0.938886
vt 0.593226 0.529770
vt 0.505400 0.524903
vt 0.176637 0.907192
vt 0.244256 0.935629
vt 0.581957 0.971421
vt 0.677517 0.543028
vt 0.121438 0.872717
vt 0.493840 0.975188
vt 0.754909 0.564396
vt 0.080778 0.833529
vt 0.822703 0.592791
vt 0.056217 0.791140
vt 0.877988 0.627287
vt 0.048720 0.747182
vt 0.918695 0.666503
vt 0.058481 0.703343
vt 0.943281 0.708926
vt 0.085053 0.661271
vt 0.950813 0.752922
vt 0.127872 0.622644
vt 0.941005 0.796802
vt 0.184758 0.588812
vt 0.914237 0.838884
vt 0.253868 0.561240
vt 0.871534 0.877552
vt 0.332401 0.540932
vt 0.405958 0.970300
vt 0.814537 0.911319
vt 0.417334 0.528667
vt 0.321676 0.956947
vt 0.802251 0.602724
vt 0.738788 0.576126
vt 0.084242 0.788571
vt 0.107268 0.828277
vt 0.854043 0.635029
vt 0.077215 0.747388
vt 0.892185 0.671762
vt 0.086341 0.706309
vt 0.915229 0.711500
vt 0.111279 0.666884
vt 0.922297 0.752715
vt 0.151366 0.630694
vt 0.913120 0.793821
vt 0.204642 0.599021
vt 0.888050 0.833245
vt 0.269369 0.573193
vt 0.848054 0.869470
vt 0.342928 0.554159
vt 0.411923 0.956383
vt 0.494249 0.960958
vt 0.794667 0.901107
vt 0.422489 0.542661
vt 0.332969 0.943881
vt 0.729941 0.926934
vt 0.504996 0.539127
vt 0.260441 0.923911
vt 0.656368 0.945973
vt 0.587289 0.543679
vt 0.197086 0.897278
vt 0.576766 0.957421
vt 0.666276 0.556121
vt 0.145367 0.864986
vt 0.711835 0.913008
vt 0.771473 0.889211
vt 0.504563 0.555714
vt 0.428540 0.558976
vt 0.279259 0.910235
vt 0.346087 0.928630
vt 0.644044 0.930547
vt 0.580391 0.559907
vt 0.220901 0.885705
vt 0.570710 0.941111
vt 0.653166 0.571392
vt 0.173251 0.855955
vt 0.494694 0.944367
vt 0.719997 0.589798
vt 0.138144 0.822136
vt 0.778432 0.614313
vt 0.116925 0.785544
vt 0.826143 0.644071
vt 0.110435 0.747599
vt 0.861287 0.677909
vt 0.118845 0.709754
vt 0.882524 0.714521
vt 0.141865 0.673432
vt 0.889046 0.752492
vt 0.178750 0.640075
vt 0.880595 0.790363
vt 0.227870 0.610905
vt 0.857503 0.826685
vt 0.287488 0.587109
vt 0.820656 0.860062
vt 0.355237 0.569574
vt 0.418845 0.940151
vt 0.192246 0.684215
vt 0.172414 0.715423
vt 0.188996 0.812001
vt 0.219163 0.841062
vt 0.834266 0.752148
vt 0.828651 0.719521
vt 0.223878 0.655532
vt 0.827006 0.784686
vt 0.266128 0.630486
vt 0.807162 0.815897
vt 0.317335 0.610024
vt 0.775501 0.844576
vt 0.375550 0.594961
vt 0.733219 0.869622
vt 0.438556 0.585854
vt 0.681989 0.890079
vt 0.503889 0.583044
vt 0.623730 0.905137
vt 0.569047 0.586653
vt 0.560724 0.914243
vt 0.631577 0.596545
vt 0.495396 0.917031
vt 0.430216 0.913406
vt 0.689043 0.612330
vt 0.367692 0.903498
vt 0.739224 0.633410
vt 0.170772 0.780553
vt 0.310247 0.887709
vt 0.780207 0.658980
vt 0.165159 0.747944
vt 0.810404 0.688055
vt 0.260110 0.866626
vt 0.341474 0.628552
vt 0.297045 0.646308
vt 0.738972 0.832074
vt 0.766449 0.807196
vt 0.392009 0.615480
vt 0.439368 0.891780
vt 0.495923 0.894930
vt 0.702306 0.853794
vt 0.446658 0.607582
vt 0.385145 0.883187
vt 0.657855 0.871539
vt 0.503348 0.605138
vt 0.335301 0.869490
vt 0.607309 0.884604
vt 0.559907 0.608279
vt 0.291779 0.851186
vt 0.552639 0.892512
vt 0.614140 0.616865
vt 0.256257 0.829002
vt 0.664003 0.630556
vt 0.230090 0.803788
vt 0.707548 0.648860
vt 0.214286 0.776517
vt 0.743098 0.671051
vt 0.209420 0.748221
vt 0.769286 0.696277
vt 0.215732 0.719992
vt 0.785109 0.723564
vt 0.232945 0.692925
vt 0.789986 0.751872
vt 0.260382 0.668038
vt 0.783676 0.780114
vt 0.503248 0.609015
vt 0.448076 0.611392
vt 0.339698 0.866295
vt 0.388209 0.879628
vt 0.604432 0.881004
vt 0.653625 0.868286
vt 0.558292 0.612070
vt 0.297343 0.848484
vt 0.551224 0.888700
vt 0.611077 0.620425
vt 0.262769 0.826892
vt 0.496027 0.891054
vt 0.659606 0.633753
vt 0.237300 0.802353
vt 0.701985 0.651564
vt 0.221915 0.775811
vt 0.736584 0.673163
vt 0.217184 0.748273
vt 0.762073 0.697713
vt 0.223325 0.720799
vt 0.777474 0.724270
vt 0.240078 0.694454
vt 0.782219 0.751821
vt 0.266784 0.670233
vt 0.776079 0.779307
vt 0.302464 0.649084
vt 0.759315 0.805664
vt 0.345707 0.631804
vt 0.732575 0.829878
vt 0.394886 0.619080
vt 0.440984 0.887989
vt 0.696889 0.851018
vt 0.658509 0.634550
vt 0.610315 0.621315
vt 0.239098 0.801996
vt 0.264392 0.826366
vt 0.700597 0.652240
vt 0.223819 0.775634
vt 0.734960 0.673689
vt 0.219122 0.748286
vt 0.760274 0.698072
vt 0.225220 0.721000
vt 0.775570 0.724447
vt 0.241858 0.694835
vt 0.780280 0.751808
vt 0.268381 0.670781
vt 0.774183 0.779107
vt 0.303816 0.649776
vt 0.757535 0.805282
vt 0.346763 0.632615
vt 0.730978 0.829330
vt 0.395603 0.619978
vt 0.441388 0.887043
vt 0.496052 0.890087
vt 0.695538 0.850326
vt 0.448429 0.612342
vt 0.388972 0.878739
vt 0.652570 0.867474
vt 0.503225 0.609982
vt 0.340796 0.865498
vt 0.603713 0.880106
vt 0.557891 0.613016
vt 0.298730 0.847809
vt 0.550869 0.887749
vt 0.753904 0.699341
vt 0.729206 0.675555
vt 0.231928 0.721711
vt 0.225979 0.748330
vt 0.768826 0.725072
vt 0.248160 0.696185
vt 0.773419 0.751765
vt 0.274037 0.672719
vt 0.767472 0.778395
vt 0.308603 0.652228
vt 0.751232 0.803930
vt 0.350502 0.635486
vt 0.725326 0.827391
vt 0.398147 0.623159
vt 0.442813 0.883695
vt 0.496142 0.886663
vt 0.690752 0.847874
vt 0.449683 0.615707
vt 0.391676 0.875594
vt 0.648833 0.864602
vt 0.503138 0.613406
vt 0.344680 0.862676
vt 0.601171 0.876926
vt 0.556468 0.616365
vt 0.303641 0.845419
vt 0.549617 0.884382
vt 0.607611 0.624461
vt 0.270141 0.824502
vt 0.654626 0.637373
vt 0.245465 0.800727
vt 0.695685 0.654630
vt 0.230558 0.775010
vt 0.758556 0.777450
vt 0.764303 0.751707
vt 0.314968 0.655484
vt 0.281550 0.675294
vt 0.742857 0.802135
vt 0.355472 0.639301
vt 0.717815 0.824814
vt 0.401527 0.627384
vt 0.444704 0.879245
vt 0.496260 0.882114
vt 0.684393 0.844615
vt 0.451349 0.620180
vt 0.395268 0.871414
vt 0.643866 0.860785
vt 0.503027 0.617954
vt 0.349838 0.858925
vt 0.597791 0.872700
vt 0.554577 0.620816
vt 0.310167 0.842245
vt 0.547953 0.879907
vt 0.604021 0.628641
vt 0.277782 0.822024
vt 0.649468 0.641126
vt 0.253925 0.799041
vt 0.689157 0.657807
vt 0.239514 0.774180
vt 0.721564 0.678035
vt 0.235093 0.748388
vt 0.745438 0.701028
vt 0.240843 0.722657
vt 0.759867 0.725904
vt 0.256533 0.697979
vt 0.223375 0.748732
vt 0.238710 0.748799
vt 0.244160 0.723414
vt 0.229146 0.721855
vt 0.754064 0.803775
vt 0.739950 0.800785
vt 0.715449 0.823195
vt 0.728124 0.827503
vt 0.228221 0.775655
vt 0.243288 0.774227
vt 0.770230 0.777980
vt 0.755218 0.776421
vt 0.243502 0.801589
vt 0.257722 0.798722
vt 0.775999 0.751108
vt 0.760667 0.751041
vt 0.268627 0.825536
vt 0.281453 0.821340
vt 0.771157 0.724190
vt 0.756091 0.725616
vt 0.302632 0.846577
vt 0.313571 0.841214
vt 0.755892 0.698257
vt 0.741671 0.701122
vt 0.344211 0.863904
vt 0.352843 0.857579
vt 0.730775 0.674306
vt 0.717945 0.678500
vt 0.391765 0.876850
vt 0.397757 0.869805
vt 0.448126 0.614451
vt 0.450985 0.621970
vt 0.501946 0.619688
vt 0.502083 0.612035
vt 0.696772 0.653258
vt 0.685827 0.658623
vt 0.443465 0.884918
vt 0.446589 0.877426
vt 0.396151 0.622074
vt 0.401894 0.629170
vt 0.655186 0.635920
vt 0.646548 0.642252
vt 0.497327 0.887798
vt 0.497461 0.880146
vt 0.348155 0.634610
vt 0.356562 0.641011
vt 0.607617 0.622986
vt 0.601630 0.630025
vt 0.551280 0.885380
vt 0.548419 0.877860
vt 0.305985 0.651579
vt 0.316733 0.657037
vt 0.555939 0.614917
vt 0.552815 0.622409
vt 0.603249 0.877755
vt 0.597504 0.870659
vt 0.271259 0.672326
vt 0.283936 0.676634
vt 0.651237 0.865217
vt 0.642830 0.858817
vt 0.245314 0.696055
vt 0.259432 0.699046
vt 0.693404 0.848248
vt 0.682656 0.842790
vt 0.343810 0.631299
vt 0.345111 0.632291
vt 0.394072 0.619503
vt 0.393183 0.618403
vt 0.610716 0.619345
vt 0.609786 0.620435
vt 0.658313 0.633628
vt 0.659654 0.632647
vt 0.552754 0.889268
vt 0.552314 0.888103
vt 0.497278 0.890571
vt 0.497253 0.891757
vt 0.300427 0.648754
vt 0.302091 0.649601
vt 0.557558 0.611043
vt 0.557072 0.612204
vt 0.606217 0.881425
vt 0.605329 0.880325
vt 0.264705 0.670097
vt 0.266668 0.670765
vt 0.502156 0.608077
vt 0.502132 0.609262
vt 0.655585 0.868528
vt 0.654284 0.867536
vt 0.238015 0.694508
vt 0.240201 0.694972
vt 0.698962 0.851073
vt 0.697298 0.850226
vt 0.221380 0.721047
vt 0.223706 0.721290
vt 0.734678 0.829730
vt 0.732715 0.829062
vt 0.215442 0.748696
vt 0.217817 0.748708
vt 0.761363 0.805322
vt 0.759177 0.804858
vt 0.220429 0.776392
vt 0.222762 0.776171
vt 0.777994 0.778788
vt 0.775668 0.778545
vt 0.236146 0.803069
vt 0.238349 0.802626
vt 0.783930 0.751145
vt 0.781552 0.751133
vt 0.261992 0.827704
vt 0.263979 0.827055
vt 0.778949 0.723455
vt 0.776614 0.723675
vt 0.296973 0.849350
vt 0.298669 0.848520
vt 0.763248 0.696777
vt 0.761043 0.697220
vt 0.339744 0.867175
vt 0.341083 0.866196
vt 0.737411 0.672138
vt 0.735423 0.672786
vt 0.388661 0.880493
vt 0.389592 0.879402
vt 0.446651 0.610562
vt 0.447092 0.611727
vt 0.702433 0.650485
vt 0.700737 0.651315
vt 0.441846 0.888793
vt 0.442332 0.887633
vt 0.172894 0.680816
vt 0.206188 0.650328
vt 0.748623 0.876154
vt 0.694487 0.897964
vt 0.152158 0.713959
vt 0.793190 0.849495
vt 0.144779 0.748482
vt 0.826477 0.819009
vt 0.151040 0.783061
vt 0.847201 0.785871
vt 0.170698 0.816366
vt 0.854568 0.751356
vt 0.203000 0.847117
vt 0.848288 0.716805
vt 0.246703 0.874132
vt 0.828732 0.683490
vt 0.300131 0.896375
vt 0.796414 0.652730
vt 0.361225 0.912989
vt 0.433292 0.575930
vt 0.502599 0.572808
vt 0.752719 0.625719
vt 0.427642 0.923335
vt 0.366539 0.585740
vt 0.699347 0.603509
vt 0.496828 0.927017
vt 0.304907 0.601859
vt 0.638298 0.586853
vt 0.566122 0.923893
vt 0.250763 0.623667
vt 0.571806 0.576492
vt 0.632865 0.914082
vt 0.197518 0.898170
vt 0.145363 0.865903
vt 0.892565 0.670632
vt 0.915915 0.710406
vt 0.261287 0.924738
vt 0.854031 0.633938
vt 0.334217 0.944588
vt 0.420567 0.542162
vt 0.503323 0.538450
vt 0.801881 0.601685
vt 0.413507 0.956958
vt 0.340858 0.553861
vt 0.738095 0.575117
vt 0.496109 0.961369
vt 0.267256 0.573094
vt 0.665216 0.555224
vt 0.578850 0.957655
vt 0.202591 0.599123
vt 0.585939 0.542864
vt 0.658546 0.945956
vt 0.149346 0.630945
vt 0.732138 0.926723
vt 0.109566 0.667339
vt 0.796794 0.900695
vt 0.084781 0.706905
vt 0.850028 0.868873
vt 0.075939 0.748124
vt 0.889797 0.832481
vt 0.083382 0.789412
vt 0.914567 0.792917
vt 0.106824 0.829180
vt 0.923386 0.751702
vt 0.243300 0.554727
vt 0.324543 0.533514
vt 0.682521 0.535097
vt 0.762953 0.557045
vt 0.586896 0.979196
vt 0.495580 0.983280
vt 0.171916 0.583442
vt 0.595029 0.521423
vt 0.674862 0.966299
vt 0.113130 0.618552
vt 0.503854 0.516534
vt 0.756093 0.945087
vt 0.069203 0.658710
vt 0.827469 0.916374
vt 0.041818 0.702371
vt 0.886243 0.881264
vt 0.032031 0.747859
vt 0.930157 0.841107
vt 0.040215 0.793427
vt 0.957523 0.797446
vt 0.066055 0.837320
vt 0.967290 0.751961
vt 0.108560 0.877855
vt 0.959099 0.706395
vt 0.166096 0.913475
vt 0.933310 0.662506
vt 0.236451 0.942808
vt 0.890822 0.621988
vt 0.316924 0.964729
vt 0.412521 0.520617
vt 0.833297 0.586380
vt 0.404421 0.978396
vt 0.051198 0.654884
vt 0.096968 0.613045
vt 0.841169 0.923347
vt 0.766803 0.953261
vt 0.022663 0.700371
vt 0.902406 0.886769
vt 0.012461 0.747762
vt 0.948163 0.844932
vt 0.020984 0.795235
vt 0.976677 0.799445
vt 0.047902 0.840968
vt 0.986858 0.752057
vt 0.092180 0.883200
vt 0.978328 0.704588
vt 0.152120 0.920311
vt 0.951459 0.658863
vt 0.225417 0.950874
vt 0.907196 0.616645
vt 0.309254 0.973714
vt 0.408894 0.511019
vt 0.504051 0.506768
vt 0.847269 0.579547
vt 0.400412 0.987953
vt 0.317234 0.524454
vt 0.773993 0.548983
vt 0.495383 0.993045
vt 0.232589 0.546553
vt 0.690199 0.526115
vt 0.590523 0.988792
vt 0.158216 0.576467
vt 0.599042 0.511864
vt 0.682170 0.975359
vt 0.008920 0.796376
vt 0.000183 0.747707
vt 0.988698 0.800694
vt 0.959464 0.847327
vt 0.036514 0.843261
vt 0.999136 0.752112
vt 0.081909 0.886557
vt 0.990390 0.703448
vt 0.143357 0.924603
vt 0.962842 0.656572
vt 0.218502 0.955938
vt 0.917465 0.613289
vt 0.304451 0.979353
vt 0.406610 0.504998
vt 0.504165 0.500638
vt 0.856030 0.575254
vt 0.397904 0.993952
vt 0.312637 0.518771
vt 0.780912 0.543921
vt 0.495272 0.999173
vt 0.225859 0.541426
vt 0.695008 0.520477
vt 0.592807 0.994813
vt 0.149611 0.572094
vt 0.601549 0.505864
vt 0.686765 0.981041
vt 0.086819 0.609594
vt 0.773532 0.958386
vt 0.039895 0.652486
vt 0.849773 0.927719
vt 0.010642 0.699121
vt 0.912554 0.890219
vt 0.582964 0.512333
vt 0.582941 0.497630
vt 0.579977 0.497833
vt 0.579977 0.512560
vt 0.580007 0.527257
vt 0.580059 0.541853
vt 0.583062 0.541762
vt 0.583010 0.527026
vt 0.815307 0.565324
vt 0.814556 0.561029
vt 0.799094 0.565651
vt 0.800813 0.569660
vt 0.830662 0.560091
vt 0.830418 0.564442
vt 0.845312 0.567061
vt 0.846555 0.562885
vt 0.830734 0.558926
vt 0.814349 0.559880
vt 0.798637 0.564577
vt 0.846887 0.561764
vt 0.320436 0.828479
vt 0.319173 0.828476
vt 0.319078 0.844801
vt 0.320341 0.844813
vt 0.320432 0.812141
vt 0.319176 0.812144
vt 0.320341 0.795805
vt 0.319079 0.795819
vt 0.193013 0.747115
vt 0.193013 0.730957
vt 0.192020 0.730866
vt 0.192020 0.747208
vt 0.195095 0.763260
vt 0.196048 0.762980
vt 0.196049 0.715092
vt 0.195096 0.714816
vt 0.582992 0.482936
vt 0.580050 0.483097
vt 0.320152 0.779469
vt 0.318890 0.779492
vt 0.859217 0.573037
vt 0.861375 0.569250
vt 0.861951 0.568239
vt 0.202019 0.777994
vt 0.201132 0.778449
vt 0.874347 0.578845
vt 0.871369 0.582038
vt 0.881104 0.593634
vt 0.884738 0.591232
vt 0.702782 0.769462
vt 0.701626 0.769651
vt 0.702798 0.785791
vt 0.703969 0.785751
vt 0.210706 0.791615
vt 0.209923 0.792224
vt 0.221147 0.804098
vt 0.221806 0.803357
vt 0.583122 0.468258
vt 0.580198 0.468376
vt 0.875120 0.577969
vt 0.702939 0.753055
vt 0.701679 0.753128
vt 0.702782 0.769462
vt 0.704037 0.769373
vt 0.583253 0.453586
vt 0.583345 0.438858
vt 0.580436 0.438895
vt 0.580335 0.453664
vt 0.887885 0.607167
vt 0.891984 0.605679
vt 0.702646 0.802011
vt 0.703811 0.802019
vt 0.705229 0.785712
vt 0.703969 0.785751
vt 0.703811 0.802019
vt 0.705071 0.802033
vt 0.706226 0.785816
vt 0.705229 0.785712
vt 0.705071 0.802033
vt 0.706052 0.802038
vt 0.580609 0.423807
vt 0.583514 0.423977
vt 0.584274 0.409141
vt 0.581387 0.408759
vt 0.891370 0.621909
vt 0.895700 0.621400
vt 0.702546 0.818267
vt 0.703712 0.818272
vt 0.703712 0.818272
vt 0.703712 0.834525
vt 0.704972 0.834525
vt 0.704972 0.818281
vt 0.705958 0.818281
vt 0.704972 0.818281
vt 0.891366 0.637046
vt 0.895700 0.637554
vt 0.702547 0.834525
vt 0.703712 0.834525
vt 0.705958 0.834522
vt 0.704972 0.834525
vt 0.582126 0.394022
vt 0.585019 0.394435
vt 0.585728 0.379705
vt 0.582824 0.379213
vt 0.891971 0.653273
vt 0.887875 0.651781
vt 0.881077 0.665304
vt 0.884719 0.667703
vt 0.703966 0.867050
vt 0.703807 0.850782
vt 0.702637 0.850794
vt 0.702801 0.867011
vt 0.705226 0.867083
vt 0.705062 0.850773
vt 0.703807 0.850782
vt 0.703966 0.867050
vt 0.706223 0.866982
vt 0.706054 0.850763
vt 0.705062 0.850773
vt 0.705226 0.867083
vt 0.586569 0.364878
vt 0.583666 0.364271
vt 0.871349 0.676893
vt 0.874333 0.680080
vt 0.701625 0.883148
vt 0.702785 0.883334
vt 0.702785 0.883334
vt 0.704041 0.883430
vt 0.964488 0.472158
vt 0.953277 0.484030
vt 0.954064 0.484638
vt 0.965141 0.472911
vt 0.589633 0.335208
vt 0.586778 0.334204
vt 0.584886 0.349207
vt 0.587785 0.349996
vt 0.592568 0.320891
vt 0.589830 0.319644
vt 0.846572 0.696056
vt 0.845326 0.691876
vt 0.830429 0.694498
vt 0.830679 0.698850
vt 0.859216 0.685901
vt 0.861373 0.689685
vt 0.846901 0.697177
vt 0.861953 0.690702
vt 0.830745 0.700018
vt 0.650456 0.932671
vt 0.651715 0.932679
vt 0.651858 0.916336
vt 0.650598 0.916321
vt 0.650409 0.949019
vt 0.651669 0.949019
vt 0.939416 0.513244
vt 0.945376 0.498246
vt 0.944492 0.497792
vt 0.938459 0.512964
vt 0.935388 0.529001
vt 0.936383 0.529095
vt 0.875106 0.680956
vt 0.701684 0.899668
vt 0.702939 0.899750
vt 0.587299 0.705264
vt 0.590274 0.704703
vt 0.588289 0.689879
vt 0.585254 0.690279
vt 0.590949 0.720082
vt 0.593818 0.719254
vt 0.814573 0.697914
vt 0.815324 0.693615
vt 0.800828 0.689285
vt 0.799111 0.693295
vt 0.814363 0.699066
vt 0.798648 0.694366
vt 0.650456 0.965369
vt 0.651715 0.965361
vt 0.650598 0.981720
vt 0.651858 0.981704
vt 0.936378 0.545232
vt 0.935388 0.545328
vt 0.938462 0.561357
vt 0.939419 0.561082
vt 0.587023 0.674958
vt 0.583955 0.675222
vt 0.586217 0.660000
vt 0.583117 0.660161
vt 0.787714 0.681740
vt 0.785131 0.685251
vt 0.784437 0.686189
vt 0.968671 0.801885
vt 0.969697 0.818218
vt 0.970960 0.818136
vt 0.969930 0.801809
vt 0.968985 0.785472
vt 0.967729 0.785543
vt 0.945386 0.576078
vt 0.944494 0.576531
vt 0.585804 0.645115
vt 0.582703 0.645191
vt 0.776697 0.671391
vt 0.773362 0.674211
vt 0.768374 0.658747
vt 0.764485 0.660703
vt 0.772494 0.674993
vt 0.969697 0.818218
vt 0.968543 0.818402
vt 0.969656 0.834539
vt 0.970814 0.834503
vt 0.970814 0.834503
vt 0.972074 0.834472
vt 0.954058 0.589685
vt 0.953279 0.590294
vt 0.964485 0.602158
vt 0.965143 0.601414
vt 0.585673 0.630419
vt 0.582545 0.630598
vt 0.585031 0.615825
vt 0.581934 0.616146
vt 0.763208 0.644508
vt 0.758960 0.645512
vt 0.969419 0.850757
vt 0.970580 0.850769
vt 0.970580 0.850769
vt 0.970404 0.867014
vt 0.971668 0.867027
vt 0.971843 0.850784
vt 0.972829 0.850794
vt 0.973063 0.834587
vt 0.972074 0.834472
vt 0.971843 0.850784
vt 0.584439 0.601131
vt 0.581338 0.601450
vt 0.761451 0.629474
vt 0.757090 0.629464
vt 0.763211 0.614434
vt 0.758969 0.613427
vt 0.969243 0.867006
vt 0.970404 0.867014
vt 0.969166 0.883264
vt 0.970327 0.883264
vt 0.970327 0.883264
vt 0.971587 0.883264
vt 0.972661 0.867035
vt 0.971668 0.867027
vt 0.971587 0.883264
vt 0.972577 0.883268
vt 0.580907 0.586687
vt 0.583995 0.586380
vt 0.583628 0.571620
vt 0.580579 0.572060
vt 0.768390 0.600205
vt 0.764499 0.598248
vt 0.969151 0.899478
vt 0.970316 0.899528
vt 0.970316 0.899528
vt 0.968954 0.915798
vt 0.970217 0.915901
vt 0.971576 0.899580
vt 0.972573 0.899486
vt 0.971576 0.899580
vt 0.776714 0.587564
vt 0.773375 0.584754
vt 0.967807 0.915597
vt 0.968954 0.915798
vt 0.210708 0.686460
vt 0.221800 0.674721
vt 0.221148 0.673971
vt 0.209924 0.685856
vt 0.582533 0.556856
vt 0.579430 0.556720
vt 0.785133 0.573698
vt 0.787713 0.577202
vt 0.784431 0.572759
vt 0.320152 0.861146
vt 0.318891 0.861127
vt 0.201133 0.699632
vt 0.202020 0.700091
vt 0.579551 0.557588
vt 0.772499 0.583968
vt 0.967690 0.932119
vt 0.968946 0.932205
vt 0.434613 0.994007
vt 0.438973 0.997305
vt 0.440037 0.994688
vt 0.430251 0.990703
vt 0.429183 0.993332
vt 0.434613 0.994007
vt 0.430251 0.990703
vt 0.434613 0.994007
vt 0.432484 0.988966
vt 0.432484 0.988966
vt 0.435290 0.988580
vt 0.435290 0.988580
vt 0.437912 0.989644
vt 0.439649 0.991880
vt 0.440037 0.994688
vt 0.436737 0.999046
vt 0.438973 0.997305
vt 0.433935 0.999436
vt 0.436737 0.999046
vt 0.431310 0.998370
vt 0.433935 0.999436
vt 0.429572 0.996132
vt 0.431310 0.998370
vt 0.434613 0.994007
vt 0.429183 0.993332
vt 0.429572 0.996132
vt 0.393409 0.997901
vt 0.393478 0.998149
vt 0.393671 0.998122
vt 0.393589 0.997825
vt 0.393409 0.997901
vt 0.393671 0.998122
vt 0.392875 0.997376
vt 0.393098 0.997501
vt 0.393217 0.997352
vt 0.392946 0.997200
vt 0.392875 0.997376
vt 0.393217 0.997352
vt 0.392643 0.999255
vt 0.392392 0.999250
vt 0.392365 0.999436
vt 0.392670 0.999430
vt 0.391613 0.997909
vt 0.391726 0.997689
vt 0.391584 0.997578
vt 0.391433 0.997839
vt 0.391613 0.997909
vt 0.391584 0.997578
vt 0.392129 0.997375
vt 0.392378 0.997314
vt 0.392354 0.997129
vt 0.392060 0.997207
vt 0.392129 0.997375
vt 0.392354 0.997129
vt 0.393112 0.999053
vt 0.392894 0.999183
vt 0.392961 0.999349
vt 0.393223 0.999197
vt 0.393112 0.999053
vt 0.392961 0.999349
vt 0.392392 0.999250
vt 0.392143 0.999188
vt 0.392067 0.999356
vt 0.392365 0.999436
vt 0.392392 0.999250
vt 0.392067 0.999356
vt 0.391611 0.998662
vt 0.391543 0.998411
vt 0.391357 0.998440
vt 0.391438 0.998737
vt 0.391611 0.998662
vt 0.391357 0.998440
vt 0.392143 0.999188
vt 0.391927 0.999059
vt 0.391807 0.999206
vt 0.392067 0.999356
vt 0.392143 0.999188
vt 0.391807 0.999206
vt 0.393098 0.997501
vt 0.393286 0.997681
vt 0.393425 0.997562
vt 0.393217 0.997352
vt 0.393098 0.997501
vt 0.393425 0.997562
vt 0.391909 0.997508
vt 0.392129 0.997375
vt 0.392060 0.997207
vt 0.391800 0.997361
vt 0.391909 0.997508
vt 0.392060 0.997207
vt 0.392378 0.997314
vt 0.392634 0.997305
vt 0.392654 0.997128
vt 0.392354 0.997129
vt 0.392378 0.997314
vt 0.392654 0.997128
vt 0.391726 0.997689
vt 0.391909 0.997508
vt 0.391800 0.997361
vt 0.391584 0.997578
vt 0.391726 0.997689
vt 0.391800 0.997361
vt 0.393478 0.998149
vt 0.393481 0.998402
vt 0.393665 0.998426
vt 0.393671 0.998122
vt 0.393478 0.998149
vt 0.393665 0.998426
vt 0.393415 0.998653
vt 0.393289 0.998869
vt 0.393442 0.998985
vt 0.393585 0.998715
vt 0.393415 0.998653
vt 0.393442 0.998985
vt 0.393481 0.998402
vt 0.393415 0.998653
vt 0.393585 0.998715
vt 0.393665 0.998426
vt 0.393481 0.998402
vt 0.393585 0.998715
vt 0.391735 0.998879
vt 0.391611 0.998662
vt 0.391438 0.998737
vt 0.391600 0.998994
vt 0.391735 0.998879
vt 0.391438 0.998737
vt 0.393289 0.998869
vt 0.393112 0.999053
vt 0.393223 0.999197
vt 0.393289 0.998869
vt 0.393223 0.999197
vt 0.392634 0.997305
vt 0.392875 0.997376
vt 0.392946 0.997200
vt 0.392654 0.997128
vt 0.392634 0.997305
vt 0.392946 0.997200
vt 0.391927 0.999059
vt 0.391600 0.998994
vt 0.391807 0.999206
vt 0.391927 0.999059
vt 0.391600 0.998994
vt 0.392894 0.999183
vt 0.392643 0.999255
vt 0.392670 0.999430
vt 0.392961 0.999349
vt 0.392894 0.999183
vt 0.392670 0.999430
vt 0.391540 0.998160
vt 0.391358 0.998134
vt 0.391357 0.998440
vt 0.391543 0.998411
vt 0.391540 0.998160
vt 0.391357 0.998440
vt 0.391540 0.998160
vt 0.391613 0.997909
vt 0.391433 0.997839
vt 0.391358 0.998134
vt 0.391540 0.998160
vt 0.391433 0.997839
vt 0.393286 0.997681
vt 0.393409 0.997901
vt 0.393589 0.997825
vt 0.393425 0.997562
vt 0.393286 0.997681
vt 0.393589 0.997825
vt 0.052345 0.998975
vt 0.052808 0.998678
vt 0.052715 0.998568
vt 0.051883 0.999273
vt 0.051975 0.999382
vt 0.052345 0.998975
vt 0.051883 0.999273
vt 0.052345 0.998975
vt 0.051821 0.999143
vt 0.051821 0.999143
vt 0.052345 0.998975
vt 0.051795 0.999002
vt 0.051808 0.998859
vt 0.052345 0.998975
vt 0.051856 0.998723
vt 0.051856 0.998723
vt 0.052345 0.998975
vt 0.051938 0.998605
vt 0.051938 0.998605
vt 0.052345 0.998975
vt 0.052048 0.998513
vt 0.052048 0.998513
vt 0.052345 0.998975
vt 0.052177 0.998451
vt 0.052177 0.998451
vt 0.052345 0.998975
vt 0.052319 0.998426
vt 0.052319 0.998426
vt 0.052345 0.998975
vt 0.052462 0.998438
vt 0.052462 0.998438
vt 0.052345 0.998975
vt 0.052597 0.998486
vt 0.052597 0.998486
vt 0.052345 0.998975
vt 0.052715 0.998568
vt 0.052869 0.998808
vt 0.052808 0.998678
vt 0.052345 0.998975
vt 0.052895 0.998949
vt 0.052869 0.998808
vt 0.052883 0.999092
vt 0.052895 0.998949
vt 0.052345 0.998975
vt 0.052834 0.999227
vt 0.052883 0.999092
vt 0.052345 0.998975
vt 0.052752 0.999345
vt 0.052834 0.999227
vt 0.052513 0.999499
vt 0.052643 0.999438
vt 0.052345 0.998975
vt 0.052371 0.999525
vt 0.052513 0.999499
vt 0.052345 0.998975
vt 0.052228 0.999513
vt 0.052371 0.999525
vt 0.052345 0.998975
vt 0.052093 0.999465
vt 0.052228 0.999513
vt 0.052345 0.998975
vt 0.051975 0.999382
vt 0.052093 0.999465
vt 0.600541 0.998764
vt 0.601831 0.999110
vt 0.601620 0.998257
vt 0.604657 0.996241
vt 0.603965 0.996433
vt 0.604020 0.996848
vt 0.605001 0.997533
vt 0.604657 0.996241
vt 0.604020 0.996848
vt 0.600175 0.997479
vt 0.600541 0.998764
vt 0.601036 0.997671
vt 0.600867 0.997287
vt 0.600175 0.997479
vt 0.601036 0.997671
vt 0.602841 0.998407
vt 0.603123 0.999436
vt 0.603223 0.998245
vt 0.600755 0.995231
vt 0.601271 0.995733
vt 0.601603 0.995477
vt 0.601707 0.994286
vt 0.600755 0.995231
vt 0.601603 0.995477
vt 0.604072 0.998491
vt 0.605001 0.997533
vt 0.603809 0.997654
vt 0.603560 0.997988
vt 0.604072 0.998491
vt 0.603809 0.997654
vt 0.601294 0.998002
vt 0.602999 0.994610
vt 0.601707 0.994286
vt 0.602403 0.995258
vt 0.602823 0.995308
vt 0.602999 0.994610
vt 0.602403 0.995258
vt 0.603799 0.996050
vt 0.604291 0.994958
vt 0.603537 0.995720
vt 0.600810 0.996874
vt 0.599832 0.996188
vt 0.600175 0.997479
vt 0.600810 0.996874
vt 0.604072 0.998491
vt 0.603560 0.997988
vt 0.603223 0.998245
vt 0.603123 0.999436
vt 0.603223 0.998245
vt 0.602429 0.998463
vt 0.603123 0.999436
vt 0.602841 0.998407
vt 0.603209 0.995466
vt 0.599832 0.996188
vt 0.601020 0.996068
vt 0.601271 0.995733
vt 0.600755 0.995231
vt 0.601020 0.996068
vt 0.602999 0.994610
vt 0.602823 0.995308
vt 0.604291 0.994958
vt 0.602999 0.994610
vt 0.603209 0.995466
vt 0.601020 0.996068
vt 0.599832 0.996188
vt 0.600865 0.996454
vt 0.602429 0.998463
vt 0.602014 0.998414
vt 0.604657 0.996241
vt 0.604291 0.994958
vt 0.603799 0.996050
vt 0.603965 0.996433
vt 0.603967 0.997266
vt 0.605001 0.997533
vt 0.604020 0.996848
vt 0.602403 0.995258
vt 0.601707 0.994286
vt 0.601994 0.995313
vt 0.600865 0.996454
vt 0.601036 0.997671
vt 0.600541 0.998764
vt 0.601294 0.998002
vt 0.772436 0.250323
vt 0.765836 0.247652
vt 0.764762 0.250576
vt 0.770393 0.254927
vt 0.776412 0.250947
vt 0.778834 0.248075
vt 0.773107 0.245304
vt 0.774733 0.253777
vt 0.968903 0.219328
vt 0.979173 0.217378
vt 0.976881 0.205456
vt 0.966202 0.205373
vt 0.824390 0.255633
vt 0.825030 0.241403
vt 0.822981 0.244929
vt 0.822671 0.251940
vt 0.821420 0.251106
vt 0.821665 0.245643
vt 0.779644 0.250524
vt 0.781786 0.249891
vt 0.781879 0.246588
vt 0.815251 0.250253
vt 0.815441 0.245940
vt 0.778998 0.244836
vt 0.766078 0.244535
vt 0.777812 0.252344
vt 0.774733 0.253777
vt 0.776645 0.254590
vt 0.809797 0.250153
vt 0.810008 0.245554
vt 0.089683 0.324847
vt 0.113011 0.318259
vt 0.105226 0.310246
vt 0.084123 0.315886
vt 0.171510 0.643730
vt 0.163051 0.636892
vt 0.162815 0.638560
vt 0.169774 0.644658
vt 0.167408 0.648912
vt 0.161877 0.644838
vt 0.161317 0.647893
vt 0.166373 0.651280
vt 0.168213 0.646827
vt 0.162391 0.641609
vt 0.158758 0.660495
vt 0.162306 0.661406
vt 0.154017 0.680274
vt 0.155335 0.680443
vt 0.156212 0.675956
vt 0.066224 0.295696
vt 0.067109 0.298026
vt 0.068490 0.297263
vt 0.068904 0.295753
vt 0.070534 0.297182
vt 0.070550 0.295590
vt 0.075710 0.296637
vt 0.075647 0.295342
vt 0.068711 0.298369
vt 0.074254 0.298668
vt 0.080157 0.296058
vt 0.079790 0.295099
vt 0.076189 0.299321
vt 0.093863 0.295704
vt 0.093477 0.293782
vt 0.093323 0.293068
vt 0.163535 0.680666
vt 0.162785 0.680451
vt 0.157585 0.683952
vt 0.161432 0.687355
vt 0.154542 0.684173
vt 0.154392 0.684774
vt 0.091230 0.327192
vt 0.114802 0.320238
vt 0.095973 0.298343
vt 0.076571 0.303153
vt 0.092716 0.328817
vt 0.116496 0.321839
vt 0.118613 0.323694
vt 0.094558 0.330469
vt 0.095802 0.332483
vt 0.119825 0.325289
vt 0.161321 0.679140
vt 0.156616 0.680791
vt 0.156212 0.675956
vt 0.160094 0.676210
vt 0.151884 0.682824
vt 0.971539 0.234056
vt 0.981333 0.229328
vt 0.092156 0.282909
vt 0.078192 0.283714
vt 0.175774 0.688044
vt 0.175041 0.679977
vt 0.092178 0.280793
vt 0.078859 0.280780
vt 0.179095 0.687426
vt 0.177351 0.679517
vt 0.066160 0.280804
vt 0.068614 0.283636
vt 0.068026 0.280870
vt 0.072877 0.300692
vt 0.067034 0.299604
vt 0.065601 0.298768
vt 0.063301 0.295235
vt 0.330702 0.610118
vt 0.330800 0.613421
vt 0.332001 0.613265
vt 0.331915 0.609893
vt 0.329676 0.686635
vt 0.329967 0.683289
vt 0.328756 0.683276
vt 0.328453 0.686563
vt 0.355103 0.685855
vt 0.354715 0.690177
vt 0.355657 0.690337
vt 0.356057 0.685949
vt 0.282803 0.985883
vt 0.282111 0.986051
vt 0.285538 0.989195
vt 0.286130 0.988798
vt 0.169849 0.635754
vt 0.163017 0.636474
vt 0.169995 0.636081
vt 0.666722 0.513774
vt 0.602456 0.512751
vt 0.602465 0.527357
vt 0.666515 0.528149
vt 0.666338 0.499474
vt 0.602425 0.498103
vt 0.602437 0.542014
vt 0.681201 0.516176
vt 0.681386 0.522670
vt 0.681699 0.534667
vt 0.681839 0.537504
vt 0.772501 0.240282
vt 0.765482 0.241474
vt 0.776860 0.241736
vt 0.775481 0.238817
vt 0.784642 0.249847
vt 0.795414 0.244419
vt 0.795160 0.249969
vt 0.778384 0.240485
vt 0.777471 0.238225
vt 0.775481 0.238817
vt 0.782097 0.243291
vt 0.780029 0.242463
vt 0.030327 0.456455
vt 0.036009 0.447554
vt 0.014962 0.441665
vt 0.007074 0.449572
vt 0.152898 0.641407
vt 0.154291 0.642728
vt 0.162815 0.638560
vt 0.155200 0.647251
vt 0.155231 0.649669
vt 0.161317 0.647893
vt 0.161877 0.644838
vt 0.162391 0.641609
vt 0.155144 0.645157
vt 0.155042 0.660263
vt 0.158758 0.660495
vt 0.051920 0.429074
vt 0.053302 0.429841
vt 0.054219 0.427526
vt 0.051527 0.427573
vt 0.049860 0.428959
vt 0.049858 0.427380
vt 0.044652 0.428323
vt 0.044713 0.427015
vt 0.051685 0.430168
vt 0.046103 0.430389
vt 0.040591 0.426747
vt 0.040214 0.427719
vt 0.026491 0.427289
vt 0.044157 0.431025
vt 0.026882 0.425386
vt 0.027036 0.424688
vt 0.147739 0.677560
vt 0.147121 0.684653
vt 0.148544 0.677590
vt 0.028752 0.458780
vt 0.005259 0.451532
vt 0.043731 0.434869
vt 0.024356 0.429891
vt 0.003540 0.453106
vt 0.027239 0.460387
vt 0.001401 0.454945
vt 0.000179 0.456486
vt 0.024129 0.463948
vt 0.025377 0.462017
vt 0.150594 0.676928
vt 0.115679 0.577471
vt 0.114789 0.578427
vt 0.119247 0.580371
vt 0.152570 0.674540
vt 0.156212 0.675956
vt 0.784922 0.243591
vt 0.966549 0.599471
vt 0.976349 0.603712
vt 0.978741 0.591808
vt 0.045020 0.412624
vt 0.041111 0.412742
vt 0.057149 0.427065
vt 0.057236 0.412019
vt 0.054303 0.412150
vt 0.049935 0.412368
vt 0.028321 0.412721
vt 0.051600 0.412278
vt 0.131010 0.679468
vt 0.134874 0.672342
vt 0.980927 0.579861
vt 0.969491 0.584275
vt 0.047469 0.432424
vt 0.053364 0.431424
vt 0.054812 0.430598
vt 0.330857 0.616762
vt 0.332057 0.616618
vt 0.357196 0.611531
vt 0.357316 0.615872
vt 0.358280 0.615838
vt 0.358149 0.611427
vt 0.280677 0.982007
vt 0.279966 0.981929
vt 0.156611 0.634572
vt 0.156695 0.634220
vt 0.681374 0.509609
vt 0.681228 0.494751
vt 0.770462 0.235666
vt 0.764067 0.238682
vt 0.774985 0.235600
vt 0.775007 0.231834
vt 0.982914 0.567884
vt 0.984762 0.555882
vt 0.974169 0.556097
vt 0.971964 0.570135
vt 0.806997 0.201257
vt 0.811225 0.206861
vt 0.814904 0.208607
vt 0.806327 0.197242
vt 0.806442 0.202653
vt 0.809732 0.207015
vt 0.801829 0.206848
vt 0.804436 0.210293
vt 0.773051 0.229247
vt 0.767305 0.231701
vt 0.761965 0.236375
vt 0.780598 0.229504
vt 0.776826 0.224504
vt 0.776394 0.228755
vt 0.778437 0.231354
vt 0.788778 0.222890
vt 0.800174 0.213693
vt 0.797399 0.210018
vt 0.785435 0.218453
vt 0.776944 0.235779
vt 0.777195 0.233209
vt 0.030281 0.368726
vt 0.007033 0.375621
vt 0.014925 0.383535
vt 0.035969 0.377627
vt 0.150759 0.630805
vt 0.149505 0.631916
vt 0.150973 0.641003
vt 0.146442 0.642734
vt 0.144774 0.636073
vt 0.142393 0.638040
vt 0.144144 0.643878
vt 0.148389 0.641654
vt 0.147226 0.633943
vt 0.132432 0.646072
vt 0.134583 0.649041
vt 0.116271 0.658400
vt 0.117163 0.659364
vt 0.120671 0.656401
vt 0.054192 0.397625
vt 0.053269 0.395309
vt 0.051890 0.396082
vt 0.051500 0.397590
vt 0.049832 0.396198
vt 0.049835 0.397783
vt 0.044622 0.396836
vt 0.044686 0.398148
vt 0.051656 0.394991
vt 0.046074 0.394774
vt 0.040188 0.397462
vt 0.040568 0.398425
vt 0.044126 0.394144
vt 0.026464 0.397902
vt 0.026858 0.399802
vt 0.027013 0.400500
vt 0.123293 0.664576
vt 0.122876 0.663901
vt 0.116728 0.663599
vt 0.117628 0.668778
vt 0.114238 0.661829
vt 0.113746 0.662206
vt 0.028702 0.366401
vt 0.005216 0.373671
vt 0.024328 0.395291
vt 0.043698 0.390305
vt 0.027189 0.364796
vt 0.003498 0.372087
vt 0.001354 0.370259
vt 0.025328 0.363171
vt 0.024055 0.361164
vt 0.000122 0.368683
vt 0.122583 0.662014
vt 0.117923 0.660447
vt 0.120671 0.656401
vt 0.123502 0.659029
vt 0.113034 0.659085
vt 0.057122 0.398079
vt 0.047438 0.392745
vt 0.053330 0.393732
vt 0.054780 0.394549
vt 0.330895 0.620096
vt 0.332092 0.619968
vt 0.357382 0.620237
vt 0.357405 0.624601
vt 0.358362 0.624597
vt 0.358342 0.620216
vt 0.279364 0.977314
vt 0.280003 0.977634
vt 0.280862 0.973298
vt 0.280371 0.972788
vt 0.151008 0.630470
vt 0.666412 0.485120
vt 0.602499 0.483464
vt 0.681380 0.480021
vt 0.763219 0.228768
vt 0.759314 0.234726
vt 0.769425 0.228244
vt 0.766513 0.226865
vt 0.769804 0.226305
vt 0.767653 0.225129
vt 0.766513 0.226865
vt 0.774454 0.226084
vt 0.772325 0.226770
vt 0.821855 0.367526
vt 0.816169 0.376435
vt 0.837215 0.382324
vt 0.845106 0.374411
vt 0.140048 0.627626
vt 0.140276 0.629537
vt 0.149505 0.631916
vt 0.138110 0.633600
vt 0.136603 0.635489
vt 0.142393 0.638040
vt 0.144774 0.636073
vt 0.147226 0.633943
vt 0.139390 0.631952
vt 0.129723 0.643521
vt 0.132432 0.646072
vt 0.800253 0.394892
vt 0.798875 0.394125
vt 0.797955 0.396434
vt 0.800647 0.396400
vt 0.802314 0.395013
vt 0.802314 0.396590
vt 0.807522 0.395650
vt 0.807458 0.396954
vt 0.800492 0.393799
vt 0.806071 0.393580
vt 0.811577 0.397238
vt 0.811957 0.396268
vt 0.825683 0.396698
vt 0.808018 0.392954
vt 0.825291 0.398596
vt 0.825136 0.399294
vt 0.113096 0.652302
vt 0.108223 0.657526
vt 0.113701 0.652828
vt 0.823433 0.365198
vt 0.846923 0.372460
vt 0.808444 0.389115
vt 0.827817 0.394091
vt 0.848639 0.370880
vt 0.824944 0.363596
vt 0.850780 0.369052
vt 0.852003 0.367503
vt 0.828057 0.360036
vt 0.826806 0.361968
vt 0.115717 0.653601
vt 0.118756 0.652997
vt 0.120671 0.656401
vt 0.807137 0.411761
vt 0.811044 0.411868
vt 0.795025 0.396895
vt 0.794918 0.411176
vt 0.797852 0.411317
vt 0.802221 0.411525
vt 0.823838 0.411805
vt 0.800555 0.411444
vt 0.106113 0.639573
vt 0.098829 0.643126
vt 0.797948 0.426339
vt 0.800639 0.426376
vt 0.804707 0.391546
vt 0.798815 0.392542
vt 0.797365 0.393359
vt 0.330925 0.623431
vt 0.332121 0.623310
vt 0.330938 0.626759
vt 0.332134 0.626646
vt 0.357407 0.628975
vt 0.358364 0.628982
vt 0.283154 0.969515
vt 0.282872 0.968870
vt 0.147355 0.624853
vt 0.147646 0.624621
vt 0.666867 0.456458
vt 0.602799 0.454235
vt 0.602634 0.468862
vt 0.666828 0.470779
vt 0.681635 0.467051
vt 0.681915 0.451866
vt 0.682152 0.437172
vt 0.667335 0.442101
vt 0.681298 0.473582
vt 0.764023 0.224722
vt 0.761609 0.221824
vt 0.758454 0.227099
vt 0.978074 0.526518
vt 0.987974 0.531815
vt 0.989332 0.519745
vt 0.979596 0.512387
vt 0.773061 0.179349
vt 0.777000 0.178302
vt 0.763102 0.175184
vt 0.766216 0.177809
vt 0.772027 0.180430
vt 0.766694 0.179236
vt 0.770109 0.186361
vt 0.765893 0.185417
vt 0.758442 0.221107
vt 0.756315 0.233857
vt 0.764368 0.216428
vt 0.758255 0.215050
vt 0.760674 0.218573
vt 0.763909 0.219240
vt 0.765635 0.223586
vt 0.764163 0.221468
vt 0.769056 0.191712
vt 0.764567 0.190699
vt 0.821849 0.455260
vt 0.845099 0.448372
vt 0.837209 0.440458
vt 0.816164 0.446356
vt 0.145352 0.618253
vt 0.143661 0.618281
vt 0.138843 0.626061
vt 0.097467 0.615574
vt 0.096642 0.618654
vt 0.100517 0.618609
vt 0.100413 0.617241
vt 0.134244 0.624499
vt 0.137313 0.618331
vt 0.134209 0.618320
vt 0.131728 0.623943
vt 0.136439 0.624901
vt 0.140579 0.618317
vt 0.121215 0.618393
vt 0.120954 0.621982
vt 0.798867 0.428658
vt 0.800246 0.427881
vt 0.802305 0.427775
vt 0.802308 0.426186
vt 0.807517 0.427134
vt 0.807453 0.425828
vt 0.800481 0.428978
vt 0.806066 0.429205
vt 0.811954 0.426526
vt 0.811576 0.425560
vt 0.808011 0.429838
vt 0.825675 0.426086
vt 0.825281 0.424190
vt 0.825129 0.423492
vt 0.102174 0.626686
vt 0.102265 0.625888
vt 0.097548 0.621722
vt 0.095115 0.626517
vt 0.095999 0.618659
vt 0.823427 0.457584
vt 0.846916 0.450328
vt 0.827813 0.428688
vt 0.808440 0.433673
vt 0.824938 0.459185
vt 0.848636 0.451901
vt 0.850774 0.453735
vt 0.826802 0.460818
vt 0.828072 0.462818
vt 0.852006 0.455315
vt 0.103222 0.624210
vt 0.100453 0.619972
vt 0.105172 0.618551
vt 0.105815 0.622437
vt 0.105172 0.618551
vt 0.766321 0.206084
vt 0.760898 0.204880
vt 0.795015 0.425884
vt 0.986473 0.543861
vt 0.976220 0.541535
vt 0.804699 0.431237
vt 0.798805 0.430230
vt 0.797355 0.429414
vt 0.330935 0.630085
vt 0.332130 0.629988
vt 0.358344 0.633366
vt 0.357388 0.633354
vt 0.286600 0.966744
vt 0.286557 0.966040
vt 0.145755 0.618173
vt 0.602990 0.439650
vt 0.753431 0.226685
vt 0.753196 0.233823
vt 0.755018 0.222677
vt 0.751904 0.223511
vt 0.754049 0.220952
vt 0.751643 0.221453
vt 0.751904 0.223511
vt 0.757461 0.217794
vt 0.756284 0.219682
vt 0.734741 0.907482
vt 0.740680 0.898747
vt 0.719811 0.892248
vt 0.711695 0.899935
vt 0.139270 0.609033
vt 0.138148 0.610534
vt 0.143661 0.618281
vt 0.133868 0.612105
vt 0.131409 0.612701
vt 0.134209 0.618320
vt 0.137313 0.618331
vt 0.140579 0.618317
vt 0.135911 0.611728
vt 0.120741 0.614811
vt 0.121215 0.618393
vt 0.757123 0.880732
vt 0.758482 0.881549
vt 0.759467 0.879255
vt 0.756774 0.879215
vt 0.755066 0.880558
vt 0.755113 0.878977
vt 0.749874 0.879779
vt 0.749975 0.878469
vt 0.756856 0.881824
vt 0.751269 0.881886
vt 0.745863 0.878089
vt 0.745459 0.879039
vt 0.731755 0.878213
vt 0.749303 0.882462
vt 0.732205 0.876331
vt 0.732381 0.875632
vt 0.101913 0.610483
vt 0.094902 0.610882
vt 0.102038 0.611273
vt 0.733096 0.909767
vt 0.709822 0.901833
vt 0.748767 0.886291
vt 0.729548 0.880760
vt 0.708058 0.903355
vt 0.731541 0.911326
vt 0.705866 0.905125
vt 0.704599 0.906641
vt 0.728324 0.914795
vt 0.729631 0.912899
vt 0.103053 0.612918
vt 0.105677 0.614637
vt 0.105172 0.618551
vt 0.750672 0.864796
vt 0.746763 0.864784
vt 0.762411 0.878884
vt 0.762893 0.864629
vt 0.759950 0.864719
vt 0.755586 0.864759
vt 0.733988 0.864382
vt 0.757249 0.864756
vt 0.097972 0.594638
vt 0.105204 0.597795
vt 0.990557 0.507663
vt 0.980948 0.497752
vt 0.752574 0.883956
vt 0.758497 0.883123
vt 0.759969 0.882345
vt 0.330916 0.633404
vt 0.332111 0.633322
vt 0.357338 0.637742
vt 0.358290 0.637751
vt 0.146711 0.611476
vt 0.147086 0.611467
vt 0.603172 0.425081
vt 0.668159 0.413466
vt 0.667612 0.427781
vt 0.682641 0.424323
vt 0.683319 0.410136
vt 0.682258 0.430759
vt 0.748520 0.227723
vt 0.750181 0.234635
vt 0.748635 0.223496
vt 0.744925 0.222829
vt 0.982109 0.482667
vt 0.992514 0.483461
vt 0.993293 0.471345
vt 0.983011 0.468481
vt 0.726201 0.183015
vt 0.728526 0.179667
vt 0.715916 0.186277
vt 0.719986 0.186271
vt 0.726113 0.184510
vt 0.721271 0.187046
vt 0.728482 0.190273
vt 0.724660 0.192278
vt 0.742044 0.224321
vt 0.744025 0.230032
vt 0.747496 0.236234
vt 0.743544 0.216926
vt 0.737994 0.219828
vt 0.742116 0.220947
vt 0.745009 0.219367
vt 0.749125 0.221585
vt 0.746642 0.220912
vt 0.731140 0.195030
vt 0.727060 0.197175
vt 0.737005 0.819926
vt 0.713614 0.826351
vt 0.721345 0.834406
vt 0.742517 0.828947
vt 0.149608 0.605205
vt 0.148613 0.604413
vt 0.139407 0.607042
vt 0.137116 0.602949
vt 0.143398 0.600201
vt 0.141028 0.598229
vt 0.135623 0.600988
vt 0.138432 0.604616
vt 0.145938 0.602264
vt 0.131167 0.590086
vt 0.128581 0.592867
vt 0.116422 0.576399
vt 0.755943 0.847869
vt 0.758001 0.847732
vt 0.757835 0.846694
vt 0.759455 0.847097
vt 0.750762 0.848421
vt 0.752262 0.846366
vt 0.750762 0.848421
vt 0.746331 0.848929
vt 0.750343 0.845699
vt 0.732563 0.848976
vt 0.732890 0.850865
vt 0.112408 0.583880
vt 0.111477 0.577820
vt 0.106540 0.579480
vt 0.112713 0.575092
vt 0.112230 0.574705
vt 0.735470 0.817569
vt 0.711834 0.824356
vt 0.730493 0.846336
vt 0.750000 0.841831
vt 0.733989 0.815930
vt 0.710149 0.822750
vt 0.708044 0.820873
vt 0.732160 0.814264
vt 0.730927 0.812239
vt 0.706841 0.819265
vt 0.114345 0.583182
vt 0.119247 0.580371
vt 0.117378 0.583711
vt 0.738347 0.207773
vt 0.733430 0.210349
vt 0.115125 0.573339
vt 0.763323 0.849874
vt 0.761049 0.846597
vt 0.991633 0.495574
vt 0.753687 0.844356
vt 0.759605 0.845535
vt 0.761049 0.846597
vt 0.330889 0.636720
vt 0.332086 0.636657
vt 0.290791 0.965313
vt 0.290991 0.964651
vt 0.295215 0.965408
vt 0.295633 0.964849
vt 0.149969 0.605394
vt 0.603893 0.410527
vt 0.683918 0.394198
vt 0.668980 0.399100
vt 0.740318 0.233404
vt 0.745332 0.238489
vt 0.740452 0.227723
vt 0.738611 0.230348
vt 0.738605 0.227035
vt 0.737093 0.228933
vt 0.738611 0.230348
vt 0.739157 0.222421
vt 0.739490 0.224624
vt 0.838830 0.465627
vt 0.833155 0.474537
vt 0.854204 0.480407
vt 0.862087 0.472493
vt 0.150867 0.594088
vt 0.149018 0.594656
vt 0.148613 0.604413
vt 0.202472 0.673425
vt 0.199589 0.671672
vt 0.198387 0.672232
vt 0.200253 0.675580
vt 0.144604 0.593274
vt 0.142450 0.592144
vt 0.141028 0.598229
vt 0.143398 0.600201
vt 0.145938 0.602264
vt 0.146477 0.594229
vt 0.133266 0.586901
vt 0.131167 0.590086
vt 0.817259 0.493032
vt 0.815876 0.492269
vt 0.814961 0.494586
vt 0.817656 0.494536
vt 0.819319 0.493144
vt 0.819325 0.494723
vt 0.824528 0.493767
vt 0.824466 0.495078
vt 0.817492 0.491943
vt 0.823073 0.491705
vt 0.828585 0.495337
vt 0.828961 0.494383
vt 0.842686 0.494791
vt 0.825016 0.491068
vt 0.842297 0.496686
vt 0.842145 0.497383
vt 0.121727 0.572093
vt 0.115695 0.568282
vt 0.121323 0.572790
vt 0.840405 0.463293
vt 0.863899 0.470533
vt 0.825440 0.487231
vt 0.844819 0.492187
vt 0.865619 0.468958
vt 0.841917 0.461692
vt 0.867756 0.467122
vt 0.868978 0.465574
vt 0.845024 0.458125
vt 0.843777 0.460059
vt 0.120940 0.574918
vt 0.122096 0.577812
vt 0.119247 0.580371
vt 0.824136 0.510145
vt 0.828055 0.510002
vt 0.812029 0.495044
vt 0.811919 0.510389
vt 0.814846 0.510672
vt 0.819210 0.510454
vt 0.840856 0.509961
vt 0.817542 0.510562
vt 0.128643 0.556025
vt 0.133051 0.562836
vt 0.993981 0.459220
vt 0.983807 0.452739
vt 0.821702 0.489675
vt 0.815814 0.490686
vt 0.814364 0.491511
vt 0.330842 0.640035
vt 0.332042 0.639988
vt 0.330780 0.643351
vt 0.331981 0.643326
vt 0.358214 0.642138
vt 0.357266 0.642120
vt 0.154942 0.600754
vt 0.155244 0.600978
vt 0.604561 0.396030
vt 0.669502 0.384737
vt 0.605245 0.381567
vt 0.670062 0.370374
vt 0.684611 0.380979
vt 0.684803 0.364738
vt 0.684170 0.387631
vt 0.736093 0.232453
vt 0.732809 0.234247
vt 0.994501 0.447088
vt 0.994886 0.434950
vt 0.984330 0.438665
vt 0.693421 0.214722
vt 0.693157 0.210657
vt 0.687380 0.223668
vt 0.690574 0.221131
vt 0.694281 0.215947
vt 0.692061 0.220946
vt 0.729459 0.234550
vt 0.731536 0.237227
vt 0.699717 0.218990
vt 0.697963 0.222939
vt 0.737708 0.237734
vt 0.743866 0.241247
vt 0.725532 0.236244
vt 0.728078 0.237557
vt 0.735268 0.230653
vt 0.730726 0.231499
vt 0.732945 0.231674
vt 0.704752 0.221076
vt 0.702883 0.225283
vt 0.838974 0.553386
vt 0.862213 0.546460
vt 0.854312 0.538562
vt 0.833279 0.544491
vt 0.161095 0.597787
vt 0.160752 0.596117
vt 0.152130 0.592614
vt 0.152805 0.587834
vt 0.159453 0.589858
vt 0.158891 0.586792
vt 0.152937 0.585261
vt 0.152774 0.590052
vt 0.160097 0.593079
vt 0.156770 0.573999
vt 0.153119 0.574379
vt 0.154106 0.553617
vt 0.152778 0.553936
vt 0.153623 0.558511
vt 0.815033 0.524499
vt 0.815957 0.526817
vt 0.817336 0.526044
vt 0.817725 0.524527
vt 0.819396 0.525931
vt 0.819392 0.524346
vt 0.824608 0.525296
vt 0.824543 0.523988
vt 0.817572 0.527140
vt 0.823155 0.527358
vt 0.829038 0.524670
vt 0.828661 0.523710
vt 0.825103 0.527988
vt 0.842754 0.524206
vt 0.842354 0.522299
vt 0.842196 0.521598
vt 0.145066 0.556856
vt 0.145870 0.556814
vt 0.149227 0.551518
vt 0.144133 0.549879
vt 0.152086 0.550142
vt 0.151989 0.549527
vt 0.840555 0.555710
vt 0.864035 0.548413
vt 0.844895 0.526804
vt 0.825534 0.531829
vt 0.842070 0.557308
vt 0.865755 0.549984
vt 0.867898 0.551813
vt 0.843934 0.558938
vt 0.845209 0.560935
vt 0.869132 0.553392
vt 0.147695 0.557468
vt 0.151432 0.554091
vt 0.153623 0.558511
vt 0.149885 0.559719
vt 0.728069 0.230512
vt 0.718318 0.226577
vt 0.716065 0.231653
vt 0.155225 0.550410
vt 0.812100 0.524063
vt 0.821793 0.529394
vt 0.815896 0.528390
vt 0.814450 0.527573
vt 0.330695 0.646661
vt 0.331902 0.646651
vt 0.358114 0.646526
vt 0.357172 0.646508
vt 0.299342 0.967009
vt 0.299925 0.966627
vt 0.302672 0.969930
vt 0.303350 0.969768
vt 0.161250 0.598175
vt 0.606048 0.367177
vt 0.685133 0.350454
vt 0.736252 0.242544
vt 0.743199 0.244296
vt 0.732464 0.240888
vt 0.732738 0.244108
vt 0.730592 0.241530
vt 0.730670 0.243995
vt 0.732738 0.244108
vt 0.729735 0.239084
vt 0.549668 0.570292
vt 0.544019 0.579225
vt 0.565100 0.585014
vt 0.572955 0.577076
vt 0.169107 0.590046
vt 0.167343 0.589285
vt 0.160752 0.596117
vt 0.230103 0.636410
vt 0.226762 0.636926
vt 0.226200 0.638139
vt 0.229783 0.639515
vt 0.164913 0.585332
vt 0.163945 0.583092
vt 0.158891 0.586792
vt 0.159453 0.589858
vt 0.160097 0.593079
vt 0.165705 0.587282
vt 0.160325 0.572944
vt 0.156770 0.573999
vt 0.530289 0.597973
vt 0.528216 0.597801
vt 0.527876 0.614403
vt 0.530128 0.614331
vt 0.528448 0.596745
vt 0.526807 0.597066
vt 0.535681 0.614222
vt 0.535479 0.598590
vt 0.535479 0.598590
vt 0.534014 0.596528
vt 0.539898 0.599142
vt 0.539190 0.614179
vt 0.553650 0.599404
vt 0.535941 0.595867
vt 0.553296 0.601280
vt 0.551978 0.613980
vt 0.159280 0.546923
vt 0.160195 0.554221
vt 0.176248 0.546515
vt 0.175190 0.554331
vt 0.551238 0.567958
vt 0.574765 0.575116
vt 0.536344 0.591999
vt 0.555765 0.596799
vt 0.576474 0.573533
vt 0.552744 0.566348
vt 0.578610 0.571685
vt 0.579826 0.570137
vt 0.555845 0.562767
vt 0.554601 0.564711
vt 0.158605 0.555584
vt 0.196125 0.668230
vt 0.157568 0.558517
vt 0.153623 0.558511
vt 0.995174 0.422812
vt 0.995370 0.410674
vt 0.984912 0.409701
vt 0.984697 0.424457
vt 0.525826 0.599419
vt 0.525963 0.614443
vt 0.532639 0.594493
vt 0.526762 0.595492
vt 0.525290 0.596308
vt 0.522902 0.599923
vt 0.330594 0.649980
vt 0.331803 0.649986
vt 0.357992 0.650920
vt 0.357050 0.650889
vt 0.168095 0.597848
vt 0.168191 0.598211
vt 0.670465 0.341597
vt 0.608515 0.338509
vt 0.607099 0.352811
vt 0.670171 0.355966
vt 0.670083 0.327173
vt 0.610090 0.324124
vt 0.685100 0.337201
vt 0.683812 0.322526
vt 0.685128 0.343881
vt 0.736224 0.247551
vt 0.743376 0.247413
vt 0.732163 0.247333
vt 0.730856 0.250866
vt 0.995298 0.386384
vt 0.984762 0.380421
vt 0.984924 0.394631
vt 0.995391 0.398531
vt 0.688354 0.262226
vt 0.685474 0.259347
vt 0.689739 0.272930
vt 0.690459 0.268922
vt 0.689811 0.262579
vt 0.691446 0.267794
vt 0.728509 0.253298
vt 0.731815 0.253959
vt 0.695901 0.261271
vt 0.697195 0.265393
vt 0.737577 0.252422
vt 0.744394 0.250363
vt 0.724805 0.251179
vt 0.726671 0.257159
vt 0.727469 0.250165
vt 0.730366 0.246506
vt 0.729266 0.248829
vt 0.701061 0.259507
vt 0.702436 0.263899
vt 0.550982 0.657843
vt 0.574079 0.650440
vt 0.566014 0.642706
vt 0.545104 0.649066
vt 0.174781 0.599787
vt 0.175538 0.598236
vt 0.171012 0.589730
vt 0.174570 0.586675
vt 0.178433 0.592478
vt 0.179941 0.589733
vt 0.176298 0.584778
vt 0.173190 0.588295
vt 0.176912 0.595419
vt 0.186526 0.578604
vt 0.183457 0.576546
vt 0.197629 0.561528
vt 0.196437 0.560922
vt 0.194110 0.564897
vt 0.526477 0.629409
vt 0.527442 0.631706
vt 0.528805 0.630905
vt 0.529172 0.629391
vt 0.530858 0.630756
vt 0.530822 0.629169
vt 0.536048 0.630014
vt 0.535959 0.628711
vt 0.529061 0.631998
vt 0.534638 0.632115
vt 0.540459 0.629317
vt 0.540058 0.628363
vt 0.536595 0.632712
vt 0.554164 0.628603
vt 0.553724 0.626715
vt 0.553558 0.626026
vt 0.188770 0.558100
vt 0.189400 0.558596
vt 0.195380 0.556807
vt 0.192732 0.552259
vt 0.198381 0.557626
vt 0.198719 0.557100
vt 0.552616 0.660134
vt 0.575939 0.652356
vt 0.556358 0.631158
vt 0.537101 0.636545
vt 0.554158 0.661704
vt 0.577691 0.653889
vt 0.579875 0.655680
vt 0.556059 0.663290
vt 0.557374 0.665268
vt 0.581137 0.657233
vt 0.190337 0.560277
vt 0.195329 0.560163
vt 0.194110 0.564897
vt 0.190497 0.563393
vt 0.714875 0.254668
vt 0.716545 0.259968
vt 0.200493 0.559825
vt 0.533315 0.634177
vt 0.527414 0.633285
vt 0.525952 0.632500
vt 0.523537 0.629013
vt 0.330484 0.653298
vt 0.331696 0.653311
vt 0.357835 0.655308
vt 0.356895 0.655273
vt 0.304801 0.973807
vt 0.305494 0.973893
vt 0.305473 0.978183
vt 0.306098 0.978502
vt 0.174633 0.600163
vt 0.670016 0.700850
vt 0.608741 0.700095
vt 0.610255 0.714015
vt 0.668630 0.715614
vt 0.670895 0.686354
vt 0.607499 0.686117
vt 0.682678 0.713199
vt 0.684775 0.698226
vt 0.740116 0.256765
vt 0.746173 0.252928
vt 0.734891 0.256133
vt 0.737180 0.258373
vt 0.733892 0.257833
vt 0.735525 0.259633
vt 0.737180 0.258373
vt 0.729437 0.256471
vt 0.731669 0.256541
vt 0.549178 0.408064
vt 0.543497 0.416970
vt 0.564543 0.422860
vt 0.572429 0.414944
vt 0.185700 0.598776
vt 0.184842 0.597042
vt 0.175538 0.598236
vt 0.225506 0.594054
vt 0.225152 0.592764
vt 0.221162 0.595600
vt 0.185480 0.592400
vt 0.186238 0.590065
vt 0.179941 0.589733
vt 0.178433 0.592478
vt 0.176912 0.595419
vt 0.184844 0.594424
vt 0.189963 0.580083
vt 0.186526 0.578604
vt 0.527584 0.435447
vt 0.526204 0.434677
vt 0.525288 0.436992
vt 0.527978 0.436952
vt 0.529644 0.435562
vt 0.529646 0.437142
vt 0.534853 0.436191
vt 0.534792 0.437507
vt 0.527819 0.434357
vt 0.533402 0.434129
vt 0.538913 0.437771
vt 0.539290 0.436802
vt 0.553015 0.437233
vt 0.535349 0.433497
vt 0.552623 0.439134
vt 0.552470 0.439834
vt 0.202703 0.566229
vt 0.205643 0.559747
vt 0.201941 0.565924
vt 0.550754 0.405737
vt 0.574245 0.412994
vt 0.535772 0.429651
vt 0.555149 0.434628
vt 0.575965 0.411414
vt 0.552266 0.404139
vt 0.578103 0.409580
vt 0.579326 0.408031
vt 0.555378 0.400571
vt 0.554128 0.402503
vt 0.199781 0.565855
vt 0.221884 0.636497
vt 0.197108 0.567439
vt 0.194110 0.564897
vt 0.534483 0.451911
vt 0.538391 0.451793
vt 0.522355 0.437456
vt 0.522264 0.452512
vt 0.525198 0.452391
vt 0.529567 0.452167
vt 0.551183 0.451815
vt 0.527900 0.452257
vt 0.219180 0.570233
vt 0.213122 0.575620
vt 0.995097 0.374246
vt 0.994766 0.362105
vt 0.984383 0.364929
vt 0.532035 0.432094
vt 0.526143 0.433100
vt 0.524694 0.433917
vt 0.330356 0.656620
vt 0.331570 0.656640
vt 0.330208 0.659946
vt 0.331427 0.659971
vt 0.357656 0.659699
vt 0.356717 0.659655
vt 0.180219 0.604866
vt 0.179906 0.604841
vt 0.606517 0.671988
vt 0.685766 0.668757
vt 0.685428 0.684437
vt 0.670758 0.671848
vt 0.685206 0.691450
vt 0.738778 0.261236
vt 0.740051 0.264773
vt 0.743804 0.260189
vt 0.983105 0.336403
vt 0.993654 0.337851
vt 0.992931 0.325731
vt 0.714793 0.300793
vt 0.710736 0.300439
vt 0.722734 0.308101
vt 0.720713 0.304573
vt 0.716144 0.300126
vt 0.720747 0.303069
vt 0.739818 0.268136
vt 0.742780 0.266519
vt 0.719959 0.295209
vt 0.723607 0.297536
vt 0.748575 0.254922
vt 0.740895 0.272276
vt 0.742572 0.269968
vt 0.736876 0.261747
vt 0.737006 0.266412
vt 0.737530 0.264243
vt 0.722775 0.290537
vt 0.726658 0.293013
vt 0.549226 0.495798
vt 0.572474 0.488903
vt 0.564580 0.480995
vt 0.543538 0.486896
vt 0.183488 0.608821
vt 0.185131 0.608303
vt 0.187343 0.599723
vt 0.192169 0.599523
vt 0.191219 0.606206
vt 0.194204 0.605212
vt 0.194719 0.599201
vt 0.189971 0.599902
vt 0.188091 0.607300
vt 0.206477 0.601120
vt 0.205477 0.597592
vt 0.226028 0.595295
vt 0.525313 0.466895
vt 0.526236 0.469207
vt 0.527614 0.468438
vt 0.528005 0.466933
vt 0.529675 0.468322
vt 0.529673 0.466739
vt 0.534883 0.467681
vt 0.534819 0.466375
vt 0.527851 0.469538
vt 0.533431 0.469750
vt 0.539317 0.467061
vt 0.538938 0.466098
vt 0.535380 0.470379
vt 0.553039 0.466625
vt 0.552646 0.464728
vt 0.552491 0.464025
vt 0.221445 0.586967
vt 0.221616 0.587748
vt 0.227350 0.590204
vt 0.228223 0.584973
vt 0.229119 0.592780
vt 0.229723 0.592594
vt 0.550804 0.498119
vt 0.574289 0.490853
vt 0.555178 0.469226
vt 0.535806 0.474221
vt 0.552317 0.499721
vt 0.576008 0.492430
vt 0.578151 0.494259
vt 0.554180 0.501353
vt 0.555452 0.503354
vt 0.579384 0.495839
vt 0.221262 0.589637
vt 0.221162 0.595600
vt 0.219377 0.592121
vt 0.735618 0.268900
vt 0.730250 0.277952
vt 0.734935 0.280939
vt 0.229312 0.595843
vt 0.522382 0.466446
vt 0.983831 0.350598
vt 0.994257 0.349976
vt 0.532070 0.471784
vt 0.526175 0.470787
vt 0.524727 0.469970
vt 0.330044 0.663274
vt 0.331262 0.663294
vt 0.357454 0.664084
vt 0.356513 0.664036
vt 0.304610 0.982526
vt 0.305088 0.983036
vt 0.302315 0.986306
vt 0.302594 0.986962
vt 0.180524 0.605243
vt 0.183168 0.609256
vt 0.670536 0.657379
vt 0.605826 0.657749
vt 0.670277 0.642989
vt 0.605407 0.643426
vt 0.685678 0.653402
vt 0.748250 0.262591
vt 0.751425 0.256195
vt 0.746524 0.266204
vt 0.749752 0.266440
vt 0.746850 0.268140
vt 0.749249 0.268472
vt 0.749752 0.266440
vt 0.744316 0.268586
vt 0.709013 0.438011
vt 0.703329 0.446922
vt 0.724374 0.452816
vt 0.732262 0.444903
vt 0.192808 0.615629
vt 0.193232 0.613781
vt 0.185131 0.608303
vt 0.196719 0.610767
vt 0.198812 0.609546
vt 0.194204 0.605212
vt 0.191219 0.606206
vt 0.188091 0.607300
vt 0.194924 0.611851
vt 0.208138 0.604449
vt 0.206477 0.601120
vt 0.687413 0.465392
vt 0.686033 0.464620
vt 0.685116 0.466941
vt 0.687808 0.466898
vt 0.689473 0.465502
vt 0.689475 0.467085
vt 0.694685 0.466134
vt 0.694621 0.467449
vt 0.687649 0.464296
vt 0.693232 0.464075
vt 0.698742 0.467713
vt 0.699119 0.466751
vt 0.712841 0.467182
vt 0.695178 0.463437
vt 0.712446 0.469082
vt 0.712293 0.469779
vt 0.226855 0.602194
vt 0.233287 0.599133
vt 0.226473 0.601469
vt 0.710591 0.435684
vt 0.734079 0.442946
vt 0.695604 0.459595
vt 0.714977 0.464580
vt 0.735799 0.441373
vt 0.712104 0.434086
vt 0.737939 0.439537
vt 0.739158 0.437989
vt 0.715216 0.430519
vt 0.713965 0.432456
vt 0.224869 0.600012
vt 0.221800 0.599483
vt 0.221162 0.595600
vt 0.694288 0.481848
vt 0.698198 0.481736
vt 0.682184 0.467396
vt 0.682074 0.482100
vt 0.685001 0.482291
vt 0.689366 0.482103
vt 0.710996 0.481770
vt 0.687699 0.482191
vt 0.236876 0.615895
vt 0.228771 0.616084
vt 0.992033 0.313612
vt 0.982120 0.321308
vt 0.691864 0.462037
vt 0.685971 0.463044
vt 0.684522 0.463870
vt 0.329860 0.666603
vt 0.331082 0.666622
vt 0.357229 0.668465
vt 0.356287 0.668415
vt 0.184965 0.615734
vt 0.184632 0.615881
vt 0.605279 0.629041
vt 0.670022 0.628571
vt 0.685383 0.639877
vt 0.684635 0.624094
vt 0.685471 0.646677
vt 0.753189 0.263636
vt 0.754520 0.256653
vt 0.752748 0.267653
vt 0.755964 0.269583
vt 0.979564 0.292503
vt 0.989764 0.289438
vt 0.988421 0.277368
vt 0.758853 0.313456
vt 0.755469 0.315720
vt 0.769629 0.314188
vt 0.765838 0.312694
vt 0.759493 0.312096
vt 0.764923 0.311506
vt 0.757581 0.269388
vt 0.757910 0.272331
vt 0.759387 0.305865
vt 0.763687 0.305398
vt 0.758236 0.263338
vt 0.757619 0.256261
vt 0.754629 0.272755
vt 0.755116 0.275558
vt 0.751596 0.269253
vt 0.753664 0.270756
vt 0.758655 0.300463
vt 0.763237 0.299966
vt 0.709038 0.525754
vt 0.732288 0.518860
vt 0.724397 0.510956
vt 0.703354 0.516856
vt 0.184490 0.622641
vt 0.186110 0.623198
vt 0.193414 0.617520
vt 0.197199 0.620608
vt 0.192175 0.625297
vt 0.195104 0.626410
vt 0.199344 0.622048
vt 0.195284 0.619448
vt 0.189063 0.624187
vt 0.207089 0.631210
vt 0.208599 0.627853
vt 0.225798 0.639418
vt 0.685134 0.496840
vt 0.686054 0.499160
vt 0.687434 0.498392
vt 0.687826 0.496880
vt 0.689492 0.498276
vt 0.689493 0.496696
vt 0.694704 0.497647
vt 0.694643 0.496335
vt 0.687669 0.499485
vt 0.693252 0.499703
vt 0.699138 0.497027
vt 0.698758 0.496061
vt 0.695197 0.500332
vt 0.712859 0.496584
vt 0.712464 0.494684
vt 0.712309 0.493983
vt 0.227695 0.630121
vt 0.227314 0.630821
vt 0.234151 0.632990
vt 0.230354 0.639767
vt 0.710616 0.528085
vt 0.734103 0.520823
vt 0.714995 0.499189
vt 0.695624 0.504177
vt 0.712129 0.529686
vt 0.735821 0.522393
vt 0.737963 0.524225
vt 0.713992 0.531316
vt 0.715261 0.533316
vt 0.739195 0.525810
vt 0.225814 0.632026
vt 0.221884 0.636497
vt 0.222770 0.632699
vt 0.756600 0.285973
vt 0.762129 0.285362
vt 0.761344 0.274876
vt 0.227951 0.641969
vt 0.682203 0.496388
vt 0.980933 0.306655
vt 0.990963 0.301520
vt 0.691887 0.501744
vt 0.685992 0.500741
vt 0.684545 0.499918
vt 0.329669 0.669937
vt 0.330893 0.669946
vt 0.329463 0.673272
vt 0.330688 0.673281
vt 0.356971 0.672843
vt 0.356026 0.672786
vt 0.298866 0.989078
vt 0.298907 0.989786
vt 0.294674 0.990499
vt 0.294473 0.991185
vt 0.184069 0.622589
vt 0.669274 0.614063
vt 0.604537 0.614654
vt 0.668633 0.599697
vt 0.603972 0.600176
vt 0.684166 0.608909
vt 0.763030 0.261747
vt 0.760490 0.255054
vt 0.761896 0.266554
vt 0.759186 0.269196
vt 0.764526 0.264691
vt 0.763380 0.267844
vt 0.765460 0.266550
vt 0.764526 0.264691
vt 0.761694 0.269820
vt 0.469928 0.433929
vt 0.464245 0.442840
vt 0.485291 0.448726
vt 0.493179 0.440815
vt 0.187279 0.633570
vt 0.188809 0.632427
vt 0.186110 0.623198
vt 0.193426 0.632343
vt 0.195817 0.632745
vt 0.195104 0.626410
vt 0.192175 0.625297
vt 0.189063 0.624187
vt 0.191354 0.632027
vt 0.206216 0.634852
vt 0.207089 0.631210
vt 0.448335 0.461323
vt 0.446955 0.460553
vt 0.446037 0.462868
vt 0.448732 0.462825
vt 0.450395 0.461431
vt 0.450399 0.463017
vt 0.455605 0.462065
vt 0.455545 0.463379
vt 0.448570 0.460220
vt 0.454154 0.459996
vt 0.459664 0.463638
vt 0.460041 0.462678
vt 0.473765 0.463102
vt 0.456100 0.459363
vt 0.473372 0.465000
vt 0.473219 0.465694
vt 0.221974 0.645193
vt 0.228856 0.647049
vt 0.222150 0.644393
vt 0.471504 0.431608
vt 0.494994 0.438855
vt 0.456523 0.455521
vt 0.475899 0.460494
vt 0.496713 0.437285
vt 0.473015 0.430002
vt 0.498853 0.435446
vt 0.500074 0.433901
vt 0.476125 0.426435
vt 0.474877 0.428371
vt 0.221868 0.642249
vt 0.219856 0.639864
vt 0.221884 0.636497
vt 0.450291 0.478248
vt 0.455213 0.477980
vt 0.214399 0.657222
vt 0.220680 0.662335
vt 0.459127 0.477852
vt 0.443105 0.463330
vt 0.442997 0.478313
vt 0.445927 0.478457
vt 0.471925 0.477864
vt 0.448624 0.478348
vt 0.986887 0.265322
vt 0.977845 0.277189
vt 0.452787 0.457964
vt 0.446892 0.458977
vt 0.445444 0.459797
vt 0.329241 0.676606
vt 0.330463 0.676610
vt 0.356693 0.677221
vt 0.355747 0.677152
vt 0.181219 0.628632
vt 0.180902 0.628466
vt 0.603496 0.585652
vt 0.668004 0.586535
vt 0.683508 0.595684
vt 0.682757 0.580371
vt 0.683791 0.602311
vt 0.767133 0.258819
vt 0.762933 0.253104
vt 0.767615 0.263624
vt 0.771337 0.262989
vt 0.810846 0.287677
vt 0.807012 0.289038
vt 0.802240 0.294191
vt 0.801178 0.298121
vt 0.805540 0.288742
vt 0.801824 0.292751
vt 0.773529 0.260629
vt 0.774615 0.263840
vt 0.776834 0.261470
vt 0.775832 0.259487
vt 0.774553 0.268042
vt 0.778796 0.263452
vt 0.800601 0.284944
vt 0.797661 0.288112
vt 0.767788 0.265582
vt 0.770371 0.265372
vt 0.796693 0.281140
vt 0.793564 0.284516
vt 0.975994 0.262880
vt 0.985188 0.253302
vt 0.469994 0.521679
vt 0.493240 0.514777
vt 0.485343 0.506870
vt 0.464306 0.512780
vt 0.176380 0.633668
vt 0.177276 0.635119
vt 0.186537 0.635404
vt 0.187439 0.640198
vt 0.180582 0.640586
vt 0.182105 0.643306
vt 0.188160 0.642683
vt 0.186727 0.638077
vt 0.178898 0.637756
vt 0.188198 0.654678
vt 0.191504 0.653082
vt 0.197261 0.672946
vt 0.446077 0.492777
vt 0.446997 0.495095
vt 0.448377 0.494326
vt 0.448768 0.492818
vt 0.450435 0.494210
vt 0.450438 0.492627
vt 0.455646 0.493574
vt 0.455583 0.492269
vt 0.448612 0.495419
vt 0.454196 0.495640
vt 0.460079 0.492952
vt 0.459702 0.491985
vt 0.456142 0.496270
vt 0.473801 0.492499
vt 0.473402 0.490606
vt 0.473249 0.489904
vt 0.204671 0.667088
vt 0.203932 0.667379
vt 0.207740 0.673445
vt 0.200525 0.676139
vt 0.471575 0.524006
vt 0.495057 0.516728
vt 0.475935 0.495110
vt 0.456571 0.500111
vt 0.473085 0.525602
vt 0.496776 0.518299
vt 0.498919 0.520134
vt 0.474950 0.527235
vt 0.476223 0.529238
vt 0.500151 0.521714
vt 0.202001 0.667332
vt 0.196125 0.668230
vt 0.199241 0.665892
vt 0.782506 0.274928
vt 0.786281 0.270847
vt 0.197315 0.676248
vt 0.443143 0.492334
vt 0.452832 0.497675
vt 0.446937 0.496675
vt 0.445489 0.495853
vt 0.329005 0.679945
vt 0.330221 0.679945
vt 0.356394 0.681590
vt 0.355443 0.681511
vt 0.290257 0.990399
vt 0.289830 0.990970
vt 0.176087 0.633363
vt 0.667463 0.571016
vt 0.603066 0.571074
vt 0.682341 0.565705
vt 0.773877 0.256885
vt 0.775854 0.256914
vt 0.973930 0.248814
vt 0.983340 0.241300
vt 0.089711 0.236772
vt 0.084141 0.245731
vt 0.105240 0.251386
vt 0.113032 0.243384
vt 0.173420 0.643849
vt 0.177276 0.635119
vt 0.177002 0.646754
vt 0.178575 0.648602
vt 0.182105 0.643306
vt 0.180582 0.640586
vt 0.178898 0.637756
vt 0.175620 0.645181
vt 0.185191 0.656904
vt 0.188198 0.654678
vt 0.068474 0.264342
vt 0.067092 0.263583
vt 0.066208 0.265919
vt 0.068888 0.265853
vt 0.070522 0.264426
vt 0.070536 0.266010
vt 0.075706 0.264966
vt 0.075644 0.266264
vt 0.068695 0.263240
vt 0.074249 0.262929
vt 0.079792 0.266514
vt 0.080157 0.265552
vt 0.093866 0.265918
vt 0.076186 0.262281
vt 0.093479 0.267845
vt 0.093329 0.268553
vt 0.190624 0.675012
vt 0.194851 0.680663
vt 0.191270 0.674506
vt 0.091259 0.234432
vt 0.114825 0.241399
vt 0.076572 0.258454
vt 0.095977 0.263282
vt 0.116521 0.239807
vt 0.092751 0.232810
vt 0.095819 0.229209
vt 0.094591 0.231157
vt 0.118639 0.237953
vt 0.119843 0.236393
vt 0.192417 0.672667
vt 0.192414 0.669534
vt 0.196125 0.668230
vt 0.078165 0.277832
vt 0.092159 0.278723
vt 0.179615 0.679021
vt 0.182177 0.686562
vt 0.068570 0.278129
vt 0.072869 0.260914
vt 0.067011 0.262009
vt 0.065578 0.262845
vt 0.063283 0.266381
vt 0.666998 0.542399
vt 0.602565 0.556523
vt 0.667308 0.556671
vt 0.682209 0.552670
vt 0.681839 0.540273
vt 0.682033 0.559244
vt 0.433667 0.948937
vt 0.434904 0.949170
vt 0.435009 0.946341
vt 0.434183 0.946027
vt 0.434773 0.954827
vt 0.433431 0.954670
vt 0.433222 0.957513
vt 0.434817 0.957661
vt 0.434792 0.952001
vt 0.433242 0.951846
vt 0.435106 0.966144
vt 0.434093 0.966025
vt 0.433524 0.968727
vt 0.435021 0.968971
vt 0.435064 0.940677
vt 0.433570 0.940494
vt 0.434035 0.943251
vt 0.435033 0.943511
vt 0.433758 0.960385
vt 0.434988 0.960484
vt 0.435142 0.963311
vt 0.434323 0.963275
vt 0.433235 0.971532
vt 0.434921 0.971804
vt 0.435077 0.937851
vt 0.433382 0.937655
vt 0.437912 0.989644
vt 0.761201 0.272017
vt 0.070608 0.276046
vt 0.076167 0.275772
vt 0.076241 0.285731
vt 0.070720 0.285628
vt 0.073581 0.286383
vt 0.073467 0.275137
vt 0.772423 0.266222
vt 0.523108 0.614366
vt 0.063238 0.280818
vt 0.283848 0.991634
vt 0.279691 0.987768
vt 0.275433 0.990991
vt 0.280946 0.996114
vt 0.277105 0.982717
vt 0.272005 0.984280
vt 0.276406 0.977081
vt 0.271075 0.976811
vt 0.277675 0.971548
vt 0.272759 0.969466
vt 0.280760 0.966779
vt 0.276851 0.963142
vt 0.285290 0.963355
vt 0.282861 0.958602
vt 0.290719 0.961688
vt 0.290058 0.956400
vt 0.296386 0.961980
vt 0.297581 0.956784
vt 0.301614 0.964192
vt 0.304516 0.959711
vt 0.305771 0.968055
vt 0.310029 0.964835
vt 0.308355 0.973106
vt 0.313455 0.971540
vt 0.309054 0.978742
vt 0.314384 0.979015
vt 0.307789 0.984278
vt 0.312703 0.986353
vt 0.304706 0.989044
vt 0.308612 0.992677
vt 0.300177 0.992464
vt 0.302607 0.997220
vt 0.294749 0.994137
vt 0.295405 0.999436
vt 0.289077 0.993852
vt 0.287882 0.999049
vt 0.760485 0.992469
vt 0.760485 0.992122
vt 0.759641 0.992122
vt 0.759641 0.992469
vt 0.760485 0.991768
vt 0.760485 0.991424
vt 0.759641 0.991424
vt 0.759641 0.991768
vt 0.760485 0.997350
vt 0.760485 0.996999
vt 0.759641 0.996999
vt 0.759641 0.997350
vt 0.760485 0.991077
vt 0.759641 0.991077
vt 0.760485 0.994208
vt 0.760485 0.993863
vt 0.759641 0.993863
vt 0.759641 0.994208
vt 0.760485 0.997693
vt 0.759641 0.997693
vt 0.760485 0.999088
vt 0.760485 0.998738
vt 0.759641 0.998738
vt 0.759641 0.999088
vt 0.760485 0.996647
vt 0.760485 0.996297
vt 0.759641 0.996297
vt 0.759641 0.996647
vt 0.760485 0.995953
vt 0.759641 0.995953
vt 0.760485 0.993167
vt 0.760485 0.992824
vt 0.759641 0.992824
vt 0.759641 0.993167
vt 0.760485 0.993515
vt 0.759641 0.993515
vt 0.760485 0.998394
vt 0.759641 0.998394
vt 0.760485 0.995606
vt 0.759641 0.995606
vt 0.760485 0.994909
vt 0.760485 0.994558
vt 0.759641 0.994558
vt 0.759641 0.994909
vt 0.760485 0.999436
vt 0.759641 0.999436
vt 0.760485 0.998044
vt 0.759641 0.998044
vt 0.760485 0.995255
vt 0.759641 0.995255
vt 0.394834 0.999040
vt 0.394617 0.998821
vt 0.394480 0.998932
vt 0.394732 0.999180
vt 0.394380 0.998271
vt 0.394375 0.997973
vt 0.394201 0.997949
vt 0.394204 0.998297
vt 0.394462 0.998565
vt 0.394300 0.998634
vt 0.394598 0.997412
vt 0.394812 0.997194
vt 0.394700 0.997058
vt 0.394457 0.997306
vt 0.396611 0.998535
vt 0.396462 0.998799
vt 0.396604 0.998905
vt 0.396774 0.998605
vt 0.395990 0.999177
vt 0.395698 0.999259
vt 0.395722 0.999430
vt 0.396060 0.999336
vt 0.396685 0.998244
vt 0.396859 0.998265
vt 0.396444 0.997382
vt 0.396598 0.997643
vt 0.396760 0.997575
vt 0.396579 0.997274
vt 0.395099 0.999186
vt 0.395036 0.999353
vt 0.396682 0.997940
vt 0.396856 0.997907
vt 0.394449 0.997678
vt 0.394287 0.997613
vt 0.395069 0.997035
vt 0.395360 0.996948
vt 0.395338 0.996787
vt 0.395000 0.996872
vt 0.395394 0.999264
vt 0.395376 0.999436
vt 0.396252 0.999022
vt 0.396360 0.999159
vt 0.396227 0.997177
vt 0.396333 0.997032
vt 0.395667 0.996949
vt 0.395960 0.997021
vt 0.396025 0.996857
vt 0.395689 0.996775
vt 0.678248 0.998223
vt 0.678248 0.998528
vt 0.679455 0.998528
vt 0.679455 0.998223
vt 0.678248 0.998831
vt 0.678248 0.999134
vt 0.679455 0.999134
vt 0.679455 0.998831
vt 0.678248 0.993965
vt 0.678248 0.994271
vt 0.679455 0.994271
vt 0.679455 0.993965
vt 0.678248 0.999436
vt 0.679455 0.999436
vt 0.678248 0.996699
vt 0.678248 0.997002
vt 0.679455 0.997002
vt 0.679455 0.996699
vt 0.678248 0.993663
vt 0.679455 0.993663
vt 0.678248 0.992446
vt 0.678248 0.992751
vt 0.679455 0.992751
vt 0.679455 0.992446
vt 0.678248 0.994571
vt 0.678248 0.994880
vt 0.679455 0.994880
vt 0.679455 0.994571
vt 0.678248 0.995179
vt 0.679455 0.995179
vt 0.678248 0.997611
vt 0.678248 0.997917
vt 0.679455 0.997917
vt 0.679455 0.997611
vt 0.678248 0.997304
vt 0.679455 0.997304
vt 0.678248 0.993051
vt 0.679455 0.993051
vt 0.678248 0.995483
vt 0.679455 0.995483
vt 0.678248 0.996090
vt 0.678248 0.996399
vt 0.679455 0.996399
vt 0.679455 0.996090
vt 0.678248 0.992143
vt 0.679455 0.992143
vt 0.678248 0.993357
vt 0.679455 0.993357
vt 0.678248 0.995785
vt 0.679455 0.995785
vt 0.128257 0.998569
vt 0.128385 0.998955
vt 0.128497 0.998901
vt 0.128379 0.998546
vt 0.128233 0.998163
vt 0.128357 0.998172
vt 0.130965 0.997257
vt 0.130661 0.996987
vt 0.130591 0.997090
vt 0.130870 0.997338
vt 0.131188 0.997596
vt 0.131076 0.997651
vt 0.130080 0.999805
vt 0.130466 0.999677
vt 0.130412 0.999565
vt 0.130056 0.999683
vt 0.131258 0.998786
vt 0.131340 0.998388
vt 0.131216 0.998379
vt 0.131140 0.998746
vt 0.128768 0.997098
vt 0.128498 0.997402
vt 0.128601 0.997471
vt 0.128849 0.997192
vt 0.129276 0.999747
vt 0.129674 0.999829
vt 0.129683 0.999705
vt 0.129317 0.999629
vt 0.131316 0.997982
vt 0.131194 0.998006
vt 0.128609 0.999295
vt 0.128912 0.999565
vt 0.128982 0.999462
vt 0.128703 0.999213
vt 0.130297 0.996804
vt 0.129899 0.996722
vt 0.129890 0.996846
vt 0.130256 0.996922
vt 0.129107 0.996874
vt 0.129162 0.996986
vt 0.129493 0.996746
vt 0.129517 0.996868
vt 0.128315 0.997765
vt 0.128433 0.997806
vt 0.131076 0.999150
vt 0.130973 0.999080
vt 0.130805 0.999454
vt 0.130724 0.999359
vt 0.097245 0.996609
vt 0.097245 0.996738
vt 0.097469 0.996738
vt 0.097469 0.996608
vt 0.097245 0.997383
vt 0.097245 0.997505
vt 0.097469 0.997505
vt 0.097469 0.997383
vt 0.097245 0.997124
vt 0.097245 0.997256
vt 0.097469 0.997256
vt 0.097469 0.997124
vt 0.097245 0.996994
vt 0.097469 0.996994
vt 0.130215 0.997905
vt 0.130296 0.998029
vt 0.130033 0.998785
vt 0.129893 0.998832
vt 0.130352 0.998317
vt 0.130322 0.998461
vt 0.129318 0.997958
vt 0.129416 0.997847
vt 0.129746 0.998841
vt 0.129601 0.998811
vt 0.130343 0.998169
vt 0.129469 0.998744
vt 0.129358 0.998646
vt 0.129277 0.998523
vt 0.129827 0.997711
vt 0.129972 0.997741
vt 0.129540 0.997766
vt 0.129680 0.997720
vt 0.129222 0.998235
vt 0.129252 0.998090
vt 0.130255 0.998594
vt 0.130157 0.998704
vt 0.130105 0.997807
vt 0.129230 0.998382
vt 0.097245 0.996867
vt 0.097469 0.996867
vt 0.097245 0.997640
vt 0.097245 0.997769
vt 0.097469 0.997769
vt 0.097469 0.997640
vt 0.097245 0.996479
vt 0.097469 0.996479
vt 0.097245 0.998277
vt 0.097241 0.998410
vt 0.097469 0.998410
vt 0.097469 0.998277
vt 0.097245 0.999050
vt 0.097245 0.999182
vt 0.097469 0.999182
vt 0.097469 0.999050
vt 0.097240 0.996352
vt 0.097469 0.996352
vt 0.097245 0.997891
vt 0.097469 0.997891
vt 0.097245 0.999304
vt 0.097245 0.999436
vt 0.097469 0.999436
vt 0.097469 0.999304
vt 0.097245 0.998023
vt 0.097469 0.998023
vt 0.097245 0.998150
vt 0.097469 0.998150
vt 0.097241 0.998923
vt 0.097469 0.998923
vt 0.097245 0.998796
vt 0.097469 0.998796
vt 0.097241 0.998658
vt 0.097469 0.998658
vt 0.097241 0.998537
vt 0.097469 0.998536
vt 0.051795 0.999002
vt 0.051808 0.998859
vt 0.052345 0.998975
vt 0.052643 0.999438
vt 0.052752 0.999345
vt 0.306676 0.997752
vt 0.306911 0.997653
vt 0.306632 0.996529
vt 0.306206 0.996470
vt 0.269162 0.972356
vt 0.269162 0.973694
vt 0.270442 0.973694
vt 0.270442 0.972356
vt 0.269162 0.977706
vt 0.269162 0.979039
vt 0.270442 0.979044
vt 0.270442 0.977706
vt 0.269162 0.980376
vt 0.269162 0.981713
vt 0.270442 0.981713
vt 0.270442 0.980376
vt 0.269162 0.969686
vt 0.269162 0.971017
vt 0.270442 0.971017
vt 0.270442 0.969686
vt 0.269162 0.975026
vt 0.269162 0.976364
vt 0.270442 0.976364
vt 0.270442 0.975026
vt 0.308221 0.997726
vt 0.307860 0.998188
vt 0.308467 0.997873
vt 0.309797 0.996179
vt 0.309941 0.996430
vt 0.310481 0.996205
vt 0.309948 0.995510
vt 0.269162 0.984383
vt 0.269162 0.985721
vt 0.270442 0.985721
vt 0.270442 0.984383
vt 0.307797 0.996986
vt 0.307221 0.996611
vt 0.307325 0.997482
vt 0.307872 0.997261
vt 0.308668 0.998531
vt 0.308750 0.997949
vt 0.269162 0.983048
vt 0.270442 0.983053
vt 0.308231 0.995952
vt 0.308266 0.995271
vt 0.307564 0.995798
vt 0.308023 0.996161
vt 0.310795 0.998323
vt 0.310594 0.998170
vt 0.309763 0.998974
vt 0.309924 0.999375
vt 0.269162 0.980376
vt 0.270442 0.980376
vt 0.310012 0.996710
vt 0.310587 0.997084
vt 0.269162 0.983048
vt 0.270442 0.983053
vt 0.269162 0.977706
vt 0.270442 0.977706
vt 0.310245 0.997898
vt 0.309930 0.997283
vt 0.309783 0.997535
vt 0.309342 0.995816
vt 0.309139 0.995161
vt 0.309057 0.995741
vt 0.269162 0.975026
vt 0.270442 0.975026
vt 0.269162 0.972356
vt 0.270442 0.972356
vt 0.308769 0.995742
vt 0.309575 0.997732
vt 0.309322 0.997882
vt 0.309539 0.998419
vt 0.308015 0.997518
vt 0.308486 0.995814
vt 0.309593 0.995971
vt 0.310009 0.997000
vt 0.307799 0.996691
vt 0.309040 0.997950
vt 0.307876 0.996410
vt 0.309237 0.994461
vt 0.307884 0.994319
vt 0.308043 0.994718
vt 0.309202 0.994717
vt 0.307008 0.995370
vt 0.307207 0.995521
vt 0.308570 0.999225
vt 0.308605 0.998976
vt 0.311131 0.995948
vt 0.310586 0.994702
vt 0.310313 0.995037
vt 0.310894 0.996040
vt 0.311602 0.997225
vt 0.311177 0.997170
vt 0.307228 0.998997
vt 0.307493 0.998655
vt 0.415033 0.998738
vt 0.415110 0.998447
vt 0.414930 0.998415
vt 0.414871 0.998682
vt 0.414124 0.997129
vt 0.413823 0.997141
vt 0.413844 0.997314
vt 0.414101 0.997300
vt 0.414115 0.999436
vt 0.414399 0.999350
vt 0.414336 0.999175
vt 0.414087 0.999238
vt 0.415117 0.998153
vt 0.414941 0.998170
vt 0.413047 0.998998
vt 0.413260 0.999179
vt 0.413368 0.999061
vt 0.413189 0.998882
vt 0.413522 0.999337
vt 0.413811 0.999423
vt 0.413833 0.999252
vt 0.413584 0.999168
vt 0.412901 0.997839
vt 0.412821 0.998130
vt 0.412999 0.998162
vt 0.413066 0.997895
vt 0.413057 0.997576
vt 0.413195 0.997680
vt 0.412820 0.998449
vt 0.412997 0.998408
vt 0.413528 0.997203
vt 0.413599 0.997378
vt 0.415034 0.997855
vt 0.414872 0.997922
vt 0.414882 0.997578
vt 0.414674 0.997373
vt 0.414565 0.997491
vt 0.414741 0.997695
vt 0.414668 0.999189
vt 0.414557 0.999062
vt 0.412899 0.998722
vt 0.413059 0.998656
vt 0.413270 0.997364
vt 0.413377 0.997491
vt 0.414412 0.997215
vt 0.414349 0.997360
vt 0.414876 0.998977
vt 0.414740 0.998898
vt 0.023549 0.997904
vt 0.023549 0.997652
vt 0.022648 0.997652
vt 0.022648 0.997904
vt 0.098957 0.996883
vt 0.098957 0.996632
vt 0.098057 0.996632
vt 0.098057 0.996883
vt 0.054574 0.999185
vt 0.054574 0.998927
vt 0.053675 0.998927
vt 0.053675 0.999185
vt 0.023549 0.998670
vt 0.023549 0.998418
vt 0.022648 0.998418
vt 0.022648 0.998670
vt 0.098957 0.998413
vt 0.098957 0.998161
vt 0.098057 0.998161
vt 0.098057 0.998413
vt 0.098957 0.997648
vt 0.098957 0.997396
vt 0.098057 0.997396
vt 0.098057 0.997648
vt 0.023549 0.998928
vt 0.022648 0.998928
vt 0.098957 0.997906
vt 0.098057 0.997906
vt 0.023549 0.998161
vt 0.022648 0.998161
vt 0.054574 0.999436
vt 0.053675 0.999436
vt 0.098957 0.997139
vt 0.098057 0.997139
vt 0.023549 0.997395
vt 0.022648 0.997395
vt 0.098957 0.999178
vt 0.098957 0.998928
vt 0.098057 0.998928
vt 0.098057 0.999178
vt 0.023549 0.999186
vt 0.022648 0.999186
vt 0.098957 0.998670
vt 0.098057 0.998670
vt 0.023549 0.999436
vt 0.022648 0.999436
vt 0.098957 0.996374
vt 0.098057 0.996374
vt 0.098957 0.999436
vt 0.098057 0.999436
vt 0.054574 0.998669
vt 0.053675 0.998669
vt 0.098957 0.996116
vt 0.098057 0.996116
vt 0.308561 0.999297
vt 0.309947 0.999436
vt 0.309947 0.999436
vt 0.310856 0.998371
vt 0.306609 0.997774
vt 0.307186 0.999051
vt 0.307186 0.999051
vt 0.306957 0.995327
vt 0.306139 0.996458
vt 0.306139 0.996458
vt 0.309247 0.994396
vt 0.307855 0.994257
vt 0.307855 0.994257
vt 0.311198 0.995924
vt 0.310626 0.994646
vt 0.310626 0.994646
vt 0.311673 0.997238
vt 0.311673 0.997238
vt 0.601831 0.999110
vt 0.602014 0.998414
vt 0.601620 0.998257
vt 0.603809 0.997654
vt 0.605001 0.997533
vt 0.603967 0.997266
vt 0.601994 0.995313
vt 0.601707 0.994286
vt 0.601603 0.995477
vt 0.644140 0.997757
vt 0.644140 0.997341
vt 0.642121 0.997341
vt 0.642121 0.997757
vt 0.644140 0.993994
vt 0.644140 0.993571
vt 0.642121 0.993571
vt 0.642121 0.993994
vt 0.644140 0.999436
vt 0.644140 0.999015
vt 0.642121 0.999015
vt 0.642121 0.999436
vt 0.644140 0.991057
vt 0.644140 0.990643
vt 0.642121 0.990643
vt 0.642121 0.991057
vt 0.644140 0.995251
vt 0.644140 0.994831
vt 0.642121 0.994831
vt 0.642121 0.995251
vt 0.644140 0.998602
vt 0.642121 0.998602
vt 0.644140 0.991479
vt 0.642121 0.991479
vt 0.644140 0.992315
vt 0.644140 0.991895
vt 0.642121 0.991895
vt 0.642121 0.992315
vt 0.644140 0.990224
vt 0.644140 0.989802
vt 0.642121 0.989802
vt 0.642121 0.990224
vt 0.644140 0.993152
vt 0.644140 0.992736
vt 0.642121 0.992736
vt 0.642121 0.993152
vt 0.644140 0.996921
vt 0.642121 0.996921
vt 0.644140 0.996083
vt 0.644140 0.995664
vt 0.642121 0.995664
vt 0.642121 0.996083
vt 0.644140 0.998179
vt 0.642121 0.998179
vt 0.644140 0.994410
vt 0.642121 0.994410
vt 0.644140 0.996500
vt 0.642121 0.996500
vt 0.644140 0.989386
vt 0.642121 0.989386
vt 0.625541 0.100808
vt 0.625278 0.095428
vt 0.612929 0.099970
vt 0.614212 0.105181
vt 0.637489 0.098657
vt 0.638264 0.093301
vt 0.899337 0.615419
vt 0.897440 0.615981
vt 0.901393 0.628749
vt 0.903245 0.628054
vt 0.895710 0.602638
vt 0.893802 0.603159
vt 0.892939 0.603397
vt 0.896584 0.616225
vt 0.900536 0.629013
vt 0.892151 0.603628
vt 0.895795 0.616476
vt 0.899742 0.629241
vt 0.601668 0.106758
vt 0.603917 0.111614
vt 0.591888 0.115572
vt 0.595020 0.119887
vt 0.901216 0.210040
vt 0.899364 0.209342
vt 0.895437 0.220008
vt 0.896532 0.222478
vt 0.906064 0.197735
vt 0.904261 0.196894
vt 0.898523 0.209024
vt 0.894595 0.219716
vt 0.903433 0.196570
vt 0.897750 0.208748
vt 0.893807 0.219481
vt 0.902641 0.196319
vt 0.583956 0.126066
vt 0.587856 0.129687
vt 0.890787 0.234548
vt 0.886320 0.249488
vt 0.888696 0.247754
vt 0.892668 0.235129
vt 0.889930 0.234281
vt 0.885457 0.249250
vt 0.889139 0.234053
vt 0.884663 0.249034
vt 0.578156 0.137869
vt 0.582675 0.140668
vt 0.882813 0.260002
vt 0.883680 0.260208
vt 0.882007 0.259831
vt 0.573692 0.163682
vt 0.578934 0.164550
vt 0.579664 0.152428
vt 0.574690 0.150563
vt 0.880704 0.273199
vt 0.882625 0.273624
vt 0.885614 0.260681
vt 0.879825 0.273005
vt 0.879018 0.272850
vt 0.575196 0.176751
vt 0.580513 0.176584
vt 0.579143 0.189299
vt 0.584339 0.188117
vt 0.877938 0.286243
vt 0.879872 0.286621
vt 0.875869 0.296815
vt 0.877254 0.299634
vt 0.877059 0.286059
vt 0.874990 0.296624
vt 0.876246 0.285910
vt 0.874177 0.296520
vt 0.593721 0.211057
vt 0.598115 0.207976
vt 0.590278 0.198704
vt 0.585393 0.200873
vt 0.872055 0.325742
vt 0.874017 0.325967
vt 0.875628 0.312767
vt 0.873669 0.312523
vt 0.872777 0.312409
vt 0.871163 0.325641
vt 0.871961 0.312307
vt 0.870341 0.325564
vt 0.603828 0.219482
vt 0.607562 0.215609
vt 0.615345 0.225840
vt 0.618286 0.221307
vt 0.870661 0.338993
vt 0.872630 0.339183
vt 0.869644 0.350437
vt 0.871380 0.352425
vt 0.869773 0.338910
vt 0.868752 0.350380
vt 0.868947 0.338844
vt 0.867930 0.350352
vt 0.640913 0.231526
vt 0.641966 0.226175
vt 0.629896 0.224868
vt 0.627860 0.229899
vt 0.868611 0.378898
vt 0.870585 0.378929
vt 0.870944 0.365641
vt 0.868975 0.365584
vt 0.868081 0.365548
vt 0.867713 0.378879
vt 0.867255 0.365526
vt 0.866891 0.378879
vt 0.654039 0.230646
vt 0.654067 0.225169
vt 0.666762 0.227297
vt 0.665757 0.221899
vt 0.868470 0.392222
vt 0.870448 0.392222
vt 0.868555 0.405542
vt 0.870522 0.405517
vt 0.867578 0.392218
vt 0.867653 0.405558
vt 0.866746 0.392234
vt 0.866831 0.405587
vt 0.689190 0.213774
vt 0.686258 0.209087
vt 0.676618 0.216474
vt 0.678622 0.221601
vt 0.869389 0.432177
vt 0.871364 0.432076
vt 0.870833 0.418799
vt 0.868855 0.418863
vt 0.867964 0.418895
vt 0.868495 0.432228
vt 0.867138 0.418936
vt 0.867669 0.432282
vt 0.698084 0.204075
vt 0.694321 0.200012
vt 0.704983 0.192877
vt 0.700526 0.189572
vt 0.870140 0.445482
vt 0.872108 0.445346
vt 0.871116 0.458755
vt 0.873090 0.458631
vt 0.869248 0.445536
vt 0.870064 0.456841
vt 0.868423 0.445606
vt 0.869242 0.456911
vt 0.711876 0.167609
vt 0.706519 0.166149
vt 0.704642 0.178143
vt 0.709639 0.180569
vt 0.872591 0.485355
vt 0.874559 0.485215
vt 0.873728 0.471949
vt 0.871759 0.472057
vt 0.870868 0.472104
vt 0.871693 0.485419
vt 0.870042 0.472165
vt 0.870871 0.485495
vt 0.711627 0.154455
vt 0.706089 0.154017
vt 0.708889 0.141585
vt 0.703377 0.142181
vt 0.873646 0.498641
vt 0.875614 0.498460
vt 0.874685 0.509600
vt 0.876803 0.511692
vt 0.872751 0.498723
vt 0.873799 0.509714
vt 0.871932 0.498806
vt 0.872986 0.509844
vt 0.696441 0.118539
vt 0.691553 0.121098
vt 0.698474 0.131070
vt 0.703768 0.129464
vt 0.879148 0.538206
vt 0.881101 0.537863
vt 0.878920 0.524746
vt 0.876970 0.525066
vt 0.876085 0.525206
vt 0.878269 0.538358
vt 0.875272 0.525343
vt 0.877457 0.538517
vt 0.687184 0.109191
vt 0.682868 0.112610
vt 0.676324 0.101766
vt 0.672741 0.105908
vt 0.883490 0.550933
vt 0.881550 0.551311
vt 0.883961 0.563324
vt 0.886055 0.564006
vt 0.880672 0.551476
vt 0.883082 0.563508
vt 0.879864 0.551654
vt 0.882278 0.563711
vt 0.664252 0.096534
vt 0.661525 0.101256
vt 0.887182 0.577349
vt 0.889103 0.576885
vt 0.886315 0.577555
vt 0.885509 0.577762
vt 0.651414 0.093681
vt 0.649630 0.098812
vt 0.890387 0.590279
vt 0.892302 0.589787
vt 0.889517 0.590501
vt 0.888726 0.590727
vt 0.518347 0.985829
vt 0.517496 0.983482
vt 0.507608 0.988437
vt 0.513339 0.978974
vt 0.511028 0.977923
vt 0.516280 0.981549
vt 0.514939 0.980114
vt 0.508495 0.977434
vt 0.502330 0.978725
vt 0.500259 0.980190
vt 0.506577 0.977405
vt 0.504382 0.977834
vt 0.504102 0.998916
vt 0.506639 0.999433
vt 0.513133 0.998041
vt 0.514942 0.996709
vt 0.508888 0.999436
vt 0.511083 0.998958
vt 0.516483 0.995071
vt 0.518651 0.988306
vt 0.517649 0.993158
vt 0.518393 0.991006
vt 0.498570 0.982096
vt 0.496550 0.988111
vt 0.496773 0.990626
vt 0.497560 0.983761
vt 0.496818 0.985881
vt 0.497580 0.993057
vt 0.501762 0.997822
vt 0.498695 0.995017
vt 0.500198 0.996692
vt 0.985776 0.967628
vt 0.979977 0.965084
vt 0.978774 0.968525
vt 0.984796 0.970326
vt 0.986742 0.965612
vt 0.981212 0.962492
vt 0.991375 0.959727
vt 0.987355 0.954780
vt 0.984755 0.957392
vt 0.989441 0.961675
vt 0.319094 0.950634
vt 0.319553 0.949362
vt 0.315602 0.947818
vt 0.315049 0.948937
vt 0.924572 0.962858
vt 0.925041 0.960324
vt 0.921582 0.959411
vt 0.920570 0.961845
vt 0.325022 0.956538
vt 0.323098 0.952706
vt 0.321877 0.953282
vt 0.323703 0.957081
vt 0.911526 0.953223
vt 0.913830 0.956829
vt 0.915771 0.955155
vt 0.913794 0.952090
vt 0.916571 0.959823
vt 0.917969 0.957925
vt 0.322321 0.951090
vt 0.321241 0.952065
vt 0.318135 0.952434
vt 0.318657 0.951892
vt 0.314579 0.950093
vt 0.314529 0.950792
vt 0.319426 0.953685
vt 0.320114 0.954376
vt 0.320642 0.953832
vt 0.320177 0.952925
vt 0.322426 0.957591
vt 0.321791 0.957876
vt 0.318788 0.953056
vt 0.319548 0.952311
vt 0.320345 0.951214
vt 0.321186 0.950080
vt 0.918336 0.958172
vt 0.917017 0.960122
vt 0.982679 0.960018
vt 0.987901 0.963708
vt 0.984782 0.983307
vt 0.984159 0.980475
vt 0.977947 0.981462
vt 0.978717 0.985157
vt 0.983933 0.977921
vt 0.977586 0.978196
vt 0.977967 0.972147
vt 0.984181 0.973176
vt 0.325185 0.960995
vt 0.326574 0.960427
vt 0.912514 0.948794
vt 0.910034 0.949447
vt 0.325066 0.969384
vt 0.326564 0.965358
vt 0.325169 0.964819
vt 0.323629 0.968726
vt 0.909880 0.941065
vt 0.912421 0.941693
vt 0.913508 0.938228
vt 0.911052 0.937017
vt 0.909241 0.944871
vt 0.911573 0.944954
vt 0.327203 0.963683
vt 0.325592 0.963523
vt 0.323067 0.961520
vt 0.323810 0.961557
vt 0.323125 0.963285
vt 0.323053 0.964235
vt 0.323776 0.964276
vt 0.324068 0.963330
vt 0.322281 0.968100
vt 0.321600 0.967900
vt 0.323125 0.962498
vt 0.324073 0.962543
vt 0.325604 0.962400
vt 0.327229 0.962250
vt 0.911584 0.945624
vt 0.909266 0.945786
vt 0.983972 0.975359
vt 0.977583 0.974922
vt 0.116659 0.949389
vt 0.122873 0.948334
vt 0.122088 0.945188
vt 0.116084 0.946896
vt 0.116962 0.951929
vt 0.123313 0.951534
vt 0.116205 0.959832
vt 0.122210 0.961683
vt 0.123043 0.958021
vt 0.116819 0.957004
vt 0.091230 0.970758
vt 0.089391 0.971336
vt 0.090901 0.975483
vt 0.092658 0.974832
vt 0.160241 0.923274
vt 0.157805 0.924479
vt 0.159090 0.927856
vt 0.161765 0.927174
vt 0.091406 0.962538
vt 0.089804 0.966427
vt 0.090762 0.966888
vt 0.092265 0.962923
vt 0.159979 0.939600
vt 0.161567 0.935665
vt 0.159027 0.935065
vt 0.157721 0.938448
vt 0.162256 0.932066
vt 0.159890 0.931892
vt 0.088977 0.968039
vt 0.090528 0.968294
vt 0.093027 0.970334
vt 0.094313 0.974227
vt 0.094925 0.973883
vt 0.093592 0.970102
vt 0.092502 0.968305
vt 0.092430 0.967296
vt 0.091685 0.967331
vt 0.091912 0.968575
vt 0.093261 0.963436
vt 0.093909 0.963707
vt 0.092314 0.969455
vt 0.092863 0.969020
vt 0.090667 0.969365
vt 0.088952 0.969438
vt 0.159863 0.931134
vt 0.162224 0.930940
vt 0.117014 0.954477
vt 0.123414 0.954770
vt 0.673970 0.880796
vt 0.678547 0.880758
vt 0.678354 0.876525
vt 0.673786 0.876676
vt 0.674270 0.874586
vt 0.678569 0.874552
vt 0.110872 0.937579
vt 0.115537 0.933382
vt 0.112956 0.930758
vt 0.108928 0.935640
vt 0.112733 0.939992
vt 0.117988 0.936406
vt 0.115201 0.944497
vt 0.121067 0.942107
vt 0.094350 0.959284
vt 0.093263 0.958743
vt 0.155801 0.941458
vt 0.157744 0.943073
vt 0.100955 0.954321
vt 0.096984 0.955665
vt 0.097344 0.956808
vt 0.101335 0.955511
vt 0.151069 0.948107
vt 0.150050 0.945760
vt 0.146647 0.946828
vt 0.147141 0.949343
vt 0.154421 0.946316
vt 0.153238 0.944459
vt 0.095283 0.956134
vt 0.096033 0.957218
vt 0.095924 0.960384
vt 0.095432 0.959791
vt 0.097322 0.959242
vt 0.098082 0.958620
vt 0.097671 0.957962
vt 0.096666 0.958246
vt 0.101620 0.956727
vt 0.101816 0.957402
vt 0.096625 0.959805
vt 0.095983 0.958819
vt 0.095098 0.958021
vt 0.094174 0.957195
vt 0.153643 0.944005
vt 0.154992 0.945510
vt 0.114062 0.942216
vt 0.119722 0.939173
vt 0.989476 0.992129
vt 0.984759 0.996313
vt 0.987411 0.998919
vt 0.991436 0.994083
vt 0.987950 0.990143
vt 0.982733 0.993769
vt 0.985730 0.985985
vt 0.979853 0.988496
vt 0.321837 0.972517
vt 0.323332 0.973212
vt 0.915537 0.935232
vt 0.913417 0.933477
vt 0.316088 0.978552
vt 0.319826 0.976677
vt 0.319122 0.975182
vt 0.315259 0.977010
vt 0.924277 0.927079
vt 0.920190 0.928288
vt 0.921302 0.930814
vt 0.924781 0.929759
vt 0.916965 0.930163
vt 0.918276 0.932141
vt 0.321405 0.975924
vt 0.320247 0.974536
vt 0.319876 0.971280
vt 0.320383 0.971839
vt 0.318642 0.972554
vt 0.317937 0.973179
vt 0.318450 0.973721
vt 0.319195 0.973167
vt 0.314619 0.975467
vt 0.314427 0.974753
vt 0.319245 0.971960
vt 0.319793 0.972576
vt 0.321099 0.973707
vt 0.322403 0.974874
vt 0.917610 0.932708
vt 0.916069 0.930859
vt 0.986663 0.987969
vt 0.981021 0.991039
vt 0.115175 0.962530
vt 0.120919 0.965190
vt 0.114184 0.964471
vt 0.119638 0.967727
vt 0.109126 0.970421
vt 0.112880 0.975508
vt 0.115666 0.972955
vt 0.111191 0.968516
vt 0.096946 0.981444
vt 0.096096 0.983026
vt 0.099733 0.984951
vt 0.100689 0.983484
vt 0.151055 0.914572
vt 0.147153 0.913117
vt 0.146496 0.915748
vt 0.149881 0.916999
vt 0.092714 0.979413
vt 0.094354 0.978698
vt 0.157893 0.919749
vt 0.155784 0.921459
vt 0.155133 0.917227
vt 0.153584 0.918982
vt 0.093429 0.981094
vt 0.095003 0.979861
vt 0.098336 0.979437
vt 0.097763 0.979920
vt 0.101470 0.982006
vt 0.101688 0.981299
vt 0.097110 0.978214
vt 0.096483 0.977462
vt 0.095951 0.977943
vt 0.096511 0.978723
vt 0.097654 0.978783
vt 0.097049 0.979296
vt 0.095768 0.980665
vt 0.094473 0.982042
vt 0.152659 0.918671
vt 0.154269 0.916470
vt 0.112787 0.966578
vt 0.117851 0.970465
vt 0.674454 0.886899
vt 0.678795 0.886853
vt 0.678535 0.884956
vt 0.674081 0.885042
vt 0.945684 0.954325
vt 0.945307 0.951292
vt 0.942305 0.951687
vt 0.942627 0.954686
vt 0.944758 0.948437
vt 0.941852 0.948950
vt 0.944750 0.947978
vt 0.945218 0.945139
vt 0.942094 0.944755
vt 0.941702 0.947634
vt 0.945642 0.942150
vt 0.942617 0.941732
vt 0.946154 0.939169
vt 0.943086 0.938592
vt 0.946448 0.936146
vt 0.943537 0.935904
vt 0.946532 0.935794
vt 0.947788 0.933077
vt 0.945004 0.932029
vt 0.943760 0.934524
vt 0.949048 0.930384
vt 0.946421 0.929217
vt 0.997845 0.994384
vt 0.995172 0.995287
vt 0.996407 0.998176
vt 0.999063 0.997077
vt 0.996790 0.991459
vt 0.993867 0.992624
vt 0.996705 0.991142
vt 0.996266 0.988066
vt 0.993424 0.988548
vt 0.993519 0.991394
vt 0.995758 0.985125
vt 0.992735 0.985538
vt 0.995448 0.982146
vt 0.992312 0.982513
vt 0.995078 0.979219
vt 0.991969 0.979613
vt 0.995100 0.978770
vt 0.995448 0.975812
vt 0.992463 0.975500
vt 0.991906 0.978304
vt 0.995974 0.972819
vt 0.993060 0.972447
vt 0.996322 0.969798
vt 0.993359 0.969264
vt 0.996386 0.966920
vt 0.993507 0.966507
vt 0.993828 0.965221
vt 0.997333 0.966439
vt 0.997666 0.963711
vt 0.995057 0.962772
vt 0.998986 0.961055
vt 0.996257 0.959775
vt 0.947720 0.963314
vt 0.944947 0.964334
vt 0.946326 0.967235
vt 0.949055 0.965947
vt 0.946471 0.960720
vt 0.943810 0.961836
vt 0.946382 0.960079
vt 0.945858 0.957303
vt 0.943087 0.957871
vt 0.943398 0.960614
vt 0.323776 0.964276
vt 0.322281 0.968100
vt 0.324068 0.963330
vt 0.323810 0.961557
vt 0.324073 0.962543
vt 0.322426 0.957591
vt 0.320642 0.953832
vt 0.320177 0.952925
vt 0.318657 0.951892
vt 0.319548 0.952311
vt 0.314579 0.950093
vt 0.097671 0.957962
vt 0.101620 0.956727
vt 0.096666 0.958246
vt 0.095432 0.959791
vt 0.095983 0.958819
vt 0.093261 0.963436
vt 0.091685 0.967331
vt 0.091912 0.968575
vt 0.093027 0.970334
vt 0.092314 0.969455
vt 0.094313 0.974227
vt 0.095951 0.977943
vt 0.096511 0.978723
vt 0.097763 0.979920
vt 0.097049 0.979296
vt 0.101470 0.982006
vt 0.318450 0.973721
vt 0.314619 0.975467
vt 0.319195 0.973167
vt 0.320383 0.971839
vt 0.319793 0.972576
vt 0.093429 0.981094
vt 0.094473 0.982042
vt 0.674454 0.886899
vt 0.674455 0.888378
vt 0.678754 0.888341
vt 0.678795 0.886853
vt 0.088977 0.968039
vt 0.088952 0.969438
vt 0.095283 0.956134
vt 0.322321 0.951090
vt 0.321186 0.950080
vt 0.327203 0.963683
vt 0.327229 0.962250
vt 0.321405 0.975924
vt 0.322403 0.974874
vt 0.939970 0.950840
vt 0.940621 0.954600
vt 0.939639 0.948979
vt 0.939653 0.947499
vt 0.939639 0.948979
vt 0.939985 0.945455
vt 0.939653 0.947499
vt 0.940672 0.941451
vt 0.941179 0.937199
vt 0.941361 0.935307
vt 0.941782 0.933860
vt 0.941361 0.935307
vt 0.942555 0.932124
vt 0.941782 0.933860
vt 0.944226 0.928355
vt 0.992530 0.995003
vt 0.994180 0.998967
vt 0.991824 0.993266
vt 0.991457 0.991795
vt 0.991824 0.993266
vt 0.991206 0.989860
vt 0.990779 0.985798
vt 0.990111 0.981590
vt 0.989791 0.979630
vt 0.989813 0.978176
vt 0.989791 0.979630
vt 0.990227 0.976084
vt 0.989813 0.978176
vt 0.990804 0.972030
vt 0.991230 0.967831
vt 0.991423 0.965946
vt 0.991847 0.964522
vt 0.991423 0.965946
vt 0.992695 0.962682
vt 0.991847 0.964522
vt 0.994435 0.959014
vt 0.942641 0.964222
vt 0.944519 0.968026
vt 0.941793 0.962558
vt 0.941374 0.961087
vt 0.941793 0.962558
vt 0.941133 0.959081
vt 0.941374 0.961087
vt 0.920237 0.962252
vt 0.916908 0.960549
vt 0.915473 0.959458
vt 0.913084 0.956805
vt 0.910909 0.953348
vt 0.909503 0.949597
vt 0.908844 0.946286
vt 0.908845 0.944063
vt 0.909519 0.940427
vt 0.910877 0.936533
vt 0.913109 0.933212
vt 0.915452 0.930819
vt 0.917271 0.929454
vt 0.920424 0.927767
vt 0.924325 0.926620
vt 0.147368 0.912712
vt 0.151162 0.914119
vt 0.154279 0.915929
vt 0.156066 0.917379
vt 0.158447 0.919770
vt 0.160707 0.923195
vt 0.162124 0.927027
vt 0.162666 0.930624
vt 0.162630 0.932928
vt 0.161925 0.936431
vt 0.160460 0.939996
vt 0.158412 0.943198
vt 0.155859 0.945669
vt 0.154177 0.947127
vt 0.150624 0.948896
vt 0.146803 0.949959
vt 0.924062 0.963338
vt 0.977456 0.981531
vt 0.978249 0.985292
vt 0.977101 0.978218
vt 0.977100 0.974900
vt 0.977482 0.972071
vt 0.978321 0.968388
vt 0.979535 0.964886
vt 0.980791 0.962262
vt 0.982266 0.959746
vt 0.984390 0.957079
vt 0.987028 0.954426
vt 0.115907 0.933075
vt 0.113295 0.930411
vt 0.118389 0.936139
vt 0.120145 0.938940
vt 0.121507 0.941923
vt 0.122548 0.945060
vt 0.123343 0.948257
vt 0.123797 0.951497
vt 0.123901 0.954781
vt 0.123525 0.958095
vt 0.122664 0.961825
vt 0.121358 0.965401
vt 0.120054 0.967973
vt 0.118245 0.970752
vt 0.116021 0.973287
vt 0.113184 0.975874
vt 0.984387 0.996620
vt 0.987082 0.999265
vt 0.982332 0.994041
vt 0.980595 0.991277
vt 0.979401 0.988691
vt 0.916846 0.960778
vt 0.920049 0.962506
vt 0.914916 0.959288
vt 0.912657 0.956834
vt 0.910521 0.953450
vt 0.909164 0.949691
vt 0.908611 0.946537
vt 0.908622 0.943657
vt 0.909298 0.940095
vt 0.910747 0.936270
vt 0.912927 0.933056
vt 0.915133 0.930786
vt 0.917417 0.929088
vt 0.920525 0.927472
vt 0.924330 0.926342
vt 0.147496 0.912464
vt 0.151240 0.913839
vt 0.154304 0.915625
vt 0.156537 0.917446
vt 0.158763 0.919752
vt 0.160984 0.923133
vt 0.162355 0.926940
vt 0.162905 0.930464
vt 0.162841 0.933362
vt 0.162155 0.936829
vt 0.160776 0.940234
vt 0.158808 0.943306
vt 0.156351 0.945817
vt 0.154075 0.947577
vt 0.150429 0.949376
vt 0.146642 0.950336
vt 0.923791 0.963644
vt 0.982032 0.959673
vt 0.984202 0.956821
vt 0.980812 0.961700
vt 0.979295 0.964542
vt 0.977957 0.968206
vt 0.977131 0.972013
vt 0.976831 0.975109
vt 0.976828 0.977868
vt 0.977144 0.981330
vt 0.977940 0.985200
vt 0.979163 0.988781
vt 0.980503 0.991571
vt 0.981974 0.993913
vt 0.984065 0.996632
vt 0.986833 0.999436
vt 0.113333 0.976133
vt 0.116266 0.973455
vt 0.118537 0.970783
vt 0.120077 0.968423
vt 0.121534 0.965669
vt 0.122926 0.961973
vt 0.123794 0.958113
vt 0.124143 0.954650
vt 0.124077 0.951866
vt 0.123727 0.948494
vt 0.122961 0.945007
vt 0.121824 0.941628
vt 0.120145 0.938940
vt 0.120341 0.938539
vt 0.118848 0.936198
vt 0.116421 0.933078
vt 0.113707 0.930314
vt 0.986909 0.954033
vt 0.921302 0.930814
vt 0.922385 0.933278
vt 0.925211 0.932371
vt 0.924781 0.929759
vt 0.918276 0.932141
vt 0.919596 0.934104
vt 0.917610 0.932708
vt 0.919110 0.934526
vt 0.915537 0.935232
vt 0.917637 0.936957
vt 0.915884 0.939370
vt 0.913508 0.938228
vt 0.912421 0.941693
vt 0.914790 0.942261
vt 0.911573 0.944954
vt 0.913836 0.945039
vt 0.911584 0.945624
vt 0.913837 0.945494
vt 0.912514 0.948794
vt 0.914860 0.948206
vt 0.913794 0.952090
vt 0.915931 0.951020
vt 0.915771 0.955155
vt 0.917556 0.953589
vt 0.917969 0.957925
vt 0.919323 0.956097
vt 0.918336 0.958172
vt 0.919626 0.956293
vt 0.921582 0.959411
vt 0.922534 0.957132
vt 0.925041 0.960324
vt 0.925399 0.957971
vt 0.150050 0.945760
vt 0.149081 0.943571
vt 0.146272 0.944486
vt 0.146647 0.946828
vt 0.153238 0.944459
vt 0.152076 0.942736
vt 0.153643 0.944005
vt 0.152333 0.942524
vt 0.155801 0.941458
vt 0.154045 0.939914
vt 0.157721 0.938448
vt 0.155595 0.937365
vt 0.159027 0.935065
vt 0.156670 0.934556
vt 0.159890 0.931892
vt 0.157688 0.931753
vt 0.159863 0.931134
vt 0.157685 0.931297
vt 0.159090 0.927856
vt 0.156567 0.928490
vt 0.157805 0.924479
vt 0.155552 0.925620
vt 0.155784 0.921459
vt 0.153860 0.923096
vt 0.153584 0.918982
vt 0.152127 0.920813
vt 0.152659 0.918671
vt 0.151104 0.920534
vt 0.152127 0.920813
vt 0.153584 0.918982
vt 0.149881 0.916999
vt 0.148663 0.919360
vt 0.146496 0.915748
vt 0.145905 0.918307
vt 0.786473 0.990687
vt 0.786010 0.988654
vt 0.784152 0.989993
vt 0.784285 0.991731
vt 0.784160 0.994204
vt 0.787264 0.994437
vt 0.786987 0.993106
vt 0.784297 0.993476
vt 0.776316 0.990283
vt 0.774475 0.988910
vt 0.773939 0.990929
vt 0.776162 0.992001
vt 0.773335 0.993348
vt 0.772999 0.994695
vt 0.776177 0.994517
vt 0.776105 0.993757
vt 0.786473 0.990687
vt 0.787901 0.989890
vt 0.787082 0.987240
vt 0.788486 0.992885
vt 0.786987 0.993106
vt 0.787264 0.994437
vt 0.788495 0.994505
vt 0.776414 0.989524
vt 0.776779 0.989281
vt 0.775342 0.987805
vt 0.774728 0.988276
vt 0.772562 0.990135
vt 0.773939 0.990929
vt 0.773483 0.987522
vt 0.772999 0.994695
vt 0.773335 0.993348
vt 0.771841 0.993107
vt 0.771754 0.994734
vt 0.773937 0.986708
vt 0.774588 0.986133
vt 0.785059 0.987604
vt 0.785771 0.988030
vt 0.786638 0.986416
vt 0.785930 0.985904
vt 0.784059 0.989228
vt 0.783632 0.988976
vt 0.777771 0.986826
vt 0.777266 0.985474
vt 0.776104 0.987380
vt 0.777092 0.989099
vt 0.776333 0.984337
vt 0.775336 0.985729
vt 0.785129 0.985562
vt 0.784265 0.984084
vt 0.783195 0.985102
vt 0.784192 0.987275
vt 0.782690 0.986814
vt 0.783259 0.988800
vt 0.777672 0.991952
vt 0.777383 0.990370
vt 0.777042 0.990545
vt 0.776945 0.992189
vt 0.777256 0.994377
vt 0.778305 0.994087
vt 0.778054 0.993502
vt 0.777040 0.993785
vt 0.782856 0.991689
vt 0.783522 0.991917
vt 0.783420 0.990258
vt 0.783067 0.990070
vt 0.783118 0.994066
vt 0.783393 0.993503
vt 0.782520 0.993276
vt 0.782251 0.993889
vt 0.782773 0.989824
vt 0.782021 0.989494
vt 0.781611 0.990570
vt 0.782215 0.991339
vt 0.778901 0.991200
vt 0.778453 0.989844
vt 0.777676 0.990144
vt 0.778387 0.991599
vt 0.779669 0.993014
vt 0.779294 0.992140
vt 0.779071 0.993122
vt 0.779355 0.993761
vt 0.781657 0.992940
vt 0.781183 0.991618
vt 0.780785 0.992610
vt 0.781390 0.993650
vt 0.788085 0.996286
vt 0.787179 0.995705
vt 0.786996 0.996357
vt 0.787583 0.997126
vt 0.773276 0.996686
vt 0.773077 0.996012
vt 0.772228 0.996522
vt 0.772752 0.997363
vt 0.783621 0.995391
vt 0.783534 0.996008
vt 0.776750 0.995686
vt 0.776898 0.996290
vt 0.778770 0.995742
vt 0.778770 0.995149
vt 0.778021 0.995470
vt 0.778144 0.996027
vt 0.779857 0.995008
vt 0.780019 0.994414
vt 0.779617 0.994864
vt 0.779371 0.995432
vt 0.781590 0.995451
vt 0.782357 0.995767
vt 0.782418 0.995176
vt 0.781783 0.994906
vt 0.781056 0.994633
vt 0.780467 0.993989
vt 0.780592 0.994602
vt 0.781000 0.995095
vt 0.784528 0.997131
vt 0.775736 0.997455
vt 0.785830 0.999436
vt 0.784907 0.998745
vt 0.774786 0.999436
vt 0.775623 0.998702
vt 0.784192 0.987275
vt 0.785129 0.985562
vt 0.776104 0.987380
vt 0.775336 0.985729
vt 0.781228 0.994112
vt 0.780543 0.993327
vt 0.782025 0.994350
vt 0.782777 0.994556
vt 0.787285 0.995078
vt 0.783918 0.994742
vt 0.788361 0.995408
vt 0.771920 0.995641
vt 0.772965 0.995358
vt 0.776409 0.995062
vt 0.778525 0.994564
vt 0.777591 0.994871
vt 0.779510 0.994258
vt 0.779919 0.993757
vt 0.784227 0.997812
vt 0.783310 0.996813
vt 0.783197 0.989470
vt 0.783414 0.989639
vt 0.782990 0.989306
vt 0.782410 0.988311
vt 0.778051 0.988284
vt 0.777419 0.989647
vt 0.777239 0.989789
vt 0.777056 0.989935
vt 0.777231 0.997005
vt 0.776450 0.997868
vt 0.786638 0.986416
vt 0.773937 0.986708
vt 0.406767 0.974443
vt 0.406780 0.975989
vt 0.408025 0.977304
vt 0.407649 0.972490
vt 0.406655 0.977341
vt 0.406525 0.978298
vt 0.405862 0.971730
vt 0.406508 0.973010
vt 0.405050 0.969690
vt 0.405930 0.979851
vt 0.405702 0.980454
vt 0.407420 0.979856
vt 0.329409 0.981596
vt 0.329840 0.982661
vt 0.331299 0.980574
vt 0.405696 0.985158
vt 0.405205 0.986226
vt 0.406652 0.988229
vt 0.408347 0.984447
vt 0.406219 0.979153
vt 0.405708 0.981048
vt 0.407432 0.981967
vt 0.404747 0.987237
vt 0.330105 0.983781
vt 0.332622 0.984815
vt 0.406427 0.982851
vt 0.407432 0.981967
vt 0.406247 0.982213
vt 0.330786 0.986383
vt 0.330511 0.987137
vt 0.331555 0.987401
vt 0.330478 0.985071
vt 0.406060 0.984070
vt 0.405930 0.981633
vt 0.406247 0.982213
vt 0.404745 0.970781
vt 0.346855 0.978954
vt 0.345324 0.980118
vt 0.346042 0.980794
vt 0.347544 0.980180
vt 0.344021 0.981474
vt 0.343526 0.982457
vt 0.344673 0.982853
vt 0.345017 0.982040
vt 0.344232 0.985217
vt 0.343082 0.985227
vt 0.343473 0.986910
vt 0.344550 0.986711
vt 0.265975 0.990005
vt 0.266358 0.990943
vt 0.266881 0.990197
vt 0.266354 0.988830
vt 0.266904 0.992025
vt 0.267819 0.991779
vt 0.267558 0.991289
vt 0.266700 0.991537
vt 0.266969 0.993145
vt 0.266796 0.993819
vt 0.267838 0.993960
vt 0.268006 0.993051
vt 0.266593 0.995343
vt 0.267066 0.996030
vt 0.267310 0.995542
vt 0.266607 0.994929
vt 0.345740 0.989988
vt 0.346306 0.989275
vt 0.345620 0.988798
vt 0.344849 0.989365
vt 0.345007 0.990835
vt 0.344041 0.990116
vt 0.341902 0.985278
vt 0.342298 0.987160
vt 0.343009 0.980804
vt 0.342262 0.981953
vt 0.346281 0.990687
vt 0.345578 0.991430
vt 0.346866 0.989760
vt 0.266724 0.995916
vt 0.267209 0.996923
vt 0.267528 0.994968
vt 0.266668 0.994412
vt 0.344025 0.988586
vt 0.342991 0.989026
vt 0.344991 0.988215
vt 0.344402 0.983809
vt 0.343153 0.983622
vt 0.341841 0.983414
vt 0.266989 0.992545
vt 0.268013 0.992288
vt 0.348284 0.982124
vt 0.347911 0.981103
vt 0.347525 0.982094
vt 0.348283 0.982739
vt 0.346848 0.982961
vt 0.347938 0.983344
vt 0.346676 0.983540
vt 0.347551 0.983949
vt 0.347414 0.984514
vt 0.346515 0.984230
vt 0.346380 0.985236
vt 0.347428 0.985246
vt 0.346589 0.986330
vt 0.347561 0.985960
vt 0.346864 0.987439
vt 0.347706 0.986564
vt 0.347787 0.987169
vt 0.347102 0.987734
vt 0.347756 0.987675
vt 0.347337 0.987990
vt 0.347630 0.988259
vt 0.347317 0.988909
vt 0.268230 0.988721
vt 0.266888 0.987791
vt 0.269257 0.990087
vt 0.269772 0.990874
vt 0.270177 0.993031
vt 0.270208 0.991766
vt 0.269824 0.994433
vt 0.269355 0.995878
vt 0.268763 0.996607
vt 0.268059 0.997207
vt 0.267619 0.997857
vt 0.268936 0.987948
vt 0.267648 0.986672
vt 0.270240 0.989331
vt 0.270795 0.990317
vt 0.271276 0.993014
vt 0.271256 0.991455
vt 0.270874 0.994667
vt 0.270298 0.996316
vt 0.269507 0.997189
vt 0.268616 0.997903
vt 0.268248 0.998796
vt 0.344464 0.979304
vt 0.346097 0.977913
vt 0.269017 0.999436
vt 0.269351 0.998684
vt 0.270270 0.997926
vt 0.271249 0.996811
vt 0.272004 0.994971
vt 0.272389 0.993089
vt 0.272415 0.991220
vt 0.271957 0.989763
vt 0.271240 0.988604
vt 0.269773 0.987124
vt 0.268208 0.985661
vt 0.455744 0.930629
vt 0.451882 0.930472
vt 0.451852 0.934057
vt 0.455788 0.934025
vt 0.459707 0.933932
vt 0.459578 0.930310
vt 0.463489 0.930130
vt 0.463602 0.933784
vt 0.898510 0.941588
vt 0.902427 0.941821
vt 0.902527 0.938150
vt 0.898592 0.937998
vt 0.894602 0.937853
vt 0.894464 0.941418
vt 0.890584 0.937802
vt 0.890523 0.941381
vt 0.888562 0.937842
vt 0.886536 0.937909
vt 0.886808 0.941495
vt 0.888673 0.941360
vt 0.882808 0.941680
vt 0.882522 0.938109
vt 0.878841 0.941923
vt 0.878647 0.938345
vt 0.425786 0.911269
vt 0.425784 0.914848
vt 0.429620 0.914893
vt 0.429637 0.911304
vt 0.433553 0.911389
vt 0.433584 0.914901
vt 0.435745 0.911500
vt 0.435566 0.914878
vt 0.437565 0.914839
vt 0.437936 0.911294
vt 0.441553 0.914686
vt 0.441672 0.911045
vt 0.445435 0.914501
vt 0.445418 0.910818
vt 0.444214 0.930264
vt 0.444060 0.933939
vt 0.447902 0.934010
vt 0.447921 0.930356
vt 0.453473 0.905206
vt 0.453055 0.907379
vt 0.455011 0.907299
vt 0.454737 0.905141
vt 0.456018 0.905002
vt 0.456871 0.907154
vt 0.457676 0.904306
vt 0.458866 0.906491
vt 0.895314 0.967960
vt 0.897055 0.966113
vt 0.895214 0.965048
vt 0.893805 0.967025
vt 0.892685 0.965438
vt 0.892019 0.966641
vt 0.890290 0.965575
vt 0.890546 0.966596
vt 0.888837 0.966708
vt 0.887863 0.965713
vt 0.887426 0.966925
vt 0.885828 0.965121
vt 0.886016 0.967737
vt 0.884169 0.966060
vt 0.432960 0.885656
vt 0.431602 0.884881
vt 0.430551 0.887046
vt 0.432177 0.887761
vt 0.434209 0.888117
vt 0.434600 0.886038
vt 0.436573 0.888088
vt 0.436349 0.886052
vt 0.437859 0.885857
vt 0.438605 0.887911
vt 0.439374 0.885111
vt 0.440640 0.887108
vt 0.450101 0.904176
vt 0.448736 0.906133
vt 0.450821 0.906982
vt 0.451663 0.904885
vt 0.455704 0.927254
vt 0.451914 0.926904
vt 0.459458 0.926693
vt 0.463370 0.926443
vt 0.898490 0.945200
vt 0.902382 0.945547
vt 0.894509 0.944958
vt 0.890763 0.944875
vt 0.888774 0.944841
vt 0.886717 0.945024
vt 0.882891 0.945266
vt 0.878973 0.945559
vt 0.425789 0.907648
vt 0.429636 0.907722
vt 0.433257 0.907948
vt 0.435893 0.908142
vt 0.438684 0.907726
vt 0.441854 0.907421
vt 0.445479 0.907102
vt 0.444418 0.926567
vt 0.448023 0.926700
vt 0.450071 0.909167
vt 0.452662 0.909599
vt 0.447609 0.908311
vt 0.439241 0.890054
vt 0.441704 0.889299
vt 0.436698 0.890167
vt 0.434067 0.890241
vt 0.431625 0.889993
vt 0.429783 0.889446
vt 0.898569 0.963983
vt 0.896592 0.962951
vt 0.457675 0.909397
vt 0.459827 0.908882
vt 0.455222 0.909503
vt 0.449533 0.910998
vt 0.452479 0.911654
vt 0.446863 0.910076
vt 0.439700 0.892097
vt 0.442481 0.891040
vt 0.436686 0.891137
vt 0.434199 0.891233
vt 0.431389 0.892099
vt 0.429130 0.891665
vt 0.899602 0.962054
vt 0.897640 0.960865
vt 0.458263 0.911416
vt 0.460578 0.910937
vt 0.455273 0.910742
vt 0.446047 0.914549
vt 0.447795 0.914816
vt 0.442660 0.895575
vt 0.444363 0.895128
vt 0.427007 0.895802
vt 0.428601 0.895911
vt 0.899744 0.957427
vt 0.898018 0.956614
vt 0.444753 0.923496
vt 0.448198 0.923655
vt 0.447202 0.919459
vt 0.445142 0.919285
vt 0.445607 0.903997
vt 0.445276 0.899794
vt 0.443260 0.900309
vt 0.442176 0.904396
vt 0.427916 0.901023
vt 0.425888 0.900841
vt 0.425912 0.904625
vt 0.429520 0.904793
vt 0.882333 0.951681
vt 0.882662 0.948216
vt 0.879033 0.948610
vt 0.879618 0.952383
vt 0.885053 0.950581
vt 0.886028 0.947852
vt 0.889114 0.948923
vt 0.888865 0.947629
vt 0.892380 0.949634
vt 0.895161 0.951651
vt 0.894835 0.947866
vt 0.891908 0.947883
vt 0.898027 0.951977
vt 0.898530 0.948235
vt 0.900416 0.952432
vt 0.902231 0.948658
vt 0.451988 0.923778
vt 0.439387 0.904555
vt 0.435999 0.905683
vt 0.432489 0.904331
vt 0.463319 0.923354
vt 0.459294 0.923486
vt 0.455603 0.924903
vt 0.426402 0.898295
vt 0.428228 0.898605
vt 0.452075 0.903905
vt 0.450812 0.903324
vt 0.438694 0.884254
vt 0.437481 0.884872
vt 0.436223 0.885072
vt 0.434774 0.885037
vt 0.433393 0.884688
vt 0.432270 0.884016
vt 0.886841 0.968509
vt 0.888017 0.967844
vt 0.889207 0.967532
vt 0.890639 0.967422
vt 0.891779 0.967523
vt 0.893245 0.967964
vt 0.894461 0.968760
vt 0.456988 0.903378
vt 0.455673 0.903982
vt 0.454632 0.904121
vt 0.453605 0.904168
vt 0.458935 0.915010
vt 0.459863 0.914754
vt 0.457641 0.911964
vt 0.456980 0.912481
vt 0.459041 0.919469
vt 0.460223 0.919374
vt 0.455310 0.911640
vt 0.453186 0.912134
vt 0.453722 0.912617
vt 0.455331 0.912403
vt 0.451105 0.915029
vt 0.451943 0.915227
vt 0.451072 0.919556
vt 0.452061 0.919620
vt 0.452661 0.922843
vt 0.453531 0.921882
vt 0.457590 0.921998
vt 0.458447 0.922603
vt 0.455643 0.923198
vt 0.455631 0.923867
vt 0.449534 0.919647
vt 0.449680 0.914920
vt 0.461606 0.919441
vt 0.461286 0.914642
vt 0.463209 0.914613
vt 0.464461 0.919283
vt 0.884268 0.963190
vt 0.882469 0.964140
vt 0.883126 0.961036
vt 0.881258 0.962193
vt 0.882320 0.956862
vt 0.880440 0.957582
vt 0.879889 0.955034
vt 0.882064 0.954414
vt 0.298549 0.981038
vt 0.297712 0.981315
vt 0.297707 0.985747
vt 0.298483 0.986040
vt 0.296300 0.977917
vt 0.295930 0.978631
vt 0.296062 0.988284
vt 0.296423 0.988653
vt 0.294176 0.989375
vt 0.294156 0.990039
vt 0.439870 0.895986
vt 0.439384 0.896024
vt 0.439346 0.900708
vt 0.439874 0.900943
vt 0.438050 0.902580
vt 0.438681 0.903399
vt 0.437967 0.893073
vt 0.437545 0.893449
vt 0.435982 0.904030
vt 0.435995 0.904503
vt 0.433897 0.902605
vt 0.433473 0.903427
vt 0.432579 0.900927
vt 0.431904 0.901136
vt 0.432409 0.898525
vt 0.431723 0.898756
vt 0.432352 0.896102
vt 0.431715 0.895969
vt 0.434119 0.893532
vt 0.433637 0.893161
vt 0.436421 0.892913
vt 0.436398 0.893354
vt 0.441553 0.900818
vt 0.429988 0.901187
vt 0.430037 0.898806
vt 0.430204 0.895939
vt 0.432562 0.892610
vt 0.441273 0.895823
vt 0.438795 0.892572
vt 0.436582 0.892100
vt 0.434933 0.892965
vt 0.435148 0.893377
vt 0.434519 0.892182
vt 0.886195 0.959760
vt 0.886104 0.957034
vt 0.885421 0.956882
vt 0.885594 0.960066
vt 0.886081 0.953806
vt 0.885377 0.953598
vt 0.894372 0.955960
vt 0.893470 0.952296
vt 0.892682 0.953078
vt 0.893076 0.956133
vt 0.892744 0.961624
vt 0.893716 0.962064
vt 0.894277 0.959533
vt 0.893224 0.959307
vt 0.886271 0.962581
vt 0.887739 0.964248
vt 0.887933 0.963439
vt 0.886940 0.961988
vt 0.891834 0.963278
vt 0.892317 0.963870
vt 0.889972 0.964163
vt 0.889898 0.963381
vt 0.891744 0.950846
vt 0.891371 0.951632
vt 0.887281 0.951906
vt 0.889418 0.950728
vt 0.889387 0.950220
vt 0.886505 0.951530
vt 0.896152 0.956073
vt 0.895990 0.960103
vt 0.895144 0.962512
vt 0.892898 0.964356
vt 0.890027 0.964545
vt 0.887331 0.964749
vt 0.885326 0.962955
vt 0.883728 0.953830
vt 0.883863 0.956796
vt 0.884346 0.960541
vt 0.525617 0.985792
vt 0.523390 0.984665
vt 0.523472 0.985436
vt 0.525321 0.986296
vt 0.527333 0.987324
vt 0.526756 0.987791
vt 0.527181 0.990724
vt 0.528066 0.990712
vt 0.527194 0.994200
vt 0.528058 0.994182
vt 0.527579 0.996924
vt 0.526674 0.996685
vt 0.525582 0.998323
vt 0.526123 0.998989
vt 0.137742 0.996286
vt 0.135986 0.998959
vt 0.137150 0.999422
vt 0.139390 0.993530
vt 0.138116 0.993129
vt 0.140379 0.994404
vt 0.140809 0.995489
vt 0.140855 0.996816
vt 0.140363 0.998055
vt 0.139443 0.998954
vt 0.138245 0.999436
vt 0.135240 0.998300
vt 0.134656 0.997044
vt 0.134642 0.995643
vt 0.135193 0.994364
vt 0.135915 0.993746
vt 0.136703 0.993284
vt 0.036972 0.966339
vt 0.035539 0.967414
vt 0.036251 0.968101
vt 0.037558 0.967429
vt 0.034226 0.968776
vt 0.033723 0.969763
vt 0.034878 0.970167
vt 0.035220 0.969347
vt 0.034434 0.972542
vt 0.033263 0.972557
vt 0.033632 0.974249
vt 0.034750 0.974042
vt 0.785992 0.978101
vt 0.786028 0.978940
vt 0.786527 0.978501
vt 0.786407 0.976991
vt 0.786489 0.980303
vt 0.787478 0.980067
vt 0.787207 0.979583
vt 0.786169 0.979704
vt 0.786652 0.981489
vt 0.786545 0.982044
vt 0.787548 0.982249
vt 0.787704 0.981340
vt 0.786428 0.983917
vt 0.786792 0.984322
vt 0.787027 0.983832
vt 0.786352 0.983298
vt 0.035930 0.977364
vt 0.036506 0.976636
vt 0.035829 0.976165
vt 0.035048 0.976751
vt 0.035182 0.978225
vt 0.034233 0.977511
vt 0.032049 0.972607
vt 0.032444 0.974498
vt 0.033216 0.968099
vt 0.032443 0.969247
vt 0.036345 0.978320
vt 0.035625 0.978944
vt 0.036927 0.977449
vt 0.786588 0.984560
vt 0.786912 0.985241
vt 0.787244 0.983257
vt 0.786414 0.982657
vt 0.034213 0.975947
vt 0.033150 0.976401
vt 0.035196 0.975564
vt 0.034606 0.971132
vt 0.033333 0.970938
vt 0.031999 0.970720
vt 0.786650 0.980908
vt 0.787689 0.980575
vt 0.038293 0.969202
vt 0.038026 0.968343
vt 0.037715 0.969419
vt 0.038183 0.969942
vt 0.037042 0.970295
vt 0.037972 0.970545
vt 0.036875 0.970872
vt 0.037761 0.971195
vt 0.037654 0.971926
vt 0.036719 0.971561
vt 0.036585 0.972569
vt 0.037690 0.972727
vt 0.036794 0.973667
vt 0.037786 0.973387
vt 0.037069 0.974788
vt 0.037912 0.973880
vt 0.038003 0.974357
vt 0.037310 0.975091
vt 0.037948 0.974871
vt 0.037546 0.975351
vt 0.037776 0.975685
vt 0.037393 0.976522
vt 0.787897 0.977007
vt 0.786777 0.975993
vt 0.788931 0.978370
vt 0.789458 0.979151
vt 0.789881 0.981305
vt 0.789902 0.980038
vt 0.789537 0.982711
vt 0.789075 0.984161
vt 0.788485 0.984893
vt 0.787783 0.985489
vt 0.787331 0.985999
vt 0.788605 0.976233
vt 0.787187 0.974917
vt 0.789912 0.977608
vt 0.790478 0.978588
vt 0.790983 0.981282
vt 0.790956 0.979720
vt 0.790614 0.982943
vt 0.790021 0.984604
vt 0.789228 0.985488
vt 0.788339 0.986189
vt 0.787882 0.986863
vt 0.034675 0.966605
vt 0.036259 0.965224
vt 0.788570 0.987666
vt 0.789067 0.986982
vt 0.789978 0.986234
vt 0.790990 0.985109
vt 0.791739 0.983235
vt 0.792112 0.981352
vt 0.792126 0.979475
vt 0.791643 0.978023
vt 0.790907 0.976874
vt 0.789442 0.975407
vt 0.787931 0.973958
vt 0.467594 0.963440
vt 0.466089 0.960413
vt 0.464144 0.963847
vt 0.467013 0.964340
vt 0.466213 0.966098
vt 0.466558 0.965266
vt 0.468258 0.962755
vt 0.031456 0.971834
vt 0.030823 0.970984
vt 0.029346 0.974229
vt 0.030365 0.959596
vt 0.031461 0.959087
vt 0.030979 0.956954
vt 0.466375 0.969682
vt 0.466374 0.968928
vt 0.463568 0.969405
vt 0.029823 0.965663
vt 0.029815 0.965112
vt 0.027051 0.965123
vt 0.466280 0.968303
vt 0.029706 0.966192
vt 0.466150 0.967836
vt 0.463647 0.966993
vt 0.029556 0.966779
vt 0.027061 0.967828
vt 0.027666 0.959879
vt 0.029648 0.960462
vt 0.030303 0.970076
vt 0.027485 0.970674
vt 0.029635 0.968616
vt 0.029484 0.967992
vt 0.466070 0.966887
vt 0.029921 0.969302
vt 0.029214 0.961399
vt 0.028881 0.962504
vt 0.026474 0.962949
vt 0.029038 0.963297
vt 0.466199 0.970345
vt 0.463399 0.972366
vt 0.029617 0.964556
vt 0.465920 0.970928
vt 0.029266 0.964012
vt 0.465673 0.971489
vt 0.465493 0.972174
vt 0.464597 0.974464
vt 0.029456 0.967389
vt 0.466038 0.967383
vt 0.331177 0.994483
vt 0.330936 0.995940
vt 0.332239 0.996424
vt 0.330791 0.991172
vt 0.331009 0.992222
vt 0.332403 0.992405
vt 0.330175 0.989533
vt 0.330447 0.990209
vt 0.331710 0.989588
vt 0.329975 0.988304
vt 0.329988 0.988913
vt 0.331555 0.987401
vt 0.331159 0.993304
vt 0.330304 0.997577
vt 0.329565 0.999436
vt 0.330511 0.987137
vt 0.330167 0.987716
vt 0.329091 0.998406
vt 0.692095 0.977776
vt 0.692533 0.974868
vt 0.689596 0.977805
vt 0.691377 0.978620
vt 0.690539 0.980045
vt 0.690885 0.979431
vt 0.693018 0.977334
vt 0.692958 0.989561
vt 0.691782 0.989055
vt 0.692533 0.991265
vt 0.537381 0.975666
vt 0.536396 0.975462
vt 0.537229 0.978175
vt 0.536050 0.964039
vt 0.537189 0.963877
vt 0.537030 0.962128
vt 0.690472 0.983586
vt 0.690426 0.982901
vt 0.688738 0.982655
vt 0.534088 0.970328
vt 0.534088 0.969759
vt 0.532465 0.970715
vt 0.690284 0.982224
vt 0.533996 0.970989
vt 0.690170 0.981642
vt 0.688661 0.979892
vt 0.533916 0.971571
vt 0.532566 0.973304
vt 0.533116 0.965210
vt 0.535149 0.964995
vt 0.535494 0.974733
vt 0.533877 0.975653
vt 0.690886 0.988024
vt 0.689064 0.987792
vt 0.534345 0.972960
vt 0.534096 0.972448
vt 0.690334 0.980587
vt 0.534957 0.973867
vt 0.534724 0.966043
vt 0.690543 0.987119
vt 0.534326 0.967158
vt 0.532672 0.968738
vt 0.534217 0.968117
vt 0.688969 0.984847
vt 0.690450 0.984127
vt 0.534097 0.969264
vt 0.532672 0.968738
vt 0.690394 0.984813
vt 0.690450 0.984127
vt 0.688969 0.984847
vt 0.534097 0.969264
vt 0.534133 0.968769
vt 0.690360 0.985490
vt 0.690334 0.986087
vt 0.533970 0.972068
vt 0.690207 0.981058
vt 0.294148 0.978379
vt 0.295930 0.978631
vt 0.296300 0.977917
vt 0.294124 0.977538
vt 0.291968 0.977949
vt 0.292511 0.978562
vt 0.291968 0.977949
vt 0.289776 0.981061
vt 0.290599 0.981298
vt 0.292511 0.978562
vt 0.289868 0.985998
vt 0.290662 0.985828
vt 0.291790 0.988471
vt 0.292186 0.988121
vt 0.294176 0.989375
vt 0.294156 0.990039
vt 0.108763 0.973344
vt 0.107937 0.973517
vt 0.107846 0.978381
vt 0.108610 0.978534
vt 0.106596 0.970226
vt 0.106061 0.970850
vt 0.104909 0.970669
vt 0.106061 0.970850
vt 0.106596 0.970226
vt 0.104986 0.969936
vt 0.103657 0.970692
vt 0.103442 0.970010
vt 0.102053 0.970303
vt 0.102620 0.970917
vt 0.102053 0.970303
vt 0.100002 0.973334
vt 0.100799 0.973563
vt 0.102620 0.970917
vt 0.100780 0.976277
vt 0.100004 0.976212
vt 0.100394 0.978963
vt 0.101120 0.978621
vt 0.102105 0.980733
vt 0.102467 0.980319
vt 0.104551 0.981576
vt 0.104574 0.982185
vt 0.106920 0.980598
vt 0.106567 0.980192
vt 0.104551 0.981576
vt 0.104574 0.982185
vt 0.519150 0.994502
vt 0.520029 0.994528
vt 0.519882 0.991469
vt 0.519077 0.991571
vt 0.520098 0.988349
vt 0.519349 0.988071
vt 0.521538 0.986508
vt 0.521031 0.986067
vt 0.523472 0.985436
vt 0.523390 0.984665
vt 0.526123 0.998989
vt 0.525582 0.998323
vt 0.523626 0.998519
vt 0.523683 0.999436
vt 0.521776 0.998355
vt 0.521206 0.998998
vt 0.520676 0.996821
vt 0.519802 0.997160
vt 0.521206 0.998998
vt 0.521776 0.998355
vt 0.468244 0.975211
vt 0.466993 0.974796
vt 0.468058 0.977390
vt 0.466201 0.973891
vt 0.464597 0.974464
vt 0.465785 0.972985
vt 0.465493 0.972174
vt 0.007545 0.882232
vt 0.012944 0.883962
vt 0.013708 0.881348
vt 0.008288 0.879774
vt 0.009637 0.873609
vt 0.015209 0.874602
vt 0.015608 0.871809
vt 0.010008 0.871070
vt 0.009268 0.875565
vt 0.014806 0.876759
vt 0.014330 0.878897
vt 0.008838 0.877513
vt 0.707103 0.899337
vt 0.711581 0.899169
vt 0.711196 0.894930
vt 0.706799 0.895175
vt 0.707080 0.893288
vt 0.711358 0.893137
vt 0.707037 0.891782
vt 0.711336 0.891612
vt 0.711081 0.889823
vt 0.706609 0.889919
vt 0.706581 0.885623
vt 0.711071 0.885622
vt 0.007149 0.882037
vt 0.007545 0.882232
vt 0.008288 0.879774
vt 0.007889 0.879638
vt 0.009225 0.873525
vt 0.009637 0.873609
vt 0.010008 0.871070
vt 0.009567 0.871008
vt 0.008879 0.875473
vt 0.009268 0.875565
vt 0.008838 0.877513
vt 0.008456 0.877410
vt 0.015846 0.868949
vt 0.010203 0.868474
vt 0.010234 0.862022
vt 0.015877 0.861788
vt 0.015655 0.858949
vt 0.010049 0.859472
vt 0.010301 0.864278
vt 0.015963 0.864295
vt 0.015941 0.866802
vt 0.010281 0.866537
vt 0.710930 0.881516
vt 0.706513 0.881535
vt 0.706887 0.879513
vt 0.711190 0.879547
vt 0.706902 0.878052
vt 0.711217 0.878074
vt 0.711027 0.876237
vt 0.706556 0.876195
vt 0.706612 0.872363
vt 0.711167 0.872036
vt 0.010203 0.868474
vt 0.009782 0.868441
vt 0.009807 0.862034
vt 0.010234 0.862022
vt 0.010049 0.859472
vt 0.009597 0.859507
vt 0.009894 0.864274
vt 0.010301 0.864278
vt 0.010281 0.866537
vt 0.009880 0.866514
vt 0.473682 0.921098
vt 0.479281 0.921849
vt 0.479524 0.918977
vt 0.473885 0.918497
vt 0.473892 0.911695
vt 0.479548 0.911453
vt 0.479347 0.908954
vt 0.473712 0.909434
vt 0.473965 0.913961
vt 0.479635 0.913958
vt 0.479629 0.916467
vt 0.473969 0.916228
vt 0.674273 0.873131
vt 0.678607 0.873091
vt 0.678349 0.871204
vt 0.673892 0.871177
vt 0.673976 0.866895
vt 0.678594 0.867014
vt 0.473241 0.921036
vt 0.473682 0.921098
vt 0.473885 0.918497
vt 0.473463 0.918460
vt 0.473466 0.911712
vt 0.473892 0.911695
vt 0.473712 0.909434
vt 0.473266 0.909471
vt 0.473562 0.913960
vt 0.473965 0.913961
vt 0.473969 0.916228
vt 0.473564 0.916209
vt 0.479023 0.906470
vt 0.473412 0.907186
vt 0.471831 0.900050
vt 0.477322 0.898625
vt 0.476504 0.896009
vt 0.471029 0.897626
vt 0.472532 0.902709
vt 0.478075 0.901526
vt 0.478596 0.904009
vt 0.473011 0.904960
vt 0.678318 0.862842
vt 0.673908 0.862794
vt 0.674354 0.860889
vt 0.678622 0.861072
vt 0.674431 0.859379
vt 0.678730 0.859543
vt 0.678598 0.857764
vt 0.674153 0.857532
vt 0.678877 0.853571
vt 0.674411 0.853200
vt 0.473412 0.907186
vt 0.472990 0.907236
vt 0.471418 0.900166
vt 0.471831 0.900050
vt 0.471029 0.897626
vt 0.470624 0.897799
vt 0.472134 0.902784
vt 0.472532 0.902709
vt 0.473011 0.904960
vt 0.472615 0.905020
vt 0.015287 0.856167
vt 0.009686 0.856929
vt 0.008307 0.850548
vt 0.013814 0.849181
vt 0.013034 0.846523
vt 0.007549 0.848078
vt 0.008867 0.852761
vt 0.014415 0.851591
vt 0.014920 0.854032
vt 0.009338 0.854988
vt 0.711109 0.867919
vt 0.706674 0.867830
vt 0.707081 0.865868
vt 0.711373 0.865962
vt 0.009686 0.856929
vt 0.009265 0.856985
vt 0.007901 0.850656
vt 0.008307 0.850548
vt 0.007549 0.848078
vt 0.007135 0.848252
vt 0.008470 0.852844
vt 0.008867 0.852761
vt 0.009338 0.854988
vt 0.008940 0.855050
vt 0.471092 0.932557
vt 0.476471 0.934332
vt 0.477269 0.931658
vt 0.471864 0.930041
vt 0.473298 0.923676
vt 0.478867 0.924689
vt 0.472933 0.925595
vt 0.478465 0.926810
vt 0.477912 0.929249
vt 0.472440 0.927821
vt 0.470686 0.932360
vt 0.471092 0.932557
vt 0.471864 0.930041
vt 0.471463 0.929908
vt 0.472887 0.923591
vt 0.473298 0.923676
vt 0.472543 0.925506
vt 0.472933 0.925595
vt 0.472440 0.927821
vt 0.472051 0.927713
vt 0.674431 0.859379
vt 0.678730 0.859543
vt 0.707122 0.864369
vt 0.711437 0.864452
vt 0.711270 0.862628
vt 0.706809 0.862559
vt 0.706887 0.858282
vt 0.711407 0.858423
vt 0.674196 0.894484
vt 0.678717 0.894460
vt 0.678546 0.890329
vt 0.674107 0.890379
vt 0.674455 0.888378
vt 0.678754 0.888341
vt 0.674273 0.873131
vt 0.674270 0.874586
vt 0.678569 0.874552
vt 0.678607 0.873091
vt 0.707037 0.891782
vt 0.707080 0.893288
vt 0.711358 0.893137
vt 0.711336 0.891612
vt 0.706902 0.878052
vt 0.706887 0.879513
vt 0.711190 0.879547
vt 0.711217 0.878074
vt 0.707122 0.864369
vt 0.707081 0.865868
vt 0.711373 0.865962
vt 0.711437 0.864452
vt 0.066894 0.851216
vt 0.060488 0.851216
vt 0.060493 0.853712
vt 0.066900 0.853712
vt 0.066896 0.845004
vt 0.066908 0.842464
vt 0.060501 0.842464
vt 0.060490 0.845004
vt 0.066883 0.848933
vt 0.066887 0.846968
vt 0.060480 0.846968
vt 0.060476 0.848933
vt 0.066895 0.839884
vt 0.060489 0.839884
vt 0.066896 0.833493
vt 0.066909 0.830956
vt 0.060502 0.830956
vt 0.060489 0.833493
vt 0.066885 0.837966
vt 0.066886 0.835729
vt 0.060479 0.835730
vt 0.060477 0.837966
vt 0.066895 0.805278
vt 0.060489 0.805278
vt 0.060501 0.807867
vt 0.066908 0.807867
vt 0.066899 0.798536
vt 0.066908 0.796290
vt 0.060501 0.796290
vt 0.060492 0.798537
vt 0.066886 0.803028
vt 0.066886 0.800782
vt 0.060479 0.800782
vt 0.060480 0.803029
vt 0.066896 0.794041
vt 0.060489 0.794041
vt 0.066895 0.786811
vt 0.066898 0.784316
vt 0.060491 0.784316
vt 0.060489 0.786811
vt 0.066882 0.791800
vt 0.066885 0.789523
vt 0.060478 0.789523
vt 0.060475 0.791800
vt 0.066894 0.828410
vt 0.060487 0.828410
vt 0.066897 0.821970
vt 0.066906 0.819445
vt 0.060500 0.819445
vt 0.060491 0.821970
vt 0.066885 0.826463
vt 0.066888 0.824216
vt 0.060481 0.824216
vt 0.060477 0.826463
vt 0.066896 0.816884
vt 0.060489 0.816884
vt 0.066895 0.810449
vt 0.060488 0.810449
vt 0.066885 0.812379
vt 0.060478 0.812379
vt 0.060480 0.814630
vt 0.066887 0.814629
usemtl tread_png
f 1/1/ 2/2/ 3/3/
f 4/4/ 1/1/ 3/3/
f 5/5/ 6/6/ 7/7/
f 8/8/ 5/5/ 7/7/
f 9/9/ 10/10/ 2/2/
f 1/1/ 9/9/ 2/2/
f 11/11/ 12/12/ 6/6/
f 5/5/ 11/11/ 6/6/
f 13/13/ 14/14/ 10/10/
f 9/9/ 13/13/ 10/10/
f 15/15/ 16/16/ 17/17/
f 18/18/ 15/15/ 17/17/
f 19/19/ 20/20/ 12/12/
f 11/11/ 19/19/ 12/12/
f 21/21/ 22/22/ 14/14/
f 13/13/ 21/21/ 14/14/
f 23/23/ 24/24/ 16/16/
f 15/15/ 23/23/ 16/16/
f 25/25/ 26/26/ 20/20/
f 19/19/ 25/25/ 20/20/
f 27/27/ 28/28/ 22/22/
f 21/21/ 27/27/ 22/22/
f 29/29/ 30/30/ 24/24/
f 23/23/ 29/29/ 24/24/
f 31/31/ 32/32/ 26/26/
f 25/25/ 31/31/ 26/26/
f 33/33/ 34/34/ 35/35/
f 36/36/ 33/33/ 35/35/
f 37/37/ 38/38/ 30/30/
f 29/29/ 37/37/ 30/30/
f 39/39/ 40/40/ 32/32/
f 31/31/ 39/39/ 32/32/
f 41/41/ 42/42/ 34/34/
f 33/33/ 41/41/ 34/34/
f 43/43/ 44/44/ 38/38/
f 37/37/ 43/43/ 38/38/
f 18/18/ 17/17/ 40/40/
f 39/39/ 18/18/ 40/40/
f 45/45/ 46/46/ 42/42/
f 41/41/ 45/45/ 42/42/
f 47/47/ 48/48/ 44/44/
f 43/43/ 47/47/ 44/44/
f 49/49/ 50/50/ 46/46/
f 45/45/ 49/49/ 46/46/
f 51/51/ 52/52/ 48/48/
f 47/47/ 51/51/ 48/48/
f 53/53/ 54/54/ 50/50/
f 49/49/ 53/53/ 50/50/
f 55/55/ 56/56/ 52/52/
f 51/51/ 55/55/ 52/52/
f 57/57/ 58/58/ 54/54/
f 53/53/ 57/57/ 54/54/
f 59/59/ 60/60/ 56/56/
f 55/55/ 59/59/ 56/56/
f 61/61/ 62/62/ 58/58/
f 57/57/ 61/61/ 58/58/
f 63/63/ 64/64/ 60/60/
f 59/59/ 63/63/ 60/60/
f 65/65/ 66/66/ 62/62/
f 61/61/ 65/65/ 62/62/
f 4/4/ 3/3/ 64/64/
f 63/63/ 4/4/ 64/64/
f 8/8/ 7/7/ 66/66/
f 65/65/ 8/8/ 66/66/
f 67/67/ 21/21/ 13/13/
f 68/68/ 67/67/ 13/13/
f 69/69/ 23/23/ 15/15/
f 70/70/ 69/69/ 15/15/
f 71/71/ 25/25/ 19/19/
f 72/72/ 71/71/ 19/19/
f 73/73/ 27/27/ 21/21/
f 67/67/ 73/73/ 21/21/
f 74/74/ 29/29/ 23/23/
f 69/69/ 74/74/ 23/23/
f 75/75/ 31/31/ 25/25/
f 71/71/ 75/75/ 25/25/
f 76/76/ 33/33/ 36/36/
f 77/77/ 76/76/ 36/36/
f 78/78/ 37/37/ 29/29/
f 74/74/ 78/78/ 29/29/
f 79/79/ 39/39/ 31/31/
f 75/75/ 79/79/ 31/31/
f 80/80/ 41/41/ 33/33/
f 76/76/ 80/80/ 33/33/
f 81/81/ 43/43/ 37/37/
f 78/78/ 81/81/ 37/37/
f 82/82/ 18/18/ 39/39/
f 79/79/ 82/82/ 39/39/
f 83/83/ 45/45/ 41/41/
f 80/80/ 83/83/ 41/41/
f 84/84/ 47/47/ 43/43/
f 81/81/ 84/84/ 43/43/
f 85/85/ 49/49/ 45/45/
f 83/83/ 85/85/ 45/45/
f 86/86/ 51/51/ 47/47/
f 84/84/ 86/86/ 47/47/
f 87/87/ 53/53/ 49/49/
f 85/85/ 87/87/ 49/49/
f 88/88/ 55/55/ 51/51/
f 86/86/ 88/88/ 51/51/
f 89/89/ 57/57/ 53/53/
f 87/87/ 89/89/ 53/53/
f 90/90/ 59/59/ 55/55/
f 88/88/ 90/90/ 55/55/
f 91/91/ 61/61/ 57/57/
f 89/89/ 91/91/ 57/57/
f 92/92/ 63/63/ 59/59/
f 90/90/ 92/92/ 59/59/
f 93/93/ 65/65/ 61/61/
f 91/91/ 93/93/ 61/61/
f 94/94/ 4/4/ 63/63/
f 92/92/ 94/94/ 63/63/
f 95/95/ 8/8/ 65/65/
f 93/93/ 95/95/ 65/65/
f 96/96/ 1/1/ 4/4/
f 94/94/ 96/96/ 4/4/
f 97/97/ 5/5/ 8/8/
f 95/95/ 97/97/ 8/8/
f 98/98/ 9/9/ 1/1/
f 96/96/ 98/98/ 1/1/
f 99/99/ 11/11/ 5/5/
f 97/97/ 99/99/ 5/5/
f 68/68/ 13/13/ 9/9/
f 98/98/ 68/68/ 9/9/
f 70/70/ 15/15/ 18/18/
f 82/82/ 70/70/ 18/18/
f 72/72/ 19/19/ 11/11/
f 99/99/ 72/72/ 11/11/
f 100/100/ 80/80/ 76/76/
f 101/101/ 100/100/ 76/76/
f 102/102/ 81/81/ 78/78/
f 103/103/ 102/102/ 78/78/
f 104/104/ 82/82/ 79/79/
f 105/105/ 104/104/ 79/79/
f 106/106/ 83/83/ 80/80/
f 100/100/ 106/106/ 80/80/
f 107/107/ 84/84/ 81/81/
f 102/102/ 107/107/ 81/81/
f 108/108/ 85/85/ 83/83/
f 106/106/ 108/108/ 83/83/
f 109/109/ 86/86/ 84/84/
f 107/107/ 109/109/ 84/84/
f 110/110/ 87/87/ 85/85/
f 108/108/ 110/110/ 85/85/
f 111/111/ 88/88/ 86/86/
f 109/109/ 111/111/ 86/86/
f 112/112/ 89/89/ 87/87/
f 110/110/ 112/112/ 87/87/
f 113/113/ 90/90/ 88/88/
f 111/111/ 113/113/ 88/88/
f 114/114/ 91/91/ 89/89/
f 112/112/ 114/114/ 89/89/
f 115/115/ 92/92/ 90/90/
f 113/113/ 115/115/ 90/90/
f 116/116/ 93/93/ 91/91/
f 114/114/ 116/116/ 91/91/
f 117/117/ 94/94/ 92/92/
f 115/115/ 117/117/ 92/92/
f 118/118/ 95/95/ 93/93/
f 116/116/ 118/118/ 93/93/
f 119/119/ 96/96/ 94/94/
f 117/117/ 119/119/ 94/94/
f 120/120/ 97/97/ 95/95/
f 118/118/ 120/120/ 95/95/
f 121/121/ 98/98/ 96/96/
f 119/119/ 121/121/ 96/96/
f 122/122/ 99/99/ 97/97/
f 120/120/ 122/122/ 97/97/
f 123/123/ 68/68/ 98/98/
f 121/121/ 123/123/ 98/98/
f 124/124/ 70/70/ 82/82/
f 104/104/ 124/124/ 82/82/
f 125/125/ 72/72/ 99/99/
f 122/122/ 125/125/ 99/99/
f 126/126/ 67/67/ 68/68/
f 123/123/ 126/126/ 68/68/
f 127/127/ 69/69/ 70/70/
f 124/124/ 127/127/ 70/70/
f 128/128/ 71/71/ 72/72/
f 125/125/ 128/128/ 72/72/
f 129/129/ 73/73/ 67/67/
f 126/126/ 129/129/ 67/67/
f 130/130/ 74/74/ 69/69/
f 127/127/ 130/130/ 69/69/
f 131/131/ 75/75/ 71/71/
f 128/128/ 131/131/ 71/71/
f 101/101/ 76/76/ 77/77/
f 132/132/ 101/101/ 77/77/
f 103/103/ 78/78/ 74/74/
f 130/130/ 103/103/ 74/74/
f 105/105/ 79/79/ 75/75/
f 131/131/ 105/105/ 75/75/
f 133/133/ 110/110/ 108/108/
f 134/134/ 133/133/ 108/108/
f 135/135/ 111/111/ 109/109/
f 136/136/ 135/135/ 109/109/
f 137/137/ 112/112/ 110/110/
f 133/133/ 137/137/ 110/110/
f 138/138/ 113/113/ 111/111/
f 135/135/ 138/138/ 111/111/
f 139/139/ 114/114/ 112/112/
f 137/137/ 139/139/ 112/112/
f 140/140/ 115/115/ 113/113/
f 138/138/ 140/140/ 113/113/
f 141/141/ 116/116/ 114/114/
f 139/139/ 141/141/ 114/114/
f 142/142/ 117/117/ 115/115/
f 140/140/ 142/142/ 115/115/
f 143/143/ 118/118/ 116/116/
f 141/141/ 143/143/ 116/116/
f 144/144/ 119/119/ 117/117/
f 142/142/ 144/144/ 117/117/
f 145/145/ 120/120/ 118/118/
f 143/143/ 145/145/ 118/118/
f 146/146/ 121/121/ 119/119/
f 144/144/ 146/146/ 119/119/
f 147/147/ 122/122/ 120/120/
f 145/145/ 147/147/ 120/120/
f 148/148/ 123/123/ 121/121/
f 146/146/ 148/148/ 121/121/
f 149/149/ 124/124/ 104/104/
f 150/150/ 149/149/ 104/104/
f 151/151/ 125/125/ 122/122/
f 147/147/ 151/151/ 122/122/
f 152/152/ 126/126/ 123/123/
f 148/148/ 152/152/ 123/123/
f 153/153/ 127/127/ 124/124/
f 149/149/ 153/153/ 124/124/
f 154/154/ 128/128/ 125/125/
f 151/151/ 154/154/ 125/125/
f 155/155/ 129/129/ 126/126/
f 152/152/ 155/155/ 126/126/
f 156/156/ 130/130/ 127/127/
f 153/153/ 156/156/ 127/127/
f 157/157/ 131/131/ 128/128/
f 154/154/ 157/157/ 128/128/
f 158/158/ 101/101/ 132/132/
f 159/159/ 158/158/ 132/132/
f 160/160/ 103/103/ 130/130/
f 156/156/ 160/160/ 130/130/
f 161/161/ 105/105/ 131/131/
f 157/157/ 161/161/ 131/131/
f 162/162/ 100/100/ 101/101/
f 158/158/ 162/162/ 101/101/
f 163/163/ 102/102/ 103/103/
f 160/160/ 163/163/ 103/103/
f 150/150/ 104/104/ 105/105/
f 161/161/ 150/150/ 105/105/
f 164/164/ 106/106/ 100/100/
f 162/162/ 164/164/ 100/100/
f 165/165/ 107/107/ 102/102/
f 163/163/ 165/165/ 102/102/
f 134/134/ 108/108/ 106/106/
f 164/164/ 134/134/ 106/106/
f 136/136/ 109/109/ 107/107/
f 165/165/ 136/136/ 107/107/
f 166/166/ 167/167/ 168/168/
f 169/169/ 166/166/ 168/168/
f 170/170/ 171/171/ 172/172/
f 173/173/ 170/170/ 172/172/
f 174/174/ 175/175/ 167/167/
f 166/166/ 174/174/ 167/167/
f 176/176/ 177/177/ 171/171/
f 170/170/ 176/176/ 171/171/
f 178/178/ 179/179/ 175/175/
f 174/174/ 178/178/ 175/175/
f 180/180/ 181/181/ 177/177/
f 176/176/ 180/180/ 177/177/
f 182/182/ 183/183/ 179/179/
f 178/178/ 182/182/ 179/179/
f 184/184/ 185/185/ 181/181/
f 180/180/ 184/184/ 181/181/
f 186/186/ 187/187/ 188/188/
f 189/189/ 186/186/ 188/188/
f 190/190/ 191/191/ 183/183/
f 182/182/ 190/190/ 183/183/
f 192/192/ 193/193/ 185/185/
f 184/184/ 192/192/ 185/185/
f 194/194/ 195/195/ 187/187/
f 186/186/ 194/194/ 187/187/
f 196/196/ 197/197/ 191/191/
f 190/190/ 196/196/ 191/191/
f 198/198/ 199/199/ 193/193/
f 192/192/ 198/198/ 193/193/
f 200/200/ 201/201/ 195/195/
f 194/194/ 200/200/ 195/195/
f 202/202/ 203/203/ 197/197/
f 196/196/ 202/202/ 197/197/
f 204/204/ 205/205/ 206/206/
f 207/207/ 204/204/ 206/206/
f 208/208/ 209/209/ 201/201/
f 200/200/ 208/208/ 201/201/
f 210/210/ 211/211/ 203/203/
f 202/202/ 210/210/ 203/203/
f 212/212/ 213/213/ 205/205/
f 204/204/ 212/212/ 205/205/
f 214/214/ 215/215/ 209/209/
f 208/208/ 214/214/ 209/209/
f 189/189/ 188/188/ 211/211/
f 210/210/ 189/189/ 211/211/
f 216/216/ 217/217/ 213/213/
f 212/212/ 216/216/ 213/213/
f 218/218/ 219/219/ 215/215/
f 214/214/ 218/218/ 215/215/
f 220/220/ 221/221/ 217/217/
f 216/216/ 220/220/ 217/217/
f 222/222/ 223/223/ 219/219/
f 218/218/ 222/222/ 219/219/
f 224/224/ 225/225/ 221/221/
f 220/220/ 224/224/ 221/221/
f 226/226/ 227/227/ 223/223/
f 222/222/ 226/226/ 223/223/
f 228/228/ 229/229/ 225/225/
f 224/224/ 228/228/ 225/225/
f 230/230/ 231/231/ 227/227/
f 226/226/ 230/230/ 227/227/
f 169/169/ 168/168/ 229/229/
f 228/228/ 169/169/ 229/229/
f 173/173/ 172/172/ 231/231/
f 230/230/ 173/173/ 231/231/
f 172/172/ 140/140/ 138/138/
f 231/231/ 172/172/ 138/138/
f 168/168/ 139/139/ 137/137/
f 229/229/ 168/168/ 137/137/
f 231/231/ 138/138/ 135/135/
f 227/227/ 231/231/ 135/135/
f 229/229/ 137/137/ 133/133/
f 225/225/ 229/229/ 133/133/
f 227/227/ 135/135/ 136/136/
f 223/223/ 227/227/ 136/136/
f 225/225/ 133/133/ 134/134/
f 221/221/ 225/225/ 134/134/
f 223/223/ 136/136/ 165/165/
f 219/219/ 223/223/ 165/165/
f 221/221/ 134/134/ 164/164/
f 217/217/ 221/221/ 164/164/
f 219/219/ 165/165/ 163/163/
f 215/215/ 219/219/ 163/163/
f 217/217/ 164/164/ 162/162/
f 213/213/ 217/217/ 162/162/
f 188/188/ 150/150/ 161/161/
f 211/211/ 188/188/ 161/161/
f 215/215/ 163/163/ 160/160/
f 209/209/ 215/215/ 160/160/
f 213/213/ 162/162/ 158/158/
f 205/205/ 213/213/ 158/158/
f 211/211/ 161/161/ 157/157/
f 203/203/ 211/211/ 157/157/
f 209/209/ 160/160/ 156/156/
f 201/201/ 209/209/ 156/156/
f 205/205/ 158/158/ 159/159/
f 206/206/ 205/205/ 159/159/
f 203/203/ 157/157/ 154/154/
f 197/197/ 203/203/ 154/154/
f 201/201/ 156/156/ 153/153/
f 195/195/ 201/201/ 153/153/
f 199/199/ 155/155/ 152/152/
f 193/193/ 199/199/ 152/152/
f 197/197/ 154/154/ 151/151/
f 191/191/ 197/197/ 151/151/
f 195/195/ 153/153/ 149/149/
f 187/187/ 195/195/ 149/149/
f 193/193/ 152/152/ 148/148/
f 185/185/ 193/193/ 148/148/
f 191/191/ 151/151/ 147/147/
f 183/183/ 191/191/ 147/147/
f 187/187/ 149/149/ 150/150/
f 188/188/ 187/187/ 150/150/
f 185/185/ 148/148/ 146/146/
f 181/181/ 185/185/ 146/146/
f 183/183/ 147/147/ 145/145/
f 179/179/ 183/183/ 145/145/
f 181/181/ 146/146/ 144/144/
f 177/177/ 181/181/ 144/144/
f 179/179/ 145/145/ 143/143/
f 175/175/ 179/179/ 143/143/
f 177/177/ 144/144/ 142/142/
f 171/171/ 177/177/ 142/142/
f 175/175/ 143/143/ 141/141/
f 167/167/ 175/175/ 141/141/
f 171/171/ 142/142/ 140/140/
f 172/172/ 171/171/ 140/140/
f 167/167/ 141/141/ 139/139/
f 168/168/ 167/167/ 139/139/
f 232/232/ 220/220/ 216/216/
f 233/233/ 232/232/ 216/216/
f 234/234/ 222/222/ 218/218/
f 235/235/ 234/234/ 218/218/
f 236/236/ 224/224/ 220/220/
f 232/232/ 236/236/ 220/220/
f 237/237/ 226/226/ 222/222/
f 234/234/ 237/237/ 222/222/
f 238/238/ 228/228/ 224/224/
f 236/236/ 238/238/ 224/224/
f 239/239/ 230/230/ 226/226/
f 237/237/ 239/239/ 226/226/
f 240/240/ 169/169/ 228/228/
f 238/238/ 240/240/ 228/228/
f 241/241/ 173/173/ 230/230/
f 239/239/ 241/241/ 230/230/
f 242/242/ 166/166/ 169/169/
f 240/240/ 242/242/ 169/169/
f 243/243/ 170/170/ 173/173/
f 241/241/ 243/243/ 173/173/
f 244/244/ 174/174/ 166/166/
f 242/242/ 244/244/ 166/166/
f 245/245/ 176/176/ 170/170/
f 243/243/ 245/245/ 170/170/
f 246/246/ 178/178/ 174/174/
f 244/244/ 246/246/ 174/174/
f 247/247/ 180/180/ 176/176/
f 245/245/ 247/247/ 176/176/
f 248/248/ 182/182/ 178/178/
f 246/246/ 248/248/ 178/178/
f 249/249/ 184/184/ 180/180/
f 247/247/ 249/249/ 180/180/
f 250/250/ 186/186/ 189/189/
f 251/251/ 250/250/ 189/189/
f 252/252/ 190/190/ 182/182/
f 248/248/ 252/252/ 182/182/
f 253/253/ 192/192/ 184/184/
f 249/249/ 253/253/ 184/184/
f 254/254/ 194/194/ 186/186/
f 250/250/ 254/254/ 186/186/
f 255/255/ 196/196/ 190/190/
f 252/252/ 255/255/ 190/190/
f 256/256/ 198/198/ 192/192/
f 253/253/ 256/256/ 192/192/
f 257/257/ 200/200/ 194/194/
f 254/254/ 257/257/ 194/194/
f 258/258/ 202/202/ 196/196/
f 255/255/ 258/258/ 196/196/
f 259/259/ 204/204/ 207/207/
f 260/260/ 259/259/ 207/207/
f 261/261/ 208/208/ 200/200/
f 257/257/ 261/261/ 200/200/
f 262/262/ 210/210/ 202/202/
f 258/258/ 262/262/ 202/202/
f 263/263/ 212/212/ 204/204/
f 259/259/ 263/263/ 204/204/
f 264/264/ 214/214/ 208/208/
f 261/261/ 264/264/ 208/208/
f 251/251/ 189/189/ 210/210/
f 262/262/ 251/251/ 210/210/
f 233/233/ 216/216/ 212/212/
f 263/263/ 233/233/ 212/212/
f 235/235/ 218/218/ 214/214/
f 264/264/ 235/235/ 214/214/
f 265/265/ 246/246/ 244/244/
f 266/266/ 265/265/ 244/244/
f 267/267/ 247/247/ 245/245/
f 268/268/ 267/267/ 245/245/
f 269/269/ 248/248/ 246/246/
f 265/265/ 269/269/ 246/246/
f 270/270/ 249/249/ 247/247/
f 267/267/ 270/270/ 247/247/
f 271/271/ 250/250/ 251/251/
f 272/272/ 271/271/ 251/251/
f 273/273/ 252/252/ 248/248/
f 269/269/ 273/273/ 248/248/
f 274/274/ 253/253/ 249/249/
f 270/270/ 274/274/ 249/249/
f 275/275/ 254/254/ 250/250/
f 271/271/ 275/275/ 250/250/
f 276/276/ 255/255/ 252/252/
f 273/273/ 276/276/ 252/252/
f 277/277/ 256/256/ 253/253/
f 274/274/ 277/277/ 253/253/
f 278/278/ 257/257/ 254/254/
f 275/275/ 278/278/ 254/254/
f 279/279/ 258/258/ 255/255/
f 276/276/ 279/279/ 255/255/
f 280/280/ 259/259/ 260/260/
f 281/281/ 280/280/ 260/260/
f 282/282/ 261/261/ 257/257/
f 278/278/ 282/282/ 257/257/
f 283/283/ 262/262/ 258/258/
f 279/279/ 283/283/ 258/258/
f 284/284/ 263/263/ 259/259/
f 280/280/ 284/284/ 259/259/
f 285/285/ 264/264/ 261/261/
f 282/282/ 285/285/ 261/261/
f 272/272/ 251/251/ 262/262/
f 283/283/ 272/272/ 262/262/
f 286/286/ 233/233/ 263/263/
f 284/284/ 286/286/ 263/263/
f 287/287/ 235/235/ 264/264/
f 285/285/ 287/287/ 264/264/
f 288/288/ 232/232/ 233/233/
f 286/286/ 288/288/ 233/233/
f 289/289/ 234/234/ 235/235/
f 287/287/ 289/289/ 235/235/
f 290/290/ 236/236/ 232/232/
f 288/288/ 290/290/ 232/232/
f 291/291/ 237/237/ 234/234/
f 289/289/ 291/291/ 234/234/
f 292/292/ 238/238/ 236/236/
f 290/290/ 292/292/ 236/236/
f 293/293/ 239/239/ 237/237/
f 291/291/ 293/293/ 237/237/
f 294/294/ 240/240/ 238/238/
f 292/292/ 294/294/ 238/238/
f 295/295/ 241/241/ 239/239/
f 293/293/ 295/295/ 239/239/
f 296/296/ 242/242/ 240/240/
f 294/294/ 296/296/ 240/240/
f 297/297/ 243/243/ 241/241/
f 295/295/ 297/297/ 241/241/
f 266/266/ 244/244/ 242/242/
f 296/296/ 266/266/ 242/242/
f 268/268/ 245/245/ 243/243/
f 297/297/ 268/268/ 243/243/
f 298/298/ 293/293/ 291/291/
f 299/299/ 298/298/ 291/291/
f 300/300/ 294/294/ 292/292/
f 301/301/ 300/300/ 292/292/
f 302/302/ 295/295/ 293/293/
f 298/298/ 302/302/ 293/293/
f 303/303/ 296/296/ 294/294/
f 300/300/ 303/303/ 294/294/
f 304/304/ 297/297/ 295/295/
f 302/302/ 304/304/ 295/295/
f 305/305/ 266/266/ 296/296/
f 303/303/ 305/305/ 296/296/
f 306/306/ 268/268/ 297/297/
f 304/304/ 306/306/ 297/297/
f 307/307/ 265/265/ 266/266/
f 305/305/ 307/307/ 266/266/
f 308/308/ 267/267/ 268/268/
f 306/306/ 308/308/ 268/268/
f 309/309/ 269/269/ 265/265/
f 307/307/ 309/309/ 265/265/
f 310/310/ 270/270/ 267/267/
f 308/308/ 310/310/ 267/267/
f 311/311/ 271/271/ 272/272/
f 312/312/ 311/311/ 272/272/
f 313/313/ 273/273/ 269/269/
f 309/309/ 313/313/ 269/269/
f 314/314/ 274/274/ 270/270/
f 310/310/ 314/314/ 270/270/
f 315/315/ 275/275/ 271/271/
f 311/311/ 315/315/ 271/271/
f 316/316/ 276/276/ 273/273/
f 313/313/ 316/316/ 273/273/
f 317/317/ 277/277/ 274/274/
f 314/314/ 317/317/ 274/274/
f 318/318/ 278/278/ 275/275/
f 315/315/ 318/318/ 275/275/
f 319/319/ 279/279/ 276/276/
f 316/316/ 319/319/ 276/276/
f 320/320/ 280/280/ 281/281/
f 321/321/ 320/320/ 281/281/
f 322/322/ 282/282/ 278/278/
f 318/318/ 322/322/ 278/278/
f 323/323/ 283/283/ 279/279/
f 319/319/ 323/323/ 279/279/
f 324/324/ 284/284/ 280/280/
f 320/320/ 324/324/ 280/280/
f 325/325/ 285/285/ 282/282/
f 322/322/ 325/325/ 282/282/
f 312/312/ 272/272/ 283/283/
f 323/323/ 312/312/ 283/283/
f 326/326/ 286/286/ 284/284/
f 324/324/ 326/326/ 284/284/
f 327/327/ 287/287/ 285/285/
f 325/325/ 327/327/ 285/285/
f 328/328/ 288/288/ 286/286/
f 326/326/ 328/328/ 286/286/
f 329/329/ 289/289/ 287/287/
f 327/327/ 329/329/ 287/287/
f 330/330/ 290/290/ 288/288/
f 328/328/ 330/330/ 288/288/
f 299/299/ 291/291/ 289/289/
f 329/329/ 299/299/ 289/289/
f 301/301/ 292/292/ 290/290/
f 330/330/ 301/301/ 290/290/
f 331/331/ 306/306/ 304/304/
f 332/332/ 331/331/ 304/304/
f 333/333/ 307/307/ 305/305/
f 334/334/ 333/333/ 305/305/
f 335/335/ 308/308/ 306/306/
f 331/331/ 335/335/ 306/306/
f 336/336/ 309/309/ 307/307/
f 333/333/ 336/336/ 307/307/
f 337/337/ 310/310/ 308/308/
f 335/335/ 337/337/ 308/308/
f 338/338/ 311/311/ 312/312/
f 339/339/ 338/338/ 312/312/
f 340/340/ 313/313/ 309/309/
f 336/336/ 340/340/ 309/309/
f 341/341/ 314/314/ 310/310/
f 337/337/ 341/341/ 310/310/
f 342/342/ 315/315/ 311/311/
f 338/338/ 342/342/ 311/311/
f 343/343/ 316/316/ 313/313/
f 340/340/ 343/343/ 313/313/
f 344/344/ 317/317/ 314/314/
f 341/341/ 344/344/ 314/314/
f 345/345/ 318/318/ 315/315/
f 342/342/ 345/345/ 315/315/
f 346/346/ 319/319/ 316/316/
f 343/343/ 346/346/ 316/316/
f 347/347/ 320/320/ 321/321/
f 348/348/ 347/347/ 321/321/
f 349/349/ 322/322/ 318/318/
f 345/345/ 349/349/ 318/318/
f 350/350/ 323/323/ 319/319/
f 346/346/ 350/350/ 319/319/
f 351/351/ 324/324/ 320/320/
f 347/347/ 351/351/ 320/320/
f 352/352/ 325/325/ 322/322/
f 349/349/ 352/352/ 322/322/
f 339/339/ 312/312/ 323/323/
f 350/350/ 339/339/ 323/323/
f 353/353/ 326/326/ 324/324/
f 351/351/ 353/353/ 324/324/
f 354/354/ 327/327/ 325/325/
f 352/352/ 354/354/ 325/325/
f 355/355/ 328/328/ 326/326/
f 353/353/ 355/355/ 326/326/
f 356/356/ 329/329/ 327/327/
f 354/354/ 356/356/ 327/327/
f 357/357/ 330/330/ 328/328/
f 355/355/ 357/357/ 328/328/
f 358/358/ 299/299/ 329/329/
f 356/356/ 358/358/ 329/329/
f 359/359/ 301/301/ 330/330/
f 357/357/ 359/359/ 330/330/
f 360/360/ 298/298/ 299/299/
f 358/358/ 360/360/ 299/299/
f 361/361/ 300/300/ 301/301/
f 359/359/ 361/361/ 301/301/
f 362/362/ 302/302/ 298/298/
f 360/360/ 362/362/ 298/298/
f 363/363/ 303/303/ 300/300/
f 361/361/ 363/363/ 300/300/
f 332/332/ 304/304/ 302/302/
f 362/362/ 332/332/ 302/302/
f 334/334/ 305/305/ 303/303/
f 363/363/ 334/334/ 303/303/
f 364/364/ 341/341/ 337/337/
f 365/365/ 364/364/ 337/337/
f 366/366/ 342/342/ 338/338/
f 367/367/ 366/366/ 338/338/
f 368/368/ 343/343/ 340/340/
f 369/369/ 368/368/ 340/340/
f 370/370/ 344/344/ 341/341/
f 364/364/ 370/370/ 341/341/
f 371/371/ 345/345/ 342/342/
f 366/366/ 371/371/ 342/342/
f 372/372/ 346/346/ 343/343/
f 368/368/ 372/372/ 343/343/
f 373/373/ 347/347/ 348/348/
f 374/374/ 373/373/ 348/348/
f 375/375/ 349/349/ 345/345/
f 371/371/ 375/375/ 345/345/
f 376/376/ 350/350/ 346/346/
f 372/372/ 376/376/ 346/346/
f 377/377/ 351/351/ 347/347/
f 373/373/ 377/377/ 347/347/
f 378/378/ 352/352/ 349/349/
f 375/375/ 378/378/ 349/349/
f 379/379/ 339/339/ 350/350/
f 376/376/ 379/379/ 350/350/
f 380/380/ 353/353/ 351/351/
f 377/377/ 380/380/ 351/351/
f 381/381/ 354/354/ 352/352/
f 378/378/ 381/381/ 352/352/
f 382/382/ 355/355/ 353/353/
f 380/380/ 382/382/ 353/353/
f 383/383/ 356/356/ 354/354/
f 381/381/ 383/383/ 354/354/
f 384/384/ 357/357/ 355/355/
f 382/382/ 384/384/ 355/355/
f 385/385/ 358/358/ 356/356/
f 383/383/ 385/385/ 356/356/
f 386/386/ 359/359/ 357/357/
f 384/384/ 386/386/ 357/357/
f 387/387/ 360/360/ 358/358/
f 385/385/ 387/387/ 358/358/
f 388/388/ 361/361/ 359/359/
f 386/386/ 388/388/ 359/359/
f 389/389/ 362/362/ 360/360/
f 387/387/ 389/389/ 360/360/
f 390/390/ 363/363/ 361/361/
f 388/388/ 390/390/ 361/361/
f 391/391/ 332/332/ 362/362/
f 389/389/ 391/391/ 362/362/
f 392/392/ 334/334/ 363/363/
f 390/390/ 392/392/ 363/363/
f 393/393/ 331/331/ 332/332/
f 391/391/ 393/393/ 332/332/
f 394/394/ 333/333/ 334/334/
f 392/392/ 394/394/ 334/334/
f 395/395/ 335/335/ 331/331/
f 393/393/ 395/395/ 331/331/
f 396/396/ 336/336/ 333/333/
f 394/394/ 396/396/ 333/333/
f 365/365/ 337/337/ 335/335/
f 395/395/ 365/365/ 335/335/
f 367/367/ 338/338/ 339/339/
f 379/379/ 367/367/ 339/339/
f 369/369/ 340/340/ 336/336/
f 396/396/ 369/369/ 336/336/
f 397/397/ 398/398/ 399/399/
f 400/400/ 397/397/ 399/399/
f 401/401/ 402/402/ 403/403/
f 404/404/ 401/401/ 403/403/
f 405/405/ 406/406/ 407/407/
f 408/408/ 405/405/ 407/407/
f 409/409/ 410/410/ 398/398/
f 397/397/ 409/409/ 398/398/
f 411/411/ 412/412/ 402/402/
f 401/401/ 411/411/ 402/402/
f 413/413/ 414/414/ 410/410/
f 409/409/ 413/413/ 410/410/
f 415/415/ 416/416/ 412/412/
f 411/411/ 415/415/ 412/412/
f 417/417/ 418/418/ 414/414/
f 413/413/ 417/417/ 414/414/
f 419/419/ 420/420/ 416/416/
f 415/415/ 419/419/ 416/416/
f 421/421/ 422/422/ 418/418/
f 417/417/ 421/421/ 418/418/
f 423/423/ 424/424/ 420/420/
f 419/419/ 423/423/ 420/420/
f 425/425/ 426/426/ 422/422/
f 421/421/ 425/425/ 422/422/
f 427/427/ 428/428/ 424/424/
f 423/423/ 427/427/ 424/424/
f 429/429/ 430/430/ 426/426/
f 425/425/ 429/429/ 426/426/
f 431/431/ 432/432/ 428/428/
f 427/427/ 431/431/ 428/428/
f 433/433/ 434/434/ 430/430/
f 429/429/ 433/433/ 430/430/
f 435/435/ 436/436/ 432/432/
f 431/431/ 435/435/ 432/432/
f 437/437/ 438/438/ 434/434/
f 433/433/ 437/437/ 434/434/
f 439/439/ 440/440/ 436/436/
f 435/435/ 439/439/ 436/436/
f 441/441/ 442/442/ 438/438/
f 437/437/ 441/441/ 438/438/
f 443/443/ 444/444/ 440/440/
f 439/439/ 443/443/ 440/440/
f 445/445/ 446/446/ 406/406/
f 405/405/ 445/445/ 406/406/
f 447/447/ 448/448/ 442/442/
f 441/441/ 447/447/ 442/442/
f 449/449/ 450/450/ 444/444/
f 443/443/ 449/449/ 444/444/
f 451/451/ 452/452/ 446/446/
f 445/445/ 451/451/ 446/446/
f 453/453/ 454/454/ 448/448/
f 447/447/ 453/453/ 448/448/
f 455/455/ 456/456/ 450/450/
f 449/449/ 455/455/ 450/450/
f 457/457/ 458/458/ 452/452/
f 451/451/ 457/457/ 452/452/
f 459/459/ 460/460/ 454/454/
f 453/453/ 459/459/ 454/454/
f 400/400/ 399/399/ 461/461/
f 462/462/ 400/400/ 461/461/
f 404/404/ 403/403/ 458/458/
f 457/457/ 404/404/ 458/458/
f 408/408/ 407/407/ 460/460/
f 459/459/ 408/408/ 460/460/
f 463/463/ 417/417/ 413/413/
f 464/464/ 463/463/ 413/413/
f 465/465/ 419/419/ 415/415/
f 466/466/ 465/465/ 415/415/
f 467/467/ 421/421/ 417/417/
f 463/463/ 467/467/ 417/417/
f 468/468/ 423/423/ 419/419/
f 465/465/ 468/468/ 419/419/
f 469/469/ 425/425/ 421/421/
f 467/467/ 469/469/ 421/421/
f 470/470/ 427/427/ 423/423/
f 468/468/ 470/470/ 423/423/
f 471/471/ 429/429/ 425/425/
f 469/469/ 471/471/ 425/425/
f 472/472/ 431/431/ 427/427/
f 470/470/ 472/472/ 427/427/
f 473/473/ 433/433/ 429/429/
f 471/471/ 473/473/ 429/429/
f 474/474/ 435/435/ 431/431/
f 472/472/ 474/474/ 431/431/
f 475/475/ 437/437/ 433/433/
f 473/473/ 475/475/ 433/433/
f 476/476/ 439/439/ 435/435/
f 474/474/ 476/476/ 435/435/
f 477/477/ 441/441/ 437/437/
f 475/475/ 477/477/ 437/437/
f 478/478/ 443/443/ 439/439/
f 476/476/ 478/478/ 439/439/
f 479/479/ 445/445/ 405/405/
f 480/480/ 479/479/ 405/405/
f 481/481/ 447/447/ 441/441/
f 477/477/ 481/481/ 441/441/
f 482/482/ 449/449/ 443/443/
f 478/478/ 482/482/ 443/443/
f 483/483/ 451/451/ 445/445/
f 479/479/ 483/483/ 445/445/
f 484/484/ 453/453/ 447/447/
f 481/481/ 484/484/ 447/447/
f 485/485/ 455/455/ 449/449/
f 482/482/ 485/485/ 449/449/
f 486/486/ 457/457/ 451/451/
f 483/483/ 486/486/ 451/451/
f 487/487/ 459/459/ 453/453/
f 484/484/ 487/487/ 453/453/
f 488/488/ 400/400/ 462/462/
f 489/489/ 488/488/ 462/462/
f 490/490/ 404/404/ 457/457/
f 486/486/ 490/490/ 457/457/
f 491/491/ 408/408/ 459/459/
f 487/487/ 491/491/ 459/459/
f 492/492/ 397/397/ 400/400/
f 488/488/ 492/492/ 400/400/
f 493/493/ 401/401/ 404/404/
f 490/490/ 493/493/ 404/404/
f 480/480/ 405/405/ 408/408/
f 491/491/ 480/480/ 408/408/
f 494/494/ 409/409/ 397/397/
f 492/492/ 494/494/ 397/397/
f 495/495/ 411/411/ 401/401/
f 493/493/ 495/495/ 401/401/
f 464/464/ 413/413/ 409/409/
f 494/494/ 464/464/ 409/409/
f 466/466/ 415/415/ 411/411/
f 495/495/ 466/466/ 411/411/
f 496/496/ 471/471/ 469/469/
f 497/497/ 496/496/ 469/469/
f 498/498/ 472/472/ 470/470/
f 499/499/ 498/498/ 470/470/
f 500/500/ 473/473/ 471/471/
f 496/496/ 500/500/ 471/471/
f 501/501/ 474/474/ 472/472/
f 498/498/ 501/501/ 472/472/
f 502/502/ 475/475/ 473/473/
f 500/500/ 502/502/ 473/473/
f 503/503/ 476/476/ 474/474/
f 501/501/ 503/503/ 474/474/
f 504/504/ 477/477/ 475/475/
f 502/502/ 504/504/ 475/475/
f 505/505/ 478/478/ 476/476/
f 503/503/ 505/505/ 476/476/
f 506/506/ 479/479/ 480/480/
f 507/507/ 506/506/ 480/480/
f 508/508/ 481/481/ 477/477/
f 504/504/ 508/508/ 477/477/
f 509/509/ 482/482/ 478/478/
f 505/505/ 509/509/ 478/478/
f 510/510/ 483/483/ 479/479/
f 506/506/ 510/510/ 479/479/
f 511/511/ 484/484/ 481/481/
f 508/508/ 511/511/ 481/481/
f 512/512/ 485/485/ 482/482/
f 509/509/ 512/512/ 482/482/
f 513/513/ 486/486/ 483/483/
f 510/510/ 513/513/ 483/483/
f 514/514/ 487/487/ 484/484/
f 511/511/ 514/514/ 484/484/
f 515/515/ 488/488/ 489/489/
f 516/516/ 515/515/ 489/489/
f 517/517/ 490/490/ 486/486/
f 513/513/ 517/517/ 486/486/
f 518/518/ 491/491/ 487/487/
f 514/514/ 518/518/ 487/487/
f 519/519/ 492/492/ 488/488/
f 515/515/ 519/519/ 488/488/
f 520/520/ 493/493/ 490/490/
f 517/517/ 520/520/ 490/490/
f 507/507/ 480/480/ 491/491/
f 518/518/ 507/507/ 491/491/
f 521/521/ 494/494/ 492/492/
f 519/519/ 521/521/ 492/492/
f 522/522/ 495/495/ 493/493/
f 520/520/ 522/522/ 493/493/
f 523/523/ 464/464/ 494/494/
f 521/521/ 523/523/ 494/494/
f 524/524/ 466/466/ 495/495/
f 522/522/ 524/524/ 495/495/
f 525/525/ 463/463/ 464/464/
f 523/523/ 525/525/ 464/464/
f 526/526/ 465/465/ 466/466/
f 524/524/ 526/526/ 466/466/
f 527/527/ 467/467/ 463/463/
f 525/525/ 527/527/ 463/463/
f 528/528/ 468/468/ 465/465/
f 526/526/ 528/528/ 465/465/
f 497/497/ 469/469/ 467/467/
f 527/527/ 497/497/ 467/467/
f 499/499/ 470/470/ 468/468/
f 528/528/ 499/499/ 468/468/
f 407/407/ 376/376/ 372/372/
f 460/460/ 407/407/ 372/372/
f 403/403/ 375/375/ 371/371/
f 458/458/ 403/403/ 371/371/
f 399/399/ 373/373/ 374/374/
f 461/461/ 399/399/ 374/374/
f 460/460/ 372/372/ 368/368/
f 454/454/ 460/460/ 368/368/
f 458/458/ 371/371/ 366/366/
f 452/452/ 458/458/ 366/366/
f 456/456/ 370/370/ 364/364/
f 450/450/ 456/456/ 364/364/
f 454/454/ 368/368/ 369/369/
f 448/448/ 454/454/ 369/369/
f 452/452/ 366/366/ 367/367/
f 446/446/ 452/452/ 367/367/
f 450/450/ 364/364/ 365/365/
f 444/444/ 450/450/ 365/365/
f 448/448/ 369/369/ 396/396/
f 442/442/ 448/448/ 396/396/
f 446/446/ 367/367/ 379/379/
f 406/406/ 446/446/ 379/379/
f 444/444/ 365/365/ 395/395/
f 440/440/ 444/444/ 395/395/
f 442/442/ 396/396/ 394/394/
f 438/438/ 442/442/ 394/394/
f 440/440/ 395/395/ 393/393/
f 436/436/ 440/440/ 393/393/
f 438/438/ 394/394/ 392/392/
f 434/434/ 438/438/ 392/392/
f 436/436/ 393/393/ 391/391/
f 432/432/ 436/436/ 391/391/
f 434/434/ 392/392/ 390/390/
f 430/430/ 434/434/ 390/390/
f 432/432/ 391/391/ 389/389/
f 428/428/ 432/432/ 389/389/
f 430/430/ 390/390/ 388/388/
f 426/426/ 430/430/ 388/388/
f 428/428/ 389/389/ 387/387/
f 424/424/ 428/428/ 387/387/
f 426/426/ 388/388/ 386/386/
f 422/422/ 426/426/ 386/386/
f 424/424/ 387/387/ 385/385/
f 420/420/ 424/424/ 385/385/
f 422/422/ 386/386/ 384/384/
f 418/418/ 422/422/ 384/384/
f 420/420/ 385/385/ 383/383/
f 416/416/ 420/420/ 383/383/
f 418/418/ 384/384/ 382/382/
f 414/414/ 418/418/ 382/382/
f 416/416/ 383/383/ 381/381/
f 412/412/ 416/416/ 381/381/
f 414/414/ 382/382/ 380/380/
f 410/410/ 414/414/ 380/380/
f 412/412/ 381/381/ 378/378/
f 402/402/ 412/412/ 378/378/
f 410/410/ 380/380/ 377/377/
f 398/398/ 410/410/ 377/377/
f 406/406/ 379/379/ 376/376/
f 407/407/ 406/406/ 376/376/
f 402/402/ 378/378/ 375/375/
f 403/403/ 402/402/ 375/375/
f 398/398/ 377/377/ 373/373/
f 399/399/ 398/398/ 373/373/
f 529/529/ 530/530/ 531/531/
f 532/532/ 529/529/ 531/531/
f 533/533/ 534/534/ 535/535/
f 536/536/ 533/533/ 535/535/
f 537/537/ 538/538/ 539/539/
f 540/540/ 537/537/ 539/539/
f 541/541/ 542/542/ 530/530/
f 529/529/ 541/541/ 530/530/
f 543/543/ 544/544/ 534/534/
f 533/533/ 543/543/ 534/534/
f 545/545/ 546/546/ 538/538/
f 537/537/ 545/545/ 538/538/
f 547/547/ 548/548/ 542/542/
f 541/541/ 547/547/ 542/542/
f 549/549/ 550/550/ 544/544/
f 543/543/ 549/549/ 544/544/
f 551/551/ 552/552/ 546/546/
f 545/545/ 551/551/ 546/546/
f 553/553/ 554/554/ 548/548/
f 547/547/ 553/553/ 548/548/
f 555/555/ 556/556/ 550/550/
f 549/549/ 555/555/ 550/550/
f 557/557/ 558/558/ 552/552/
f 551/551/ 557/557/ 552/552/
f 559/559/ 560/560/ 554/554/
f 553/553/ 559/559/ 554/554/
f 561/561/ 562/562/ 556/556/
f 555/555/ 561/561/ 556/556/
f 563/563/ 564/564/ 558/558/
f 557/557/ 563/563/ 558/558/
f 540/540/ 539/539/ 560/560/
f 559/559/ 540/540/ 560/560/
f 565/565/ 566/566/ 562/562/
f 561/561/ 565/565/ 562/562/
f 567/567/ 568/568/ 564/564/
f 563/563/ 567/567/ 564/564/
f 569/569/ 570/570/ 566/566/
f 565/565/ 569/569/ 566/566/
f 571/571/ 572/572/ 568/568/
f 567/567/ 571/571/ 568/568/
f 573/573/ 574/574/ 570/570/
f 569/569/ 573/573/ 570/570/
f 575/575/ 576/576/ 572/572/
f 571/571/ 575/575/ 572/572/
f 577/577/ 578/578/ 574/574/
f 573/573/ 577/577/ 574/574/
f 579/579/ 580/580/ 576/576/
f 575/575/ 579/579/ 576/576/
f 581/581/ 582/582/ 578/578/
f 577/577/ 581/581/ 578/578/
f 583/583/ 584/584/ 580/580/
f 579/579/ 583/583/ 580/580/
f 585/585/ 586/586/ 582/582/
f 581/581/ 585/585/ 582/582/
f 587/587/ 588/588/ 584/584/
f 583/583/ 587/587/ 584/584/
f 589/589/ 590/590/ 586/586/
f 585/585/ 589/589/ 586/586/
f 591/591/ 592/592/ 588/588/
f 587/587/ 591/591/ 588/588/
f 532/532/ 531/531/ 590/590/
f 589/589/ 532/532/ 590/590/
f 536/536/ 535/535/ 592/592/
f 591/591/ 536/536/ 592/592/
f 593/593/ 553/553/ 547/547/
f 594/594/ 593/593/ 547/547/
f 595/595/ 555/555/ 549/549/
f 596/596/ 595/595/ 549/549/
f 597/597/ 557/557/ 551/551/
f 598/598/ 597/597/ 551/551/
f 599/599/ 559/559/ 553/553/
f 593/593/ 599/599/ 553/553/
f 600/600/ 561/561/ 555/555/
f 595/595/ 600/600/ 555/555/
f 601/601/ 563/563/ 557/557/
f 597/597/ 601/601/ 557/557/
f 602/602/ 540/540/ 559/559/
f 599/599/ 602/602/ 559/559/
f 603/603/ 565/565/ 561/561/
f 600/600/ 603/603/ 561/561/
f 604/604/ 567/567/ 563/563/
f 601/601/ 604/604/ 563/563/
f 605/605/ 569/569/ 565/565/
f 603/603/ 605/605/ 565/565/
f 606/606/ 571/571/ 567/567/
f 604/604/ 606/606/ 567/567/
f 607/607/ 573/573/ 569/569/
f 605/605/ 607/607/ 569/569/
f 608/608/ 575/575/ 571/571/
f 606/606/ 608/608/ 571/571/
f 609/609/ 577/577/ 573/573/
f 607/607/ 609/609/ 573/573/
f 610/610/ 579/579/ 575/575/
f 608/608/ 610/610/ 575/575/
f 611/611/ 581/581/ 577/577/
f 609/609/ 611/611/ 577/577/
f 612/612/ 583/583/ 579/579/
f 610/610/ 612/612/ 579/579/
f 613/613/ 585/585/ 581/581/
f 611/611/ 613/613/ 581/581/
f 614/614/ 587/587/ 583/583/
f 612/612/ 614/614/ 583/583/
f 615/615/ 589/589/ 585/585/
f 613/613/ 615/615/ 585/585/
f 616/616/ 591/591/ 587/587/
f 614/614/ 616/616/ 587/587/
f 617/617/ 532/532/ 589/589/
f 615/615/ 617/617/ 589/589/
f 618/618/ 536/536/ 591/591/
f 616/616/ 618/618/ 591/591/
f 619/619/ 529/529/ 532/532/
f 617/617/ 619/619/ 532/532/
f 620/620/ 533/533/ 536/536/
f 618/618/ 620/620/ 536/536/
f 621/621/ 537/537/ 540/540/
f 602/602/ 621/621/ 540/540/
f 622/622/ 541/541/ 529/529/
f 619/619/ 622/622/ 529/529/
f 623/623/ 543/543/ 533/533/
f 620/620/ 623/623/ 533/533/
f 624/624/ 545/545/ 537/537/
f 621/621/ 624/624/ 537/537/
f 594/594/ 547/547/ 541/541/
f 622/622/ 594/594/ 541/541/
f 596/596/ 549/549/ 543/543/
f 623/623/ 596/596/ 543/543/
f 598/598/ 551/551/ 545/545/
f 624/624/ 598/598/ 545/545/
f 625/625/ 605/605/ 603/603/
f 626/626/ 625/625/ 603/603/
f 627/627/ 606/606/ 604/604/
f 628/628/ 627/627/ 604/604/
f 629/629/ 607/607/ 605/605/
f 625/625/ 629/629/ 605/605/
f 630/630/ 608/608/ 606/606/
f 627/627/ 630/630/ 606/606/
f 631/631/ 609/609/ 607/607/
f 629/629/ 631/631/ 607/607/
f 632/632/ 610/610/ 608/608/
f 630/630/ 632/632/ 608/608/
f 633/633/ 611/611/ 609/609/
f 631/631/ 633/633/ 609/609/
f 634/634/ 612/612/ 610/610/
f 632/632/ 634/634/ 610/610/
f 635/635/ 613/613/ 611/611/
f 633/633/ 635/635/ 611/611/
f 636/636/ 614/614/ 612/612/
f 634/634/ 636/636/ 612/612/
f 637/637/ 615/615/ 613/613/
f 635/635/ 637/637/ 613/613/
f 638/638/ 616/616/ 614/614/
f 636/636/ 638/638/ 614/614/
f 639/639/ 617/617/ 615/615/
f 637/637/ 639/639/ 615/615/
f 640/640/ 618/618/ 616/616/
f 638/638/ 640/640/ 616/616/
f 641/641/ 619/619/ 617/617/
f 639/639/ 641/641/ 617/617/
f 642/642/ 620/620/ 618/618/
f 640/640/ 642/642/ 618/618/
f 643/643/ 621/621/ 602/602/
f 644/644/ 643/643/ 602/602/
f 645/645/ 622/622/ 619/619/
f 641/641/ 645/645/ 619/619/
f 646/646/ 623/623/ 620/620/
f 642/642/ 646/646/ 620/620/
f 647/647/ 624/624/ 621/621/
f 643/643/ 647/647/ 621/621/
f 648/648/ 594/594/ 622/622/
f 645/645/ 648/648/ 622/622/
f 649/649/ 596/596/ 623/623/
f 646/646/ 649/649/ 623/623/
f 650/650/ 598/598/ 624/624/
f 647/647/ 650/650/ 624/624/
f 651/651/ 593/593/ 594/594/
f 648/648/ 651/651/ 594/594/
f 652/652/ 595/595/ 596/596/
f 649/649/ 652/652/ 596/596/
f 653/653/ 597/597/ 598/598/
f 650/650/ 653/653/ 598/598/
f 654/654/ 599/599/ 593/593/
f 651/651/ 654/654/ 593/593/
f 655/655/ 600/600/ 595/595/
f 652/652/ 655/655/ 595/595/
f 656/656/ 601/601/ 597/597/
f 653/653/ 656/656/ 597/597/
f 644/644/ 602/602/ 599/599/
f 654/654/ 644/644/ 599/599/
f 626/626/ 603/603/ 600/600/
f 655/655/ 626/626/ 600/600/
f 628/628/ 604/604/ 601/601/
f 656/656/ 628/628/ 601/601/
f 657/657/ 648/648/ 645/645/
f 658/658/ 657/657/ 645/645/
f 659/659/ 649/649/ 646/646/
f 660/660/ 659/659/ 646/646/
f 661/661/ 650/650/ 647/647/
f 662/662/ 661/661/ 647/647/
f 663/663/ 651/651/ 648/648/
f 657/657/ 663/663/ 648/648/
f 664/664/ 652/652/ 649/649/
f 659/659/ 664/664/ 649/649/
f 665/665/ 653/653/ 650/650/
f 661/661/ 665/665/ 650/650/
f 666/666/ 654/654/ 651/651/
f 663/663/ 666/666/ 651/651/
f 667/667/ 655/655/ 652/652/
f 664/664/ 667/667/ 652/652/
f 668/668/ 656/656/ 653/653/
f 665/665/ 668/668/ 653/653/
f 669/669/ 644/644/ 654/654/
f 666/666/ 669/669/ 654/654/
f 670/670/ 626/626/ 655/655/
f 667/667/ 670/670/ 655/655/
f 671/671/ 628/628/ 656/656/
f 668/668/ 671/671/ 656/656/
f 672/672/ 625/625/ 626/626/
f 670/670/ 672/672/ 626/626/
f 673/673/ 627/627/ 628/628/
f 671/671/ 673/673/ 628/628/
f 674/674/ 629/629/ 625/625/
f 672/672/ 674/674/ 625/625/
f 675/675/ 630/630/ 627/627/
f 673/673/ 675/675/ 627/627/
f 676/676/ 631/631/ 629/629/
f 674/674/ 676/676/ 629/629/
f 677/677/ 632/632/ 630/630/
f 675/675/ 677/677/ 630/630/
f 678/678/ 633/633/ 631/631/
f 676/676/ 678/678/ 631/631/
f 679/679/ 634/634/ 632/632/
f 677/677/ 679/679/ 632/632/
f 680/680/ 635/635/ 633/633/
f 678/678/ 680/680/ 633/633/
f 681/681/ 636/636/ 634/634/
f 679/679/ 681/681/ 634/634/
f 682/682/ 637/637/ 635/635/
f 680/680/ 682/682/ 635/635/
f 683/683/ 638/638/ 636/636/
f 681/681/ 683/683/ 636/636/
f 684/684/ 639/639/ 637/637/
f 682/682/ 684/684/ 637/637/
f 685/685/ 640/640/ 638/638/
f 683/683/ 685/685/ 638/638/
f 686/686/ 641/641/ 639/639/
f 684/684/ 686/686/ 639/639/
f 687/687/ 642/642/ 640/640/
f 685/685/ 687/687/ 640/640/
f 688/688/ 643/643/ 644/644/
f 669/669/ 688/688/ 644/644/
f 658/658/ 645/645/ 641/641/
f 686/686/ 658/658/ 641/641/
f 660/660/ 646/646/ 642/642/
f 687/687/ 660/660/ 642/642/
f 662/662/ 647/647/ 643/643/
f 688/688/ 662/662/ 643/643/
f 689/689/ 679/679/ 677/677/
f 690/690/ 689/689/ 677/677/
f 691/691/ 671/671/ 668/668/
f 692/692/ 691/691/ 668/668/
f 693/693/ 680/680/ 678/678/
f 694/694/ 693/693/ 678/678/
f 695/695/ 681/681/ 679/679/
f 689/689/ 695/695/ 679/679/
f 696/696/ 682/682/ 680/680/
f 693/693/ 696/696/ 680/680/
f 697/697/ 683/683/ 681/681/
f 695/695/ 697/697/ 681/681/
f 698/698/ 684/684/ 682/682/
f 696/696/ 698/698/ 682/682/
f 699/699/ 685/685/ 683/683/
f 697/697/ 699/699/ 683/683/
f 700/700/ 686/686/ 684/684/
f 698/698/ 700/700/ 684/684/
f 701/701/ 687/687/ 685/685/
f 699/699/ 701/701/ 685/685/
f 702/702/ 658/658/ 686/686/
f 700/700/ 702/702/ 686/686/
f 703/703/ 660/660/ 687/687/
f 701/701/ 703/703/ 687/687/
f 704/704/ 657/657/ 658/658/
f 702/702/ 704/704/ 658/658/
f 705/705/ 659/659/ 660/660/
f 703/703/ 705/705/ 660/660/
f 706/706/ 663/663/ 657/657/
f 704/704/ 706/706/ 657/657/
f 707/707/ 664/664/ 659/659/
f 705/705/ 707/707/ 659/659/
f 708/708/ 666/666/ 663/663/
f 706/706/ 708/708/ 663/663/
f 709/709/ 667/667/ 664/664/
f 707/707/ 709/709/ 664/664/
f 710/710/ 669/669/ 666/666/
f 708/708/ 710/710/ 666/666/
f 711/711/ 688/688/ 669/669/
f 710/710/ 711/711/ 669/669/
f 712/712/ 670/670/ 667/667/
f 709/709/ 712/712/ 667/667/
f 713/713/ 662/662/ 688/688/
f 711/711/ 713/713/ 688/688/
f 714/714/ 672/672/ 670/670/
f 712/712/ 714/714/ 670/670/
f 715/715/ 673/673/ 671/671/
f 691/691/ 715/715/ 671/671/
f 716/716/ 661/661/ 662/662/
f 713/713/ 716/716/ 662/662/
f 717/717/ 674/674/ 672/672/
f 714/714/ 717/717/ 672/672/
f 718/718/ 675/675/ 673/673/
f 715/715/ 718/718/ 673/673/
f 719/719/ 676/676/ 674/674/
f 717/717/ 719/719/ 674/674/
f 720/720/ 665/665/ 661/661/
f 716/716/ 720/720/ 661/661/
f 690/690/ 677/677/ 675/675/
f 718/718/ 690/690/ 675/675/
f 694/694/ 678/678/ 676/676/
f 719/719/ 694/694/ 676/676/
f 692/692/ 668/668/ 665/665/
f 720/720/ 692/692/ 665/665/
f 721/721/ 699/699/ 697/697/
f 722/722/ 721/721/ 697/697/
f 723/723/ 700/700/ 698/698/
f 724/724/ 723/723/ 698/698/
f 725/725/ 701/701/ 699/699/
f 721/721/ 725/725/ 699/699/
f 726/726/ 711/711/ 710/710/
f 727/727/ 726/726/ 710/710/
f 728/728/ 702/702/ 700/700/
f 723/723/ 728/728/ 700/700/
f 729/729/ 703/703/ 701/701/
f 725/725/ 729/729/ 701/701/
f 730/730/ 713/713/ 711/711/
f 726/726/ 730/730/ 711/711/
f 731/731/ 704/704/ 702/702/
f 728/728/ 731/731/ 702/702/
f 732/732/ 705/705/ 703/703/
f 729/729/ 732/732/ 703/703/
f 733/733/ 716/716/ 713/713/
f 730/730/ 733/733/ 713/713/
f 734/734/ 706/706/ 704/704/
f 731/731/ 734/734/ 704/704/
f 735/735/ 707/707/ 705/705/
f 732/732/ 735/735/ 705/705/
f 736/736/ 720/720/ 716/716/
f 733/733/ 736/736/ 716/716/
f 737/737/ 708/708/ 706/706/
f 734/734/ 737/737/ 706/706/
f 738/738/ 709/709/ 707/707/
f 735/735/ 738/738/ 707/707/
f 739/739/ 692/692/ 720/720/
f 736/736/ 739/739/ 720/720/
f 727/727/ 710/710/ 708/708/
f 737/737/ 727/727/ 708/708/
f 740/740/ 712/712/ 709/709/
f 738/738/ 740/740/ 709/709/
f 741/741/ 691/691/ 692/692/
f 739/739/ 741/741/ 692/692/
f 742/742/ 714/714/ 712/712/
f 740/740/ 742/742/ 712/712/
f 743/743/ 715/715/ 691/691/
f 741/741/ 743/743/ 691/691/
f 744/744/ 717/717/ 714/714/
f 742/742/ 744/744/ 714/714/
f 745/745/ 718/718/ 715/715/
f 743/743/ 745/745/ 715/715/
f 746/746/ 719/719/ 717/717/
f 744/744/ 746/746/ 717/717/
f 747/747/ 690/690/ 718/718/
f 745/745/ 747/747/ 718/718/
f 748/748/ 694/694/ 719/719/
f 746/746/ 748/748/ 719/719/
f 749/749/ 689/689/ 690/690/
f 747/747/ 749/749/ 690/690/
f 750/750/ 693/693/ 694/694/
f 748/748/ 750/750/ 694/694/
f 751/751/ 695/695/ 689/689/
f 749/749/ 751/751/ 689/689/
f 752/752/ 696/696/ 693/693/
f 750/750/ 752/752/ 693/693/
f 722/722/ 697/697/ 695/695/
f 751/751/ 722/722/ 695/695/
f 724/724/ 698/698/ 696/696/
f 752/752/ 724/724/ 696/696/
f 753/753/ 732/732/ 729/729/
f 754/754/ 753/753/ 729/729/
f 755/755/ 733/733/ 730/730/
f 756/756/ 755/755/ 730/730/
f 757/757/ 734/734/ 731/731/
f 758/758/ 757/757/ 731/731/
f 759/759/ 735/735/ 732/732/
f 753/753/ 759/759/ 732/732/
f 760/760/ 736/736/ 733/733/
f 755/755/ 760/760/ 733/733/
f 761/761/ 737/737/ 734/734/
f 757/757/ 761/761/ 734/734/
f 762/762/ 738/738/ 735/735/
f 759/759/ 762/762/ 735/735/
f 763/763/ 739/739/ 736/736/
f 760/760/ 763/763/ 736/736/
f 764/764/ 727/727/ 737/737/
f 761/761/ 764/764/ 737/737/
f 765/765/ 740/740/ 738/738/
f 762/762/ 765/765/ 738/738/
f 766/766/ 741/741/ 739/739/
f 763/763/ 766/766/ 739/739/
f 767/767/ 742/742/ 740/740/
f 765/765/ 767/767/ 740/740/
f 768/768/ 743/743/ 741/741/
f 766/766/ 768/768/ 741/741/
f 769/769/ 744/744/ 742/742/
f 767/767/ 769/769/ 742/742/
f 770/770/ 745/745/ 743/743/
f 768/768/ 770/770/ 743/743/
f 771/771/ 746/746/ 744/744/
f 769/769/ 771/771/ 744/744/
f 772/772/ 747/747/ 745/745/
f 770/770/ 772/772/ 745/745/
f 773/773/ 748/748/ 746/746/
f 771/771/ 773/773/ 746/746/
f 774/774/ 749/749/ 747/747/
f 772/772/ 774/774/ 747/747/
f 775/775/ 750/750/ 748/748/
f 773/773/ 775/775/ 748/748/
f 776/776/ 751/751/ 749/749/
f 774/774/ 776/776/ 749/749/
f 777/777/ 752/752/ 750/750/
f 775/775/ 777/777/ 750/750/
f 778/778/ 722/722/ 751/751/
f 776/776/ 778/778/ 751/751/
f 779/779/ 724/724/ 752/752/
f 777/777/ 779/779/ 752/752/
f 780/780/ 721/721/ 722/722/
f 778/778/ 780/780/ 722/722/
f 781/781/ 723/723/ 724/724/
f 779/779/ 781/781/ 724/724/
f 782/782/ 725/725/ 721/721/
f 780/780/ 782/782/ 721/721/
f 783/783/ 726/726/ 727/727/
f 764/764/ 783/783/ 727/727/
f 784/784/ 728/728/ 723/723/
f 781/781/ 784/784/ 723/723/
f 754/754/ 729/729/ 725/725/
f 782/782/ 754/754/ 725/725/
f 756/756/ 730/730/ 726/726/
f 783/783/ 756/756/ 726/726/
f 758/758/ 731/731/ 728/728/
f 784/784/ 758/758/ 728/728/
f 785/785/ 765/765/ 762/762/
f 786/786/ 785/785/ 762/762/
f 787/787/ 766/766/ 763/763/
f 788/788/ 787/787/ 763/763/
f 789/789/ 767/767/ 765/765/
f 785/785/ 789/789/ 765/765/
f 790/790/ 768/768/ 766/766/
f 787/787/ 790/790/ 766/766/
f 791/791/ 769/769/ 767/767/
f 789/789/ 791/791/ 767/767/
f 792/792/ 770/770/ 768/768/
f 790/790/ 792/792/ 768/768/
f 793/793/ 771/771/ 769/769/
f 791/791/ 793/793/ 769/769/
f 794/794/ 772/772/ 770/770/
f 792/792/ 794/794/ 770/770/
f 795/795/ 773/773/ 771/771/
f 793/793/ 795/795/ 771/771/
f 796/796/ 774/774/ 772/772/
f 794/794/ 796/796/ 772/772/
f 797/797/ 775/775/ 773/773/
f 795/795/ 797/797/ 773/773/
f 798/798/ 776/776/ 774/774/
f 796/796/ 798/798/ 774/774/
f 799/799/ 777/777/ 775/775/
f 797/797/ 799/799/ 775/775/
f 800/800/ 778/778/ 776/776/
f 798/798/ 800/800/ 776/776/
f 801/801/ 779/779/ 777/777/
f 799/799/ 801/801/ 777/777/
f 802/802/ 780/780/ 778/778/
f 800/800/ 802/802/ 778/778/
f 803/803/ 781/781/ 779/779/
f 801/801/ 803/803/ 779/779/
f 804/804/ 782/782/ 780/780/
f 802/802/ 804/804/ 780/780/
f 805/805/ 783/783/ 764/764/
f 806/806/ 805/805/ 764/764/
f 807/807/ 784/784/ 781/781/
f 803/803/ 807/807/ 781/781/
f 808/808/ 754/754/ 782/782/
f 804/804/ 808/808/ 782/782/
f 809/809/ 756/756/ 783/783/
f 805/805/ 809/809/ 783/783/
f 810/810/ 758/758/ 784/784/
f 807/807/ 810/810/ 784/784/
f 811/811/ 753/753/ 754/754/
f 808/808/ 811/811/ 754/754/
f 812/812/ 755/755/ 756/756/
f 809/809/ 812/812/ 756/756/
f 813/813/ 757/757/ 758/758/
f 810/810/ 813/813/ 758/758/
f 814/814/ 759/759/ 753/753/
f 811/811/ 814/814/ 753/753/
f 815/815/ 760/760/ 755/755/
f 812/812/ 815/815/ 755/755/
f 816/816/ 761/761/ 757/757/
f 813/813/ 816/816/ 757/757/
f 786/786/ 762/762/ 759/759/
f 814/814/ 786/786/ 759/759/
f 788/788/ 763/763/ 760/760/
f 815/815/ 788/788/ 760/760/
f 806/806/ 764/764/ 761/761/
f 816/816/ 806/806/ 761/761/
f 817/817/ 793/793/ 791/791/
f 818/818/ 817/817/ 791/791/
f 819/819/ 794/794/ 792/792/
f 820/820/ 819/819/ 792/792/
f 821/821/ 795/795/ 793/793/
f 817/817/ 821/821/ 793/793/
f 822/822/ 796/796/ 794/794/
f 819/819/ 822/822/ 794/794/
f 823/823/ 797/797/ 795/795/
f 821/821/ 823/823/ 795/795/
f 824/824/ 798/798/ 796/796/
f 822/822/ 824/824/ 796/796/
f 825/825/ 799/799/ 797/797/
f 823/823/ 825/825/ 797/797/
f 826/826/ 800/800/ 798/798/
f 824/824/ 826/826/ 798/798/
f 827/827/ 801/801/ 799/799/
f 825/825/ 827/827/ 799/799/
f 828/828/ 802/802/ 800/800/
f 826/826/ 828/828/ 800/800/
f 829/829/ 803/803/ 801/801/
f 827/827/ 829/829/ 801/801/
f 830/830/ 804/804/ 802/802/
f 828/828/ 830/830/ 802/802/
f 831/831/ 805/805/ 806/806/
f 832/832/ 831/831/ 806/806/
f 833/833/ 807/807/ 803/803/
f 829/829/ 833/833/ 803/803/
f 834/834/ 808/808/ 804/804/
f 830/830/ 834/834/ 804/804/
f 835/835/ 809/809/ 805/805/
f 831/831/ 835/835/ 805/805/
f 836/836/ 810/810/ 807/807/
f 833/833/ 836/836/ 807/807/
f 837/837/ 811/811/ 808/808/
f 834/834/ 837/837/ 808/808/
f 838/838/ 812/812/ 809/809/
f 835/835/ 838/838/ 809/809/
f 839/839/ 813/813/ 810/810/
f 836/836/ 839/839/ 810/810/
f 840/840/ 814/814/ 811/811/
f 837/837/ 840/840/ 811/811/
f 841/841/ 815/815/ 812/812/
f 838/838/ 841/841/ 812/812/
f 842/842/ 816/816/ 813/813/
f 839/839/ 842/842/ 813/813/
f 843/843/ 786/786/ 814/814/
f 840/840/ 843/843/ 814/814/
f 844/844/ 788/788/ 815/815/
f 841/841/ 844/844/ 815/815/
f 832/832/ 806/806/ 816/816/
f 842/842/ 832/832/ 816/816/
f 845/845/ 785/785/ 786/786/
f 843/843/ 845/845/ 786/786/
f 846/846/ 787/787/ 788/788/
f 844/844/ 846/846/ 788/788/
f 847/847/ 789/789/ 785/785/
f 845/845/ 847/847/ 785/785/
f 848/848/ 790/790/ 787/787/
f 846/846/ 848/848/ 787/787/
f 818/818/ 791/791/ 789/789/
f 847/847/ 818/818/ 789/789/
f 820/820/ 792/792/ 790/790/
f 848/848/ 820/820/ 790/790/
f 849/849/ 825/825/ 823/823/
f 850/850/ 849/849/ 823/823/
f 851/851/ 826/826/ 824/824/
f 852/852/ 851/851/ 824/824/
f 853/853/ 827/827/ 825/825/
f 849/849/ 853/853/ 825/825/
f 854/854/ 828/828/ 826/826/
f 851/851/ 854/854/ 826/826/
f 855/855/ 829/829/ 827/827/
f 853/853/ 855/855/ 827/827/
f 856/856/ 830/830/ 828/828/
f 854/854/ 856/856/ 828/828/
f 857/857/ 831/831/ 832/832/
f 858/858/ 857/857/ 832/832/
f 859/859/ 833/833/ 829/829/
f 855/855/ 859/859/ 829/829/
f 860/860/ 834/834/ 830/830/
f 856/856/ 860/860/ 830/830/
f 861/861/ 835/835/ 831/831/
f 857/857/ 861/861/ 831/831/
f 862/862/ 836/836/ 833/833/
f 859/859/ 862/862/ 833/833/
f 863/863/ 837/837/ 834/834/
f 860/860/ 863/863/ 834/834/
f 864/864/ 838/838/ 835/835/
f 861/861/ 864/864/ 835/835/
f 865/865/ 839/839/ 836/836/
f 862/862/ 865/865/ 836/836/
f 866/866/ 840/840/ 837/837/
f 863/863/ 866/866/ 837/837/
f 867/867/ 841/841/ 838/838/
f 864/864/ 867/867/ 838/838/
f 868/868/ 842/842/ 839/839/
f 865/865/ 868/868/ 839/839/
f 869/869/ 843/843/ 840/840/
f 866/866/ 869/869/ 840/840/
f 870/870/ 844/844/ 841/841/
f 867/867/ 870/870/ 841/841/
f 858/858/ 832/832/ 842/842/
f 868/868/ 858/858/ 842/842/
f 871/871/ 845/845/ 843/843/
f 869/869/ 871/871/ 843/843/
f 872/872/ 846/846/ 844/844/
f 870/870/ 872/872/ 844/844/
f 873/873/ 847/847/ 845/845/
f 871/871/ 873/873/ 845/845/
f 874/874/ 848/848/ 846/846/
f 872/872/ 874/874/ 846/846/
f 875/875/ 818/818/ 847/847/
f 873/873/ 875/875/ 847/847/
f 876/876/ 820/820/ 848/848/
f 874/874/ 876/876/ 848/848/
f 877/877/ 817/817/ 818/818/
f 875/875/ 877/877/ 818/818/
f 878/878/ 819/819/ 820/820/
f 876/876/ 878/878/ 820/820/
f 879/879/ 821/821/ 817/817/
f 877/877/ 879/879/ 817/817/
f 880/880/ 822/822/ 819/819/
f 878/878/ 880/880/ 819/819/
f 850/850/ 823/823/ 821/821/
f 879/879/ 850/850/ 821/821/
f 852/852/ 824/824/ 822/822/
f 880/880/ 852/852/ 822/822/
f 881/881/ 882/882/ 883/883/
f 884/884/ 881/881/ 883/883/
f 885/885/ 886/886/ 887/887/
f 888/888/ 885/885/ 887/887/
f 889/889/ 890/890/ 882/882/
f 881/881/ 889/889/ 882/882/
f 891/891/ 892/892/ 886/886/
f 885/885/ 891/891/ 886/886/
f 893/893/ 894/894/ 890/890/
f 889/889/ 893/893/ 890/890/
f 895/895/ 896/896/ 892/892/
f 891/891/ 895/895/ 892/892/
f 897/897/ 898/898/ 894/894/
f 893/893/ 897/897/ 894/894/
f 899/899/ 900/900/ 896/896/
f 895/895/ 899/899/ 896/896/
f 901/901/ 902/902/ 898/898/
f 897/897/ 901/901/ 898/898/
f 903/903/ 904/904/ 900/900/
f 899/899/ 903/903/ 900/900/
f 905/905/ 906/906/ 902/902/
f 901/901/ 905/905/ 902/902/
f 907/907/ 908/908/ 904/904/
f 903/903/ 907/907/ 904/904/
f 909/909/ 910/910/ 906/906/
f 905/905/ 909/909/ 906/906/
f 911/911/ 912/912/ 913/913/
f 914/914/ 911/911/ 913/913/
f 915/915/ 916/916/ 908/908/
f 907/907/ 915/915/ 908/908/
f 917/917/ 918/918/ 910/910/
f 909/909/ 917/917/ 910/910/
f 919/919/ 920/920/ 912/912/
f 911/911/ 919/919/ 912/912/
f 921/921/ 922/922/ 916/916/
f 915/915/ 921/921/ 916/916/
f 923/923/ 924/924/ 918/918/
f 917/917/ 923/923/ 918/918/
f 925/925/ 926/926/ 920/920/
f 919/919/ 925/925/ 920/920/
f 927/927/ 928/928/ 922/922/
f 921/921/ 927/927/ 922/922/
f 929/929/ 930/930/ 924/924/
f 923/923/ 929/929/ 924/924/
f 931/931/ 932/932/ 926/926/
f 925/925/ 931/931/ 926/926/
f 933/933/ 934/934/ 928/928/
f 927/927/ 933/933/ 928/928/
f 935/935/ 936/936/ 930/930/
f 929/929/ 935/935/ 930/930/
f 937/937/ 938/938/ 932/932/
f 931/931/ 937/937/ 932/932/
f 914/914/ 913/913/ 934/934/
f 933/933/ 914/914/ 934/934/
f 939/939/ 940/940/ 936/936/
f 935/935/ 939/939/ 936/936/
f 941/941/ 942/942/ 938/938/
f 937/937/ 941/941/ 938/938/
f 943/943/ 944/944/ 940/940/
f 939/939/ 943/943/ 940/940/
f 884/884/ 883/883/ 942/942/
f 941/941/ 884/884/ 942/942/
f 888/888/ 887/887/ 944/944/
f 943/943/ 888/888/ 944/944/
f 945/945/ 946/946/ 947/947/
f 948/948/ 945/945/ 947/947/
f 949/949/ 950/950/ 951/951/
f 952/952/ 949/949/ 951/951/
f 953/953/ 954/954/ 955/955/
f 956/956/ 953/953/ 955/955/
f 957/957/ 958/958/ 946/946/
f 945/945/ 957/957/ 946/946/
f 959/959/ 960/960/ 950/950/
f 949/949/ 959/959/ 950/950/
f 961/961/ 962/962/ 954/954/
f 953/953/ 961/961/ 954/954/
f 963/963/ 964/964/ 958/958/
f 957/957/ 963/963/ 958/958/
f 965/965/ 966/966/ 960/960/
f 959/959/ 965/965/ 960/960/
f 967/967/ 968/968/ 962/962/
f 961/961/ 967/967/ 962/962/
f 969/969/ 970/970/ 964/964/
f 963/963/ 969/969/ 964/964/
f 971/971/ 972/972/ 968/968/
f 967/967/ 971/971/ 968/968/
f 973/973/ 974/974/ 970/970/
f 969/969/ 973/973/ 970/970/
f 975/975/ 976/976/ 972/972/
f 971/971/ 975/975/ 972/972/
f 977/977/ 978/978/ 974/974/
f 973/973/ 977/977/ 974/974/
f 979/979/ 980/980/ 976/976/
f 975/975/ 979/979/ 976/976/
f 981/981/ 982/982/ 978/978/
f 977/977/ 981/981/ 978/978/
f 983/983/ 984/984/ 980/980/
f 979/979/ 983/983/ 980/980/
f 985/985/ 986/986/ 982/982/
f 981/981/ 985/985/ 982/982/
f 987/987/ 988/988/ 984/984/
f 983/983/ 987/987/ 984/984/
f 989/989/ 990/990/ 986/986/
f 985/985/ 989/989/ 986/986/
f 991/991/ 992/992/ 988/988/
f 987/987/ 991/991/ 988/988/
f 993/993/ 994/994/ 990/990/
f 989/989/ 993/993/ 990/990/
f 995/995/ 996/996/ 992/992/
f 991/991/ 995/995/ 992/992/
f 997/997/ 998/998/ 994/994/
f 993/993/ 997/997/ 994/994/
f 999/999/ 1000/1000/ 996/996/
f 995/995/ 999/999/ 996/996/
f 1001/1001/ 1002/1002/ 998/998/
f 997/997/ 1001/1001/ 998/998/
f 1003/1003/ 1004/1004/ 966/966/
f 965/965/ 1003/1003/ 966/966/
f 1005/1005/ 1006/1006/ 1000/1000/
f 999/999/ 1005/1005/ 1000/1000/
f 1007/1007/ 1008/1008/ 1002/1002/
f 1001/1001/ 1007/1007/ 1002/1002/
f 948/948/ 947/947/ 1004/1004/
f 1003/1003/ 948/948/ 1004/1004/
f 952/952/ 951/951/ 1006/1006/
f 1005/1005/ 952/952/ 1006/1006/
f 956/956/ 955/955/ 1008/1008/
f 1007/1007/ 956/956/ 1008/1008/
f 955/955/ 923/923/ 917/917/
f 1008/1008/ 955/955/ 917/917/
f 951/951/ 921/921/ 915/915/
f 1006/1006/ 951/951/ 915/915/
f 947/947/ 919/919/ 911/911/
f 1004/1004/ 947/947/ 911/911/
f 1008/1008/ 917/917/ 909/909/
f 1002/1002/ 1008/1008/ 909/909/
f 1006/1006/ 915/915/ 907/907/
f 1000/1000/ 1006/1006/ 907/907/
f 1004/1004/ 911/911/ 914/914/
f 966/966/ 1004/1004/ 914/914/
f 1002/1002/ 909/909/ 905/905/
f 998/998/ 1002/1002/ 905/905/
f 1000/1000/ 907/907/ 903/903/
f 996/996/ 1000/1000/ 903/903/
f 998/998/ 905/905/ 901/901/
f 994/994/ 998/998/ 901/901/
f 996/996/ 903/903/ 899/899/
f 992/992/ 996/996/ 899/899/
f 994/994/ 901/901/ 897/897/
f 990/990/ 994/994/ 897/897/
f 992/992/ 899/899/ 895/895/
f 988/988/ 992/992/ 895/895/
f 990/990/ 897/897/ 893/893/
f 986/986/ 990/990/ 893/893/
f 988/988/ 895/895/ 891/891/
f 984/984/ 988/988/ 891/891/
f 986/986/ 893/893/ 889/889/
f 982/982/ 986/986/ 889/889/
f 984/984/ 891/891/ 885/885/
f 980/980/ 984/984/ 885/885/
f 982/982/ 889/889/ 881/881/
f 978/978/ 982/982/ 881/881/
f 980/980/ 885/885/ 888/888/
f 976/976/ 980/980/ 888/888/
f 978/978/ 881/881/ 884/884/
f 974/974/ 978/978/ 884/884/
f 976/976/ 888/888/ 943/943/
f 972/972/ 976/976/ 943/943/
f 974/974/ 884/884/ 941/941/
f 970/970/ 974/974/ 941/941/
f 972/972/ 943/943/ 939/939/
f 968/968/ 972/972/ 939/939/
f 970/970/ 941/941/ 937/937/
f 964/964/ 970/970/ 937/937/
f 968/968/ 939/939/ 935/935/
f 962/962/ 968/968/ 935/935/
f 966/966/ 914/914/ 933/933/
f 960/960/ 966/966/ 933/933/
f 964/964/ 937/937/ 931/931/
f 958/958/ 964/964/ 931/931/
f 962/962/ 935/935/ 929/929/
f 954/954/ 962/962/ 929/929/
f 960/960/ 933/933/ 927/927/
f 950/950/ 960/960/ 927/927/
f 958/958/ 931/931/ 925/925/
f 946/946/ 958/958/ 925/925/
f 954/954/ 929/929/ 923/923/
f 955/955/ 954/954/ 923/923/
f 950/950/ 927/927/ 921/921/
f 951/951/ 950/950/ 921/921/
f 946/946/ 925/925/ 919/919/
f 947/947/ 946/946/ 919/919/
f 1009/1009/ 969/969/ 963/963/
f 1010/1010/ 1009/1009/ 963/963/
f 1011/1011/ 971/971/ 967/967/
f 1012/1012/ 1011/1011/ 967/967/
f 1013/1013/ 973/973/ 969/969/
f 1009/1009/ 1013/1013/ 969/969/
f 1014/1014/ 975/975/ 971/971/
f 1011/1011/ 1014/1014/ 971/971/
f 1015/1015/ 977/977/ 973/973/
f 1013/1013/ 1015/1015/ 973/973/
f 1016/1016/ 979/979/ 975/975/
f 1014/1014/ 1016/1016/ 975/975/
f 1017/1017/ 981/981/ 977/977/
f 1015/1015/ 1017/1017/ 977/977/
f 1018/1018/ 983/983/ 979/979/
f 1016/1016/ 1018/1018/ 979/979/
f 1019/1019/ 985/985/ 981/981/
f 1017/1017/ 1019/1019/ 981/981/
f 1020/1020/ 987/987/ 983/983/
f 1018/1018/ 1020/1020/ 983/983/
f 1021/1021/ 989/989/ 985/985/
f 1019/1019/ 1021/1021/ 985/985/
f 1022/1022/ 991/991/ 987/987/
f 1020/1020/ 1022/1022/ 987/987/
f 1023/1023/ 993/993/ 989/989/
f 1021/1021/ 1023/1023/ 989/989/
f 1024/1024/ 995/995/ 991/991/
f 1022/1022/ 1024/1024/ 991/991/
f 1025/1025/ 997/997/ 993/993/
f 1023/1023/ 1025/1025/ 993/993/
f 1026/1026/ 999/999/ 995/995/
f 1024/1024/ 1026/1026/ 995/995/
f 1027/1027/ 1001/1001/ 997/997/
f 1025/1025/ 1027/1027/ 997/997/
f 1028/1028/ 1003/1003/ 965/965/
f 1029/1029/ 1028/1028/ 965/965/
f 1030/1030/ 1005/1005/ 999/999/
f 1026/1026/ 1030/1030/ 999/999/
f 1031/1031/ 1007/1007/ 1001/1001/
f 1027/1027/ 1031/1031/ 1001/1001/
f 1032/1032/ 948/948/ 1003/1003/
f 1028/1028/ 1032/1032/ 1003/1003/
f 1033/1033/ 952/952/ 1005/1005/
f 1030/1030/ 1033/1033/ 1005/1005/
f 1034/1034/ 956/956/ 1007/1007/
f 1031/1031/ 1034/1034/ 1007/1007/
f 1035/1035/ 945/945/ 948/948/
f 1032/1032/ 1035/1035/ 948/948/
f 1036/1036/ 949/949/ 952/952/
f 1033/1033/ 1036/1036/ 952/952/
f 1037/1037/ 953/953/ 956/956/
f 1034/1034/ 1037/1037/ 956/956/
f 1038/1038/ 957/957/ 945/945/
f 1035/1035/ 1038/1038/ 945/945/
f 1039/1039/ 959/959/ 949/949/
f 1036/1036/ 1039/1039/ 949/949/
f 1040/1040/ 961/961/ 953/953/
f 1037/1037/ 1040/1040/ 953/953/
f 1010/1010/ 963/963/ 957/957/
f 1038/1038/ 1010/1010/ 957/957/
f 1029/1029/ 965/965/ 959/959/
f 1039/1039/ 1029/1029/ 959/959/
f 1012/1012/ 967/967/ 961/961/
f 1040/1040/ 1012/1012/ 961/961/
f 1041/1041/ 1023/1023/ 1021/1021/
f 1042/1042/ 1041/1041/ 1021/1021/
f 1043/1043/ 1024/1024/ 1022/1022/
f 1044/1044/ 1043/1043/ 1022/1022/
f 1045/1045/ 1025/1025/ 1023/1023/
f 1041/1041/ 1045/1045/ 1023/1023/
f 1046/1046/ 1026/1026/ 1024/1024/
f 1043/1043/ 1046/1046/ 1024/1024/
f 1047/1047/ 1027/1027/ 1025/1025/
f 1045/1045/ 1047/1047/ 1025/1025/
f 1048/1048/ 1028/1028/ 1029/1029/
f 1049/1049/ 1048/1048/ 1029/1029/
f 1050/1050/ 1030/1030/ 1026/1026/
f 1046/1046/ 1050/1050/ 1026/1026/
f 1051/1051/ 1031/1031/ 1027/1027/
f 1047/1047/ 1051/1051/ 1027/1027/
f 1052/1052/ 1032/1032/ 1028/1028/
f 1048/1048/ 1052/1052/ 1028/1028/
f 1053/1053/ 1033/1033/ 1030/1030/
f 1050/1050/ 1053/1053/ 1030/1030/
f 1054/1054/ 1034/1034/ 1031/1031/
f 1051/1051/ 1054/1054/ 1031/1031/
f 1055/1055/ 1035/1035/ 1032/1032/
f 1052/1052/ 1055/1055/ 1032/1032/
f 1056/1056/ 1036/1036/ 1033/1033/
f 1053/1053/ 1056/1056/ 1033/1033/
f 1057/1057/ 1037/1037/ 1034/1034/
f 1054/1054/ 1057/1057/ 1034/1034/
f 1058/1058/ 1038/1038/ 1035/1035/
f 1055/1055/ 1058/1058/ 1035/1035/
f 1059/1059/ 1039/1039/ 1036/1036/
f 1056/1056/ 1059/1059/ 1036/1036/
f 1060/1060/ 1040/1040/ 1037/1037/
f 1057/1057/ 1060/1060/ 1037/1037/
f 1061/1061/ 1010/1010/ 1038/1038/
f 1058/1058/ 1061/1061/ 1038/1038/
f 1049/1049/ 1029/1029/ 1039/1039/
f 1059/1059/ 1049/1049/ 1039/1039/
f 1062/1062/ 1012/1012/ 1040/1040/
f 1060/1060/ 1062/1062/ 1040/1040/
f 1063/1063/ 1009/1009/ 1010/1010/
f 1061/1061/ 1063/1063/ 1010/1010/
f 1064/1064/ 1011/1011/ 1012/1012/
f 1062/1062/ 1064/1064/ 1012/1012/
f 1065/1065/ 1013/1013/ 1009/1009/
f 1063/1063/ 1065/1065/ 1009/1009/
f 1066/1066/ 1014/1014/ 1011/1011/
f 1064/1064/ 1066/1066/ 1011/1011/
f 1067/1067/ 1015/1015/ 1013/1013/
f 1065/1065/ 1067/1067/ 1013/1013/
f 1068/1068/ 1016/1016/ 1014/1014/
f 1066/1066/ 1068/1068/ 1014/1014/
f 1069/1069/ 1017/1017/ 1015/1015/
f 1067/1067/ 1069/1069/ 1015/1015/
f 1070/1070/ 1018/1018/ 1016/1016/
f 1068/1068/ 1070/1070/ 1016/1016/
f 1071/1071/ 1019/1019/ 1017/1017/
f 1069/1069/ 1071/1071/ 1017/1017/
f 1072/1072/ 1020/1020/ 1018/1018/
f 1070/1070/ 1072/1072/ 1018/1018/
f 1042/1042/ 1021/1021/ 1019/1019/
f 1071/1071/ 1042/1042/ 1019/1019/
f 1044/1044/ 1022/1022/ 1020/1020/
f 1072/1072/ 1044/1044/ 1020/1020/
f 1073/1073/ 1055/1055/ 1052/1052/
f 1074/1074/ 1073/1073/ 1052/1052/
f 1075/1075/ 1056/1056/ 1053/1053/
f 1076/1076/ 1075/1075/ 1053/1053/
f 1077/1077/ 1057/1057/ 1054/1054/
f 1078/1078/ 1077/1077/ 1054/1054/
f 1079/1079/ 1058/1058/ 1055/1055/
f 1073/1073/ 1079/1079/ 1055/1055/
f 1080/1080/ 1059/1059/ 1056/1056/
f 1075/1075/ 1080/1080/ 1056/1056/
f 1081/1081/ 1060/1060/ 1057/1057/
f 1077/1077/ 1081/1081/ 1057/1057/
f 1082/1082/ 1061/1061/ 1058/1058/
f 1079/1079/ 1082/1082/ 1058/1058/
f 1083/1083/ 1049/1049/ 1059/1059/
f 1080/1080/ 1083/1083/ 1059/1059/
f 1084/1084/ 1062/1062/ 1060/1060/
f 1081/1081/ 1084/1084/ 1060/1060/
f 1085/1085/ 1063/1063/ 1061/1061/
f 1082/1082/ 1085/1085/ 1061/1061/
f 1086/1086/ 1064/1064/ 1062/1062/
f 1084/1084/ 1086/1086/ 1062/1062/
f 1087/1087/ 1065/1065/ 1063/1063/
f 1085/1085/ 1087/1087/ 1063/1063/
f 1088/1088/ 1066/1066/ 1064/1064/
f 1086/1086/ 1088/1088/ 1064/1064/
f 1089/1089/ 1067/1067/ 1065/1065/
f 1087/1087/ 1089/1089/ 1065/1065/
f 1090/1090/ 1068/1068/ 1066/1066/
f 1088/1088/ 1090/1090/ 1066/1066/
f 1091/1091/ 1069/1069/ 1067/1067/
f 1089/1089/ 1091/1091/ 1067/1067/
f 1092/1092/ 1070/1070/ 1068/1068/
f 1090/1090/ 1092/1092/ 1068/1068/
f 1093/1093/ 1071/1071/ 1069/1069/
f 1091/1091/ 1093/1093/ 1069/1069/
f 1094/1094/ 1072/1072/ 1070/1070/
f 1092/1092/ 1094/1094/ 1070/1070/
f 1095/1095/ 1042/1042/ 1071/1071/
f 1093/1093/ 1095/1095/ 1071/1071/
f 1096/1096/ 1044/1044/ 1072/1072/
f 1094/1094/ 1096/1096/ 1072/1072/
f 1097/1097/ 1041/1041/ 1042/1042/
f 1095/1095/ 1097/1097/ 1042/1042/
f 1098/1098/ 1043/1043/ 1044/1044/
f 1096/1096/ 1098/1098/ 1044/1044/
f 1099/1099/ 1045/1045/ 1041/1041/
f 1097/1097/ 1099/1099/ 1041/1041/
f 1100/1100/ 1046/1046/ 1043/1043/
f 1098/1098/ 1100/1100/ 1043/1043/
f 1101/1101/ 1047/1047/ 1045/1045/
f 1099/1099/ 1101/1101/ 1045/1045/
f 1102/1102/ 1048/1048/ 1049/1049/
f 1083/1083/ 1102/1102/ 1049/1049/
f 1103/1103/ 1050/1050/ 1046/1046/
f 1100/1100/ 1103/1103/ 1046/1046/
f 1104/1104/ 1051/1051/ 1047/1047/
f 1101/1101/ 1104/1104/ 1047/1047/
f 1074/1074/ 1052/1052/ 1048/1048/
f 1102/1102/ 1074/1074/ 1048/1048/
f 1076/1076/ 1053/1053/ 1050/1050/
f 1103/1103/ 1076/1076/ 1050/1050/
f 1078/1078/ 1054/1054/ 1051/1051/
f 1104/1104/ 1078/1078/ 1051/1051/
f 1105/1105/ 1085/1085/ 1082/1082/
f 1106/1106/ 1105/1105/ 1082/1082/
f 1107/1107/ 1086/1086/ 1084/1084/
f 1108/1108/ 1107/1107/ 1084/1084/
f 1109/1109/ 1087/1087/ 1085/1085/
f 1105/1105/ 1109/1109/ 1085/1085/
f 1110/1110/ 1088/1088/ 1086/1086/
f 1107/1107/ 1110/1110/ 1086/1086/
f 1111/1111/ 1089/1089/ 1087/1087/
f 1109/1109/ 1111/1111/ 1087/1087/
f 1112/1112/ 1090/1090/ 1088/1088/
f 1110/1110/ 1112/1112/ 1088/1088/
f 1113/1113/ 1091/1091/ 1089/1089/
f 1111/1111/ 1113/1113/ 1089/1089/
f 1114/1114/ 1092/1092/ 1090/1090/
f 1112/1112/ 1114/1114/ 1090/1090/
f 1115/1115/ 1093/1093/ 1091/1091/
f 1113/1113/ 1115/1115/ 1091/1091/
f 1116/1116/ 1094/1094/ 1092/1092/
f 1114/1114/ 1116/1116/ 1092/1092/
f 1117/1117/ 1095/1095/ 1093/1093/
f 1115/1115/ 1117/1117/ 1093/1093/
f 1118/1118/ 1096/1096/ 1094/1094/
f 1116/1116/ 1118/1118/ 1094/1094/
f 1119/1119/ 1097/1097/ 1095/1095/
f 1117/1117/ 1119/1119/ 1095/1095/
f 1120/1120/ 1098/1098/ 1096/1096/
f 1118/1118/ 1120/1120/ 1096/1096/
f 1121/1121/ 1099/1099/ 1097/1097/
f 1119/1119/ 1121/1121/ 1097/1097/
f 1122/1122/ 1100/1100/ 1098/1098/
f 1120/1120/ 1122/1122/ 1098/1098/
f 1123/1123/ 1101/1101/ 1099/1099/
f 1121/1121/ 1123/1123/ 1099/1099/
f 1124/1124/ 1102/1102/ 1083/1083/
f 1125/1125/ 1124/1124/ 1083/1083/
f 1126/1126/ 1103/1103/ 1100/1100/
f 1122/1122/ 1126/1126/ 1100/1100/
f 1127/1127/ 1104/1104/ 1101/1101/
f 1123/1123/ 1127/1127/ 1101/1101/
f 1128/1128/ 1074/1074/ 1102/1102/
f 1124/1124/ 1128/1128/ 1102/1102/
f 1129/1129/ 1076/1076/ 1103/1103/
f 1126/1126/ 1129/1129/ 1103/1103/
f 1130/1130/ 1078/1078/ 1104/1104/
f 1127/1127/ 1130/1130/ 1104/1104/
f 1131/1131/ 1073/1073/ 1074/1074/
f 1128/1128/ 1131/1131/ 1074/1074/
f 1132/1132/ 1075/1075/ 1076/1076/
f 1129/1129/ 1132/1132/ 1076/1076/
f 1133/1133/ 1077/1077/ 1078/1078/
f 1130/1130/ 1133/1133/ 1078/1078/
f 1134/1134/ 1079/1079/ 1073/1073/
f 1131/1131/ 1134/1134/ 1073/1073/
f 1135/1135/ 1080/1080/ 1075/1075/
f 1132/1132/ 1135/1135/ 1075/1075/
f 1136/1136/ 1081/1081/ 1077/1077/
f 1133/1133/ 1136/1136/ 1077/1077/
f 1106/1106/ 1082/1082/ 1079/1079/
f 1134/1134/ 1106/1106/ 1079/1079/
f 1125/1125/ 1083/1083/ 1080/1080/
f 1135/1135/ 1125/1125/ 1080/1080/
f 1108/1108/ 1084/1084/ 1081/1081/
f 1136/1136/ 1108/1108/ 1081/1081/
f 1137/1137/ 1113/1113/ 1111/1111/
f 1138/1138/ 1137/1137/ 1111/1111/
f 1139/1139/ 1114/1114/ 1112/1112/
f 1140/1140/ 1139/1139/ 1112/1112/
f 1141/1141/ 1115/1115/ 1113/1113/
f 1137/1137/ 1141/1141/ 1113/1113/
f 1142/1142/ 1116/1116/ 1114/1114/
f 1139/1139/ 1142/1142/ 1114/1114/
f 1143/1143/ 1117/1117/ 1115/1115/
f 1141/1141/ 1143/1143/ 1115/1115/
f 1144/1144/ 1118/1118/ 1116/1116/
f 1142/1142/ 1144/1144/ 1116/1116/
f 1145/1145/ 1119/1119/ 1117/1117/
f 1143/1143/ 1145/1145/ 1117/1117/
f 1146/1146/ 1120/1120/ 1118/1118/
f 1144/1144/ 1146/1146/ 1118/1118/
f 1147/1147/ 1121/1121/ 1119/1119/
f 1145/1145/ 1147/1147/ 1119/1119/
f 1148/1148/ 1122/1122/ 1120/1120/
f 1146/1146/ 1148/1148/ 1120/1120/
f 1149/1149/ 1123/1123/ 1121/1121/
f 1147/1147/ 1149/1149/ 1121/1121/
f 1150/1150/ 1124/1124/ 1125/1125/
f 1151/1151/ 1150/1150/ 1125/1125/
f 1152/1152/ 1126/1126/ 1122/1122/
f 1148/1148/ 1152/1152/ 1122/1122/
f 1153/1153/ 1127/1127/ 1123/1123/
f 1149/1149/ 1153/1153/ 1123/1123/
f 1154/1154/ 1128/1128/ 1124/1124/
f 1150/1150/ 1154/1154/ 1124/1124/
f 1155/1155/ 1129/1129/ 1126/1126/
f 1152/1152/ 1155/1155/ 1126/1126/
f 1156/1156/ 1130/1130/ 1127/1127/
f 1153/1153/ 1156/1156/ 1127/1127/
f 1157/1157/ 1131/1131/ 1128/1128/
f 1154/1154/ 1157/1157/ 1128/1128/
f 1158/1158/ 1132/1132/ 1129/1129/
f 1155/1155/ 1158/1158/ 1129/1129/
f 1159/1159/ 1133/1133/ 1130/1130/
f 1156/1156/ 1159/1159/ 1130/1130/
f 1160/1160/ 1134/1134/ 1131/1131/
f 1157/1157/ 1160/1160/ 1131/1131/
f 1161/1161/ 1135/1135/ 1132/1132/
f 1158/1158/ 1161/1161/ 1132/1132/
f 1162/1162/ 1136/1136/ 1133/1133/
f 1159/1159/ 1162/1162/ 1133/1133/
f 1163/1163/ 1106/1106/ 1134/1134/
f 1160/1160/ 1163/1163/ 1134/1134/
f 1151/1151/ 1125/1125/ 1135/1135/
f 1161/1161/ 1151/1151/ 1135/1135/
f 1164/1164/ 1108/1108/ 1136/1136/
f 1162/1162/ 1164/1164/ 1136/1136/
f 1165/1165/ 1105/1105/ 1106/1106/
f 1163/1163/ 1165/1165/ 1106/1106/
f 1166/1166/ 1107/1107/ 1108/1108/
f 1164/1164/ 1166/1166/ 1108/1108/
f 1167/1167/ 1109/1109/ 1105/1105/
f 1165/1165/ 1167/1167/ 1105/1105/
f 1168/1168/ 1110/1110/ 1107/1107/
f 1166/1166/ 1168/1168/ 1107/1107/
f 1138/1138/ 1111/1111/ 1109/1109/
f 1167/1167/ 1138/1138/ 1109/1109/
f 1140/1140/ 1112/1112/ 1110/1110/
f 1168/1168/ 1140/1140/ 1110/1110/
usemtl rim_png
f 1169/1169/ 1170/1170/ 1171/1171/
f 1172/1172/ 1169/1169/ 1171/1171/
f 1173/1173/ 1174/1174/ 1175/1175/
f 1176/1176/ 1173/1173/ 1175/1175/
f 1172/1172/ 1173/1173/ 1176/1176/
f 1169/1169/ 1172/1172/ 1176/1176/
f 1177/1177/ 1178/1178/ 1179/1179/
f 1180/1180/ 1177/1177/ 1179/1179/
f 1181/1181/ 1182/1182/ 1183/1183/
f 1184/1184/ 1181/1181/ 1183/1183/
f 1177/1177/ 1182/1182/ 1181/1181/
f 1178/1178/ 1177/1177/ 1181/1181/
f 1178/1178/ 1181/1181/ 1185/1185/
f 1186/1186/ 1178/1178/ 1185/1185/
f 1178/1178/ 1186/1186/ 1187/1187/
f 1179/1179/ 1178/1178/ 1187/1187/
f 1185/1185/ 1181/1181/ 1184/1184/
f 1188/1188/ 1185/1185/ 1184/1184/
f 1189/1189/ 1190/1190/ 1191/1191/
f 1192/1192/ 1189/1189/ 1191/1191/
f 1193/1193/ 1194/1194/ 1190/1190/
f 1189/1189/ 1193/1193/ 1190/1190/
f 1194/1194/ 1193/1193/ 1195/1195/
f 1196/1196/ 1194/1194/ 1195/1195/
f 1197/1197/ 1198/1198/ 1199/1199/
f 1200/1200/ 1197/1197/ 1199/1199/
f 1197/1197/ 1200/1200/ 1201/1201/
f 1202/1202/ 1197/1197/ 1201/1201/
f 1198/1198/ 1203/1203/ 1204/1204/
f 1199/1199/ 1198/1198/ 1204/1204/
f 1170/1170/ 1205/1205/ 1206/1206/
f 1171/1171/ 1170/1170/ 1206/1206/
f 1195/1195/ 1207/1207/ 1208/1208/
f 1196/1196/ 1195/1195/ 1208/1208/
f 1209/1209/ 1210/1210/ 1184/1184/
f 1183/1183/ 1209/1209/ 1184/1184/
f 1210/1210/ 1211/1211/ 1188/1188/
f 1184/1184/ 1210/1210/ 1188/1188/
f 1212/1212/ 1202/1202/ 1201/1201/
f 1213/1213/ 1212/1212/ 1201/1201/
f 1214/1214/ 1215/1215/ 1216/1216/
f 1217/1217/ 1214/1214/ 1216/1216/
f 1218/1218/ 1219/1219/ 1220/1220/
f 1221/1221/ 1218/1218/ 1220/1220/
f 1222/1222/ 1223/1223/ 1224/1224/
f 1225/1225/ 1222/1222/ 1224/1224/
f 1205/1205/ 1226/1226/ 1227/1227/
f 1206/1206/ 1205/1205/ 1227/1227/
f 1210/1210/ 1209/1209/ 1215/1215/
f 1214/1214/ 1210/1210/ 1215/1215/
f 1211/1211/ 1210/1210/ 1214/1214/
f 1228/1228/ 1211/1211/ 1214/1214/
f 1229/1229/ 1230/1230/ 1231/1231/
f 1232/1232/ 1229/1229/ 1231/1231/
f 1212/1212/ 1213/1213/ 1223/1223/
f 1222/1222/ 1212/1212/ 1223/1223/
f 1233/1233/ 1234/1234/ 1235/1235/
f 1236/1236/ 1233/1233/ 1235/1235/
f 1236/1236/ 1227/1227/ 1226/1226/
f 1233/1233/ 1236/1236/ 1226/1226/
f 1217/1217/ 1216/1216/ 1237/1237/
f 1238/1238/ 1217/1217/ 1237/1237/
f 1221/1221/ 1220/1220/ 1239/1239/
f 1240/1240/ 1221/1221/ 1239/1239/
f 1241/1241/ 1232/1232/ 1231/1231/
f 1242/1242/ 1241/1241/ 1231/1231/
f 1241/1241/ 1242/1242/ 1243/1243/
f 1244/1244/ 1241/1241/ 1243/1243/
f 1245/1245/ 1246/1246/ 1247/1247/
f 1248/1248/ 1245/1245/ 1247/1247/
f 1249/1249/ 1235/1235/ 1234/1234/
f 1250/1250/ 1249/1249/ 1234/1234/
f 1251/1251/ 1252/1252/ 1249/1249/
f 1250/1250/ 1251/1251/ 1249/1249/
f 1253/1253/ 1254/1254/ 1238/1238/
f 1237/1237/ 1253/1253/ 1238/1238/
f 1255/1255/ 1256/1256/ 1240/1240/
f 1239/1239/ 1255/1255/ 1240/1240/
f 1257/1257/ 1258/1258/ 1259/1259/
f 1260/1260/ 1257/1257/ 1259/1259/
f 1257/1257/ 1260/1260/ 1244/1244/
f 1243/1243/ 1257/1257/ 1244/1244/
f 1261/1261/ 1248/1248/ 1247/1247/
f 1262/1262/ 1261/1261/ 1247/1247/
f 1263/1263/ 1264/1264/ 1254/1254/
f 1253/1253/ 1263/1263/ 1254/1254/
f 1265/1265/ 1266/1266/ 1256/1256/
f 1255/1255/ 1265/1265/ 1256/1256/
f 1267/1267/ 1261/1261/ 1262/1262/
f 1268/1268/ 1267/1267/ 1262/1262/
f 1269/1269/ 1270/1270/ 1271/1271/
f 1272/1272/ 1269/1269/ 1271/1271/
f 1273/1273/ 1274/1274/ 1275/1275/
f 1276/1276/ 1273/1273/ 1275/1275/
f 1277/1277/ 1278/1278/ 1279/1279/
f 1280/1280/ 1277/1277/ 1279/1279/
f 1281/1281/ 1282/1282/ 1283/1283/
f 1284/1284/ 1281/1281/ 1283/1283/
f 1285/1285/ 1286/1286/ 1287/1287/
f 1288/1288/ 1285/1285/ 1287/1287/
f 1252/1252/ 1251/1251/ 1270/1270/
f 1269/1269/ 1252/1252/ 1270/1270/
f 1264/1264/ 1263/1263/ 1274/1274/
f 1273/1273/ 1264/1264/ 1274/1274/
f 1266/1266/ 1265/1265/ 1279/1279/
f 1278/1278/ 1266/1266/ 1279/1279/
f 1259/1259/ 1258/1258/ 1283/1283/
f 1282/1282/ 1259/1259/ 1283/1283/
f 1267/1267/ 1268/1268/ 1287/1287/
f 1286/1286/ 1267/1267/ 1287/1287/
f 1289/1289/ 1290/1290/ 1272/1272/
f 1271/1271/ 1289/1289/ 1272/1272/
f 1291/1291/ 1292/1292/ 1276/1276/
f 1275/1275/ 1291/1291/ 1276/1276/
f 1280/1280/ 1293/1293/ 1294/1294/
f 1277/1277/ 1280/1280/ 1294/1294/
f 1284/1284/ 1295/1295/ 1296/1296/
f 1281/1281/ 1284/1284/ 1296/1296/
f 1297/1297/ 1298/1298/ 1299/1299/
f 1300/1300/ 1297/1297/ 1299/1299/
f 1301/1301/ 1302/1302/ 1303/1303/
f 1304/1304/ 1301/1301/ 1303/1303/
f 1302/1302/ 1301/1301/ 1305/1305/
f 1306/1306/ 1302/1302/ 1305/1305/
f 1307/1307/ 1308/1308/ 1309/1309/
f 1310/1310/ 1307/1307/ 1309/1309/
f 1311/1311/ 1308/1308/ 1307/1307/
f 1312/1312/ 1311/1311/ 1307/1307/
f 1307/1307/ 1313/1313/ 1314/1314/
f 1312/1312/ 1307/1307/ 1314/1314/
f 1313/1313/ 1307/1307/ 1310/1310/
f 1315/1315/ 1313/1313/ 1310/1310/
f 1316/1316/ 1317/1317/ 1318/1318/
f 1319/1319/ 1316/1316/ 1318/1318/
f 1317/1317/ 1316/1316/ 1320/1320/
f 1321/1321/ 1317/1317/ 1320/1320/
f 1322/1322/ 1323/1323/ 1324/1324/
f 1325/1325/ 1322/1322/ 1324/1324/
f 1322/1322/ 1325/1325/ 1326/1326/
f 1327/1327/ 1322/1322/ 1326/1326/
f 1290/1290/ 1289/1289/ 1304/1304/
f 1303/1303/ 1290/1290/ 1304/1304/
f 1292/1292/ 1291/1291/ 1311/1311/
f 1312/1312/ 1292/1292/ 1311/1311/
f 1328/1328/ 1292/1292/ 1312/1312/
f 1314/1314/ 1328/1328/ 1312/1312/
f 1296/1296/ 1295/1295/ 1329/1329/
f 1330/1330/ 1296/1296/ 1329/1329/
f 1299/1299/ 1298/1298/ 1324/1324/
f 1323/1323/ 1299/1299/ 1324/1324/
f 1331/1331/ 1332/1332/ 1333/1333/
f 1334/1334/ 1331/1331/ 1333/1333/
f 1332/1332/ 1331/1331/ 1335/1335/
f 1336/1336/ 1332/1332/ 1335/1335/
f 1337/1337/ 1338/1338/ 1339/1339/
f 1340/1340/ 1337/1337/ 1339/1339/
f 1309/1309/ 1338/1338/ 1337/1337/
f 1310/1310/ 1309/1309/ 1337/1337/
f 1310/1310/ 1337/1337/ 1341/1341/
f 1315/1315/ 1310/1310/ 1341/1341/
f 1341/1341/ 1337/1337/ 1340/1340/
f 1342/1342/ 1341/1341/ 1340/1340/
f 1343/1343/ 1344/1344/ 1321/1321/
f 1320/1320/ 1343/1343/ 1321/1321/
f 1344/1344/ 1343/1343/ 1345/1345/
f 1346/1346/ 1344/1344/ 1345/1345/
f 1347/1347/ 1327/1327/ 1326/1326/
f 1348/1348/ 1347/1347/ 1326/1326/
f 1347/1347/ 1348/1348/ 1349/1349/
f 1350/1350/ 1347/1347/ 1349/1349/
f 1351/1351/ 1352/1352/ 1334/1334/
f 1333/1333/ 1351/1351/ 1334/1334/
f 1353/1353/ 1354/1354/ 1352/1352/
f 1351/1351/ 1353/1353/ 1352/1352/
f 1355/1355/ 1356/1356/ 1340/1340/
f 1339/1339/ 1355/1355/ 1340/1340/
f 1356/1356/ 1357/1357/ 1342/1342/
f 1340/1340/ 1356/1356/ 1342/1342/
f 1358/1358/ 1359/1359/ 1360/1360/
f 1361/1361/ 1358/1358/ 1360/1360/
f 1358/1358/ 1361/1361/ 1362/1362/
f 1363/1363/ 1358/1358/ 1362/1362/
f 1364/1364/ 1350/1350/ 1349/1349/
f 1365/1365/ 1364/1364/ 1349/1349/
f 1354/1354/ 1353/1353/ 1366/1366/
f 1367/1367/ 1354/1354/ 1366/1366/
f 1368/1368/ 1369/1369/ 1356/1356/
f 1355/1355/ 1368/1368/ 1356/1356/
f 1369/1369/ 1368/1368/ 1370/1370/
f 1371/1371/ 1369/1369/ 1370/1370/
f 1369/1369/ 1372/1372/ 1357/1357/
f 1356/1356/ 1369/1369/ 1357/1357/
f 1373/1373/ 1374/1374/ 1375/1375/
f 1376/1376/ 1373/1373/ 1375/1375/
f 1360/1360/ 1359/1359/ 1377/1377/
f 1378/1378/ 1360/1360/ 1377/1377/
f 1379/1379/ 1364/1364/ 1365/1365/
f 1380/1380/ 1379/1379/ 1365/1365/
f 1379/1379/ 1380/1380/ 1381/1381/
f 1382/1382/ 1379/1379/ 1381/1381/
f 1383/1383/ 1384/1384/ 1367/1367/
f 1366/1366/ 1383/1383/ 1367/1367/
f 1383/1383/ 1385/1385/ 1386/1386/
f 1384/1384/ 1383/1383/ 1386/1386/
f 1387/1387/ 1388/1388/ 1371/1371/
f 1370/1370/ 1387/1387/ 1371/1371/
f 1389/1389/ 1390/1390/ 1376/1376/
f 1375/1375/ 1389/1389/ 1376/1376/
f 1391/1391/ 1392/1392/ 1393/1393/
f 1394/1394/ 1391/1391/ 1393/1393/
f 1391/1391/ 1394/1394/ 1378/1378/
f 1377/1377/ 1391/1391/ 1378/1378/
f 1395/1395/ 1396/1396/ 1397/1397/
f 1398/1398/ 1395/1395/ 1397/1397/
f 1385/1385/ 1399/1399/ 1400/1400/
f 1386/1386/ 1385/1385/ 1400/1400/
f 1401/1401/ 1402/1402/ 1388/1388/
f 1387/1387/ 1401/1401/ 1388/1388/
f 1402/1402/ 1401/1401/ 1403/1403/
f 1404/1404/ 1402/1402/ 1403/1403/
f 1405/1405/ 1406/1406/ 1390/1390/
f 1389/1389/ 1405/1405/ 1390/1390/
f 1406/1406/ 1405/1405/ 1407/1407/
f 1408/1408/ 1406/1406/ 1407/1407/
f 1393/1393/ 1392/1392/ 1409/1409/
f 1410/1410/ 1393/1393/ 1409/1409/
f 1411/1411/ 1395/1395/ 1398/1398/
f 1412/1412/ 1411/1411/ 1398/1398/
f 1411/1411/ 1412/1412/ 1413/1413/
f 1414/1414/ 1411/1411/ 1413/1413/
f 1415/1415/ 1400/1400/ 1399/1399/
f 1416/1416/ 1415/1415/ 1399/1399/
f 1416/1416/ 1417/1417/ 1418/1418/
f 1415/1415/ 1416/1416/ 1418/1418/
f 1419/1419/ 1420/1420/ 1404/1404/
f 1403/1403/ 1419/1419/ 1404/1404/
f 1421/1421/ 1422/1422/ 1408/1408/
f 1407/1407/ 1421/1421/ 1408/1408/
f 1423/1423/ 1424/1424/ 1425/1425/
f 1426/1426/ 1423/1423/ 1425/1425/
f 1423/1423/ 1426/1426/ 1410/1410/
f 1409/1409/ 1423/1423/ 1410/1410/
f 1427/1427/ 1414/1414/ 1413/1413/
f 1428/1428/ 1427/1427/ 1413/1413/
f 1429/1429/ 1430/1430/ 1420/1420/
f 1419/1419/ 1429/1429/ 1420/1420/
f 1431/1431/ 1432/1432/ 1422/1422/
f 1421/1421/ 1431/1431/ 1422/1422/
f 1433/1433/ 1434/1434/ 1435/1435/
f 1436/1436/ 1433/1433/ 1435/1435/
f 1437/1437/ 1175/1175/ 1174/1174/
f 1438/1438/ 1437/1437/ 1174/1174/
f 1180/1180/ 1179/1179/ 1439/1439/
f 1440/1440/ 1180/1180/ 1439/1439/
f 1179/1179/ 1187/1187/ 1441/1441/
f 1439/1439/ 1179/1179/ 1441/1441/
f 1442/1442/ 1192/1192/ 1191/1191/
f 1443/1443/ 1442/1442/ 1191/1191/
f 1444/1444/ 1204/1204/ 1203/1203/
f 1445/1445/ 1444/1444/ 1203/1203/
f 1417/1417/ 1437/1437/ 1446/1446/
f 1418/1418/ 1417/1417/ 1446/1446/
f 1430/1430/ 1429/1429/ 1440/1440/
f 1439/1439/ 1430/1430/ 1440/1440/
f 1447/1447/ 1430/1430/ 1439/1439/
f 1441/1441/ 1447/1447/ 1439/1439/
f 1425/1425/ 1424/1424/ 1448/1448/
f 1449/1449/ 1425/1425/ 1448/1448/
f 1433/1433/ 1436/1436/ 1444/1444/
f 1445/1445/ 1433/1433/ 1444/1444/
f 1450/1450/ 1451/1451/ 1452/1452/
f 1453/1453/ 1454/1454/ 1455/1455/
f 1456/1456/ 1457/1457/ 1458/1458/
f 1459/1459/ 1455/1455/ 1460/1460/
f 1461/1461/ 1457/1457/ 1462/1462/
f 1463/1463/ 1455/1455/ 1464/1464/
f 1455/1455/ 1465/1465/ 1466/1466/
f 1450/1450/ 1467/1467/ 1468/1468/
f 1457/1457/ 1469/1469/ 1470/1470/
f 1455/1455/ 1471/1471/ 1472/1472/
f 1473/1473/ 1474/1474/ 1475/1475/
f 1476/1476/ 1477/1477/ 1478/1478/
f 1479/1479/ 1480/1480/ 1481/1481/
f 1482/1482/ 1483/1483/ 1484/1484/
f 1485/1485/ 1486/1486/ 1487/1487/
f 1488/1488/ 1489/1489/ 1490/1490/
f 1491/1491/ 1488/1488/ 1490/1490/
f 1492/1492/ 1493/1493/ 1494/1494/
f 1495/1495/ 1496/1496/ 1497/1497/
f 1498/1498/ 1499/1499/ 1500/1500/
f 1501/1501/ 1502/1502/ 1503/1503/
f 1504/1504/ 1505/1505/ 1506/1506/
f 1507/1507/ 1508/1508/ 1509/1509/
f 1510/1510/ 1511/1511/ 1512/1512/
f 1513/1513/ 1514/1514/ 1515/1515/
f 1516/1516/ 1517/1517/ 1518/1518/
f 1519/1519/ 1520/1520/ 1521/1521/
f 1522/1522/ 1523/1523/ 1524/1524/
f 1525/1525/ 1526/1526/ 1527/1527/
f 1528/1528/ 1529/1529/ 1530/1530/
f 1531/1531/ 1532/1532/ 1533/1533/
f 1534/1534/ 1535/1535/ 1536/1536/
f 1537/1537/ 1538/1538/ 1539/1539/
f 1540/1540/ 1541/1541/ 1542/1542/
f 1543/1543/ 1544/1544/ 1545/1545/
f 1546/1546/ 1547/1547/ 1548/1548/
f 1549/1549/ 1550/1550/ 1551/1551/
f 1552/1552/ 1553/1553/ 1554/1554/
f 1555/1555/ 1556/1556/ 1557/1557/
f 1558/1558/ 1559/1559/ 1560/1560/
f 1561/1561/ 1562/1562/ 1563/1563/
f 1564/1564/ 1565/1565/ 1566/1566/
f 1567/1567/ 1568/1568/ 1569/1569/
f 1570/1570/ 1571/1571/ 1572/1572/
f 1573/1573/ 1574/1574/ 1575/1575/
f 1576/1576/ 1577/1577/ 1578/1578/
f 1563/1563/ 1579/1579/ 1580/1580/
f 1581/1581/ 1582/1582/ 1583/1583/
f 1584/1584/ 1585/1585/ 1586/1586/
f 1587/1587/ 1570/1570/ 1588/1588/
f 1589/1589/ 1590/1590/ 1591/1591/
f 1592/1592/ 1593/1593/ 1594/1594/
f 1595/1595/ 1596/1596/ 1597/1597/
f 1598/1598/ 1599/1599/ 1600/1600/
f 1601/1601/ 1602/1602/ 1603/1603/
f 1604/1604/ 1605/1605/ 1606/1606/
f 1607/1607/ 1608/1608/ 1609/1609/
f 1610/1610/ 1611/1611/ 1612/1612/
f 1613/1613/ 1614/1614/ 1615/1615/
f 1616/1616/ 1617/1617/ 1618/1618/
f 1619/1619/ 1620/1620/ 1621/1621/
f 1622/1622/ 1623/1623/ 1624/1624/
f 1625/1625/ 1626/1626/ 1627/1627/
f 1628/1628/ 1629/1629/ 1630/1630/
f 1631/1631/ 1632/1632/ 1633/1633/
f 1634/1634/ 1635/1635/ 1636/1636/
f 1637/1637/ 1638/1638/ 1639/1639/
f 1640/1640/ 1641/1641/ 1642/1642/
f 1643/1643/ 1644/1644/ 1645/1645/
f 1646/1646/ 1647/1647/ 1648/1648/
f 1649/1649/ 1650/1650/ 1651/1651/
f 1638/1638/ 1652/1652/ 1653/1653/
f 1654/1654/ 1655/1655/ 1656/1656/
f 1629/1629/ 1657/1657/ 1658/1658/
f 1659/1659/ 1660/1660/ 1661/1661/
f 1662/1662/ 1663/1663/ 1664/1664/
f 1644/1644/ 1665/1665/ 1666/1666/
f 1667/1667/ 1668/1668/ 1669/1669/
f 1670/1670/ 1671/1671/ 1672/1672/
f 1673/1673/ 1674/1674/ 1675/1675/
f 1676/1676/ 1677/1677/ 1678/1678/
f 1679/1679/ 1680/1680/ 1681/1681/
f 1682/1682/ 1683/1683/ 1684/1684/
f 1685/1685/ 1686/1686/ 1687/1687/
f 1688/1688/ 1689/1689/ 1690/1690/
f 1691/1691/ 1692/1692/ 1693/1693/
f 1694/1694/ 1695/1695/ 1696/1696/
f 1697/1697/ 1698/1698/ 1699/1699/
f 1700/1700/ 1701/1701/ 1702/1702/
f 1703/1703/ 1704/1704/ 1705/1705/
f 1706/1706/ 1707/1707/ 1708/1708/
f 1709/1709/ 1679/1679/ 1681/1681/
f 1710/1710/ 1711/1711/ 1712/1712/
f 1713/1713/ 1714/1714/ 1715/1715/
f 1716/1716/ 1717/1717/ 1718/1718/
f 1692/1692/ 1691/1691/ 1719/1719/
f 1720/1720/ 1721/1721/ 1722/1722/
f 1723/1723/ 1724/1724/ 1725/1725/
f 1726/1726/ 1703/1703/ 1727/1727/
f 1728/1728/ 1729/1729/ 1730/1730/
f 1718/1718/ 1717/1717/ 1731/1731/
f 1701/1701/ 1732/1732/ 1733/1733/
f 1734/1734/ 1735/1735/ 1736/1736/
f 1737/1737/ 1738/1738/ 1731/1731/
f 1739/1739/ 1740/1740/ 1741/1741/
f 1742/1742/ 1743/1743/ 1744/1744/
f 1680/1680/ 1726/1726/ 1745/1745/
f 1746/1746/ 1680/1680/ 1745/1745/
f 1747/1747/ 1748/1748/ 1749/1749/
f 1750/1750/ 1686/1686/ 1716/1716/
f 1751/1751/ 1752/1752/ 1753/1753/
f 1754/1754/ 1755/1755/ 1756/1756/
f 1757/1757/ 1720/1720/ 1722/1722/
f 1758/1758/ 1759/1759/ 1760/1760/
f 1761/1761/ 1762/1762/ 1763/1763/
f 1764/1764/ 1761/1761/ 1763/1763/
f 1765/1765/ 1766/1766/ 1767/1767/
f 1761/1761/ 1765/1765/ 1767/1767/
f 1768/1768/ 1765/1765/ 1761/1761/
f 1769/1769/ 1770/1770/ 1771/1771/
f 1772/1772/ 1769/1769/ 1771/1771/
f 1773/1773/ 1774/1774/ 1775/1775/
f 1776/1776/ 1773/1773/ 1775/1775/
f 1777/1777/ 1776/1776/ 1775/1775/
f 1778/1778/ 1777/1777/ 1775/1775/
f 1766/1766/ 1779/1779/ 1780/1780/
f 1781/1781/ 1766/1766/ 1780/1780/
f 1782/1782/ 1777/1777/ 1778/1778/
f 1783/1783/ 1782/1782/ 1778/1778/
f 1767/1767/ 1766/1766/ 1784/1784/
f 1762/1762/ 1761/1761/ 1767/1767/
f 1785/1785/ 1762/1762/ 1767/1767/
f 1786/1786/ 1765/1765/ 1787/1787/
f 1788/1788/ 1786/1786/ 1787/1787/
f 1765/1765/ 1786/1786/ 1779/1779/
f 1766/1766/ 1765/1765/ 1779/1779/
f 1789/1789/ 1782/1782/ 1783/1783/
f 1790/1790/ 1789/1789/ 1783/1783/
f 1791/1791/ 1792/1792/ 1793/1793/
f 1794/1794/ 1791/1791/ 1793/1793/
f 1795/1795/ 1796/1796/ 1797/1797/
f 1798/1798/ 1795/1795/ 1797/1797/
f 1799/1799/ 1800/1800/ 1801/1801/
f 1802/1802/ 1799/1799/ 1801/1801/
f 1803/1803/ 1804/1804/ 1800/1800/
f 1799/1799/ 1803/1803/ 1800/1800/
f 1798/1798/ 1797/1797/ 1804/1804/
f 1803/1803/ 1798/1798/ 1804/1804/
f 1802/1802/ 1801/1801/ 1805/1805/
f 1806/1806/ 1802/1802/ 1805/1805/
f 1807/1807/ 1808/1808/ 1809/1809/
f 1810/1810/ 1811/1811/ 1812/1812/
f 1813/1813/ 1810/1810/ 1812/1812/
f 1813/1813/ 1812/1812/ 1814/1814/
f 1815/1815/ 1813/1813/ 1814/1814/
f 1815/1815/ 1814/1814/ 1816/1816/
f 1817/1817/ 1815/1815/ 1816/1816/
f 1818/1818/ 1814/1814/ 1812/1812/
f 1811/1811/ 1818/1818/ 1812/1812/
f 1814/1814/ 1818/1818/ 1819/1819/
f 1816/1816/ 1814/1814/ 1819/1819/
f 1816/1816/ 1820/1820/ 1821/1821/
f 1817/1817/ 1816/1816/ 1821/1821/
f 1820/1820/ 1822/1822/ 1823/1823/
f 1824/1824/ 1820/1820/ 1823/1823/
f 1820/1820/ 1824/1824/ 1825/1825/
f 1821/1821/ 1820/1820/ 1825/1825/
f 1826/1826/ 1827/1827/ 1828/1828/
f 1829/1829/ 1826/1826/ 1828/1828/
f 1828/1828/ 1830/1830/ 1831/1831/
f 1829/1829/ 1828/1828/ 1831/1831/
f 1822/1822/ 1820/1820/ 1816/1816/
f 1819/1819/ 1822/1822/ 1816/1816/
f 1832/1832/ 1833/1833/ 1792/1792/
f 1791/1791/ 1832/1832/ 1792/1792/
f 1834/1834/ 1835/1835/ 1794/1794/
f 1793/1793/ 1834/1834/ 1794/1794/
f 1833/1833/ 1832/1832/ 1836/1836/
f 1837/1837/ 1833/1833/ 1836/1836/
f 1838/1838/ 1839/1839/ 1840/1840/
f 1841/1841/ 1838/1838/ 1840/1840/
f 1837/1837/ 1836/1836/ 1839/1839/
f 1838/1838/ 1837/1837/ 1839/1839/
f 1835/1835/ 1834/1834/ 1823/1823/
f 1822/1822/ 1835/1835/ 1823/1823/
f 1827/1827/ 1842/1842/ 1843/1843/
f 1828/1828/ 1827/1827/ 1843/1843/
f 1844/1844/ 1845/1845/ 1806/1806/
f 1805/1805/ 1844/1844/ 1806/1806/
f 1846/1846/ 1830/1830/ 1808/1808/
f 1807/1807/ 1846/1846/ 1808/1808/
f 1769/1769/ 1847/1847/ 1848/1848/
f 1770/1770/ 1769/1769/ 1848/1848/
f 1821/1821/ 1825/1825/ 1849/1849/
f 1850/1850/ 1821/1821/ 1849/1849/
f 1826/1826/ 1829/1829/ 1851/1851/
f 1852/1852/ 1826/1826/ 1851/1851/
f 1849/1849/ 1853/1853/ 1854/1854/
f 1850/1850/ 1849/1849/ 1854/1854/
f 1852/1852/ 1851/1851/ 1855/1855/
f 1856/1856/ 1852/1852/ 1855/1855/
f 1857/1857/ 1858/1858/ 1859/1859/
f 1810/1810/ 1813/1813/ 1858/1858/
f 1857/1857/ 1810/1810/ 1858/1858/
f 1843/1843/ 1842/1842/ 1845/1845/
f 1844/1844/ 1843/1843/ 1845/1845/
f 1860/1860/ 1835/1835/ 1822/1822/
f 1819/1819/ 1860/1860/ 1822/1822/
f 1818/1818/ 1861/1861/ 1860/1860/
f 1819/1819/ 1818/1818/ 1860/1860/
f 1861/1861/ 1818/1818/ 1811/1811/
f 1862/1862/ 1861/1861/ 1811/1811/
f 1862/1862/ 1811/1811/ 1810/1810/
f 1863/1863/ 1862/1862/ 1810/1810/
f 1864/1864/ 1865/1865/ 1866/1866/
f 1867/1867/ 1864/1864/ 1866/1866/
f 1868/1868/ 1869/1869/ 1870/1870/
f 1871/1871/ 1868/1868/ 1870/1870/
f 1872/1872/ 1873/1873/ 1874/1874/
f 1875/1875/ 1872/1872/ 1874/1874/
f 1876/1876/ 1877/1877/ 1878/1878/
f 1879/1879/ 1876/1876/ 1878/1878/
f 1880/1880/ 1881/1881/ 1796/1796/
f 1882/1882/ 1880/1880/ 1796/1796/
f 1882/1882/ 1796/1796/ 1795/1795/
f 1883/1883/ 1884/1884/ 1885/1885/
f 1886/1886/ 1883/1883/ 1885/1885/
f 1887/1887/ 1888/1888/ 1884/1884/
f 1883/1883/ 1887/1887/ 1884/1884/
f 1884/1884/ 1169/1169/ 1176/1176/
f 1885/1885/ 1884/1884/ 1176/1176/
f 1885/1885/ 1176/1176/ 1175/1175/
f 1889/1889/ 1885/1885/ 1175/1175/
f 1890/1890/ 1883/1883/ 1891/1891/
f 1892/1892/ 1883/1883/ 1886/1886/
f 1893/1893/ 1892/1892/ 1886/1886/
f 1894/1894/ 1895/1895/ 1785/1785/
f 1767/1767/ 1894/1894/ 1785/1785/
f 1784/1784/ 1896/1896/ 1767/1767/
f 1896/1896/ 1897/1897/ 1894/1894/
f 1767/1767/ 1896/1896/ 1894/1894/
f 1898/1898/ 1781/1781/ 1780/1780/
f 1790/1790/ 1899/1899/ 1900/1900/
f 1789/1789/ 1790/1790/ 1900/1900/
f 1901/1901/ 1902/1902/ 1903/1903/
f 1896/1896/ 1901/1901/ 1903/1903/
f 1904/1904/ 1905/1905/ 1784/1784/
f 1781/1781/ 1904/1904/ 1784/1784/
f 1905/1905/ 1901/1901/ 1896/1896/
f 1784/1784/ 1905/1905/ 1896/1896/
f 1906/1906/ 1907/1907/ 1908/1908/
f 1909/1909/ 1906/1906/ 1908/1908/
f 1910/1910/ 1911/1911/ 1912/1912/
f 1796/1796/ 1910/1910/ 1912/1912/
f 1913/1913/ 1914/1914/ 1915/1915/
f 1916/1916/ 1913/1913/ 1915/1915/
f 1916/1916/ 1917/1917/ 1918/1918/
f 1913/1913/ 1916/1916/ 1918/1918/
f 1911/1911/ 1918/1918/ 1917/1917/
f 1912/1912/ 1911/1911/ 1917/1917/
f 1914/1914/ 1919/1919/ 1920/1920/
f 1915/1915/ 1914/1914/ 1920/1920/
f 1921/1921/ 1922/1922/ 1923/1923/
f 1924/1924/ 1921/1921/ 1923/1923/
f 1925/1925/ 1921/1921/ 1924/1924/
f 1926/1926/ 1925/1925/ 1924/1924/
f 1927/1927/ 1925/1925/ 1926/1926/
f 1928/1928/ 1927/1927/ 1926/1926/
f 1929/1929/ 1922/1922/ 1921/1921/
f 1925/1925/ 1929/1929/ 1921/1921/
f 1925/1925/ 1927/1927/ 1930/1930/
f 1929/1929/ 1925/1925/ 1930/1930/
f 1927/1927/ 1928/1928/ 1931/1931/
f 1932/1932/ 1927/1927/ 1931/1931/
f 1933/1933/ 1934/1934/ 1932/1932/
f 1935/1935/ 1933/1933/ 1932/1932/
f 1932/1932/ 1931/1931/ 1936/1936/
f 1935/1935/ 1932/1932/ 1936/1936/
f 1937/1937/ 1938/1938/ 1846/1846/
f 1939/1939/ 1937/1937/ 1846/1846/
f 1846/1846/ 1938/1938/ 1831/1831/
f 1830/1830/ 1846/1846/ 1831/1831/
f 1934/1934/ 1930/1930/ 1927/1927/
f 1932/1932/ 1934/1934/ 1927/1927/
f 1940/1940/ 1906/1906/ 1909/1909/
f 1941/1941/ 1940/1940/ 1909/1909/
f 1907/1907/ 1942/1942/ 1943/1943/
f 1908/1908/ 1907/1907/ 1943/1943/
f 1941/1941/ 1944/1944/ 1945/1945/
f 1940/1940/ 1941/1941/ 1945/1945/
f 1946/1946/ 1947/1947/ 1948/1948/
f 1949/1949/ 1946/1946/ 1948/1948/
f 1944/1944/ 1946/1946/ 1949/1949/
f 1945/1945/ 1944/1944/ 1949/1949/
f 1933/1933/ 1943/1943/ 1942/1942/
f 1934/1934/ 1933/1933/ 1942/1942/
f 1939/1939/ 1846/1846/ 1807/1807/
f 1950/1950/ 1939/1939/ 1807/1807/
f 1951/1951/ 1952/1952/ 1953/1953/
f 1919/1919/ 1954/1954/ 1955/1955/
f 1920/1920/ 1919/1919/ 1955/1955/
f 1956/1956/ 1898/1898/ 1900/1900/
f 1899/1899/ 1956/1956/ 1900/1900/
f 1957/1957/ 1958/1958/ 1959/1959/
f 1931/1931/ 1928/1928/ 1960/1960/
f 1961/1961/ 1931/1931/ 1960/1960/
f 1962/1962/ 1963/1963/ 1964/1964/
f 1923/1923/ 1962/1962/ 1964/1964/
f 1965/1965/ 1960/1960/ 1928/1928/
f 1926/1926/ 1965/1965/ 1928/1928/
f 1931/1931/ 1961/1961/ 1966/1966/
f 1936/1936/ 1931/1931/ 1966/1966/
f 1926/1926/ 1924/1924/ 1967/1967/
f 1965/1965/ 1926/1926/ 1967/1967/
f 1968/1968/ 1938/1938/ 1937/1937/
f 1969/1969/ 1968/1968/ 1937/1937/
f 1959/1959/ 1970/1970/ 1971/1971/
f 1957/1957/ 1959/1959/ 1971/1971/
f 1967/1967/ 1924/1924/ 1923/1923/
f 1964/1964/ 1967/1967/ 1923/1923/
f 1954/1954/ 1950/1950/ 1807/1807/
f 1955/1955/ 1954/1954/ 1807/1807/
f 1934/1934/ 1942/1942/ 1972/1972/
f 1930/1930/ 1934/1934/ 1972/1972/
f 1972/1972/ 1973/1973/ 1929/1929/
f 1930/1930/ 1972/1972/ 1929/1929/
f 1973/1973/ 1974/1974/ 1922/1922/
f 1929/1929/ 1973/1973/ 1922/1922/
f 1974/1974/ 1962/1962/ 1923/1923/
f 1922/1922/ 1974/1974/ 1923/1923/
f 1865/1865/ 1975/1975/ 1976/1976/
f 1866/1866/ 1865/1865/ 1976/1976/
f 1977/1977/ 1978/1978/ 1979/1979/
f 1980/1980/ 1977/1977/ 1979/1979/
f 1877/1877/ 1876/1876/ 1981/1981/
f 1982/1982/ 1877/1877/ 1981/1981/
f 1983/1983/ 1796/1796/ 1881/1881/
f 1984/1984/ 1983/1983/ 1881/1881/
f 1910/1910/ 1796/1796/ 1983/1983/
f 1169/1169/ 1884/1884/ 1888/1888/
f 1170/1170/ 1169/1169/ 1888/1888/
f 1887/1887/ 1883/1883/ 1985/1985/
f 1986/1986/ 1887/1887/ 1985/1985/
f 1987/1987/ 1988/1988/ 1895/1895/
f 1894/1894/ 1987/1987/ 1895/1895/
f 1989/1989/ 1990/1990/ 1987/1987/
f 1989/1989/ 1987/1987/ 1894/1894/
f 1897/1897/ 1989/1989/ 1894/1894/
f 1991/1991/ 1992/1992/ 1993/1993/
f 1994/1994/ 1991/1991/ 1993/1993/
f 1995/1995/ 1996/1996/ 1997/1997/
f 1998/1998/ 1995/1995/ 1997/1997/
f 1999/1999/ 2000/2000/ 1996/1996/
f 1995/1995/ 1999/1999/ 1996/1996/
f 2001/2001/ 2002/2002/ 2000/2000/
f 1999/1999/ 2001/2001/ 2000/2000/
f 1987/1987/ 1990/1990/ 2003/2003/
f 2004/2004/ 1987/1987/ 2003/2003/
f 2004/2004/ 2005/2005/ 1988/1988/
f 1987/1987/ 2004/2004/ 1988/1988/
f 2006/2006/ 2007/2007/ 2008/2008/
f 2009/2009/ 2006/2006/ 2008/2008/
f 2010/2010/ 2011/2011/ 2012/2012/
f 2013/2013/ 2010/2010/ 2012/2012/
f 2014/2014/ 1989/1989/ 1903/1903/
f 1902/1902/ 2014/2014/ 1903/1903/
f 2009/2009/ 2008/2008/ 1990/1990/
f 2015/2015/ 2009/2009/ 1990/1990/
f 1989/1989/ 2014/2014/ 2015/2015/
f 1990/1990/ 1989/1989/ 2015/2015/
f 2012/2012/ 2011/2011/ 2002/2002/
f 2001/2001/ 2012/2012/ 2002/2002/
f 2016/2016/ 2017/2017/ 2018/2018/
f 2019/2019/ 2016/2016/ 2018/2018/
f 1910/1910/ 2020/2020/ 2021/2021/
f 2022/2022/ 1910/1910/ 2021/2021/
f 2023/2023/ 2024/2024/ 2025/2025/
f 2026/2026/ 2023/2023/ 2025/2025/
f 2027/2027/ 2028/2028/ 2024/2024/
f 2023/2023/ 2027/2027/ 2024/2024/
f 2022/2022/ 2021/2021/ 2028/2028/
f 2027/2027/ 2022/2022/ 2028/2028/
f 2026/2026/ 2025/2025/ 2029/2029/
f 2030/2030/ 2026/2026/ 2029/2029/
f 2031/2031/ 2032/2032/ 2033/2033/
f 2034/2034/ 2035/2035/ 2036/2036/
f 2037/2037/ 2034/2034/ 2036/2036/
f 2037/2037/ 2036/2036/ 2038/2038/
f 2039/2039/ 2037/2037/ 2038/2038/
f 2040/2040/ 2041/2041/ 2039/2039/
f 2038/2038/ 2040/2040/ 2039/2039/
f 2042/2042/ 2038/2038/ 2036/2036/
f 2035/2035/ 2042/2042/ 2036/2036/
f 2038/2038/ 2042/2042/ 2043/2043/
f 2040/2040/ 2038/2038/ 2043/2043/
f 2040/2040/ 2044/2044/ 2045/2045/
f 2041/2041/ 2040/2040/ 2045/2045/
f 2044/2044/ 2046/2046/ 2047/2047/
f 2048/2048/ 2044/2044/ 2047/2047/
f 2044/2044/ 2048/2048/ 2049/2049/
f 2045/2045/ 2044/2044/ 2049/2049/
f 2050/2050/ 2051/2051/ 2052/2052/
f 2053/2053/ 2050/2050/ 2052/2052/
f 2052/2052/ 2054/2054/ 2055/2055/
f 2053/2053/ 2052/2052/ 2055/2055/
f 2046/2046/ 2044/2044/ 2040/2040/
f 2043/2043/ 2046/2046/ 2040/2040/
f 2056/2056/ 2057/2057/ 2017/2017/
f 2016/2016/ 2056/2056/ 2017/2017/
f 2058/2058/ 2059/2059/ 2019/2019/
f 2018/2018/ 2058/2058/ 2019/2019/
f 2057/2057/ 2056/2056/ 2060/2060/
f 2061/2061/ 2057/2057/ 2060/2060/
f 2062/2062/ 2063/2063/ 2064/2064/
f 2065/2065/ 2062/2062/ 2064/2064/
f 2061/2061/ 2060/2060/ 2063/2063/
f 2062/2062/ 2061/2061/ 2063/2063/
f 2059/2059/ 2058/2058/ 2047/2047/
f 2046/2046/ 2059/2059/ 2047/2047/
f 2051/2051/ 2066/2066/ 2067/2067/
f 2052/2052/ 2051/2051/ 2067/2067/
f 2068/2068/ 2069/2069/ 2030/2030/
f 2029/2029/ 2068/2068/ 2030/2030/
f 2070/2070/ 2054/2054/ 2032/2032/
f 2031/2031/ 2070/2070/ 2032/2032/
f 1994/1994/ 1971/1971/ 1970/1970/
f 1991/1991/ 1994/1994/ 1970/1970/
f 2045/2045/ 1961/1961/ 1960/1960/
f 2041/2041/ 2045/2045/ 1960/1960/
f 2071/2071/ 2034/2034/ 1964/1964/
f 1963/1963/ 2071/2071/ 1964/1964/
f 2041/2041/ 1960/1960/ 1965/1965/
f 2039/2039/ 2041/2041/ 1965/1965/
f 2045/2045/ 2049/2049/ 1966/1966/
f 1961/1961/ 2045/2045/ 1966/1966/
f 2039/2039/ 1965/1965/ 1967/1967/
f 2037/2037/ 2039/2039/ 1967/1967/
f 2050/2050/ 2053/2053/ 1968/1968/
f 1969/1969/ 2050/2050/ 1968/1968/
f 2034/2034/ 2037/2037/ 1967/1967/
f 1964/1964/ 2034/2034/ 1967/1967/
f 2067/2067/ 2066/2066/ 2069/2069/
f 2068/2068/ 2067/2067/ 2069/2069/
f 2072/2072/ 2059/2059/ 2046/2046/
f 2043/2043/ 2072/2072/ 2046/2046/
f 2042/2042/ 2073/2073/ 2072/2072/
f 2043/2043/ 2042/2042/ 2072/2072/
f 2073/2073/ 2042/2042/ 2035/2035/
f 2074/2074/ 2073/2073/ 2035/2035/
f 2074/2074/ 2035/2035/ 2034/2034/
f 2071/2071/ 2074/2074/ 2034/2034/
f 1975/1975/ 2075/2075/ 2076/2076/
f 1976/1976/ 1975/1975/ 2076/2076/
f 2077/2077/ 2078/2078/ 2079/2079/
f 2080/2080/ 2077/2077/ 2079/2079/
f 1978/1978/ 2077/2077/ 2080/2080/
f 1979/1979/ 1978/1978/ 2080/2080/
f 2081/2081/ 2082/2082/ 2083/2083/
f 2084/2084/ 2081/2081/ 2083/2083/
f 2082/2082/ 2081/2081/ 1982/1982/
f 1981/1981/ 2082/2082/ 1982/1982/
f 1984/1984/ 2085/2085/ 2020/2020/
f 1983/1983/ 1984/1984/ 2020/2020/
f 1983/1983/ 2020/2020/ 1910/1910/
f 2086/2086/ 2087/2087/ 1888/1888/
f 1887/1887/ 2086/2086/ 1888/1888/
f 2087/2087/ 1205/1205/ 1170/1170/
f 1888/1888/ 2087/2087/ 1170/1170/
f 1986/1986/ 2088/2088/ 2086/2086/
f 1887/1887/ 1986/1986/ 2086/2086/
f 2089/2089/ 2090/2090/ 2005/2005/
f 2004/2004/ 2089/2089/ 2005/2005/
f 2003/2003/ 2091/2091/ 2004/2004/
f 2092/2092/ 2089/2089/ 2004/2004/
f 2091/2091/ 2092/2092/ 2004/2004/
f 2093/2093/ 2094/2094/ 2095/2095/
f 2091/2091/ 2093/2093/ 2095/2095/
f 2096/2096/ 2097/2097/ 2003/2003/
f 2008/2008/ 2096/2096/ 2003/2003/
f 2097/2097/ 2093/2093/ 2091/2091/
f 2003/2003/ 2097/2097/ 2091/2091/
f 2098/2098/ 2099/2099/ 2100/2100/
f 2101/2101/ 2098/2098/ 2100/2100/
f 2102/2102/ 2103/2103/ 2104/2104/
f 2020/2020/ 2102/2102/ 2104/2104/
f 2105/2105/ 2106/2106/ 2107/2107/
f 2108/2108/ 2105/2105/ 2107/2107/
f 2108/2108/ 2109/2109/ 2110/2110/
f 2105/2105/ 2108/2108/ 2110/2110/
f 2103/2103/ 2110/2110/ 2109/2109/
f 2104/2104/ 2103/2103/ 2109/2109/
f 2106/2106/ 2111/2111/ 2112/2112/
f 2107/2107/ 2106/2106/ 2112/2112/
f 2113/2113/ 2114/2114/ 2115/2115/
f 2116/2116/ 2113/2113/ 2115/2115/
f 2117/2117/ 2113/2113/ 2116/2116/
f 2118/2118/ 2117/2117/ 2116/2116/
f 2119/2119/ 2117/2117/ 2118/2118/
f 2120/2120/ 2119/2119/ 2118/2118/
f 2121/2121/ 2114/2114/ 2113/2113/
f 2117/2117/ 2121/2121/ 2113/2113/
f 2117/2117/ 2119/2119/ 2122/2122/
f 2121/2121/ 2117/2117/ 2122/2122/
f 2119/2119/ 2120/2120/ 2123/2123/
f 2124/2124/ 2119/2119/ 2123/2123/
f 2125/2125/ 2126/2126/ 2124/2124/
f 2127/2127/ 2125/2125/ 2124/2124/
f 2124/2124/ 2123/2123/ 2128/2128/
f 2127/2127/ 2124/2124/ 2128/2128/
f 2129/2129/ 2130/2130/ 2070/2070/
f 2131/2131/ 2129/2129/ 2070/2070/
f 2070/2070/ 2130/2130/ 2055/2055/
f 2054/2054/ 2070/2070/ 2055/2055/
f 2126/2126/ 2122/2122/ 2119/2119/
f 2124/2124/ 2126/2126/ 2119/2119/
f 2132/2132/ 2098/2098/ 2101/2101/
f 2133/2133/ 2132/2132/ 2101/2101/
f 2099/2099/ 2134/2134/ 2135/2135/
f 2100/2100/ 2099/2099/ 2135/2135/
f 2133/2133/ 2136/2136/ 2137/2137/
f 2132/2132/ 2133/2133/ 2137/2137/
f 2138/2138/ 2139/2139/ 2140/2140/
f 2141/2141/ 2138/2138/ 2140/2140/
f 2136/2136/ 2138/2138/ 2141/2141/
f 2137/2137/ 2136/2136/ 2141/2141/
f 2125/2125/ 2135/2135/ 2134/2134/
f 2126/2126/ 2125/2125/ 2134/2134/
f 2131/2131/ 2070/2070/ 2031/2031/
f 2142/2142/ 2131/2131/ 2031/2031/
f 2111/2111/ 2143/2143/ 2144/2144/
f 2112/2112/ 2111/2111/ 2144/2144/
f 2007/2007/ 2006/2006/ 2010/2010/
f 2013/2013/ 2007/2007/ 2010/2010/
f 2123/2123/ 2120/2120/ 2145/2145/
f 2146/2146/ 2123/2123/ 2145/2145/
f 2147/2147/ 2148/2148/ 2149/2149/
f 2115/2115/ 2147/2147/ 2149/2149/
f 2150/2150/ 2145/2145/ 2120/2120/
f 2118/2118/ 2150/2150/ 2120/2120/
f 2123/2123/ 2146/2146/ 2151/2151/
f 2128/2128/ 2123/2123/ 2151/2151/
f 2118/2118/ 2116/2116/ 2152/2152/
f 2150/2150/ 2118/2118/ 2152/2152/
f 2129/2129/ 2153/2153/ 2154/2154/
f 2130/2130/ 2129/2129/ 2154/2154/
f 2155/2155/ 2156/2156/ 2152/2152/
f 2149/2149/ 2155/2155/ 2152/2152/
f 2152/2152/ 2116/2116/ 2115/2115/
f 2149/2149/ 2152/2152/ 2115/2115/
f 2143/2143/ 2142/2142/ 2031/2031/
f 2144/2144/ 2143/2143/ 2031/2031/
f 2126/2126/ 2134/2134/ 2157/2157/
f 2122/2122/ 2126/2126/ 2157/2157/
f 2157/2157/ 2158/2158/ 2121/2121/
f 2122/2122/ 2157/2157/ 2121/2121/
f 2158/2158/ 2159/2159/ 2114/2114/
f 2121/2121/ 2158/2158/ 2114/2114/
f 2159/2159/ 2147/2147/ 2115/2115/
f 2114/2114/ 2159/2159/ 2115/2115/
f 2075/2075/ 2160/2160/ 2161/2161/
f 2076/2076/ 2075/2075/ 2161/2161/
f 2160/2160/ 2162/2162/ 2163/2163/
f 2161/2161/ 2160/2160/ 2163/2163/
f 2078/2078/ 2164/2164/ 2165/2165/
f 2079/2079/ 2078/2078/ 2165/2165/
f 2084/2084/ 2083/2083/ 2166/2166/
f 2167/2167/ 2084/2084/ 2166/2166/
f 2168/2168/ 2020/2020/ 2085/2085/
f 2169/2169/ 2168/2168/ 2085/2085/
f 2102/2102/ 2020/2020/ 2168/2168/
f 2170/2170/ 2171/2171/ 2172/2172/
f 2173/2173/ 2170/2170/ 2172/2172/
f 1226/1226/ 2172/2172/ 2171/2171/
f 1233/1233/ 1226/1226/ 2171/2171/
f 2170/2170/ 2173/2173/ 2174/2174/
f 2175/2175/ 2170/2170/ 2174/2174/
f 2175/2175/ 2176/2176/ 2177/2177/
f 2170/2170/ 2175/2175/ 2177/2177/
f 1205/1205/ 2087/2087/ 2172/2172/
f 1226/1226/ 1205/1205/ 2172/2172/
f 2173/2173/ 2172/2172/ 2087/2087/
f 2086/2086/ 2173/2173/ 2087/2087/
f 2174/2174/ 2173/2173/ 2178/2178/
f 2173/2173/ 2086/2086/ 2088/2088/
f 2178/2178/ 2173/2173/ 2088/2088/
f 2179/2179/ 2180/2180/ 2181/2181/
f 2089/2089/ 2179/2179/ 2181/2181/
f 2092/2092/ 2179/2179/ 2089/2089/
f 2182/2182/ 2183/2183/ 2184/2184/
f 2185/2185/ 2182/2182/ 2184/2184/
f 2186/2186/ 2187/2187/ 2188/2188/
f 2189/2189/ 2186/2186/ 2188/2188/
f 2190/2190/ 2186/2186/ 2189/2189/
f 2191/2191/ 2190/2190/ 2189/2189/
f 2192/2192/ 2190/2190/ 2191/2191/
f 2193/2193/ 2192/2192/ 2191/2191/
f 2181/2181/ 2180/2180/ 2194/2194/
f 2090/2090/ 2089/2089/ 2181/2181/
f 2195/2195/ 2090/2090/ 2181/2181/
f 2196/2196/ 2197/2197/ 2198/2198/
f 2199/2199/ 2196/2196/ 2198/2198/
f 2200/2200/ 2179/2179/ 2095/2095/
f 2094/2094/ 2200/2200/ 2095/2095/
f 2199/2199/ 2198/2198/ 2180/2180/
f 2201/2201/ 2199/2199/ 2180/2180/
f 2179/2179/ 2200/2200/ 2201/2201/
f 2180/2180/ 2179/2179/ 2201/2201/
f 2202/2202/ 2192/2192/ 2193/2193/
f 2203/2203/ 2202/2202/ 2193/2193/
f 2204/2204/ 2205/2205/ 2206/2206/
f 2207/2207/ 2204/2204/ 2206/2206/
f 2102/2102/ 2208/2208/ 2209/2209/
f 2210/2210/ 2102/2102/ 2209/2209/
f 2211/2211/ 2212/2212/ 2213/2213/
f 2214/2214/ 2211/2211/ 2213/2213/
f 2215/2215/ 2216/2216/ 2217/2217/
f 2218/2218/ 2215/2215/ 2217/2217/
f 2219/2219/ 2220/2220/ 2216/2216/
f 2215/2215/ 2219/2219/ 2216/2216/
f 2210/2210/ 2209/2209/ 2220/2220/
f 2219/2219/ 2210/2210/ 2220/2220/
f 2218/2218/ 2217/2217/ 2221/2221/
f 2222/2222/ 2218/2218/ 2221/2221/
f 2032/2032/ 2067/2067/ 2033/2033/
f 2155/2155/ 2223/2223/ 2224/2224/
f 2156/2156/ 2155/2155/ 2224/2224/
f 2156/2156/ 2224/2224/ 2225/2225/
f 2226/2226/ 2156/2156/ 2225/2225/
f 2227/2227/ 2228/2228/ 2226/2226/
f 2225/2225/ 2227/2227/ 2226/2226/
f 2229/2229/ 2225/2225/ 2224/2224/
f 2223/2223/ 2229/2229/ 2224/2224/
f 2225/2225/ 2229/2229/ 2230/2230/
f 2227/2227/ 2225/2225/ 2230/2230/
f 2227/2227/ 2231/2231/ 2232/2232/
f 2228/2228/ 2227/2227/ 2232/2232/
f 2231/2231/ 2233/2233/ 2234/2234/
f 2235/2235/ 2231/2231/ 2234/2234/
f 2231/2231/ 2235/2235/ 2236/2236/
f 2232/2232/ 2231/2231/ 2236/2236/
f 2237/2237/ 2238/2238/ 2239/2239/
f 2240/2240/ 2237/2237/ 2239/2239/
f 2239/2239/ 2212/2212/ 2241/2241/
f 2240/2240/ 2239/2239/ 2241/2241/
f 2233/2233/ 2231/2231/ 2227/2227/
f 2230/2230/ 2233/2233/ 2227/2227/
f 2242/2242/ 2243/2243/ 2205/2205/
f 2204/2204/ 2242/2242/ 2205/2205/
f 2244/2244/ 2245/2245/ 2207/2207/
f 2206/2206/ 2244/2244/ 2207/2207/
f 2243/2243/ 2242/2242/ 2246/2246/
f 2247/2247/ 2243/2243/ 2246/2246/
f 2248/2248/ 2249/2249/ 2250/2250/
f 2251/2251/ 2248/2248/ 2250/2250/
f 2247/2247/ 2246/2246/ 2249/2249/
f 2248/2248/ 2247/2247/ 2249/2249/
f 2245/2245/ 2244/2244/ 2234/2234/
f 2233/2233/ 2245/2245/ 2234/2234/
f 2238/2238/ 2252/2252/ 2253/2253/
f 2239/2239/ 2238/2238/ 2253/2253/
f 2254/2254/ 2255/2255/ 2222/2222/
f 2221/2221/ 2254/2254/ 2222/2222/
f 2214/2214/ 2213/2213/ 2256/2256/
f 2196/2196/ 2257/2257/ 2258/2258/
f 2197/2197/ 2196/2196/ 2258/2258/
f 2257/2257/ 2202/2202/ 2203/2203/
f 2258/2258/ 2257/2257/ 2203/2203/
f 2232/2232/ 2146/2146/ 2145/2145/
f 2228/2228/ 2232/2232/ 2145/2145/
f 2259/2259/ 2155/2155/ 2149/2149/
f 2148/2148/ 2259/2259/ 2149/2149/
f 2228/2228/ 2145/2145/ 2150/2150/
f 2226/2226/ 2228/2228/ 2150/2150/
f 2232/2232/ 2236/2236/ 2151/2151/
f 2146/2146/ 2232/2232/ 2151/2151/
f 2226/2226/ 2150/2150/ 2152/2152/
f 2156/2156/ 2226/2226/ 2152/2152/
f 2237/2237/ 2240/2240/ 2154/2154/
f 2153/2153/ 2237/2237/ 2154/2154/
f 2260/2260/ 2182/2182/ 2261/2261/
f 1992/1992/ 2260/2260/ 2261/2261/
f 2253/2253/ 2252/2252/ 2255/2255/
f 2254/2254/ 2253/2253/ 2255/2255/
f 2262/2262/ 2245/2245/ 2233/2233/
f 2230/2230/ 2262/2262/ 2233/2233/
f 2229/2229/ 2263/2263/ 2262/2262/
f 2230/2230/ 2229/2229/ 2262/2262/
f 2263/2263/ 2229/2229/ 2223/2223/
f 2264/2264/ 2263/2263/ 2223/2223/
f 2264/2264/ 2223/2223/ 2155/2155/
f 2259/2259/ 2264/2264/ 2155/2155/
f 2162/2162/ 2265/2265/ 2266/2266/
f 2163/2163/ 2162/2162/ 2266/2266/
f 2267/2267/ 2165/2165/ 2164/2164/
f 2268/2268/ 2267/2267/ 2164/2164/
f 2167/2167/ 2166/2166/ 2269/2269/
f 2270/2270/ 2167/2167/ 2269/2269/
f 2169/2169/ 2271/2271/ 2208/2208/
f 2168/2168/ 2169/2169/ 2208/2208/
f 2168/2168/ 2208/2208/ 2102/2102/
f 2177/2177/ 2272/2272/ 2171/2171/
f 2170/2170/ 2177/2177/ 2171/2171/
f 1233/1233/ 2171/2171/ 2272/2272/
f 1234/1234/ 1233/1233/ 2272/2272/
f 2273/2273/ 2274/2274/ 2195/2195/
f 2181/2181/ 2273/2273/ 2195/2195/
f 2275/2275/ 2273/2273/ 2181/2181/
f 2194/2194/ 2275/2275/ 2181/2181/
f 2275/2275/ 2276/2276/ 2273/2273/
f 2277/2277/ 2278/2278/ 2279/2279/
f 2275/2275/ 2277/2277/ 2279/2279/
f 2280/2280/ 2281/2281/ 2194/2194/
f 2198/2198/ 2280/2280/ 2194/2194/
f 2281/2281/ 2277/2277/ 2275/2275/
f 2194/2194/ 2281/2281/ 2275/2275/
f 2282/2282/ 2283/2283/ 2284/2284/
f 2285/2285/ 2282/2282/ 2284/2284/
f 2286/2286/ 2287/2287/ 2288/2288/
f 2208/2208/ 2286/2286/ 2288/2288/
f 2289/2289/ 2290/2290/ 2291/2291/
f 2292/2292/ 2289/2289/ 2291/2291/
f 2292/2292/ 2293/2293/ 2294/2294/
f 2289/2289/ 2292/2292/ 2294/2294/
f 2287/2287/ 2294/2294/ 2293/2293/
f 2288/2288/ 2287/2287/ 2293/2293/
f 2052/2052/ 2067/2067/ 2032/2032/
f 2054/2054/ 2052/2052/ 2032/2032/
f 2290/2290/ 2295/2295/ 2296/2296/
f 2291/2291/ 2290/2290/ 2296/2296/
f 2297/2297/ 2298/2298/ 2299/2299/
f 2300/2300/ 2297/2297/ 2299/2299/
f 2301/2301/ 2297/2297/ 2300/2300/
f 2302/2302/ 2301/2301/ 2300/2300/
f 2303/2303/ 2301/2301/ 2302/2302/
f 2304/2304/ 2303/2303/ 2302/2302/
f 2305/2305/ 2298/2298/ 2297/2297/
f 2301/2301/ 2305/2305/ 2297/2297/
f 2301/2301/ 2303/2303/ 2306/2306/
f 2305/2305/ 2301/2301/ 2306/2306/
f 2303/2303/ 2304/2304/ 2307/2307/
f 2308/2308/ 2303/2303/ 2307/2307/
f 2309/2309/ 2310/2310/ 2308/2308/
f 2311/2311/ 2309/2309/ 2308/2308/
f 2308/2308/ 2307/2307/ 2312/2312/
f 2311/2311/ 2308/2308/ 2312/2312/
f 2313/2313/ 2314/2314/ 2211/2211/
f 2315/2315/ 2313/2313/ 2211/2211/
f 2211/2211/ 2314/2314/ 2241/2241/
f 2212/2212/ 2211/2211/ 2241/2241/
f 2310/2310/ 2306/2306/ 2303/2303/
f 2308/2308/ 2310/2310/ 2303/2303/
f 2316/2316/ 2282/2282/ 2285/2285/
f 2317/2317/ 2316/2316/ 2285/2285/
f 2283/2283/ 2318/2318/ 2319/2319/
f 2284/2284/ 2283/2283/ 2319/2319/
f 2317/2317/ 2320/2320/ 2321/2321/
f 2316/2316/ 2317/2317/ 2321/2321/
f 2322/2322/ 2323/2323/ 2324/2324/
f 2325/2325/ 2322/2322/ 2324/2324/
f 2320/2320/ 2322/2322/ 2325/2325/
f 2321/2321/ 2320/2320/ 2325/2325/
f 2309/2309/ 2319/2319/ 2318/2318/
f 2310/2310/ 2309/2309/ 2318/2318/
f 2315/2315/ 2211/2211/ 2214/2214/
f 2326/2326/ 2315/2315/ 2214/2214/
f 2295/2295/ 2327/2327/ 2328/2328/
f 2296/2296/ 2295/2295/ 2328/2328/
f 2307/2307/ 2304/2304/ 2329/2329/
f 2330/2330/ 2307/2307/ 2329/2329/
f 2331/2331/ 2332/2332/ 2333/2333/
f 2299/2299/ 2331/2331/ 2333/2333/
f 2334/2334/ 2329/2329/ 2304/2304/
f 2302/2302/ 2334/2334/ 2304/2304/
f 2307/2307/ 2330/2330/ 2335/2335/
f 2312/2312/ 2307/2307/ 2335/2335/
f 2302/2302/ 2300/2300/ 2336/2336/
f 2334/2334/ 2302/2302/ 2336/2336/
f 2337/2337/ 2314/2314/ 2313/2313/
f 2338/2338/ 2337/2337/ 2313/2313/
f 2185/2185/ 2184/2184/ 2339/2339/
f 2340/2340/ 2185/2185/ 2339/2339/
f 2336/2336/ 2300/2300/ 2299/2299/
f 2333/2333/ 2336/2336/ 2299/2299/
f 2327/2327/ 2326/2326/ 2214/2214/
f 2328/2328/ 2327/2327/ 2214/2214/
f 2310/2310/ 2318/2318/ 2341/2341/
f 2306/2306/ 2310/2310/ 2341/2341/
f 2341/2341/ 2342/2342/ 2305/2305/
f 2306/2306/ 2341/2341/ 2305/2305/
f 2342/2342/ 2343/2343/ 2298/2298/
f 2305/2305/ 2342/2342/ 2298/2298/
f 2343/2343/ 2331/2331/ 2299/2299/
f 2298/2298/ 2343/2343/ 2299/2299/
f 2265/2265/ 2344/2344/ 2345/2345/
f 2266/2266/ 2265/2265/ 2345/2345/
f 2268/2268/ 2346/2346/ 2347/2347/
f 2267/2267/ 2268/2268/ 2347/2347/
f 2348/2348/ 2208/2208/ 2271/2271/
f 2349/2349/ 2348/2348/ 2271/2271/
f 2286/2286/ 2208/2208/ 2348/2348/
f 2350/2350/ 1250/1250/ 1234/1234/
f 2272/2272/ 2350/2350/ 1234/1234/
f 2351/2351/ 2352/2352/ 2353/2353/
f 2354/2354/ 2351/2351/ 2353/2353/
f 2352/2352/ 2350/2350/ 2272/2272/
f 2177/2177/ 2352/2352/ 2272/2272/
f 2352/2352/ 2177/2177/ 2355/2355/
f 2353/2353/ 2352/2352/ 2355/2355/
f 2355/2355/ 2177/2177/ 2176/2176/
f 2356/2356/ 2357/2357/ 2274/2274/
f 2273/2273/ 2356/2356/ 2274/2274/
f 2358/2358/ 2359/2359/ 2356/2356/
f 2276/2276/ 2358/2358/ 2356/2356/
f 2273/2273/ 2276/2276/ 2356/2356/
f 2360/2360/ 2361/2361/ 2362/2362/
f 2363/2363/ 2360/2360/ 2362/2362/
f 2364/2364/ 2365/2365/ 2366/2366/
f 2367/2367/ 2364/2364/ 2366/2366/
f 2368/2368/ 2364/2364/ 2367/2367/
f 2369/2369/ 2368/2368/ 2367/2367/
f 2370/2370/ 2368/2368/ 2369/2369/
f 2371/2371/ 2370/2370/ 2369/2369/
f 2359/2359/ 2372/2372/ 2373/2373/
f 2356/2356/ 2359/2359/ 2373/2373/
f 2373/2373/ 2374/2374/ 2357/2357/
f 2356/2356/ 2373/2373/ 2357/2357/
f 2375/2375/ 2376/2376/ 2377/2377/
f 2378/2378/ 2375/2375/ 2377/2377/
f 2379/2379/ 2358/2358/ 2279/2279/
f 2278/2278/ 2379/2379/ 2279/2279/
f 2378/2378/ 2377/2377/ 2359/2359/
f 2380/2380/ 2378/2378/ 2359/2359/
f 2358/2358/ 2379/2379/ 2380/2380/
f 2359/2359/ 2358/2358/ 2380/2380/
f 2381/2381/ 2370/2370/ 2371/2371/
f 2382/2382/ 2381/2381/ 2371/2371/
f 2383/2383/ 2384/2384/ 2385/2385/
f 2386/2386/ 2383/2383/ 2385/2385/
f 2286/2286/ 2387/2387/ 2388/2388/
f 2389/2389/ 2286/2286/ 2388/2388/
f 2390/2390/ 2391/2391/ 2392/2392/
f 2393/2393/ 2390/2390/ 2392/2392/
f 2394/2394/ 2395/2395/ 2391/2391/
f 2390/2390/ 2394/2394/ 2391/2391/
f 2389/2389/ 2388/2388/ 2395/2395/
f 2394/2394/ 2389/2389/ 2395/2395/
f 2393/2393/ 2392/2392/ 2396/2396/
f 2397/2397/ 2393/2393/ 2396/2396/
f 2398/2398/ 1951/1951/ 1953/1953/
f 2399/2399/ 2334/2334/ 2336/2336/
f 2400/2400/ 2399/2399/ 2336/2336/
f 2401/2401/ 2399/2399/ 2400/2400/
f 2402/2402/ 2401/2401/ 2400/2400/
f 2403/2403/ 2329/2329/ 2334/2334/
f 2399/2399/ 2403/2403/ 2334/2334/
f 2399/2399/ 2401/2401/ 2404/2404/
f 2405/2405/ 2399/2399/ 2404/2404/
f 2406/2406/ 2330/2330/ 2329/2329/
f 2403/2403/ 2406/2406/ 2329/2329/
f 2406/2406/ 2407/2407/ 2408/2408/
f 2409/2409/ 2406/2406/ 2408/2408/
f 2406/2406/ 2409/2409/ 2335/2335/
f 2330/2330/ 2406/2406/ 2335/2335/
f 2410/2410/ 2411/2411/ 2412/2412/
f 2412/2412/ 2337/2337/ 2338/2338/
f 2410/2410/ 2412/2412/ 2338/2338/
f 2411/2411/ 2413/2413/ 2414/2414/
f 2412/2412/ 2411/2411/ 2414/2414/
f 2407/2407/ 2406/2406/ 2405/2405/
f 2404/2404/ 2407/2407/ 2405/2405/
f 2415/2415/ 2416/2416/ 2384/2384/
f 2383/2383/ 2415/2415/ 2384/2384/
f 2417/2417/ 2418/2418/ 2386/2386/
f 2385/2385/ 2417/2417/ 2386/2386/
f 2416/2416/ 2415/2415/ 2419/2419/
f 2420/2420/ 2416/2416/ 2419/2419/
f 2421/2421/ 2422/2422/ 2423/2423/
f 2424/2424/ 2421/2421/ 2423/2423/
f 2420/2420/ 2419/2419/ 2422/2422/
f 2421/2421/ 2420/2420/ 2422/2422/
f 2418/2418/ 2417/2417/ 2408/2408/
f 2407/2407/ 2418/2418/ 2408/2408/
f 2410/2410/ 2425/2425/ 1952/1952/
f 2411/2411/ 2410/2410/ 1952/1952/
f 2426/2426/ 2427/2427/ 2397/2397/
f 2396/2396/ 2426/2426/ 2397/2397/
f 2375/2375/ 2428/2428/ 2429/2429/
f 2376/2376/ 2375/2375/ 2429/2429/
f 2428/2428/ 2381/2381/ 2382/2382/
f 2429/2429/ 2428/2428/ 2382/2382/
f 2430/2430/ 2413/2413/ 1951/1951/
f 2398/2398/ 2430/2430/ 1951/1951/
f 2333/2333/ 2332/2332/ 2431/2431/
f 2432/2432/ 2402/2402/ 2333/2333/
f 2432/2432/ 2333/2333/ 2431/2431/
f 2433/2433/ 2360/2360/ 2340/2340/
f 2339/2339/ 2433/2433/ 2340/2340/
f 2333/2333/ 2402/2402/ 2400/2400/
f 2336/2336/ 2333/2333/ 2400/2400/
f 1952/1952/ 2425/2425/ 2427/2427/
f 2426/2426/ 1952/1952/ 2427/2427/
f 2434/2434/ 2418/2418/ 2407/2407/
f 2404/2404/ 2434/2434/ 2407/2407/
f 2401/2401/ 2435/2435/ 2434/2434/
f 2404/2404/ 2401/2401/ 2434/2434/
f 2435/2435/ 2401/2401/ 2402/2402/
f 2436/2436/ 2435/2435/ 2402/2402/
f 2344/2344/ 2437/2437/ 2438/2438/
f 2345/2345/ 2344/2344/ 2438/2438/
f 2270/2270/ 2269/2269/ 2439/2439/
f 2440/2440/ 2270/2270/ 2439/2439/
f 2441/2441/ 2442/2442/ 2440/2440/
f 2439/2439/ 2441/2441/ 2440/2440/
f 2349/2349/ 2443/2443/ 2387/2387/
f 2348/2348/ 2349/2349/ 2387/2387/
f 2348/2348/ 2387/2387/ 2286/2286/
f 2351/2351/ 2444/2444/ 2350/2350/
f 2352/2352/ 2351/2351/ 2350/2350/
f 1251/1251/ 1250/1250/ 2350/2350/
f 2444/2444/ 1251/1251/ 2350/2350/
f 2354/2354/ 2445/2445/ 2446/2446/
f 2351/2351/ 2354/2354/ 2446/2446/
f 2447/2447/ 2448/2448/ 2374/2374/
f 2373/2373/ 2447/2447/ 2374/2374/
f 2372/2372/ 2449/2449/ 2373/2373/
f 2450/2450/ 2447/2447/ 2373/2373/
f 2449/2449/ 2450/2450/ 2373/2373/
f 2451/2451/ 2452/2452/ 2453/2453/
f 2449/2449/ 2451/2451/ 2453/2453/
f 2454/2454/ 2455/2455/ 2372/2372/
f 2377/2377/ 2454/2454/ 2372/2372/
f 2455/2455/ 2451/2451/ 2449/2449/
f 2372/2372/ 2455/2455/ 2449/2449/
f 2456/2456/ 2457/2457/ 2458/2458/
f 2459/2459/ 2456/2456/ 2458/2458/
f 2460/2460/ 2461/2461/ 2462/2462/
f 2387/2387/ 2460/2460/ 2462/2462/
f 2463/2463/ 2464/2464/ 2465/2465/
f 2466/2466/ 2463/2463/ 2465/2465/
f 1828/1828/ 1843/1843/ 1808/1808/
f 1830/1830/ 1828/1828/ 1808/1808/
f 2467/2467/ 2468/2468/ 2469/2469/
f 2470/2470/ 2467/2467/ 2469/2469/
f 2470/2470/ 2471/2471/ 2472/2472/
f 2467/2467/ 2470/2470/ 2472/2472/
f 2461/2461/ 2472/2472/ 2471/2471/
f 2462/2462/ 2461/2461/ 2471/2471/
f 2468/2468/ 2473/2473/ 2474/2474/
f 2469/2469/ 2468/2468/ 2474/2474/
f 2475/2475/ 2476/2476/ 2477/2477/
f 2478/2478/ 2475/2475/ 2477/2477/
f 2479/2479/ 2475/2475/ 2478/2478/
f 2480/2480/ 2479/2479/ 2478/2478/
f 2481/2481/ 2479/2479/ 2480/2480/
f 2482/2482/ 2481/2481/ 2480/2480/
f 2483/2483/ 2476/2476/ 2475/2475/
f 2479/2479/ 2483/2483/ 2475/2475/
f 2479/2479/ 2481/2481/ 2484/2484/
f 2483/2483/ 2479/2479/ 2484/2484/
f 2481/2481/ 2482/2482/ 2485/2485/
f 2486/2486/ 2481/2481/ 2485/2485/
f 2487/2487/ 2488/2488/ 2486/2486/
f 2489/2489/ 2487/2487/ 2486/2486/
f 2486/2486/ 2485/2485/ 2490/2490/
f 2489/2489/ 2486/2486/ 2490/2490/
f 2491/2491/ 2492/2492/ 2430/2430/
f 2493/2493/ 2491/2491/ 2430/2430/
f 2430/2430/ 2492/2492/ 2414/2414/
f 2413/2413/ 2430/2430/ 2414/2414/
f 2488/2488/ 2484/2484/ 2481/2481/
f 2486/2486/ 2488/2488/ 2481/2481/
f 2494/2494/ 2456/2456/ 2459/2459/
f 2495/2495/ 2494/2494/ 2459/2459/
f 2457/2457/ 2496/2496/ 2497/2497/
f 2458/2458/ 2457/2457/ 2497/2497/
f 2495/2495/ 2498/2498/ 2499/2499/
f 2494/2494/ 2495/2495/ 2499/2499/
f 2500/2500/ 2501/2501/ 2502/2502/
f 2503/2503/ 2500/2500/ 2502/2502/
f 2498/2498/ 2500/2500/ 2503/2503/
f 2499/2499/ 2498/2498/ 2503/2503/
f 2487/2487/ 2497/2497/ 2496/2496/
f 2488/2488/ 2487/2487/ 2496/2496/
f 2493/2493/ 2430/2430/ 2398/2398/
f 2504/2504/ 2493/2493/ 2398/2398/
f 2473/2473/ 2505/2505/ 2506/2506/
f 2474/2474/ 2473/2473/ 2506/2506/
f 2485/2485/ 2482/2482/ 2507/2507/
f 2508/2508/ 2485/2485/ 2507/2507/
f 2509/2509/ 2510/2510/ 2511/2511/
f 2477/2477/ 2509/2509/ 2511/2511/
f 2512/2512/ 2507/2507/ 2482/2482/
f 2480/2480/ 2512/2512/ 2482/2482/
f 2485/2485/ 2508/2508/ 2513/2513/
f 2490/2490/ 2485/2485/ 2513/2513/
f 2480/2480/ 2478/2478/ 2514/2514/
f 2512/2512/ 2480/2480/ 2514/2514/
f 2515/2515/ 2492/2492/ 2491/2491/
f 2516/2516/ 2515/2515/ 2491/2491/
f 2363/2363/ 2362/2362/ 2517/2517/
f 2518/2518/ 2363/2363/ 2517/2517/
f 2514/2514/ 2478/2478/ 2477/2477/
f 2511/2511/ 2514/2514/ 2477/2477/
f 2505/2505/ 2504/2504/ 2398/2398/
f 2506/2506/ 2505/2505/ 2398/2398/
f 2488/2488/ 2496/2496/ 2519/2519/
f 2484/2484/ 2488/2488/ 2519/2519/
f 2519/2519/ 2520/2520/ 2483/2483/
f 2484/2484/ 2519/2519/ 2483/2483/
f 2520/2520/ 2521/2521/ 2476/2476/
f 2483/2483/ 2520/2520/ 2476/2476/
f 2521/2521/ 2509/2509/ 2477/2477/
f 2476/2476/ 2521/2521/ 2477/2477/
f 2437/2437/ 2522/2522/ 2523/2523/
f 2438/2438/ 2437/2437/ 2523/2523/
f 2522/2522/ 2524/2524/ 2525/2525/
f 2523/2523/ 2522/2522/ 2525/2525/
f 2526/2526/ 2347/2347/ 2346/2346/
f 2527/2527/ 2526/2526/ 2346/2346/
f 2528/2528/ 2387/2387/ 2443/2443/
f 2529/2529/ 2528/2528/ 2443/2443/
f 2460/2460/ 2387/2387/ 2528/2528/
f 2530/2530/ 2446/2446/ 2531/2531/
f 2532/2532/ 2530/2530/ 2531/2531/
f 1271/1271/ 1270/1270/ 2530/2530/
f 2532/2532/ 1271/1271/ 2530/2530/
f 2533/2533/ 2531/2531/ 2534/2534/
f 2535/2535/ 2533/2533/ 2534/2534/
f 1270/1270/ 1251/1251/ 2444/2444/
f 2530/2530/ 1270/1270/ 2444/2444/
f 2446/2446/ 2530/2530/ 2444/2444/
f 2351/2351/ 2446/2446/ 2444/2444/
f 2531/2531/ 2446/2446/ 2536/2536/
f 2534/2534/ 2531/2531/ 2536/2536/
f 2536/2536/ 2446/2446/ 2445/2445/
f 2537/2537/ 2538/2538/ 2447/2447/
f 2450/2450/ 2537/2537/ 2447/2447/
f 2539/2539/ 2540/2540/ 2541/2541/
f 2542/2542/ 2543/2543/ 2544/2544/
f 2545/2545/ 2542/2542/ 2544/2544/
f 2546/2546/ 2542/2542/ 2545/2545/
f 2547/2547/ 2546/2546/ 2545/2545/
f 2538/2538/ 2548/2548/ 2549/2549/
f 2550/2550/ 2546/2546/ 2547/2547/
f 2551/2551/ 2550/2550/ 2547/2547/
f 2538/2538/ 2549/2549/ 2552/2552/
f 2447/2447/ 2538/2538/ 2552/2552/
f 2448/2448/ 2447/2447/ 2552/2552/
f 2553/2553/ 2448/2448/ 2552/2552/
f 2548/2548/ 2554/2554/ 2555/2555/
f 2556/2556/ 2537/2537/ 2453/2453/
f 2452/2452/ 2556/2556/ 2453/2453/
f 2557/2557/ 2548/2548/ 2538/2538/
f 2558/2558/ 2557/2557/ 2538/2538/
f 2537/2537/ 2556/2556/ 2558/2558/
f 2538/2538/ 2537/2537/ 2558/2558/
f 2559/2559/ 2550/2550/ 2551/2551/
f 2560/2560/ 2559/2559/ 2551/2551/
f 2561/2561/ 2562/2562/ 2563/2563/
f 2564/2564/ 2561/2561/ 2563/2563/
f 2460/2460/ 2565/2565/ 2566/2566/
f 2567/2567/ 2460/2460/ 2566/2566/
f 2568/2568/ 2569/2569/ 2570/2570/
f 2571/2571/ 2568/2568/ 2570/2570/
f 2572/2572/ 2573/2573/ 2569/2569/
f 2568/2568/ 2572/2572/ 2569/2569/
f 2567/2567/ 2566/2566/ 2573/2573/
f 2572/2572/ 2567/2567/ 2573/2573/
f 2571/2571/ 2570/2570/ 2574/2574/
f 2575/2575/ 2571/2571/ 2574/2574/
f 2576/2576/ 2577/2577/ 2578/2578/
f 2579/2579/ 2580/2580/ 2581/2581/
f 2582/2582/ 2579/2579/ 2581/2581/
f 2582/2582/ 2581/2581/ 2583/2583/
f 2584/2584/ 2582/2582/ 2583/2583/
f 2585/2585/ 2586/2586/ 2584/2584/
f 2583/2583/ 2585/2585/ 2584/2584/
f 2587/2587/ 2583/2583/ 2581/2581/
f 2580/2580/ 2587/2587/ 2581/2581/
f 2583/2583/ 2587/2587/ 2588/2588/
f 2585/2585/ 2583/2583/ 2588/2588/
f 2585/2585/ 2589/2589/ 2590/2590/
f 2586/2586/ 2585/2585/ 2590/2590/
f 2589/2589/ 2591/2591/ 2592/2592/
f 2593/2593/ 2589/2589/ 2592/2592/
f 2589/2589/ 2593/2593/ 2594/2594/
f 2590/2590/ 2589/2589/ 2594/2594/
f 2595/2595/ 2596/2596/ 2597/2597/
f 2598/2598/ 2595/2595/ 2597/2597/
f 2597/2597/ 2599/2599/ 2600/2600/
f 2598/2598/ 2597/2597/ 2600/2600/
f 2591/2591/ 2589/2589/ 2585/2585/
f 2588/2588/ 2591/2591/ 2585/2585/
f 2601/2601/ 2602/2602/ 2562/2562/
f 2561/2561/ 2601/2601/ 2562/2562/
f 2603/2603/ 2604/2604/ 2564/2564/
f 2563/2563/ 2603/2603/ 2564/2564/
f 2602/2602/ 2601/2601/ 2605/2605/
f 2606/2606/ 2602/2602/ 2605/2605/
f 2607/2607/ 2608/2608/ 2609/2609/
f 2610/2610/ 2607/2607/ 2609/2609/
f 2606/2606/ 2605/2605/ 2608/2608/
f 2607/2607/ 2606/2606/ 2608/2608/
f 2604/2604/ 2603/2603/ 2592/2592/
f 2591/2591/ 2604/2604/ 2592/2592/
f 2596/2596/ 2611/2611/ 2612/2612/
f 2597/2597/ 2596/2596/ 2612/2612/
f 2613/2613/ 2614/2614/ 2575/2575/
f 2574/2574/ 2613/2613/ 2575/2575/
f 2615/2615/ 2616/2616/ 2617/2617/
f 2554/2554/ 2615/2615/ 2617/2617/
f 2616/2616/ 2559/2559/ 2560/2560/
f 2617/2617/ 2616/2616/ 2560/2560/
f 2618/2618/ 2599/2599/ 2577/2577/
f 2576/2576/ 2618/2618/ 2577/2577/
f 2590/2590/ 2508/2508/ 2507/2507/
f 2586/2586/ 2590/2590/ 2507/2507/
f 2619/2619/ 2579/2579/ 2511/2511/
f 2510/2510/ 2619/2619/ 2511/2511/
f 2586/2586/ 2507/2507/ 2512/2512/
f 2584/2584/ 2586/2586/ 2512/2512/
f 2590/2590/ 2594/2594/ 2513/2513/
f 2508/2508/ 2590/2590/ 2513/2513/
f 2584/2584/ 2512/2512/ 2514/2514/
f 2582/2582/ 2584/2584/ 2514/2514/
f 2595/2595/ 2598/2598/ 2515/2515/
f 2516/2516/ 2595/2595/ 2515/2515/
f 2539/2539/ 2541/2541/ 2518/2518/
f 2517/2517/ 2539/2539/ 2518/2518/
f 2579/2579/ 2582/2582/ 2514/2514/
f 2511/2511/ 2579/2579/ 2514/2514/
f 2612/2612/ 2611/2611/ 2614/2614/
f 2613/2613/ 2612/2612/ 2614/2614/
f 2620/2620/ 2604/2604/ 2591/2591/
f 2588/2588/ 2620/2620/ 2591/2591/
f 2587/2587/ 2621/2621/ 2620/2620/
f 2588/2588/ 2587/2587/ 2620/2620/
f 2621/2621/ 2587/2587/ 2580/2580/
f 2622/2622/ 2621/2621/ 2580/2580/
f 2622/2622/ 2580/2580/ 2579/2579/
f 2619/2619/ 2622/2622/ 2579/2579/
f 2524/2524/ 2623/2623/ 2624/2624/
f 2525/2525/ 2524/2524/ 2624/2624/
f 2625/2625/ 2526/2526/ 2527/2527/
f 2626/2626/ 2625/2625/ 2527/2527/
f 2442/2442/ 2441/2441/ 2627/2627/
f 2628/2628/ 2442/2442/ 2627/2627/
f 2629/2629/ 2630/2630/ 2628/2628/
f 2627/2627/ 2629/2629/ 2628/2628/
f 2529/2529/ 2631/2631/ 2565/2565/
f 2528/2528/ 2529/2529/ 2565/2565/
f 2528/2528/ 2565/2565/ 2460/2460/
f 2533/2533/ 2632/2632/ 2532/2532/
f 2531/2531/ 2533/2533/ 2532/2532/
f 2532/2532/ 2632/2632/ 1289/1289/
f 1271/1271/ 2532/2532/ 1289/1289/
f 2535/2535/ 2633/2633/ 2533/2533/
f 2634/2634/ 2635/2635/ 2553/2553/
f 2552/2552/ 2634/2634/ 2553/2553/
f 2636/2636/ 2634/2634/ 2552/2552/
f 2549/2549/ 2636/2636/ 2552/2552/
f 2636/2636/ 2637/2637/ 2634/2634/
f 2638/2638/ 2639/2639/ 2640/2640/
f 2636/2636/ 2638/2638/ 2640/2640/
f 2555/2555/ 2641/2641/ 2549/2549/
f 2548/2548/ 2555/2555/ 2549/2549/
f 2641/2641/ 2638/2638/ 2636/2636/
f 2549/2549/ 2641/2641/ 2636/2636/
f 2642/2642/ 2643/2643/ 2644/2644/
f 2645/2645/ 2642/2642/ 2644/2644/
f 2646/2646/ 2647/2647/ 2648/2648/
f 2565/2565/ 2646/2646/ 2648/2648/
f 2649/2649/ 2650/2650/ 2651/2651/
f 2652/2652/ 2649/2649/ 2651/2651/
f 2653/2653/ 2654/2654/ 2655/2655/
f 2656/2656/ 2653/2653/ 2655/2655/
f 2656/2656/ 2657/2657/ 2658/2658/
f 2653/2653/ 2656/2656/ 2658/2658/
f 2647/2647/ 2658/2658/ 2657/2657/
f 2648/2648/ 2647/2647/ 2657/2657/
f 2654/2654/ 2659/2659/ 2660/2660/
f 2655/2655/ 2654/2654/ 2660/2660/
f 2661/2661/ 2662/2662/ 2663/2663/
f 2664/2664/ 2661/2661/ 2663/2663/
f 2665/2665/ 2666/2666/ 2662/2662/
f 2661/2661/ 2665/2665/ 2662/2662/
f 2664/2664/ 2667/2667/ 2668/2668/
f 2661/2661/ 2664/2664/ 2668/2668/
f 2661/2661/ 2669/2669/ 2670/2670/
f 2665/2665/ 2661/2661/ 2670/2670/
f 2671/2671/ 2668/2668/ 2667/2667/
f 2672/2672/ 2671/2671/ 2667/2667/
f 2673/2673/ 2674/2674/ 2671/2671/
f 2675/2675/ 2673/2673/ 2671/2671/
f 2671/2671/ 2672/2672/ 2676/2676/
f 2675/2675/ 2671/2671/ 2676/2676/
f 2677/2677/ 2618/2618/ 2678/2678/
f 2679/2679/ 2677/2677/ 2678/2678/
f 2678/2678/ 2680/2680/ 2679/2679/
f 2618/2618/ 2677/2677/ 2600/2600/
f 2599/2599/ 2618/2618/ 2600/2600/
f 2674/2674/ 2670/2670/ 2669/2669/
f 2671/2671/ 2674/2674/ 2669/2669/
f 2681/2681/ 2642/2642/ 2645/2645/
f 2682/2682/ 2681/2681/ 2645/2645/
f 2643/2643/ 2683/2683/ 2684/2684/
f 2644/2644/ 2643/2643/ 2684/2684/
f 2682/2682/ 2685/2685/ 2686/2686/
f 2681/2681/ 2682/2682/ 2686/2686/
f 2687/2687/ 2688/2688/ 2689/2689/
f 2690/2690/ 2687/2687/ 2689/2689/
f 2685/2685/ 2687/2687/ 2690/2690/
f 2686/2686/ 2685/2685/ 2690/2690/
f 2673/2673/ 2684/2684/ 2683/2683/
f 2674/2674/ 2673/2673/ 2683/2683/
f 2678/2678/ 2618/2618/ 2576/2576/
f 2691/2691/ 2678/2678/ 2576/2576/
f 2465/2465/ 2464/2464/ 2692/2692/
f 2659/2659/ 2693/2693/ 2694/2694/
f 2660/2660/ 2659/2659/ 2694/2694/
f 2695/2695/ 2696/2696/ 2697/2697/
f 2698/2698/ 2695/2695/ 2697/2697/
f 2663/2663/ 2662/2662/ 2666/2666/
f 2663/2663/ 2666/2666/ 2699/2699/
f 2663/2663/ 2699/2699/ 2700/2700/
f 2693/2693/ 2691/2691/ 2576/2576/
f 2694/2694/ 2693/2693/ 2576/2576/
f 2674/2674/ 2683/2683/ 2701/2701/
f 2670/2670/ 2674/2674/ 2701/2701/
f 2701/2701/ 2702/2702/ 2665/2665/
f 2670/2670/ 2701/2701/ 2665/2665/
f 2702/2702/ 2703/2703/ 2666/2666/
f 2665/2665/ 2702/2702/ 2666/2666/
f 2703/2703/ 2704/2704/ 2699/2699/
f 2666/2666/ 2703/2703/ 2699/2699/
f 2623/2623/ 2705/2705/ 2706/2706/
f 2624/2624/ 2623/2623/ 2706/2706/
f 2707/2707/ 2625/2625/ 2626/2626/
f 2708/2708/ 2707/2707/ 2626/2626/
f 2709/2709/ 2565/2565/ 2631/2631/
f 2710/2710/ 2709/2709/ 2631/2631/
f 2646/2646/ 2565/2565/ 2709/2709/
f 2711/2711/ 2712/2712/ 2713/2713/
f 2714/2714/ 2711/2711/ 2713/2713/
f 2715/2715/ 2716/2716/ 2712/2712/
f 2711/2711/ 2715/2715/ 2712/2712/
f 1301/1301/ 1304/1304/ 2713/2713/
f 2712/2712/ 1301/1301/ 2713/2713/
f 2712/2712/ 2716/2716/ 1305/1305/
f 1301/1301/ 2712/2712/ 1305/1305/
f 2715/2715/ 2711/2711/ 2717/2717/
f 2718/2718/ 2715/2715/ 2717/2717/
f 1304/1304/ 1289/1289/ 2632/2632/
f 2713/2713/ 1304/1304/ 2632/2632/
f 2714/2714/ 2713/2713/ 2632/2632/
f 2533/2533/ 2714/2714/ 2632/2632/
f 2711/2711/ 2714/2714/ 2719/2719/
f 2717/2717/ 2711/2711/ 2719/2719/
f 2714/2714/ 2533/2533/ 2633/2633/
f 2719/2719/ 2714/2714/ 2633/2633/
f 2720/2720/ 2721/2721/ 2635/2635/
f 2634/2634/ 2720/2720/ 2635/2635/
f 2722/2722/ 2723/2723/ 2720/2720/
f 2637/2637/ 2722/2722/ 2720/2720/
f 2634/2634/ 2637/2637/ 2720/2720/
f 2724/2724/ 2725/2725/ 2726/2726/
f 2727/2727/ 2724/2724/ 2726/2726/
f 2728/2728/ 2729/2729/ 2730/2730/
f 2731/2731/ 2728/2728/ 2730/2730/
f 2732/2732/ 2728/2728/ 2731/2731/
f 2733/2733/ 2732/2732/ 2731/2731/
f 2723/2723/ 2734/2734/ 2735/2735/
f 2736/2736/ 2732/2732/ 2733/2733/
f 2737/2737/ 2736/2736/ 2733/2733/
f 2723/2723/ 2735/2735/ 2738/2738/
f 2720/2720/ 2723/2723/ 2738/2738/
f 2738/2738/ 2739/2739/ 2721/2721/
f 2720/2720/ 2738/2738/ 2721/2721/
f 2740/2740/ 2741/2741/ 2734/2734/
f 2742/2742/ 2740/2740/ 2734/2734/
f 2743/2743/ 2722/2722/ 2640/2640/
f 2639/2639/ 2743/2743/ 2640/2640/
f 2742/2742/ 2734/2734/ 2723/2723/
f 2744/2744/ 2742/2742/ 2723/2723/
f 2722/2722/ 2743/2743/ 2744/2744/
f 2723/2723/ 2722/2722/ 2744/2744/
f 2745/2745/ 2736/2736/ 2737/2737/
f 2746/2746/ 2745/2745/ 2737/2737/
f 2747/2747/ 2748/2748/ 2749/2749/
f 2750/2750/ 2747/2747/ 2749/2749/
f 2646/2646/ 2751/2751/ 2752/2752/
f 2753/2753/ 2646/2646/ 2752/2752/
f 2754/2754/ 2755/2755/ 2756/2756/
f 2757/2757/ 2754/2754/ 2756/2756/
f 2758/2758/ 2759/2759/ 2755/2755/
f 2754/2754/ 2758/2758/ 2755/2755/
f 2753/2753/ 2752/2752/ 2759/2759/
f 2758/2758/ 2753/2753/ 2759/2759/
f 2757/2757/ 2756/2756/ 2760/2760/
f 2761/2761/ 2757/2757/ 2760/2760/
f 2762/2762/ 2763/2763/ 2764/2764/
f 2765/2765/ 2766/2766/ 2767/2767/
f 2768/2768/ 2765/2765/ 2767/2767/
f 2768/2768/ 2767/2767/ 2769/2769/
f 2770/2770/ 2768/2768/ 2769/2769/
f 2771/2771/ 2772/2772/ 2770/2770/
f 2769/2769/ 2771/2771/ 2770/2770/
f 2773/2773/ 2769/2769/ 2767/2767/
f 2766/2766/ 2773/2773/ 2767/2767/
f 2769/2769/ 2773/2773/ 2774/2774/
f 2771/2771/ 2769/2769/ 2774/2774/
f 2771/2771/ 2775/2775/ 2776/2776/
f 2772/2772/ 2771/2771/ 2776/2776/
f 2775/2775/ 2777/2777/ 2778/2778/
f 2779/2779/ 2775/2775/ 2778/2778/
f 2775/2775/ 2779/2779/ 2780/2780/
f 2776/2776/ 2775/2775/ 2780/2780/
f 2781/2781/ 2782/2782/ 2783/2783/
f 2784/2784/ 2781/2781/ 2783/2783/
f 2783/2783/ 2785/2785/ 2786/2786/
f 2784/2784/ 2783/2783/ 2786/2786/
f 2777/2777/ 2775/2775/ 2771/2771/
f 2774/2774/ 2777/2777/ 2771/2771/
f 2787/2787/ 2788/2788/ 2748/2748/
f 2747/2747/ 2787/2787/ 2748/2748/
f 2789/2789/ 2790/2790/ 2750/2750/
f 2749/2749/ 2789/2789/ 2750/2750/
f 2788/2788/ 2787/2787/ 2791/2791/
f 2792/2792/ 2788/2788/ 2791/2791/
f 2793/2793/ 2794/2794/ 2795/2795/
f 2796/2796/ 2793/2793/ 2795/2795/
f 2792/2792/ 2791/2791/ 2794/2794/
f 2793/2793/ 2792/2792/ 2794/2794/
f 2790/2790/ 2789/2789/ 2778/2778/
f 2777/2777/ 2790/2790/ 2778/2778/
f 2782/2782/ 2797/2797/ 2798/2798/
f 2783/2783/ 2782/2782/ 2798/2798/
f 2799/2799/ 2800/2800/ 2761/2761/
f 2760/2760/ 2799/2799/ 2761/2761/
f 2740/2740/ 2801/2801/ 2802/2802/
f 2741/2741/ 2740/2740/ 2802/2802/
f 2801/2801/ 2745/2745/ 2746/2746/
f 2802/2802/ 2801/2801/ 2746/2746/
f 2803/2803/ 2785/2785/ 2763/2763/
f 2762/2762/ 2803/2803/ 2763/2763/
f 2776/2776/ 2672/2672/ 2667/2667/
f 2772/2772/ 2776/2776/ 2667/2667/
f 2776/2776/ 2780/2780/ 2676/2676/
f 2672/2672/ 2776/2776/ 2676/2676/
f 2768/2768/ 2770/2770/ 2664/2664/
f 2663/2663/ 2768/2768/ 2664/2664/
f 2781/2781/ 2784/2784/ 2679/2679/
f 2680/2680/ 2781/2781/ 2679/2679/
f 2697/2697/ 2696/2696/ 2727/2727/
f 2726/2726/ 2697/2697/ 2727/2727/
f 2772/2772/ 2667/2667/ 2664/2664/
f 2770/2770/ 2772/2772/ 2664/2664/
f 2765/2765/ 2768/2768/ 2663/2663/
f 2700/2700/ 2765/2765/ 2663/2663/
f 2798/2798/ 2797/2797/ 2800/2800/
f 2799/2799/ 2798/2798/ 2800/2800/
f 2804/2804/ 2790/2790/ 2777/2777/
f 2774/2774/ 2804/2804/ 2777/2777/
f 2773/2773/ 2805/2805/ 2804/2804/
f 2774/2774/ 2773/2773/ 2804/2804/
f 2805/2805/ 2773/2773/ 2766/2766/
f 2806/2806/ 2805/2805/ 2766/2766/
f 2806/2806/ 2766/2766/ 2765/2765/
f 2807/2807/ 2806/2806/ 2765/2765/
f 2705/2705/ 2808/2808/ 2809/2809/
f 2706/2706/ 2705/2705/ 2809/2809/
f 2810/2810/ 2707/2707/ 2708/2708/
f 2811/2811/ 2810/2810/ 2708/2708/
f 2630/2630/ 2629/2629/ 2812/2812/
f 2813/2813/ 2630/2630/ 2812/2812/
f 2814/2814/ 2815/2815/ 2813/2813/
f 2812/2812/ 2814/2814/ 2813/2813/
f 2710/2710/ 2816/2816/ 2751/2751/
f 2709/2709/ 2710/2710/ 2751/2751/
f 2709/2709/ 2751/2751/ 2646/2646/
f 2817/2817/ 2818/2818/ 2819/2819/
f 2820/2820/ 2817/2817/ 2819/2819/
f 2821/2821/ 2822/2822/ 2818/2818/
f 2817/2817/ 2821/2821/ 2818/2818/
f 1332/1332/ 1336/1336/ 2819/2819/
f 2818/2818/ 1332/1332/ 2819/2819/
f 2818/2818/ 2822/2822/ 1333/1333/
f 1332/1332/ 2818/2818/ 1333/1333/
f 2823/2823/ 2824/2824/ 2820/2820/
f 2825/2825/ 2826/2826/ 2739/2739/
f 2738/2738/ 2825/2825/ 2739/2739/
f 2735/2735/ 2827/2827/ 2738/2738/
f 2827/2827/ 2828/2828/ 2825/2825/
f 2738/2738/ 2827/2827/ 2825/2825/
f 2829/2829/ 2830/2830/ 2831/2831/
f 2827/2827/ 2829/2829/ 2831/2831/
f 2832/2832/ 2833/2833/ 2735/2735/
f 2734/2734/ 2832/2832/ 2735/2735/
f 2833/2833/ 2829/2829/ 2827/2827/
f 2735/2735/ 2833/2833/ 2827/2827/
f 2834/2834/ 2835/2835/ 2836/2836/
f 2837/2837/ 2834/2834/ 2836/2836/
f 2838/2838/ 2839/2839/ 2840/2840/
f 2751/2751/ 2838/2838/ 2840/2840/
f 2841/2841/ 2842/2842/ 2843/2843/
f 2844/2844/ 2845/2845/ 2846/2846/
f 2847/2847/ 2844/2844/ 2846/2846/
f 2847/2847/ 2848/2848/ 2849/2849/
f 2844/2844/ 2847/2847/ 2849/2849/
f 2839/2839/ 2849/2849/ 2848/2848/
f 2840/2840/ 2839/2839/ 2848/2848/
f 2845/2845/ 2850/2850/ 2851/2851/
f 2846/2846/ 2845/2845/ 2851/2851/
f 2852/2852/ 2853/2853/ 2854/2854/
f 2855/2855/ 2852/2852/ 2854/2854/
f 2856/2856/ 2852/2852/ 2855/2855/
f 2857/2857/ 2856/2856/ 2855/2855/
f 2858/2858/ 2856/2856/ 2857/2857/
f 2859/2859/ 2858/2858/ 2857/2857/
f 2860/2860/ 2853/2853/ 2852/2852/
f 2856/2856/ 2860/2860/ 2852/2852/
f 2856/2856/ 2858/2858/ 2861/2861/
f 2860/2860/ 2856/2856/ 2861/2861/
f 2858/2858/ 2859/2859/ 2862/2862/
f 2863/2863/ 2858/2858/ 2862/2862/
f 2864/2864/ 2865/2865/ 2863/2863/
f 2866/2866/ 2864/2864/ 2863/2863/
f 2863/2863/ 2862/2862/ 2867/2867/
f 2866/2866/ 2863/2863/ 2867/2867/
f 2868/2868/ 2869/2869/ 2803/2803/
f 2870/2870/ 2868/2868/ 2803/2803/
f 2803/2803/ 2869/2869/ 2786/2786/
f 2785/2785/ 2803/2803/ 2786/2786/
f 2865/2865/ 2861/2861/ 2858/2858/
f 2863/2863/ 2865/2865/ 2858/2858/
f 2871/2871/ 2834/2834/ 2837/2837/
f 2872/2872/ 2871/2871/ 2837/2837/
f 2835/2835/ 2873/2873/ 2874/2874/
f 2836/2836/ 2835/2835/ 2874/2874/
f 2872/2872/ 2875/2875/ 2876/2876/
f 2871/2871/ 2872/2872/ 2876/2876/
f 2877/2877/ 2878/2878/ 2879/2879/
f 2880/2880/ 2877/2877/ 2879/2879/
f 2875/2875/ 2877/2877/ 2880/2880/
f 2876/2876/ 2875/2875/ 2880/2880/
f 2864/2864/ 2874/2874/ 2873/2873/
f 2865/2865/ 2864/2864/ 2873/2873/
f 2870/2870/ 2803/2803/ 2762/2762/
f 2881/2881/ 2870/2870/ 2762/2762/
f 2651/2651/ 2650/2650/ 2882/2882/
f 2850/2850/ 2883/2883/ 2884/2884/
f 2851/2851/ 2850/2850/ 2884/2884/
f 2862/2862/ 2859/2859/ 2885/2885/
f 2886/2886/ 2862/2862/ 2885/2885/
f 2887/2887/ 2888/2888/ 2889/2889/
f 2854/2854/ 2887/2887/ 2889/2889/
f 2890/2890/ 2885/2885/ 2859/2859/
f 2857/2857/ 2890/2890/ 2859/2859/
f 2862/2862/ 2886/2886/ 2891/2891/
f 2867/2867/ 2862/2862/ 2891/2891/
f 2857/2857/ 2855/2855/ 2892/2892/
f 2890/2890/ 2857/2857/ 2892/2892/
f 2893/2893/ 2869/2869/ 2868/2868/
f 2894/2894/ 2893/2893/ 2868/2868/
f 2895/2895/ 2896/2896/ 2897/2897/
f 2725/2725/ 2895/2895/ 2897/2897/
f 2892/2892/ 2855/2855/ 2854/2854/
f 2889/2889/ 2892/2892/ 2854/2854/
f 2883/2883/ 2881/2881/ 2762/2762/
f 2884/2884/ 2883/2883/ 2762/2762/
f 2865/2865/ 2873/2873/ 2898/2898/
f 2861/2861/ 2865/2865/ 2898/2898/
f 2898/2898/ 2899/2899/ 2860/2860/
f 2861/2861/ 2898/2898/ 2860/2860/
f 2899/2899/ 2900/2900/ 2853/2853/
f 2860/2860/ 2899/2899/ 2853/2853/
f 2900/2900/ 2887/2887/ 2854/2854/
f 2853/2853/ 2900/2900/ 2854/2854/
f 2808/2808/ 2901/2901/ 2902/2902/
f 2809/2809/ 2808/2808/ 2902/2902/
f 2901/2901/ 2903/2903/ 2904/2904/
f 2902/2902/ 2901/2901/ 2904/2904/
f 2905/2905/ 2810/2810/ 2811/2811/
f 2906/2906/ 2905/2905/ 2811/2811/
f 2907/2907/ 2751/2751/ 2816/2816/
f 2908/2908/ 2907/2907/ 2816/2816/
f 2838/2838/ 2751/2751/ 2907/2907/
f 1351/1351/ 1333/1333/ 2822/2822/
f 2909/2909/ 1351/1351/ 2822/2822/
f 2910/2910/ 2821/2821/ 2911/2911/
f 2912/2912/ 2909/2909/ 2822/2822/
f 2821/2821/ 2912/2912/ 2822/2822/
f 2821/2821/ 2817/2817/ 2913/2913/
f 2911/2911/ 2821/2821/ 2913/2913/
f 2817/2817/ 2820/2820/ 2824/2824/
f 2913/2913/ 2817/2817/ 2824/2824/
f 2914/2914/ 2915/2915/ 2916/2916/
f 2825/2825/ 2914/2914/ 2916/2916/
f 2828/2828/ 2914/2914/ 2825/2825/
f 2917/2917/ 2918/2918/ 2919/2919/
f 2920/2920/ 2921/2921/ 2922/2922/
f 2923/2923/ 2920/2920/ 2922/2922/
f 2924/2924/ 2920/2920/ 2923/2923/
f 2925/2925/ 2924/2924/ 2923/2923/
f 2915/2915/ 2926/2926/ 2927/2927/
f 2928/2928/ 2924/2924/ 2925/2925/
f 2929/2929/ 2928/2928/ 2925/2925/
f 2916/2916/ 2915/2915/ 2927/2927/
f 2826/2826/ 2825/2825/ 2916/2916/
f 2930/2930/ 2826/2826/ 2916/2916/
f 2926/2926/ 2931/2931/ 2932/2932/
f 2933/2933/ 2914/2914/ 2831/2831/
f 2830/2830/ 2933/2933/ 2831/2831/
f 2934/2934/ 2926/2926/ 2915/2915/
f 2935/2935/ 2934/2934/ 2915/2915/
f 2914/2914/ 2933/2933/ 2935/2935/
f 2915/2915/ 2914/2914/ 2935/2935/
f 2936/2936/ 2928/2928/ 2929/2929/
f 2937/2937/ 2936/2936/ 2929/2929/
f 2938/2938/ 2939/2939/ 2940/2940/
f 2941/2941/ 2938/2938/ 2940/2940/
f 2838/2838/ 2942/2942/ 2943/2943/
f 2944/2944/ 2838/2838/ 2943/2943/
f 2945/2945/ 2946/2946/ 2947/2947/
f 2948/2948/ 2945/2945/ 2947/2947/
f 2949/2949/ 2950/2950/ 2946/2946/
f 2945/2945/ 2949/2949/ 2946/2946/
f 2944/2944/ 2943/2943/ 2950/2950/
f 2949/2949/ 2944/2944/ 2950/2950/
f 2948/2948/ 2947/2947/ 2951/2951/
f 2952/2952/ 2948/2948/ 2951/2951/
f 2953/2953/ 2841/2841/ 2843/2843/
f 2954/2954/ 2955/2955/ 2956/2956/
f 2957/2957/ 2954/2954/ 2956/2956/
f 2957/2957/ 2956/2956/ 2958/2958/
f 2959/2959/ 2957/2957/ 2958/2958/
f 2960/2960/ 2961/2961/ 2959/2959/
f 2958/2958/ 2960/2960/ 2959/2959/
f 2962/2962/ 2958/2958/ 2956/2956/
f 2955/2955/ 2962/2962/ 2956/2956/
f 2958/2958/ 2962/2962/ 2963/2963/
f 2960/2960/ 2958/2958/ 2963/2963/
f 2960/2960/ 2964/2964/ 2965/2965/
f 2961/2961/ 2960/2960/ 2965/2965/
f 2964/2964/ 2966/2966/ 2967/2967/
f 2968/2968/ 2964/2964/ 2967/2967/
f 2964/2964/ 2968/2968/ 2969/2969/
f 2965/2965/ 2964/2964/ 2969/2969/
f 2970/2970/ 2971/2971/ 2972/2972/
f 2973/2973/ 2970/2970/ 2972/2972/
f 2972/2972/ 2974/2974/ 2975/2975/
f 2973/2973/ 2972/2972/ 2975/2975/
f 2966/2966/ 2964/2964/ 2960/2960/
f 2963/2963/ 2966/2966/ 2960/2960/
f 2976/2976/ 2977/2977/ 2939/2939/
f 2938/2938/ 2976/2976/ 2939/2939/
f 2978/2978/ 2979/2979/ 2941/2941/
f 2940/2940/ 2978/2978/ 2941/2941/
f 2977/2977/ 2976/2976/ 2980/2980/
f 2981/2981/ 2977/2977/ 2980/2980/
f 2982/2982/ 2983/2983/ 2984/2984/
f 2985/2985/ 2982/2982/ 2984/2984/
f 2981/2981/ 2980/2980/ 2983/2983/
f 2982/2982/ 2981/2981/ 2983/2983/
f 2979/2979/ 2978/2978/ 2967/2967/
f 2966/2966/ 2979/2979/ 2967/2967/
f 2971/2971/ 2986/2986/ 2842/2842/
f 2972/2972/ 2971/2971/ 2842/2842/
f 2987/2987/ 2988/2988/ 2952/2952/
f 2951/2951/ 2987/2987/ 2952/2952/
f 2989/2989/ 2990/2990/ 2991/2991/
f 2931/2931/ 2989/2989/ 2991/2991/
f 2990/2990/ 2936/2936/ 2937/2937/
f 2991/2991/ 2990/2990/ 2937/2937/
f 2992/2992/ 2974/2974/ 2841/2841/
f 2953/2953/ 2992/2992/ 2841/2841/
f 2965/2965/ 2886/2886/ 2885/2885/
f 2961/2961/ 2965/2965/ 2885/2885/
f 2993/2993/ 2954/2954/ 2889/2889/
f 2888/2888/ 2993/2993/ 2889/2889/
f 2961/2961/ 2885/2885/ 2890/2890/
f 2959/2959/ 2961/2961/ 2890/2890/
f 2965/2965/ 2969/2969/ 2891/2891/
f 2886/2886/ 2965/2965/ 2891/2891/
f 2959/2959/ 2890/2890/ 2892/2892/
f 2957/2957/ 2959/2959/ 2892/2892/
f 2970/2970/ 2973/2973/ 2893/2893/
f 2894/2894/ 2970/2970/ 2893/2893/
f 2994/2994/ 2897/2897/ 2896/2896/
f 2995/2995/ 2994/2994/ 2896/2896/
f 2954/2954/ 2957/2957/ 2892/2892/
f 2889/2889/ 2954/2954/ 2892/2892/
f 2842/2842/ 2986/2986/ 2988/2988/
f 2987/2987/ 2842/2842/ 2988/2988/
f 2996/2996/ 2979/2979/ 2966/2966/
f 2963/2963/ 2996/2996/ 2966/2966/
f 2962/2962/ 2997/2997/ 2996/2996/
f 2963/2963/ 2962/2962/ 2996/2996/
f 2997/2997/ 2962/2962/ 2955/2955/
f 2998/2998/ 2997/2997/ 2955/2955/
f 2998/2998/ 2955/2955/ 2954/2954/
f 2993/2993/ 2998/2998/ 2954/2954/
f 2903/2903/ 2999/2999/ 3000/3000/
f 2904/2904/ 2903/2903/ 3000/3000/
f 3001/3001/ 2905/2905/ 2906/2906/
f 3002/3002/ 3001/3001/ 2906/2906/
f 2815/2815/ 2814/2814/ 3003/3003/
f 3004/3004/ 2815/2815/ 3003/3003/
f 3005/3005/ 3006/3006/ 3004/3004/
f 3003/3003/ 3005/3005/ 3004/3004/
f 3007/3007/ 3008/3008/ 2942/2942/
f 2907/2907/ 3007/3007/ 2942/2942/
f 2907/2907/ 2942/2942/ 2838/2838/
f 3009/3009/ 3010/3010/ 2909/2909/
f 2912/2912/ 3009/3009/ 2909/2909/
f 3011/3011/ 3012/3012/ 3010/3010/
f 3009/3009/ 3011/3011/ 3010/3010/
f 1353/1353/ 1351/1351/ 2909/2909/
f 3010/3010/ 1353/1353/ 2909/2909/
f 3010/3010/ 3012/3012/ 1366/1366/
f 1353/1353/ 3010/3010/ 1366/1366/
f 2910/2910/ 3013/3013/ 2912/2912/
f 2821/2821/ 2910/2910/ 2912/2912/
f 3014/3014/ 3015/3015/ 2930/2930/
f 2916/2916/ 3014/3014/ 2930/2930/
f 2927/2927/ 3016/3016/ 2916/2916/
f 3016/3016/ 3017/3017/ 3014/3014/
f 2916/2916/ 3016/3016/ 3014/3014/
f 3018/3018/ 3019/3019/ 3020/3020/
f 3016/3016/ 3018/3018/ 3020/3020/
f 2932/2932/ 3021/3021/ 2927/2927/
f 2926/2926/ 2932/2932/ 2927/2927/
f 3021/3021/ 3018/3018/ 3016/3016/
f 2927/2927/ 3021/3021/ 3016/3016/
f 3022/3022/ 3023/3023/ 3024/3024/
f 3025/3025/ 3022/3022/ 3024/3024/
f 3026/3026/ 3027/3027/ 3028/3028/
f 2942/2942/ 3026/3026/ 3028/3028/
f 2763/2763/ 2798/2798/ 2764/2764/
f 3029/3029/ 3030/3030/ 3031/3031/
f 3032/3032/ 3029/3029/ 3031/3031/
f 3032/3032/ 3033/3033/ 3034/3034/
f 3029/3029/ 3032/3032/ 3034/3034/
f 3027/3027/ 3034/3034/ 3033/3033/
f 3028/3028/ 3027/3027/ 3033/3033/
f 3030/3030/ 3035/3035/ 3036/3036/
f 3031/3031/ 3030/3030/ 3036/3036/
f 3037/3037/ 3038/3038/ 3039/3039/
f 3040/3040/ 3037/3037/ 3039/3039/
f 3041/3041/ 3037/3037/ 3040/3040/
f 3042/3042/ 3041/3041/ 3040/3040/
f 3043/3043/ 3041/3041/ 3042/3042/
f 3044/3044/ 3043/3043/ 3042/3042/
f 3045/3045/ 3038/3038/ 3037/3037/
f 3041/3041/ 3045/3045/ 3037/3037/
f 3041/3041/ 3043/3043/ 3046/3046/
f 3045/3045/ 3041/3041/ 3046/3046/
f 3043/3043/ 3044/3044/ 3047/3047/
f 3048/3048/ 3043/3043/ 3047/3047/
f 3049/3049/ 3050/3050/ 3048/3048/
f 3051/3051/ 3049/3049/ 3048/3048/
f 3048/3048/ 3047/3047/ 3052/3052/
f 3051/3051/ 3048/3048/ 3052/3052/
f 3053/3053/ 3054/3054/ 2992/2992/
f 3055/3055/ 3053/3053/ 2992/2992/
f 2992/2992/ 3054/3054/ 2975/2975/
f 2974/2974/ 2992/2992/ 2975/2975/
f 3050/3050/ 3046/3046/ 3043/3043/
f 3048/3048/ 3050/3050/ 3043/3043/
f 3056/3056/ 3022/3022/ 3025/3025/
f 3057/3057/ 3056/3056/ 3025/3025/
f 3023/3023/ 3058/3058/ 3059/3059/
f 3024/3024/ 3023/3023/ 3059/3059/
f 3057/3057/ 3060/3060/ 3061/3061/
f 3056/3056/ 3057/3057/ 3061/3061/
f 3062/3062/ 3063/3063/ 3064/3064/
f 3065/3065/ 3062/3062/ 3064/3064/
f 3060/3060/ 3062/3062/ 3065/3065/
f 3061/3061/ 3060/3060/ 3065/3065/
f 3049/3049/ 3059/3059/ 3058/3058/
f 3050/3050/ 3049/3049/ 3058/3058/
f 3055/3055/ 2992/2992/ 2953/2953/
f 3066/3066/ 3055/3055/ 2953/2953/
f 3035/3035/ 3067/3067/ 3068/3068/
f 3036/3036/ 3035/3035/ 3068/3068/
f 2972/2972/ 2842/2842/ 2841/2841/
f 2974/2974/ 2972/2972/ 2841/2841/
f 3047/3047/ 3044/3044/ 3069/3069/
f 3070/3070/ 3047/3047/ 3069/3069/
f 3071/3071/ 3072/3072/ 3073/3073/
f 3039/3039/ 3071/3071/ 3073/3073/
f 3074/3074/ 3069/3069/ 3044/3044/
f 3042/3042/ 3074/3074/ 3044/3044/
f 3047/3047/ 3070/3070/ 3075/3075/
f 3052/3052/ 3047/3047/ 3075/3075/
f 3042/3042/ 3040/3040/ 3076/3076/
f 3074/3074/ 3042/3042/ 3076/3076/
f 3077/3077/ 3054/3054/ 3053/3053/
f 3078/3078/ 3077/3077/ 3053/3053/
f 2919/2919/ 3079/3079/ 3080/3080/
f 2917/2917/ 2919/2919/ 3080/3080/
f 3076/3076/ 3040/3040/ 3039/3039/
f 3073/3073/ 3076/3076/ 3039/3039/
f 3067/3067/ 3066/3066/ 2953/2953/
f 3068/3068/ 3067/3067/ 2953/2953/
f 3050/3050/ 3058/3058/ 3081/3081/
f 3046/3046/ 3050/3050/ 3081/3081/
f 3081/3081/ 3082/3082/ 3045/3045/
f 3046/3046/ 3081/3081/ 3045/3045/
f 3082/3082/ 3083/3083/ 3038/3038/
f 3045/3045/ 3082/3082/ 3038/3038/
f 3083/3083/ 3071/3071/ 3039/3039/
f 3038/3038/ 3083/3083/ 3039/3039/
f 2999/2999/ 3084/3084/ 3085/3085/
f 3000/3000/ 2999/2999/ 3085/3085/
f 3086/3086/ 3001/3001/ 3002/3002/
f 3087/3087/ 3086/3086/ 3002/3002/
f 3088/3088/ 2942/2942/ 3008/3008/
f 3089/3089/ 3088/3088/ 3008/3008/
f 3026/3026/ 2942/2942/ 3088/3088/
f 1383/1383/ 1366/1366/ 3012/3012/
f 3090/3090/ 1383/1383/ 3012/3012/
f 3091/3091/ 3011/3011/ 3092/3092/
f 3093/3093/ 3091/3091/ 3092/3092/
f 3091/3091/ 3090/3090/ 3012/3012/
f 3011/3011/ 3091/3091/ 3012/3012/
f 3011/3011/ 3009/3009/ 3094/3094/
f 3092/3092/ 3011/3011/ 3094/3094/
f 3009/3009/ 2912/2912/ 3013/3013/
f 3094/3094/ 3009/3009/ 3013/3013/
f 3095/3095/ 3096/3096/ 3015/3015/
f 3014/3014/ 3095/3095/ 3015/3015/
f 3097/3097/ 3098/3098/ 3095/3095/
f 3014/3014/ 3097/3097/ 3095/3095/
f 3017/3017/ 3097/3097/ 3014/3014/
f 3099/3099/ 3100/3100/ 3101/3101/
f 3102/3102/ 3103/3103/ 3104/3104/
f 3105/3105/ 3102/3102/ 3104/3104/
f 3106/3106/ 3102/3102/ 3105/3105/
f 3107/3107/ 3106/3106/ 3105/3105/
f 3108/3108/ 3098/3098/ 3109/3109/
f 3110/3110/ 3106/3106/ 3107/3107/
f 3111/3111/ 3110/3110/ 3107/3107/
f 3098/3098/ 3108/3108/ 3112/3112/
f 3095/3095/ 3098/3098/ 3112/3112/
f 3112/3112/ 3113/3113/ 3096/3096/
f 3095/3095/ 3112/3112/ 3096/3096/
f 3114/3114/ 3115/3115/ 3109/3109/
f 3116/3116/ 3097/3097/ 3020/3020/
f 3019/3019/ 3116/3116/ 3020/3020/
f 3114/3114/ 3109/3109/ 3098/3098/
f 3117/3117/ 3114/3114/ 3098/3098/
f 3097/3097/ 3116/3116/ 3117/3117/
f 3098/3098/ 3097/3097/ 3117/3117/
f 3118/3118/ 3110/3110/ 3111/3111/
f 3119/3119/ 3118/3118/ 3111/3111/
f 3120/3120/ 3121/3121/ 3122/3122/
f 3123/3123/ 3120/3120/ 3122/3122/
f 3026/3026/ 3124/3124/ 3125/3125/
f 3126/3126/ 3026/3026/ 3125/3125/
f 3127/3127/ 3128/3128/ 3129/3129/
f 3130/3130/ 3127/3127/ 3129/3129/
f 3131/3131/ 3132/3132/ 3128/3128/
f 3127/3127/ 3131/3131/ 3128/3128/
f 3126/3126/ 3125/3125/ 3132/3132/
f 3131/3131/ 3126/3126/ 3132/3132/
f 3130/3130/ 3129/3129/ 3133/3133/
f 3134/3134/ 3130/3130/ 3133/3133/
f 3135/3135/ 2651/2651/ 2882/2882/
f 3136/3136/ 3137/3137/ 3138/3138/
f 3139/3139/ 3136/3136/ 3138/3138/
f 3139/3139/ 3138/3138/ 3140/3140/
f 3141/3141/ 3139/3139/ 3140/3140/
f 3142/3142/ 3143/3143/ 3141/3141/
f 3140/3140/ 3142/3142/ 3141/3141/
f 3144/3144/ 3140/3140/ 3138/3138/
f 3137/3137/ 3144/3144/ 3138/3138/
f 3140/3140/ 3144/3144/ 3145/3145/
f 3142/3142/ 3140/3140/ 3145/3145/
f 3142/3142/ 3146/3146/ 3147/3147/
f 3143/3143/ 3142/3142/ 3147/3147/
f 3146/3146/ 3148/3148/ 3149/3149/
f 3150/3150/ 3146/3146/ 3149/3149/
f 3146/3146/ 3150/3150/ 3151/3151/
f 3147/3147/ 3146/3146/ 3151/3151/
f 3152/3152/ 3153/3153/ 2649/2649/
f 3154/3154/ 3152/3152/ 2649/2649/
f 2649/2649/ 2652/2652/ 3155/3155/
f 3154/3154/ 2649/2649/ 3155/3155/
f 3148/3148/ 3146/3146/ 3142/3142/
f 3145/3145/ 3148/3148/ 3142/3142/
f 3156/3156/ 3157/3157/ 3121/3121/
f 3120/3120/ 3156/3156/ 3121/3121/
f 3158/3158/ 3159/3159/ 3123/3123/
f 3122/3122/ 3158/3158/ 3123/3123/
f 3157/3157/ 3156/3156/ 3160/3160/
f 3161/3161/ 3157/3157/ 3160/3160/
f 3162/3162/ 3163/3163/ 3164/3164/
f 3165/3165/ 3162/3162/ 3164/3164/
f 3161/3161/ 3160/3160/ 3163/3163/
f 3162/3162/ 3161/3161/ 3163/3163/
f 3159/3159/ 3158/3158/ 3149/3149/
f 3148/3148/ 3159/3159/ 3149/3149/
f 3153/3153/ 3166/3166/ 2650/2650/
f 2649/2649/ 3153/3153/ 2650/2650/
f 3167/3167/ 3168/3168/ 3134/3134/
f 3133/3133/ 3167/3167/ 3134/3134/
f 3115/3115/ 3169/3169/ 3170/3170/
f 3171/3171/ 3115/3115/ 3170/3170/
f 3169/3169/ 3118/3118/ 3119/3119/
f 3170/3170/ 3169/3169/ 3119/3119/
f 3172/3172/ 2652/2652/ 2651/2651/
f 3135/3135/ 3172/3172/ 2651/2651/
f 3147/3147/ 3070/3070/ 3069/3069/
f 3143/3143/ 3147/3147/ 3069/3069/
f 3173/3173/ 3136/3136/ 3073/3073/
f 3072/3072/ 3173/3173/ 3073/3073/
f 3143/3143/ 3069/3069/ 3074/3074/
f 3141/3141/ 3143/3143/ 3074/3074/
f 3147/3147/ 3151/3151/ 3075/3075/
f 3070/3070/ 3147/3147/ 3075/3075/
f 3141/3141/ 3074/3074/ 3076/3076/
f 3139/3139/ 3141/3141/ 3076/3076/
f 3152/3152/ 3154/3154/ 3077/3077/
f 3078/3078/ 3152/3152/ 3077/3077/
f 3174/3174/ 3080/3080/ 3079/3079/
f 3175/3175/ 3174/3174/ 3079/3079/
f 3136/3136/ 3139/3139/ 3076/3076/
f 3073/3073/ 3136/3136/ 3076/3076/
f 2650/2650/ 3166/3166/ 3168/3168/
f 3167/3167/ 2650/2650/ 3168/3168/
f 3176/3176/ 3159/3159/ 3148/3148/
f 3145/3145/ 3176/3176/ 3148/3148/
f 3144/3144/ 3177/3177/ 3176/3176/
f 3145/3145/ 3144/3144/ 3176/3176/
f 3177/3177/ 3144/3144/ 3137/3137/
f 3178/3178/ 3177/3177/ 3137/3137/
f 3178/3178/ 3137/3137/ 3136/3136/
f 3173/3173/ 3178/3178/ 3136/3136/
f 3084/3084/ 3179/3179/ 3180/3180/
f 3085/3085/ 3084/3084/ 3180/3180/
f 3179/3179/ 3181/3181/ 3182/3182/
f 3180/3180/ 3179/3179/ 3182/3182/
f 3183/3183/ 3086/3086/ 3087/3087/
f 3184/3184/ 3183/3183/ 3087/3087/
f 3006/3006/ 3005/3005/ 3185/3185/
f 3186/3186/ 3006/3006/ 3185/3185/
f 3187/3187/ 3188/3188/ 3186/3186/
f 3185/3185/ 3187/3187/ 3186/3186/
f 3089/3089/ 3189/3189/ 3124/3124/
f 3088/3088/ 3089/3089/ 3124/3124/
f 3088/3088/ 3124/3124/ 3026/3026/
f 3190/3190/ 3191/3191/ 3090/3090/
f 3091/3091/ 3190/3190/ 3090/3090/
f 3192/3192/ 3193/3193/ 3191/3191/
f 3190/3190/ 3192/3192/ 3191/3191/
f 3191/3191/ 1385/1385/ 1383/1383/
f 3090/3090/ 3191/3191/ 1383/1383/
f 1385/1385/ 3191/3191/ 3193/3193/
f 1399/1399/ 1385/1385/ 3193/3193/
f 3093/3093/ 3194/3194/ 3091/3091/
f 3195/3195/ 3196/3196/ 3113/3113/
f 3112/3112/ 3195/3195/ 3113/3113/
f 3197/3197/ 3195/3195/ 3112/3112/
f 3198/3198/ 3197/3197/ 3112/3112/
f 3197/3197/ 3199/3199/ 3195/3195/
f 3108/3108/ 3198/3198/ 3112/3112/
f 3200/3200/ 3201/3201/ 3202/3202/
f 3197/3197/ 3200/3200/ 3202/3202/
f 3109/3109/ 3198/3198/ 3108/3108/
f 3203/3203/ 3200/3200/ 3197/3197/
f 3198/3198/ 3203/3203/ 3197/3197/
f 3204/3204/ 3205/3205/ 3206/3206/
f 3207/3207/ 3204/3204/ 3206/3206/
f 3208/3208/ 3209/3209/ 3210/3210/
f 3124/3124/ 3208/3208/ 3210/3210/
f 2577/2577/ 2612/2612/ 2578/2578/
f 2783/2783/ 2798/2798/ 2763/2763/
f 2785/2785/ 2783/2783/ 2763/2763/
f 3211/3211/ 3212/3212/ 3213/3213/
f 3214/3214/ 3211/3211/ 3213/3213/
f 3214/3214/ 3215/3215/ 3216/3216/
f 3211/3211/ 3214/3214/ 3216/3216/
f 3209/3209/ 3216/3216/ 3215/3215/
f 3210/3210/ 3209/3209/ 3215/3215/
f 3212/3212/ 3217/3217/ 3218/3218/
f 3213/3213/ 3212/3212/ 3218/3218/
f 3219/3219/ 3220/3220/ 3221/3221/
f 3222/3222/ 3219/3219/ 3221/3221/
f 3223/3223/ 3219/3219/ 3222/3222/
f 3224/3224/ 3223/3223/ 3222/3222/
f 3225/3225/ 3223/3223/ 3224/3224/
f 3226/3226/ 3225/3225/ 3224/3224/
f 3227/3227/ 3220/3220/ 3219/3219/
f 3223/3223/ 3227/3227/ 3219/3219/
f 3223/3223/ 3225/3225/ 3228/3228/
f 3227/3227/ 3223/3223/ 3228/3228/
f 3225/3225/ 3226/3226/ 3229/3229/
f 3230/3230/ 3225/3225/ 3229/3229/
f 3231/3231/ 3232/3232/ 3230/3230/
f 3233/3233/ 3231/3231/ 3230/3230/
f 3230/3230/ 3229/3229/ 3234/3234/
f 3233/3233/ 3230/3230/ 3234/3234/
f 3235/3235/ 3236/3236/ 3172/3172/
f 3237/3237/ 3235/3235/ 3172/3172/
f 3172/3172/ 3236/3236/ 3155/3155/
f 2652/2652/ 3172/3172/ 3155/3155/
f 3232/3232/ 3228/3228/ 3225/3225/
f 3230/3230/ 3232/3232/ 3225/3225/
f 3238/3238/ 3204/3204/ 3207/3207/
f 3239/3239/ 3238/3238/ 3207/3207/
f 3205/3205/ 3240/3240/ 3241/3241/
f 3206/3206/ 3205/3205/ 3241/3241/
f 3239/3239/ 3242/3242/ 3243/3243/
f 3238/3238/ 3239/3239/ 3243/3243/
f 3244/3244/ 3245/3245/ 3246/3246/
f 3247/3247/ 3244/3244/ 3246/3246/
f 3242/3242/ 3244/3244/ 3247/3247/
f 3243/3243/ 3242/3242/ 3247/3247/
f 3231/3231/ 3241/3241/ 3240/3240/
f 3232/3232/ 3231/3231/ 3240/3240/
f 3237/3237/ 3172/3172/ 3135/3135/
f 3248/3248/ 3237/3237/ 3135/3135/
f 3217/3217/ 3249/3249/ 3250/3250/
f 3218/3218/ 3217/3217/ 3250/3250/
f 3226/3226/ 3224/3224/ 3251/3251/
f 3252/3252/ 3226/3226/ 3251/3251/
f 3235/3235/ 3253/3253/ 3254/3254/
f 3236/3236/ 3235/3235/ 3254/3254/
f 3229/3229/ 3226/3226/ 3252/3252/
f 3255/3255/ 3229/3229/ 3252/3252/
f 3256/3256/ 3257/3257/ 3258/3258/
f 3221/3221/ 3256/3256/ 3258/3258/
f 3229/3229/ 3255/3255/ 3259/3259/
f 3234/3234/ 3229/3229/ 3259/3259/
f 3224/3224/ 3222/3222/ 3260/3260/
f 3251/3251/ 3224/3224/ 3260/3260/
f 3101/3101/ 3261/3261/ 3262/3262/
f 3099/3099/ 3101/3101/ 3262/3262/
f 3260/3260/ 3222/3222/ 3221/3221/
f 3258/3258/ 3260/3260/ 3221/3221/
f 3249/3249/ 3248/3248/ 3135/3135/
f 3250/3250/ 3249/3249/ 3135/3135/
f 3232/3232/ 3240/3240/ 3263/3263/
f 3228/3228/ 3232/3232/ 3263/3263/
f 3263/3263/ 3264/3264/ 3227/3227/
f 3228/3228/ 3263/3263/ 3227/3227/
f 3264/3264/ 3265/3265/ 3220/3220/
f 3227/3227/ 3264/3264/ 3220/3220/
f 3265/3265/ 3256/3256/ 3221/3221/
f 3220/3220/ 3265/3265/ 3221/3221/
f 3181/3181/ 3266/3266/ 3267/3267/
f 3182/3182/ 3181/3181/ 3267/3267/
f 3268/3268/ 3183/3183/ 3184/3184/
f 3269/3269/ 3268/3268/ 3184/3184/
f 3270/3270/ 3124/3124/ 3189/3189/
f 3271/3271/ 3270/3270/ 3189/3189/
f 3208/3208/ 3124/3124/ 3270/3270/
f 3272/3272/ 1416/1416/ 1399/1399/
f 3193/3193/ 3272/3272/ 1399/1399/
f 3273/3273/ 3192/3192/ 3274/3274/
f 3275/3275/ 3273/3273/ 3274/3274/
f 3273/3273/ 3272/3272/ 3193/3193/
f 3192/3192/ 3273/3273/ 3193/3193/
f 3192/3192/ 3190/3190/ 3276/3276/
f 3274/3274/ 3192/3192/ 3276/3276/
f 3190/3190/ 3091/3091/ 3194/3194/
f 3276/3276/ 3190/3190/ 3194/3194/
f 3277/3277/ 3278/3278/ 3196/3196/
f 3195/3195/ 3277/3277/ 3196/3196/
f 3279/3279/ 3280/3280/ 3277/3277/
f 3195/3195/ 3279/3279/ 3277/3277/
f 3199/3199/ 3279/3279/ 3195/3195/
f 3281/3281/ 3282/3282/ 3283/3283/
f 3284/3284/ 3281/3281/ 3283/3283/
f 3282/3282/ 3285/3285/ 3286/3286/
f 3283/3283/ 3282/3282/ 3286/3286/
f 3287/3287/ 3288/3288/ 3289/3289/
f 3290/3290/ 3287/3287/ 3289/3289/
f 3288/3288/ 3291/3291/ 3292/3292/
f 3289/3289/ 3288/3288/ 3292/3292/
f 3285/3285/ 3293/3293/ 3294/3294/
f 3286/3286/ 3285/3285/ 3294/3294/
f 3287/3287/ 1764/1764/ 3277/3277/
f 3280/3280/ 3287/3287/ 3277/3277/
f 1764/1764/ 1763/1763/ 3278/3278/
f 3277/3277/ 1764/1764/ 3278/3278/
f 3295/3295/ 3279/3279/ 3202/3202/
f 3201/3201/ 3295/3295/ 3202/3202/
f 3279/3279/ 3295/3295/ 3296/3296/
f 3280/3280/ 3279/3279/ 3296/3296/
f 3293/3293/ 3297/3297/ 3298/3298/
f 3294/3294/ 3293/3293/ 3298/3298/
f 3299/3299/ 3262/3262/ 3261/3261/
f 3300/3300/ 3299/3299/ 3261/3261/
f 3301/3301/ 3302/3302/ 3303/3303/
f 3304/3304/ 3301/3301/ 3303/3303/
f 3208/3208/ 3305/3305/ 3306/3306/
f 3307/3307/ 3208/3208/ 3306/3306/
f 3308/3308/ 3309/3309/ 3310/3310/
f 3311/3311/ 3308/3308/ 3310/3310/
f 3312/3312/ 3313/3313/ 3309/3309/
f 3308/3308/ 3312/3312/ 3309/3309/
f 3307/3307/ 3306/3306/ 3313/3313/
f 3312/3312/ 3307/3307/ 3313/3313/
f 3311/3311/ 3310/3310/ 3314/3314/
f 3315/3315/ 3311/3311/ 3314/3314/
f 3316/3316/ 2465/2465/ 2692/2692/
f 3317/3317/ 3318/3318/ 3319/3319/
f 3320/3320/ 3317/3317/ 3319/3319/
f 3320/3320/ 3319/3319/ 3321/3321/
f 3322/3322/ 3320/3320/ 3321/3321/
f 3323/3323/ 3324/3324/ 3322/3322/
f 3321/3321/ 3323/3323/ 3322/3322/
f 3325/3325/ 3321/3321/ 3319/3319/
f 3318/3318/ 3325/3325/ 3319/3319/
f 3321/3321/ 3325/3325/ 3326/3326/
f 3323/3323/ 3321/3321/ 3326/3326/
f 3323/3323/ 3327/3327/ 3328/3328/
f 3324/3324/ 3323/3323/ 3328/3328/
f 3327/3327/ 3329/3329/ 3330/3330/
f 3331/3331/ 3327/3327/ 3330/3330/
f 3327/3327/ 3331/3331/ 3332/3332/
f 3328/3328/ 3327/3327/ 3332/3332/
f 3333/3333/ 3334/3334/ 2463/2463/
f 3335/3335/ 3333/3333/ 2463/2463/
f 2463/2463/ 2466/2466/ 3336/3336/
f 3335/3335/ 2463/2463/ 3336/3336/
f 3329/3329/ 3327/3327/ 3323/3323/
f 3326/3326/ 3329/3329/ 3323/3323/
f 3337/3337/ 3338/3338/ 3302/3302/
f 3301/3301/ 3337/3337/ 3302/3302/
f 3339/3339/ 3340/3340/ 3304/3304/
f 3303/3303/ 3339/3339/ 3304/3304/
f 3338/3338/ 3337/3337/ 3341/3341/
f 3342/3342/ 3338/3338/ 3341/3341/
f 3343/3343/ 3344/3344/ 3345/3345/
f 3346/3346/ 3343/3343/ 3345/3345/
f 3342/3342/ 3341/3341/ 3344/3344/
f 3343/3343/ 3342/3342/ 3344/3344/
f 3340/3340/ 3339/3339/ 3330/3330/
f 3329/3329/ 3340/3340/ 3330/3330/
f 3334/3334/ 3347/3347/ 2464/2464/
f 2463/2463/ 3334/3334/ 2464/2464/
f 3348/3348/ 3349/3349/ 3315/3315/
f 3314/3314/ 3348/3348/ 3315/3315/
f 3292/3292/ 3291/3291/ 3350/3350/
f 3351/3351/ 3292/3292/ 3350/3350/
f 3297/3297/ 3351/3351/ 3350/3350/
f 3298/3298/ 3297/3297/ 3350/3350/
f 3352/3352/ 2466/2466/ 2465/2465/
f 3316/3316/ 3352/3352/ 2465/2465/
f 3328/3328/ 3255/3255/ 3252/3252/
f 3324/3324/ 3328/3328/ 3252/3252/
f 3353/3353/ 3317/3317/ 3258/3258/
f 3257/3257/ 3353/3353/ 3258/3258/
f 3324/3324/ 3252/3252/ 3251/3251/
f 3322/3322/ 3324/3324/ 3251/3251/
f 3328/3328/ 3332/3332/ 3259/3259/
f 3255/3255/ 3328/3328/ 3259/3259/
f 3322/3322/ 3251/3251/ 3260/3260/
f 3320/3320/ 3322/3322/ 3260/3260/
f 3333/3333/ 3335/3335/ 3254/3254/
f 3253/3253/ 3333/3333/ 3254/3254/
f 3317/3317/ 3320/3320/ 3260/3260/
f 3258/3258/ 3317/3317/ 3260/3260/
f 2464/2464/ 3347/3347/ 3349/3349/
f 3348/3348/ 2464/2464/ 3349/3349/
f 3354/3354/ 3340/3340/ 3329/3329/
f 3326/3326/ 3354/3354/ 3329/3329/
f 3325/3325/ 3355/3355/ 3354/3354/
f 3326/3326/ 3325/3325/ 3354/3354/
f 3355/3355/ 3325/3325/ 3318/3318/
f 3356/3356/ 3355/3355/ 3318/3318/
f 3356/3356/ 3318/3318/ 3317/3317/
f 3353/3353/ 3356/3356/ 3317/3317/
f 3266/3266/ 3357/3357/ 3358/3358/
f 3267/3267/ 3266/3266/ 3358/3358/
f 3359/3359/ 3268/3268/ 3269/3269/
f 3360/3360/ 3359/3359/ 3269/3269/
f 3188/3188/ 3187/3187/ 3361/3361/
f 3362/3362/ 3188/3188/ 3361/3361/
f 3271/3271/ 3363/3363/ 3305/3305/
f 3270/3270/ 3271/3271/ 3305/3305/
f 3270/3270/ 3305/3305/ 3208/3208/
f 3364/3364/ 3365/3365/ 3272/3272/
f 3273/3273/ 3364/3364/ 3272/3272/
f 3365/3365/ 1417/1417/ 1416/1416/
f 3272/3272/ 3365/3365/ 1416/1416/
f 3275/3275/ 3366/3366/ 3364/3364/
f 3273/3273/ 3275/3275/ 3364/3364/
f 3287/3287/ 3367/3367/ 1764/1764/
f 1768/1768/ 1761/1761/ 1764/1764/
f 3367/3367/ 1768/1768/ 1764/1764/
f 1787/1787/ 3367/3367/ 3368/3368/
f 1788/1788/ 1787/1787/ 3368/3368/
f 3290/3290/ 3368/3368/ 3367/3367/
f 3287/3287/ 3290/3290/ 3367/3367/
f 3369/3369/ 3299/3299/ 3300/3300/
f 3370/3370/ 3369/3369/ 3300/3300/
f 3371/3371/ 3372/3372/ 3373/3373/
f 3374/3374/ 3371/3371/ 3373/3373/
f 1795/1795/ 3375/3375/ 3376/3376/
f 3305/3305/ 1795/1795/ 3376/3376/
f 2411/2411/ 1952/1952/ 1951/1951/
f 2413/2413/ 2411/2411/ 1951/1951/
f 2597/2597/ 2612/2612/ 2577/2577/
f 2599/2599/ 2597/2597/ 2577/2577/
f 3377/3377/ 3378/3378/ 3379/3379/
f 3380/3380/ 3377/3377/ 3379/3379/
f 3380/3380/ 3381/3381/ 3382/3382/
f 3377/3377/ 3380/3380/ 3382/3382/
f 3375/3375/ 3382/3382/ 3381/3381/
f 3376/3376/ 3375/3375/ 3381/3381/
f 3378/3378/ 3383/3383/ 3384/3384/
f 3379/3379/ 3378/3378/ 3384/3384/
f 3385/3385/ 3386/3386/ 3387/3387/
f 3388/3388/ 3385/3385/ 3387/3387/
f 3389/3389/ 3385/3385/ 3388/3388/
f 3390/3390/ 3389/3389/ 3388/3388/
f 3391/3391/ 3389/3389/ 3390/3390/
f 3392/3392/ 3391/3391/ 3390/3390/
f 3393/3393/ 3386/3386/ 3385/3385/
f 3389/3389/ 3393/3393/ 3385/3385/
f 3389/3389/ 3391/3391/ 3394/3394/
f 3393/3393/ 3389/3389/ 3394/3394/
f 3391/3391/ 3392/3392/ 3395/3395/
f 3396/3396/ 3391/3391/ 3395/3395/
f 3397/3397/ 3398/3398/ 3396/3396/
f 3399/3399/ 3397/3397/ 3396/3396/
f 3396/3396/ 3395/3395/ 3400/3400/
f 3399/3399/ 3396/3396/ 3400/3400/
f 3401/3401/ 3402/3402/ 3352/3352/
f 3403/3403/ 3401/3401/ 3352/3352/
f 3352/3352/ 3402/3402/ 3336/3336/
f 2466/2466/ 3352/3352/ 3336/3336/
f 3398/3398/ 3394/3394/ 3391/3391/
f 3396/3396/ 3398/3398/ 3391/3391/
f 3404/3404/ 3371/3371/ 3374/3374/
f 3405/3405/ 3404/3404/ 3374/3374/
f 3372/3372/ 3406/3406/ 3407/3407/
f 3373/3373/ 3372/3372/ 3407/3407/
f 3405/3405/ 3408/3408/ 3409/3409/
f 3404/3404/ 3405/3405/ 3409/3409/
f 3410/3410/ 3411/3411/ 3412/3412/
f 3413/3413/ 3410/3410/ 3412/3412/
f 3408/3408/ 3412/3412/ 3411/3411/
f 3409/3409/ 3408/3408/ 3411/3411/
f 3397/3397/ 3407/3407/ 3406/3406/
f 3398/3398/ 3397/3397/ 3406/3406/
f 3403/3403/ 3352/3352/ 3316/3316/
f 3414/3414/ 3403/3403/ 3316/3316/
f 3383/3383/ 3415/3415/ 3416/3416/
f 3384/3384/ 3383/3383/ 3416/3416/
f 3370/3370/ 1848/1848/ 1847/1847/
f 3369/3369/ 3370/3370/ 1847/1847/
f 3395/3395/ 3417/3417/ 3418/3418/
f 3400/3400/ 3395/3395/ 3418/3418/
f 3401/3401/ 3419/3419/ 3420/3420/
f 3402/3402/ 3401/3401/ 3420/3420/
f 1854/1854/ 1853/1853/ 3418/3418/
f 3417/3417/ 1854/1854/ 3418/3418/
f 1855/1855/ 3420/3420/ 3419/3419/
f 1856/1856/ 1855/1855/ 3419/3419/
f 1859/1859/ 3421/3421/ 1857/1857/
f 3421/3421/ 3388/3388/ 3387/3387/
f 1857/1857/ 3421/3421/ 3387/3387/
f 3415/3415/ 3414/3414/ 3316/3316/
f 3416/3416/ 3415/3415/ 3316/3316/
f 3398/3398/ 3406/3406/ 3422/3422/
f 3394/3394/ 3398/3398/ 3422/3422/
f 3422/3422/ 3423/3423/ 3393/3393/
f 3394/3394/ 3422/3422/ 3393/3393/
f 3423/3423/ 3424/3424/ 3386/3386/
f 3393/3393/ 3423/3423/ 3386/3386/
f 3424/3424/ 3425/3425/ 3387/3387/
f 3386/3386/ 3424/3424/ 3387/3387/
f 3357/3357/ 1870/1870/ 1869/1869/
f 3358/3358/ 3357/3357/ 1869/1869/
f 3360/3360/ 1872/1872/ 1875/1875/
f 3359/3359/ 3360/3360/ 1875/1875/
f 3362/3362/ 3361/3361/ 1879/1879/
f 1878/1878/ 3362/3362/ 1879/1879/
f 1882/1882/ 3305/3305/ 3363/3363/
f 1880/1880/ 1882/1882/ 3363/3363/
f 1795/1795/ 3305/3305/ 1882/1882/
f 1886/1886/ 1885/1885/ 1889/1889/
f 3426/3426/ 1886/1886/ 1889/1889/
f 3426/3426/ 1889/1889/ 3427/3427/
f 3428/3428/ 3426/3426/ 3427/3427/
f 1889/1889/ 1175/1175/ 1437/1437/
f 3427/3427/ 1889/1889/ 1437/1437/
f 3429/3429/ 3430/3430/ 3426/3426/
f 3428/3428/ 3429/3429/ 3426/3426/
f 3426/3426/ 3430/3430/ 1893/1893/
f 1886/1886/ 3426/3426/ 1893/1893/
f 1417/1417/ 3365/3365/ 3427/3427/
f 1437/1437/ 1417/1417/ 3427/3427/
f 3428/3428/ 3427/3427/ 3365/3365/
f 3364/3364/ 3428/3428/ 3365/3365/
f 3429/3429/ 3428/3428/ 3431/3431/
f 3428/3428/ 3364/3364/ 3366/3366/
f 3431/3431/ 3428/3428/ 3366/3366/
f 1808/1808/ 1843/1843/ 1809/1809/
f 3432/3432/ 3433/3433/ 3434/3434/
f 3435/3435/ 3432/3432/ 3434/3434/
f 3436/3436/ 3437/3437/ 3438/3438/
f 3439/3439/ 3436/3436/ 3438/3438/
f 3440/3440/ 3441/3441/ 3437/3437/
f 3436/3436/ 3440/3440/ 3437/3437/
f 3442/3442/ 3443/3443/ 3444/3444/
f 3445/3445/ 3442/3442/ 3444/3444/
f 3446/3446/ 3447/3447/ 3448/3448/
f 3449/3449/ 3446/3446/ 3448/3448/
f 3439/3439/ 3438/3438/ 3450/3450/
f 3451/3451/ 3439/3439/ 3450/3450/
f 3433/3433/ 3432/3432/ 3441/3441/
f 3440/3440/ 3433/3433/ 3441/3441/
f 3452/3452/ 3453/3453/ 3443/3443/
f 3442/3442/ 3452/3452/ 3443/3443/
f 3449/3449/ 3448/3448/ 3435/3435/
f 3434/3434/ 3449/3449/ 3435/3435/
f 3445/3445/ 3444/3444/ 3454/3454/
f 3455/3455/ 3445/3445/ 3454/3454/
f 3456/3456/ 3457/3457/ 3447/3447/
f 3446/3446/ 3456/3456/ 3447/3447/
f 3451/3451/ 3450/3450/ 3453/3453/
f 3452/3452/ 3451/3451/ 3453/3453/
f 2213/2213/ 2253/2253/ 2256/2256/
f 2239/2239/ 2253/2253/ 2213/2213/
f 2212/2212/ 2239/2239/ 2213/2213/
f 3458/3458/ 1455/1455/ 1463/1463/
f 1990/1990/ 2008/2008/ 2003/2003/
f 2180/2180/ 2198/2198/ 2194/2194/
f 2359/2359/ 2377/2377/ 2372/2372/
f 3459/3459/ 3203/3203/ 3198/3198/
f 3109/3109/ 3459/3459/ 3198/3198/
f 1766/1766/ 1781/1781/ 1784/1784/
f 3388/3388/ 3421/3421/ 3460/3460/
f 3390/3390/ 3388/3388/ 3460/3460/
f 3395/3395/ 3392/3392/ 3461/3461/
f 3417/3417/ 3395/3395/ 3461/3461/
f 1821/1821/ 1850/1850/ 3462/3462/
f 1817/1817/ 1821/1821/ 3462/3462/
f 1813/1813/ 1815/1815/ 3463/3463/
f 1858/1858/ 1813/1813/ 3463/3463/
f 1815/1815/ 3464/3464/ 3463/3463/
f 1817/1817/ 3462/3462/ 3464/3464/
f 1815/1815/ 1817/1817/ 3464/3464/
f 3392/3392/ 3390/3390/ 3465/3465/
f 3461/3461/ 3392/3392/ 3465/3465/
f 3465/3465/ 3390/3390/ 3460/3460/
f 2008/2008/ 2007/2007/ 2096/2096/
f 2198/2198/ 2197/2197/ 2280/2280/
f 2260/2260/ 2183/2183/ 2182/2182/
f 2377/2377/ 2376/2376/ 2454/2454/
f 2433/2433/ 2361/2361/ 2360/2360/
f 2540/2540/ 2695/2695/ 2698/2698/
f 2541/2541/ 2540/2540/ 2698/2698/
f 2725/2725/ 2724/2724/ 2895/2895/
f 2734/2734/ 2741/2741/ 2832/2832/
f 2615/2615/ 2554/2554/ 2548/2548/
f 2557/2557/ 2615/2615/ 2548/2548/
f 2989/2989/ 2931/2931/ 2926/2926/
f 2934/2934/ 2989/2989/ 2926/2926/
f 2918/2918/ 2917/2917/ 2994/2994/
f 2995/2995/ 2918/2918/ 2994/2994/
f 3109/3109/ 3115/3115/ 3171/3171/
f 3459/3459/ 3109/3109/ 3171/3171/
f 3175/3175/ 3100/3100/ 3099/3099/
f 3174/3174/ 3175/3175/ 3099/3099/
f 1956/1956/ 1904/1904/ 1781/1781/
f 1898/1898/ 1956/1956/ 1781/1781/
f 3291/3291/ 3288/3288/ 3466/3466/
f 3280/3280/ 3296/3296/ 3466/3466/
f 3288/3288/ 3280/3280/ 3466/3466/
f 3287/3287/ 3280/3280/ 3288/3288/
f 2700/2700/ 2699/2699/ 2704/2704/
f 3467/3467/ 2700/2700/ 2704/2704/
f 2700/2700/ 3467/3467/ 2807/2807/
f 2765/2765/ 2700/2700/ 2807/2807/
f 1863/1863/ 1810/1810/ 1857/1857/
f 3468/3468/ 1863/1863/ 1857/1857/
f 3425/3425/ 3468/3468/ 1857/1857/
f 3387/3387/ 3425/3425/ 1857/1857/
f 3469/3469/ 3470/3470/ 3471/3471/
f 3472/3472/ 3469/3469/ 3471/3471/
f 3470/3470/ 3473/3473/ 3474/3474/
f 3471/3471/ 3470/3470/ 3474/3474/
f 3473/3473/ 3475/3475/ 3476/3476/
f 3474/3474/ 3473/3473/ 3476/3476/
f 3475/3475/ 3477/3477/ 3478/3478/
f 3476/3476/ 3475/3475/ 3478/3478/
f 3477/3477/ 3479/3479/ 3480/3480/
f 3478/3478/ 3477/3477/ 3480/3480/
f 3479/3479/ 3481/3481/ 3482/3482/
f 3480/3480/ 3479/3479/ 3482/3482/
f 3481/3481/ 3483/3483/ 3484/3484/
f 3482/3482/ 3481/3481/ 3484/3484/
f 3483/3483/ 3485/3485/ 3486/3486/
f 3484/3484/ 3483/3483/ 3486/3486/
f 3485/3485/ 3487/3487/ 3488/3488/
f 3486/3486/ 3485/3485/ 3488/3488/
f 3487/3487/ 3489/3489/ 3490/3490/
f 3488/3488/ 3487/3487/ 3490/3490/
f 3489/3489/ 3491/3491/ 3492/3492/
f 3490/3490/ 3489/3489/ 3492/3492/
f 3491/3491/ 3493/3493/ 3494/3494/
f 3492/3492/ 3491/3491/ 3494/3494/
f 3493/3493/ 3495/3495/ 3496/3496/
f 3494/3494/ 3493/3493/ 3496/3496/
f 3495/3495/ 3497/3497/ 3498/3498/
f 3496/3496/ 3495/3495/ 3498/3498/
f 3497/3497/ 3499/3499/ 3500/3500/
f 3498/3498/ 3497/3497/ 3500/3500/
f 3499/3499/ 3501/3501/ 3502/3502/
f 3500/3500/ 3499/3499/ 3502/3502/
f 3501/3501/ 3503/3503/ 3504/3504/
f 3502/3502/ 3501/3501/ 3504/3504/
f 3503/3503/ 3469/3469/ 3472/3472/
f 3504/3504/ 3503/3503/ 3472/3472/
f 1982/1982/ 3473/3473/ 3470/3470/
f 1877/1877/ 1982/1982/ 3470/3470/
f 1877/1877/ 3470/3470/ 3469/3469/
f 1878/1878/ 1877/1877/ 3469/3469/
f 2084/2084/ 3477/3477/ 3475/3475/
f 2081/2081/ 2084/2084/ 3475/3475/
f 2081/2081/ 3475/3475/ 3473/3473/
f 1982/1982/ 2081/2081/ 3473/3473/
f 2270/2270/ 3481/3481/ 3479/3479/
f 2167/2167/ 2270/2270/ 3479/3479/
f 2167/2167/ 3479/3479/ 3477/3477/
f 2084/2084/ 2167/2167/ 3477/3477/
f 1878/1878/ 3469/3469/ 3503/3503/
f 3362/3362/ 1878/1878/ 3503/3503/
f 3362/3362/ 3503/3503/ 3501/3501/
f 3188/3188/ 3362/3362/ 3501/3501/
f 3188/3188/ 3501/3501/ 3499/3499/
f 3186/3186/ 3188/3188/ 3499/3499/
f 3186/3186/ 3499/3499/ 3497/3497/
f 3006/3006/ 3186/3186/ 3497/3497/
f 3006/3006/ 3497/3497/ 3495/3495/
f 3004/3004/ 3006/3006/ 3495/3495/
f 3004/3004/ 3495/3495/ 3493/3493/
f 2815/2815/ 3004/3004/ 3493/3493/
f 2815/2815/ 3493/3493/ 3491/3491/
f 2813/2813/ 2815/2815/ 3491/3491/
f 2813/2813/ 3491/3491/ 3489/3489/
f 2630/2630/ 2813/2813/ 3489/3489/
f 2630/2630/ 3489/3489/ 3487/3487/
f 2628/2628/ 2630/2630/ 3487/3487/
f 2628/2628/ 3487/3487/ 3485/3485/
f 2442/2442/ 2628/2628/ 3485/3485/
f 2442/2442/ 3485/3485/ 3483/3483/
f 2440/2440/ 2442/2442/ 3483/3483/
f 2440/2440/ 3483/3483/ 3481/3481/
f 2270/2270/ 2440/2440/ 3481/3481/
f 1985/1985/ 1883/1883/ 1890/1890/
f 1891/1891/ 1883/1883/ 1892/1892/
f 1867/1867/ 1866/1866/ 1977/1977/
f 1866/1866/ 1976/1976/ 1978/1978/
f 1977/1977/ 1866/1866/ 1978/1978/
f 1976/1976/ 2076/2076/ 2077/2077/
f 1978/1978/ 1976/1976/ 2077/2077/
f 2161/2161/ 2078/2078/ 2077/2077/
f 2076/2076/ 2161/2161/ 2077/2077/
f 2161/2161/ 2163/2163/ 2078/2078/
f 2163/2163/ 2266/2266/ 2164/2164/
f 2078/2078/ 2163/2163/ 2164/2164/
f 2266/2266/ 2345/2345/ 2268/2268/
f 2164/2164/ 2266/2266/ 2268/2268/
f 2438/2438/ 2346/2346/ 2268/2268/
f 2345/2345/ 2438/2438/ 2268/2268/
f 2523/2523/ 2527/2527/ 2346/2346/
f 2438/2438/ 2523/2523/ 2346/2346/
f 2523/2523/ 2525/2525/ 2527/2527/
f 2525/2525/ 2624/2624/ 2626/2626/
f 2527/2527/ 2525/2525/ 2626/2626/
f 2624/2624/ 2706/2706/ 2708/2708/
f 2626/2626/ 2624/2624/ 2708/2708/
f 2809/2809/ 2811/2811/ 2708/2708/
f 2706/2706/ 2809/2809/ 2708/2708/
f 2809/2809/ 2902/2902/ 2811/2811/
f 2902/2902/ 2904/2904/ 2906/2906/
f 2811/2811/ 2902/2902/ 2906/2906/
f 2904/2904/ 3000/3000/ 3002/3002/
f 2906/2906/ 2904/2904/ 3002/3002/
f 3000/3000/ 3085/3085/ 3087/3087/
f 3002/3002/ 3000/3000/ 3087/3087/
f 3180/3180/ 3184/3184/ 3087/3087/
f 3085/3085/ 3180/3180/ 3087/3087/
f 3182/3182/ 3269/3269/ 3184/3184/
f 3180/3180/ 3182/3182/ 3184/3184/
f 3182/3182/ 3267/3267/ 3269/3269/
f 3267/3267/ 3358/3358/ 3360/3360/
f 3269/3269/ 3267/3267/ 3360/3360/
f 1868/1868/ 1873/1873/ 1872/1872/
f 1869/1869/ 1868/1868/ 1872/1872/
f 1869/1869/ 1872/1872/ 3360/3360/
f 3358/3358/ 1869/1869/ 3360/3360/
f 1993/1993/ 1992/1992/ 2261/2261/
f 3505/3505/ 3506/3506/ 3507/3507/
f 3508/3508/ 3505/3505/ 3507/3507/
f 3509/3509/ 3510/3510/ 3511/3511/
f 3512/3512/ 3509/3509/ 3511/3511/
f 3506/3506/ 3509/3509/ 3512/3512/
f 3507/3507/ 3506/3506/ 3512/3512/
f 3513/3513/ 3514/3514/ 3515/3515/
f 3516/3516/ 3513/3513/ 3515/3515/
f 3510/3510/ 3517/3517/ 3518/3518/
f 3511/3511/ 3510/3510/ 3518/3518/
f 3519/3519/ 3520/3520/ 3521/3521/
f 3522/3522/ 3519/3519/ 3521/3521/
f 3523/3523/ 3513/3513/ 3516/3516/
f 3524/3524/ 3523/3523/ 3516/3516/
f 3525/3525/ 3526/3526/ 3527/3527/
f 3528/3528/ 3525/3525/ 3527/3527/
f 3529/3529/ 3530/3530/ 3531/3531/
f 3532/3532/ 3529/3529/ 3531/3531/
f 3530/3530/ 3533/3533/ 3534/3534/
f 3531/3531/ 3530/3530/ 3534/3534/
f 3535/3535/ 3536/3536/ 3537/3537/
f 3538/3538/ 3535/3535/ 3537/3537/
f 3536/3536/ 3505/3505/ 3508/3508/
f 3537/3537/ 3536/3536/ 3508/3508/
f 3520/3520/ 3539/3539/ 3540/3540/
f 3521/3521/ 3520/3520/ 3540/3540/
f 3526/3526/ 3541/3541/ 3542/3542/
f 3527/3527/ 3526/3526/ 3542/3542/
f 3533/3533/ 3543/3543/ 3544/3544/
f 3534/3534/ 3533/3533/ 3544/3544/
f 3545/3545/ 3546/3546/ 3547/3547/
f 3548/3548/ 3545/3545/ 3547/3547/
f 3549/3549/ 3525/3525/ 3528/3528/
f 3550/3550/ 3549/3549/ 3528/3528/
f 3541/3541/ 3551/3551/ 3552/3552/
f 3542/3542/ 3541/3541/ 3552/3552/
f 3514/3514/ 3529/3529/ 3532/3532/
f 3515/3515/ 3514/3514/ 3532/3532/
f 3551/3551/ 3523/3523/ 3524/3524/
f 3552/3552/ 3551/3551/ 3524/3524/
f 3539/3539/ 3535/3535/ 3538/3538/
f 3540/3540/ 3539/3539/ 3538/3538/
f 3553/3553/ 3545/3545/ 3548/3548/
f 3554/3554/ 3553/3553/ 3548/3548/
f 3546/3546/ 3519/3519/ 3522/3522/
f 3547/3547/ 3546/3546/ 3522/3522/
f 3543/3543/ 3553/3553/ 3554/3554/
f 3544/3544/ 3543/3543/ 3554/3554/
f 3555/3555/ 3556/3556/ 3557/3557/
f 3558/3558/ 3555/3555/ 3557/3557/
f 3559/3559/ 3560/3560/ 3561/3561/
f 3562/3562/ 3559/3559/ 3561/3561/
f 3556/3556/ 3563/3563/ 3564/3564/
f 3557/3557/ 3556/3556/ 3564/3564/
f 3565/3565/ 3566/3566/ 3567/3567/
f 3568/3568/ 3565/3565/ 3567/3567/
f 3569/3569/ 3570/3570/ 3571/3571/
f 3572/3572/ 3569/3569/ 3571/3571/
f 3573/3573/ 3574/3574/ 3575/3575/
f 3576/3576/ 3573/3573/ 3575/3575/
f 3577/3577/ 3569/3569/ 3572/3572/
f 3578/3578/ 3577/3577/ 3572/3572/
f 3579/3579/ 3580/3580/ 3581/3581/
f 3582/3582/ 3579/3579/ 3581/3581/
f 3563/3563/ 3559/3559/ 3562/3562/
f 3564/3564/ 3563/3563/ 3562/3562/
f 3583/3583/ 3555/3555/ 3558/3558/
f 3584/3584/ 3583/3583/ 3558/3558/
f 3585/3585/ 3577/3577/ 3578/3578/
f 3586/3586/ 3585/3585/ 3578/3578/
f 3587/3587/ 3565/3565/ 3568/3568/
f 3588/3588/ 3587/3587/ 3568/3568/
f 3589/3589/ 3590/3590/ 3591/3591/
f 3592/3592/ 3589/3589/ 3591/3591/
f 3566/3566/ 3589/3589/ 3592/3592/
f 3567/3567/ 3566/3566/ 3592/3592/
f 3593/3593/ 3583/3583/ 3584/3584/
f 3594/3594/ 3593/3593/ 3584/3584/
f 3574/3574/ 3593/3593/ 3594/3594/
f 3575/3575/ 3574/3574/ 3594/3594/
f 3580/3580/ 3585/3585/ 3586/3586/
f 3581/3581/ 3580/3580/ 3586/3586/
f 3570/3570/ 3595/3595/ 3596/3596/
f 3571/3571/ 3570/3570/ 3596/3596/
f 3560/3560/ 3587/3587/ 3588/3588/
f 3561/3561/ 3560/3560/ 3588/3588/
f 3597/3597/ 3579/3579/ 3582/3582/
f 3598/3598/ 3597/3597/ 3582/3582/
f 3595/3595/ 3573/3573/ 3576/3576/
f 3596/3596/ 3595/3595/ 3576/3576/
f 3599/3599/ 3600/3600/ 3601/3601/
f 3602/3602/ 3599/3599/ 3601/3601/
f 3600/3600/ 3597/3597/ 3598/3598/
f 3601/3601/ 3600/3600/ 3598/3598/
f 3590/3590/ 3599/3599/ 3602/3602/
f 3591/3591/ 3590/3590/ 3602/3602/
f 3603/3603/ 3604/3604/ 3605/3605/
f 3606/3606/ 3603/3603/ 3605/3605/
f 3607/3607/ 3608/3608/ 3609/3609/
f 3610/3610/ 3607/3607/ 3609/3609/
f 3604/3604/ 3607/3607/ 3610/3610/
f 3605/3605/ 3604/3604/ 3610/3610/
f 3611/3611/ 3612/3612/ 3613/3613/
f 3614/3614/ 3611/3611/ 3613/3613/
f 3608/3608/ 3615/3615/ 3616/3616/
f 3609/3609/ 3608/3608/ 3616/3616/
f 3617/3617/ 3618/3618/ 3619/3619/
f 3620/3620/ 3617/3617/ 3619/3619/
f 3621/3621/ 3611/3611/ 3614/3614/
f 3622/3622/ 3621/3621/ 3614/3614/
f 3623/3623/ 3624/3624/ 3625/3625/
f 3626/3626/ 3623/3623/ 3625/3625/
f 3627/3627/ 3628/3628/ 3629/3629/
f 3630/3630/ 3627/3627/ 3629/3629/
f 3628/3628/ 3631/3631/ 3632/3632/
f 3629/3629/ 3628/3628/ 3632/3632/
f 3633/3633/ 3634/3634/ 3635/3635/
f 3636/3636/ 3633/3633/ 3635/3635/
f 3634/3634/ 3603/3603/ 3606/3606/
f 3635/3635/ 3634/3634/ 3606/3606/
f 3618/3618/ 3637/3637/ 3638/3638/
f 3619/3619/ 3618/3618/ 3638/3638/
f 3624/3624/ 3639/3639/ 3640/3640/
f 3625/3625/ 3624/3624/ 3640/3640/
f 3631/3631/ 3641/3641/ 3642/3642/
f 3632/3632/ 3631/3631/ 3642/3642/
f 3643/3643/ 3644/3644/ 3645/3645/
f 3646/3646/ 3643/3643/ 3645/3645/
f 3647/3647/ 3623/3623/ 3626/3626/
f 3648/3648/ 3647/3647/ 3626/3626/
f 3639/3639/ 3649/3649/ 3650/3650/
f 3640/3640/ 3639/3639/ 3650/3650/
f 3612/3612/ 3627/3627/ 3630/3630/
f 3613/3613/ 3612/3612/ 3630/3630/
f 3649/3649/ 3621/3621/ 3622/3622/
f 3650/3650/ 3649/3649/ 3622/3622/
f 3637/3637/ 3633/3633/ 3636/3636/
f 3638/3638/ 3637/3637/ 3636/3636/
f 3651/3651/ 3643/3643/ 3646/3646/
f 3652/3652/ 3651/3651/ 3646/3646/
f 3644/3644/ 3617/3617/ 3620/3620/
f 3645/3645/ 3644/3644/ 3620/3620/
f 3641/3641/ 3651/3651/ 3652/3652/
f 3642/3642/ 3641/3641/ 3652/3652/
f 3653/3653/ 3654/3654/ 3655/3655/
f 3656/3656/ 3653/3653/ 3655/3655/
f 3657/3657/ 3653/3653/ 3656/3656/
f 3658/3658/ 3657/3657/ 3656/3656/
f 3659/3659/ 3660/3660/ 3661/3661/
f 3662/3662/ 3659/3659/ 3661/3661/
f 3663/3663/ 3659/3659/ 3662/3662/
f 3664/3664/ 3663/3663/ 3662/3662/
f 3665/3665/ 3666/3666/ 3667/3667/
f 3668/3668/ 3665/3665/ 3667/3667/
f 3669/3669/ 3670/3670/ 3671/3671/
f 3672/3672/ 3669/3669/ 3671/3671/
f 3673/3673/ 3674/3674/ 3675/3675/
f 3676/3676/ 3673/3673/ 3675/3675/
f 3677/3677/ 3678/3678/ 3679/3679/
f 3680/3680/ 3677/3677/ 3679/3679/
f 3670/3670/ 3681/3681/ 3682/3682/
f 3671/3671/ 3670/3670/ 3682/3682/
f 3683/3683/ 3684/3684/ 3685/3685/
f 3686/3686/ 3683/3683/ 3685/3685/
f 3684/3684/ 3677/3677/ 3680/3680/
f 3685/3685/ 3684/3684/ 3680/3680/
f 3654/3654/ 3683/3683/ 3686/3686/
f 3655/3655/ 3654/3654/ 3686/3686/
f 3687/3687/ 3688/3688/ 3689/3689/
f 3690/3690/ 3687/3687/ 3689/3689/
f 3691/3691/ 3673/3673/ 3676/3676/
f 3692/3692/ 3691/3691/ 3676/3676/
f 3688/3688/ 3693/3693/ 3694/3694/
f 3689/3689/ 3688/3688/ 3694/3694/
f 3695/3695/ 3657/3657/ 3658/3658/
f 3696/3696/ 3695/3695/ 3658/3658/
f 3697/3697/ 3669/3669/ 3672/3672/
f 3698/3698/ 3697/3697/ 3672/3672/
f 3681/3681/ 3663/3663/ 3664/3664/
f 3682/3682/ 3681/3681/ 3664/3664/
f 3699/3699/ 3697/3697/ 3698/3698/
f 3700/3700/ 3699/3699/ 3698/3698/
f 3678/3678/ 3665/3665/ 3668/3668/
f 3679/3679/ 3678/3678/ 3668/3668/
f 3693/3693/ 3691/3691/ 3692/3692/
f 3694/3694/ 3693/3693/ 3692/3692/
f 3660/3660/ 3687/3687/ 3690/3690/
f 3661/3661/ 3660/3660/ 3690/3690/
f 3666/3666/ 3699/3699/ 3700/3700/
f 3667/3667/ 3666/3666/ 3700/3700/
f 3674/3674/ 3695/3695/ 3696/3696/
f 3675/3675/ 3674/3674/ 3696/3696/
f 3701/3701/ 3702/3702/ 3703/3703/
f 3704/3704/ 3701/3701/ 3703/3703/
f 3705/3705/ 3706/3706/ 3707/3707/
f 3708/3708/ 3705/3705/ 3707/3707/
f 3709/3709/ 3710/3710/ 3711/3711/
f 3712/3712/ 3709/3709/ 3711/3711/
f 3713/3713/ 3709/3709/ 3712/3712/
f 3714/3714/ 3713/3713/ 3712/3712/
f 3664/3664/ 3662/3662/ 3715/3715/
f 3716/3716/ 3664/3664/ 3715/3715/
f 3668/3668/ 3667/3667/ 3717/3717/
f 3718/3718/ 3668/3668/ 3717/3717/
f 3672/3672/ 3671/3671/ 3719/3719/
f 3720/3720/ 3672/3672/ 3719/3719/
f 3676/3676/ 3675/3675/ 3721/3721/
f 3722/3722/ 3676/3676/ 3721/3721/
f 3680/3680/ 3679/3679/ 3723/3723/
f 3724/3724/ 3680/3680/ 3723/3723/
f 3671/3671/ 3682/3682/ 3725/3725/
f 3719/3719/ 3671/3671/ 3725/3725/
f 3686/3686/ 3685/3685/ 3726/3726/
f 3727/3727/ 3686/3686/ 3726/3726/
f 3685/3685/ 3680/3680/ 3724/3724/
f 3726/3726/ 3685/3685/ 3724/3724/
f 3655/3655/ 3686/3686/ 3727/3727/
f 3728/3728/ 3655/3655/ 3727/3727/
f 3690/3690/ 3689/3689/ 3729/3729/
f 3730/3730/ 3690/3690/ 3729/3729/
f 3692/3692/ 3676/3676/ 3722/3722/
f 3731/3731/ 3692/3692/ 3722/3722/
f 3689/3689/ 3694/3694/ 3732/3732/
f 3729/3729/ 3689/3689/ 3732/3732/
f 3696/3696/ 3658/3658/ 3733/3733/
f 3734/3734/ 3696/3696/ 3733/3733/
f 3698/3698/ 3672/3672/ 3720/3720/
f 3735/3735/ 3698/3698/ 3720/3720/
f 3682/3682/ 3664/3664/ 3716/3716/
f 3725/3725/ 3682/3682/ 3716/3716/
f 3700/3700/ 3698/3698/ 3735/3735/
f 3736/3736/ 3700/3700/ 3735/3735/
f 3679/3679/ 3668/3668/ 3718/3718/
f 3723/3723/ 3679/3679/ 3718/3718/
f 3694/3694/ 3692/3692/ 3731/3731/
f 3732/3732/ 3694/3694/ 3731/3731/
f 3661/3661/ 3690/3690/ 3730/3730/
f 3737/3737/ 3661/3661/ 3730/3730/
f 3667/3667/ 3700/3700/ 3736/3736/
f 3717/3717/ 3667/3667/ 3736/3736/
f 3675/3675/ 3696/3696/ 3734/3734/
f 3721/3721/ 3675/3675/ 3734/3734/
f 3656/3656/ 3655/3655/ 3728/3728/
f 3738/3738/ 3656/3656/ 3728/3728/
f 3658/3658/ 3656/3656/ 3738/3738/
f 3733/3733/ 3658/3658/ 3738/3738/
f 3662/3662/ 3661/3661/ 3737/3737/
f 3715/3715/ 3662/3662/ 3737/3737/
f 3739/3739/ 3740/3740/ 3703/3703/
f 3702/3702/ 3739/3739/ 3703/3703/
f 3741/3741/ 3742/3742/ 3743/3743/
f 3744/3744/ 3741/3741/ 3743/3743/
f 3706/3706/ 3741/3741/ 3744/3744/
f 3707/3707/ 3706/3706/ 3744/3744/
f 3745/3745/ 3701/3701/ 3704/3704/
f 3746/3746/ 3745/3745/ 3704/3704/
f 3747/3747/ 3748/3748/ 3749/3749/
f 3750/3750/ 3747/3747/ 3749/3749/
f 3710/3710/ 3705/3705/ 3708/3708/
f 3711/3711/ 3710/3710/ 3708/3708/
f 3751/3751/ 3752/3752/ 3753/3753/
f 3754/3754/ 3751/3751/ 3753/3753/
f 3739/3739/ 3713/3713/ 3714/3714/
f 3740/3740/ 3739/3739/ 3714/3714/
f 3755/3755/ 3745/3745/ 3746/3746/
f 3756/3756/ 3755/3755/ 3746/3746/
f 3742/3742/ 3757/3757/ 3758/3758/
f 3743/3743/ 3742/3742/ 3758/3758/
f 3759/3759/ 3760/3760/ 3761/3761/
f 3762/3762/ 3759/3759/ 3761/3761/
f 3757/3757/ 3763/3763/ 3764/3764/
f 3758/3758/ 3757/3757/ 3764/3764/
f 3752/3752/ 3759/3759/ 3762/3762/
f 3753/3753/ 3752/3752/ 3762/3762/
f 3763/3763/ 3765/3765/ 3766/3766/
f 3764/3764/ 3763/3763/ 3766/3766/
f 3767/3767/ 3751/3751/ 3754/3754/
f 3768/3768/ 3767/3767/ 3754/3754/
f 3769/3769/ 3767/3767/ 3768/3768/
f 3770/3770/ 3769/3769/ 3768/3768/
f 3771/3771/ 3769/3769/ 3770/3770/
f 3772/3772/ 3771/3771/ 3770/3770/
f 3773/3773/ 3771/3771/ 3772/3772/
f 3774/3774/ 3773/3773/ 3772/3772/
f 3748/3748/ 3773/3773/ 3774/3774/
f 3749/3749/ 3748/3748/ 3774/3774/
f 3765/3765/ 3747/3747/ 3750/3750/
f 3766/3766/ 3765/3765/ 3750/3750/
f 3775/3775/ 1650/1650/ 3776/3776/
f 3777/3777/ 3778/3778/ 3779/3779/
f 3780/3780/ 3781/3781/ 3782/3782/
f 3783/3783/ 3780/3780/ 3782/3782/
f 3784/3784/ 3785/3785/ 3786/3786/
f 3787/3787/ 3784/3784/ 3786/3786/
f 3788/3788/ 3789/3789/ 3790/3790/
f 3791/3791/ 3788/3788/ 3790/3790/
f 3792/3792/ 3793/3793/ 3794/3794/
f 3795/3795/ 3792/3792/ 3794/3794/
f 3796/3796/ 3797/3797/ 3798/3798/
f 3799/3799/ 3796/3796/ 3798/3798/
f 3800/3800/ 3801/3801/ 3802/3802/
f 3803/3803/ 3800/3800/ 3802/3802/
f 3804/3804/ 3805/3805/ 3806/3806/
f 3807/3807/ 3808/3808/ 3809/3809/
f 3810/3810/ 3807/3807/ 3809/3809/
f 3811/3811/ 3812/3812/ 3813/3813/
f 3814/3814/ 3811/3811/ 3813/3813/
f 3815/3815/ 3816/3816/ 3817/3817/
f 3818/3818/ 3815/3815/ 3817/3817/
f 3806/3806/ 3805/3805/ 3819/3819/
f 3820/3820/ 3806/3806/ 3819/3819/
f 3793/3793/ 3821/3821/ 3822/3822/
f 3794/3794/ 3793/3793/ 3822/3822/
f 3823/3823/ 3824/3824/ 3825/3825/
f 3826/3826/ 3823/3823/ 3825/3825/
f 3827/3827/ 3828/3828/ 3829/3829/
f 3830/3830/ 3827/3827/ 3829/3829/
f 3789/3789/ 3831/3831/ 3832/3832/
f 3790/3790/ 3789/3789/ 3832/3832/
f 3833/3833/ 3834/3834/ 3809/3809/
f 3808/3808/ 3833/3833/ 3809/3809/
f 3835/3835/ 3811/3811/ 3814/3814/
f 3836/3836/ 3835/3835/ 3814/3814/
f 3801/3801/ 3837/3837/ 3838/3838/
f 3802/3802/ 3801/3801/ 3838/3838/
f 3839/3839/ 3834/3834/ 3840/3840/
f 3841/3841/ 3839/3839/ 3840/3840/
f 3842/3842/ 3810/3810/ 3843/3843/
f 3844/3844/ 3842/3842/ 3843/3843/
f 3785/3785/ 3845/3845/ 3846/3846/
f 3786/3786/ 3785/3785/ 3846/3846/
f 3797/3797/ 3847/3847/ 3848/3848/
f 3798/3798/ 3797/3797/ 3848/3848/
f 3849/3849/ 3844/3844/ 3843/3843/
f 3824/3824/ 3849/3849/ 3843/3843/
f 3850/3850/ 3851/3851/ 3852/3852/
f 3804/3804/ 3853/3853/ 3805/3805/
f 3854/3854/ 3824/3824/ 3823/3823/
f 3855/3855/ 3807/3807/ 3810/3810/
f 3842/3842/ 3855/3855/ 3810/3810/
f 3856/3856/ 3834/3834/ 3833/3833/
f 3815/3815/ 3857/3857/ 3816/3816/
f 3851/3851/ 3858/3858/ 3852/3852/
f 3856/3856/ 3840/3840/ 3834/3834/
f 3857/3857/ 3859/3859/ 3816/3816/
f 3854/3854/ 3849/3849/ 3824/3824/
f 3858/3858/ 3820/3820/ 3819/3819/
f 3852/3852/ 3858/3858/ 3819/3819/
f 3860/3860/ 3861/3861/ 3862/3862/
f 3863/3863/ 3860/3860/ 3862/3862/
f 3864/3864/ 3865/3865/ 3862/3862/
f 3861/3861/ 3864/3864/ 3862/3862/
f 3866/3866/ 3830/3830/ 3829/3829/
f 3867/3867/ 3866/3866/ 3829/3829/
f 3868/3868/ 3869/3869/ 3870/3870/
f 3871/3871/ 3868/3868/ 3870/3870/
f 3827/3827/ 3872/3872/ 3873/3873/
f 3828/3828/ 3827/3827/ 3873/3873/
f 3860/3860/ 3863/3863/ 3870/3870/
f 3869/3869/ 3860/3860/ 3870/3870/
f 3780/3780/ 3874/3874/ 3875/3875/
f 3781/3781/ 3780/3780/ 3875/3875/
f 3850/3850/ 3852/3852/ 3839/3839/
f 3841/3841/ 3850/3850/ 3839/3839/
f 3866/3866/ 3867/3867/ 3875/3875/
f 3874/3874/ 3866/3866/ 3875/3875/
f 3868/3868/ 3871/3871/ 3873/3873/
f 3872/3872/ 3868/3868/ 3873/3873/
f 3864/3864/ 3783/3783/ 3782/3782/
f 3865/3865/ 3864/3864/ 3782/3782/
f 3876/3876/ 3877/3877/ 3878/3878/
f 3879/3879/ 3876/3876/ 3878/3878/
f 3880/3880/ 3881/3881/ 3882/3882/
f 3883/3883/ 3880/3880/ 3882/3882/
f 3884/3884/ 3885/3885/ 3886/3886/
f 3887/3887/ 3884/3884/ 3886/3886/
f 3877/3877/ 3888/3888/ 3889/3889/
f 3878/3878/ 3877/3877/ 3889/3889/
f 3890/3890/ 3891/3891/ 3892/3892/
f 3893/3893/ 3890/3890/ 3892/3892/
f 3894/3894/ 3895/3895/ 3896/3896/
f 3897/3897/ 3894/3894/ 3896/3896/
f 3898/3898/ 3899/3899/ 3900/3900/
f 3901/3901/ 3898/3898/ 3900/3900/
f 3902/3902/ 3898/3898/ 3901/3901/
f 3903/3903/ 3902/3902/ 3901/3901/
f 3899/3899/ 3904/3904/ 3905/3905/
f 3900/3900/ 3899/3899/ 3905/3905/
f 3881/3881/ 3906/3906/ 3907/3907/
f 3882/3882/ 3881/3881/ 3907/3907/
f 3888/3888/ 3908/3908/ 3909/3909/
f 3889/3889/ 3888/3888/ 3909/3909/
f 3910/3910/ 3911/3911/ 3912/3912/
f 3913/3913/ 3910/3910/ 3912/3912/
f 3885/3885/ 3914/3914/ 3915/3915/
f 3886/3886/ 3885/3885/ 3915/3915/
f 3916/3916/ 3890/3890/ 3893/3893/
f 3917/3917/ 3916/3916/ 3893/3893/
f 3918/3918/ 3902/3902/ 3903/3903/
f 3919/3919/ 3918/3918/ 3903/3903/
f 3904/3904/ 3916/3916/ 3917/3917/
f 3905/3905/ 3904/3904/ 3917/3917/
f 3911/3911/ 3920/3920/ 3921/3921/
f 3912/3912/ 3911/3911/ 3921/3921/
f 3895/3895/ 3884/3884/ 3887/3887/
f 3896/3896/ 3895/3895/ 3887/3887/
f 3891/3891/ 3894/3894/ 3897/3897/
f 3892/3892/ 3891/3891/ 3897/3897/
f 3920/3920/ 3880/3880/ 3883/3883/
f 3921/3921/ 3920/3920/ 3883/3883/
f 3922/3922/ 3876/3876/ 3879/3879/
f 3923/3923/ 3922/3922/ 3879/3879/
f 3906/3906/ 3918/3918/ 3919/3919/
f 3907/3907/ 3906/3906/ 3919/3919/
f 3908/3908/ 3910/3910/ 3913/3913/
f 3909/3909/ 3908/3908/ 3913/3913/
f 3914/3914/ 3922/3922/ 3923/3923/
f 3915/3915/ 3914/3914/ 3923/3923/
f 3924/3924/ 3925/3925/ 3926/3926/
f 3927/3927/ 3924/3924/ 3926/3926/
f 3928/3928/ 3929/3929/ 3930/3930/
f 3931/3931/ 3928/3928/ 3930/3930/
f 3932/3932/ 3933/3933/ 3934/3934/
f 3935/3935/ 3932/3932/ 3934/3934/
f 3936/3936/ 3937/3937/ 3938/3938/
f 3939/3939/ 3936/3936/ 3938/3938/
f 3940/3940/ 3941/3941/ 3942/3942/
f 3943/3943/ 3940/3940/ 3942/3942/
f 3944/3944/ 3945/3945/ 3946/3946/
f 3947/3947/ 3944/3944/ 3946/3946/
f 3948/3948/ 3936/3936/ 3939/3939/
f 3949/3949/ 3948/3948/ 3939/3939/
f 3941/3941/ 3950/3950/ 3951/3951/
f 3942/3942/ 3941/3941/ 3951/3951/
f 3952/3952/ 3924/3924/ 3927/3927/
f 3953/3953/ 3952/3952/ 3927/3927/
f 3954/3954/ 3932/3932/ 3935/3935/
f 3955/3955/ 3954/3954/ 3935/3935/
f 3945/3945/ 3956/3956/ 3957/3957/
f 3946/3946/ 3945/3945/ 3957/3957/
f 3925/3925/ 3958/3958/ 3959/3959/
f 3926/3926/ 3925/3925/ 3959/3959/
f 3960/3960/ 3961/3961/ 3962/3962/
f 3963/3963/ 3960/3960/ 3962/3962/
f 3964/3964/ 3948/3948/ 3949/3949/
f 3965/3965/ 3964/3964/ 3949/3949/
f 3961/3961/ 3966/3966/ 3967/3967/
f 3962/3962/ 3961/3961/ 3967/3967/
f 3937/3937/ 3952/3952/ 3953/3953/
f 3938/3938/ 3937/3937/ 3953/3953/
f 3956/3956/ 3928/3928/ 3931/3931/
f 3957/3957/ 3956/3956/ 3931/3931/
f 3950/3950/ 3944/3944/ 3947/3947/
f 3951/3951/ 3950/3950/ 3947/3947/
f 3966/3966/ 3940/3940/ 3943/3943/
f 3967/3967/ 3966/3966/ 3943/3943/
f 3968/3968/ 3964/3964/ 3965/3965/
f 3969/3969/ 3968/3968/ 3965/3965/
f 3929/3929/ 3970/3970/ 3971/3971/
f 3930/3930/ 3929/3929/ 3971/3971/
f 3972/3972/ 3960/3960/ 3963/3963/
f 3973/3973/ 3972/3972/ 3963/3963/
f 3933/3933/ 3974/3974/ 3975/3975/
f 3934/3934/ 3933/3933/ 3975/3975/
f 3970/3970/ 3976/3976/ 3977/3977/
f 3971/3971/ 3970/3970/ 3977/3977/
f 3830/3830/ 3866/3866/ 3978/3978/
f 3979/3979/ 3830/3830/ 3978/3978/
f 3830/3830/ 3980/3980/ 3981/3981/
f 3827/3827/ 3830/3830/ 3981/3981/
f 3874/3874/ 3780/3780/ 3982/3982/
f 3983/3983/ 3874/3874/ 3982/3982/
f 3874/3874/ 3984/3984/ 3978/3978/
f 3866/3866/ 3874/3874/ 3978/3978/
f 3783/3783/ 3864/3864/ 3985/3985/
f 3986/3986/ 3783/3783/ 3985/3985/
f 3783/3783/ 3987/3987/ 3982/3982/
f 3780/3780/ 3783/3783/ 3982/3982/
f 3861/3861/ 3860/3860/ 3988/3988/
f 3989/3989/ 3861/3861/ 3988/3988/
f 3861/3861/ 3990/3990/ 3985/3985/
f 3864/3864/ 3861/3861/ 3985/3985/
f 3869/3869/ 3868/3868/ 3991/3991/
f 3992/3992/ 3869/3869/ 3991/3991/
f 3869/3869/ 3993/3993/ 3988/3988/
f 3860/3860/ 3869/3869/ 3988/3988/
f 3981/3981/ 3994/3994/ 3872/3872/
f 3827/3827/ 3981/3981/ 3872/3872/
f 3872/3872/ 3995/3995/ 3991/3991/
f 3868/3868/ 3872/3872/ 3991/3991/
f 3859/3859/ 3826/3826/ 3825/3825/
f 3816/3816/ 3859/3859/ 3825/3825/
f 3852/3852/ 3819/3819/ 3867/3867/
f 3829/3829/ 3852/3852/ 3867/3867/
f 3852/3852/ 3829/3829/ 3828/3828/
f 3839/3839/ 3852/3852/ 3828/3828/
f 3853/3853/ 3818/3818/ 3817/3817/
f 3805/3805/ 3853/3853/ 3817/3817/
f 3805/3805/ 3817/3817/ 3781/3781/
f 3875/3875/ 3805/3805/ 3781/3781/
f 3805/3805/ 3875/3875/ 3867/3867/
f 3819/3819/ 3805/3805/ 3867/3867/
f 3816/3816/ 3825/3825/ 3865/3865/
f 3782/3782/ 3816/3816/ 3865/3865/
f 3816/3816/ 3782/3782/ 3781/3781/
f 3817/3817/ 3816/3816/ 3781/3781/
f 3824/3824/ 3843/3843/ 3863/3863/
f 3862/3862/ 3824/3824/ 3863/3863/
f 3824/3824/ 3862/3862/ 3865/3865/
f 3825/3825/ 3824/3824/ 3865/3865/
f 3810/3810/ 3809/3809/ 3871/3871/
f 3870/3870/ 3810/3810/ 3871/3871/
f 3810/3810/ 3870/3870/ 3863/3863/
f 3843/3843/ 3810/3810/ 3863/3863/
f 3828/3828/ 3873/3873/ 3834/3834/
f 3839/3839/ 3828/3828/ 3834/3834/
f 3834/3834/ 3873/3873/ 3871/3871/
f 3809/3809/ 3834/3834/ 3871/3871/
f 3996/3996/ 3997/3997/ 3998/3998/
f 3999/3999/ 4000/4000/ 4001/4001/
f 4002/4002/ 4003/4003/ 4004/4004/
f 4005/4005/ 4006/4006/ 4007/4007/
f 4008/4008/ 4005/4005/ 4007/4007/
f 4009/4009/ 4010/4010/ 4011/4011/
f 4012/4012/ 4009/4009/ 4011/4011/
f 4013/4013/ 4014/4014/ 4015/4015/
f 4016/4016/ 4013/4013/ 4015/4015/
f 4017/4017/ 4018/4018/ 4019/4019/
f 4020/4020/ 4017/4017/ 4019/4019/
f 4021/4021/ 4022/4022/ 4023/4023/
f 4024/4024/ 4021/4021/ 4023/4023/
f 4014/4014/ 4025/4025/ 4026/4026/
f 4015/4015/ 4014/4014/ 4026/4026/
f 4027/4027/ 4017/4017/ 4020/4020/
f 4028/4028/ 4027/4027/ 4020/4020/
f 4029/4029/ 4030/4030/ 4031/4031/
f 4032/4032/ 4029/4029/ 4031/4031/
f 4033/4033/ 4034/4034/ 4035/4035/
f 4036/4036/ 4033/4033/ 4035/4035/
f 4037/4037/ 4038/4038/ 4039/4039/
f 4040/4040/ 4037/4037/ 4039/4039/
f 4010/4010/ 4037/4037/ 4040/4040/
f 4011/4011/ 4010/4010/ 4040/4040/
f 4006/4006/ 4041/4041/ 4042/4042/
f 4007/4007/ 4006/4006/ 4042/4042/
f 4038/4038/ 4029/4029/ 4032/4032/
f 4039/4039/ 4038/4038/ 4032/4032/
f 4018/4018/ 4033/4033/ 4036/4036/
f 4019/4019/ 4018/4018/ 4036/4036/
f 4043/4043/ 4044/4044/ 4045/4045/
f 4046/4046/ 4043/4043/ 4045/4045/
f 4025/4025/ 4047/4047/ 4048/4048/
f 4026/4026/ 4025/4025/ 4048/4048/
f 4049/4049/ 4009/4009/ 4012/4012/
f 4050/4050/ 4049/4049/ 4012/4012/
f 4030/4030/ 4027/4027/ 4028/4028/
f 4031/4031/ 4030/4030/ 4028/4028/
f 4051/4051/ 4043/4043/ 4046/4046/
f 4052/4052/ 4051/4051/ 4046/4046/
f 4044/4044/ 4021/4021/ 4024/4024/
f 4045/4045/ 4044/4044/ 4024/4024/
f 4022/4022/ 4049/4049/ 4050/4050/
f 4023/4023/ 4022/4022/ 4050/4050/
f 4047/4047/ 4005/4005/ 4008/4008/
f 4048/4048/ 4047/4047/ 4008/4008/
f 4041/4041/ 4051/4051/ 4052/4052/
f 4042/4042/ 4041/4041/ 4052/4052/
f 4034/4034/ 4053/4053/ 4054/4054/
f 4035/4035/ 4034/4034/ 4054/4054/
f 4055/4055/ 4056/4056/ 4057/4057/
f 4058/4058/ 4055/4055/ 4057/4057/
f 4056/4056/ 4055/4055/ 4059/4059/
f 4060/4060/ 4056/4056/ 4059/4059/
f 4061/4061/ 4062/4062/ 4063/4063/
f 4064/4064/ 4061/4061/ 4063/4063/
f 4065/4065/ 4066/4066/ 4062/4062/
f 4061/4061/ 4065/4065/ 4062/4062/
f 4062/4062/ 4066/4066/ 4067/4067/
f 4068/4068/ 4062/4062/ 4067/4067/
f 4062/4062/ 4068/4068/ 4069/4069/
f 4063/4063/ 4062/4062/ 4069/4069/
f 4068/4068/ 4067/4067/ 4070/4070/
f 4071/4071/ 4068/4068/ 4070/4070/
f 4071/4071/ 4072/4072/ 4069/4069/
f 4068/4068/ 4071/4071/ 4069/4069/
f 4073/4073/ 4074/4074/ 4058/4058/
f 4057/4057/ 4073/4073/ 4058/4058/
f 4074/4074/ 4073/4073/ 4075/4075/
f 4076/4076/ 4074/4074/ 4075/4075/
f 4077/4077/ 4078/4078/ 4079/4079/
f 4080/4080/ 4077/4077/ 4079/4079/
f 4078/4078/ 4077/4077/ 4081/4081/
f 4082/4082/ 4078/4078/ 4081/4081/
f 4079/4079/ 4078/4078/ 4083/4083/
f 4084/4084/ 4079/4079/ 4083/4083/
f 4078/4078/ 4082/4082/ 4085/4085/
f 4083/4083/ 4078/4078/ 4085/4085/
f 4084/4084/ 4083/4083/ 4086/4086/
f 4087/4087/ 4084/4084/ 4086/4086/
f 4083/4083/ 4085/4085/ 4088/4088/
f 4086/4086/ 4083/4083/ 4088/4088/
f 4089/4089/ 4090/4090/ 4076/4076/
f 4075/4075/ 4089/4089/ 4076/4076/
f 4091/4091/ 4092/4092/ 4093/4093/
f 4094/4094/ 4091/4091/ 4093/4093/
f 4091/4091/ 4094/4094/ 4080/4080/
f 4079/4079/ 4091/4091/ 4080/4080/
f 4079/4079/ 4084/4084/ 4095/4095/
f 4091/4091/ 4079/4079/ 4095/4095/
f 4091/4091/ 4095/4095/ 4096/4096/
f 4092/4092/ 4091/4091/ 4096/4096/
f 4087/4087/ 4097/4097/ 4095/4095/
f 4084/4084/ 4087/4087/ 4095/4095/
f 4097/4097/ 4098/4098/ 4096/4096/
f 4095/4095/ 4097/4097/ 4096/4096/
f 4090/4090/ 4089/4089/ 4099/4099/
f 4100/4100/ 4090/4090/ 4099/4099/
f 4092/4092/ 4096/4096/ 4101/4101/
f 4102/4102/ 4092/4092/ 4101/4101/
f 4098/4098/ 4103/4103/ 4101/4101/
f 4096/4096/ 4098/4098/ 4101/4101/
f 4104/4104/ 4105/4105/ 4106/4106/
f 4107/4107/ 4104/4104/ 4106/4106/
f 4100/4100/ 4099/4099/ 4107/4107/
f 4106/4106/ 4100/4100/ 4107/4107/
f 4108/4108/ 4109/4109/ 4110/4110/
f 4102/4102/ 4108/4108/ 4110/4110/
f 4110/4110/ 4093/4093/ 4092/4092/
f 4102/4102/ 4110/4110/ 4092/4092/
f 4108/4108/ 4102/4102/ 4101/4101/
f 4111/4111/ 4108/4108/ 4101/4101/
f 4111/4111/ 4101/4101/ 4103/4103/
f 4112/4112/ 4111/4111/ 4103/4103/
f 4105/4105/ 4104/4104/ 4113/4113/
f 4114/4114/ 4105/4105/ 4113/4113/
f 4114/4114/ 4113/4113/ 4115/4115/
f 4116/4116/ 4114/4114/ 4115/4115/
f 4109/4109/ 4108/4108/ 4117/4117/
f 4118/4118/ 4109/4109/ 4117/4117/
f 4118/4118/ 4117/4117/ 4119/4119/
f 4120/4120/ 4118/4118/ 4119/4119/
f 4117/4117/ 4121/4121/ 4122/4122/
f 4119/4119/ 4117/4117/ 4122/4122/
f 4108/4108/ 4111/4111/ 4121/4121/
f 4117/4117/ 4108/4108/ 4121/4121/
f 4122/4122/ 4121/4121/ 4123/4123/
f 4124/4124/ 4122/4122/ 4123/4123/
f 4112/4112/ 4123/4123/ 4121/4121/
f 4111/4111/ 4112/4112/ 4121/4121/
f 4125/4125/ 4126/4126/ 4127/4127/
f 4128/4128/ 4125/4125/ 4127/4127/
f 4128/4128/ 4127/4127/ 4116/4116/
f 4115/4115/ 4128/4128/ 4116/4116/
f 4129/4129/ 4130/4130/ 4131/4131/
f 4132/4132/ 4129/4129/ 4131/4131/
f 4132/4132/ 4131/4131/ 4120/4120/
f 4119/4119/ 4132/4132/ 4120/4120/
f 4119/4119/ 4122/4122/ 4133/4133/
f 4132/4132/ 4119/4119/ 4133/4133/
f 4129/4129/ 4132/4132/ 4133/4133/
f 4134/4134/ 4129/4129/ 4133/4133/
f 4124/4124/ 4135/4135/ 4133/4133/
f 4122/4122/ 4124/4124/ 4133/4133/
f 4134/4134/ 4133/4133/ 4135/4135/
f 4136/4136/ 4134/4134/ 4135/4135/
f 4126/4126/ 4125/4125/ 4137/4137/
f 4138/4138/ 4126/4126/ 4137/4137/
f 4138/4138/ 4137/4137/ 4139/4139/
f 4140/4140/ 4138/4138/ 4139/4139/
f 4130/4130/ 4129/4129/ 4141/4141/
f 4142/4142/ 4130/4130/ 4141/4141/
f 4142/4142/ 4141/4141/ 4143/4143/
f 4144/4144/ 4142/4142/ 4143/4143/
f 4143/4143/ 4141/4141/ 4145/4145/
f 4146/4146/ 4143/4143/ 4145/4145/
f 4129/4129/ 4134/4134/ 4145/4145/
f 4141/4141/ 4129/4129/ 4145/4145/
f 4146/4146/ 4145/4145/ 4147/4147/
f 4148/4148/ 4146/4146/ 4147/4147/
f 4136/4136/ 4147/4147/ 4145/4145/
f 4134/4134/ 4136/4136/ 4145/4145/
f 4149/4149/ 4150/4150/ 4151/4151/
f 4152/4152/ 4149/4149/ 4151/4151/
f 4152/4152/ 4151/4151/ 4140/4140/
f 4139/4139/ 4152/4152/ 4140/4140/
f 4153/4153/ 4154/4154/ 4155/4155/
f 4156/4156/ 4153/4153/ 4155/4155/
f 4144/4144/ 4143/4143/ 4156/4156/
f 4155/4155/ 4144/4144/ 4156/4156/
f 4156/4156/ 4143/4143/ 4146/4146/
f 4157/4157/ 4156/4156/ 4146/4146/
f 4153/4153/ 4156/4156/ 4157/4157/
f 4158/4158/ 4153/4153/ 4157/4157/
f 4157/4157/ 4146/4146/ 4148/4148/
f 4159/4159/ 4157/4157/ 4148/4148/
f 4158/4158/ 4157/4157/ 4159/4159/
f 4160/4160/ 4158/4158/ 4159/4159/
f 4150/4150/ 4149/4149/ 4161/4161/
f 4162/4162/ 4150/4150/ 4161/4161/
f 4162/4162/ 4161/4161/ 4163/4163/
f 4164/4164/ 4162/4162/ 4163/4163/
f 4154/4154/ 4153/4153/ 4165/4165/
f 4166/4166/ 4154/4154/ 4165/4165/
f 4166/4166/ 4165/4165/ 4167/4167/
f 4168/4168/ 4166/4166/ 4167/4167/
f 4167/4167/ 4165/4165/ 4169/4169/
f 4170/4170/ 4167/4167/ 4169/4169/
f 4153/4153/ 4158/4158/ 4169/4169/
f 4165/4165/ 4153/4153/ 4169/4169/
f 4170/4170/ 4169/4169/ 4171/4171/
f 4172/4172/ 4170/4170/ 4171/4171/
f 4160/4160/ 4171/4171/ 4169/4169/
f 4158/4158/ 4160/4160/ 4169/4169/
f 4173/4173/ 4174/4174/ 4175/4175/
f 4176/4176/ 4173/4173/ 4175/4175/
f 4176/4176/ 4175/4175/ 4164/4164/
f 4163/4163/ 4176/4176/ 4164/4164/
f 4177/4177/ 4178/4178/ 4179/4179/
f 4180/4180/ 4177/4177/ 4179/4179/
f 4168/4168/ 4167/4167/ 4180/4180/
f 4179/4179/ 4168/4168/ 4180/4180/
f 4180/4180/ 4167/4167/ 4170/4170/
f 4181/4181/ 4180/4180/ 4170/4170/
f 4177/4177/ 4180/4180/ 4181/4181/
f 4182/4182/ 4177/4177/ 4181/4181/
f 4181/4181/ 4170/4170/ 4172/4172/
f 4183/4183/ 4181/4181/ 4172/4172/
f 4182/4182/ 4181/4181/ 4183/4183/
f 4184/4184/ 4182/4182/ 4183/4183/
f 4174/4174/ 4173/4173/ 4185/4185/
f 4186/4186/ 4174/4174/ 4185/4185/
f 4186/4186/ 4185/4185/ 4187/4187/
f 4188/4188/ 4186/4186/ 4187/4187/
f 4178/4178/ 4177/4177/ 4189/4189/
f 4190/4190/ 4178/4178/ 4189/4189/
f 4190/4190/ 4189/4189/ 4191/4191/
f 4192/4192/ 4190/4190/ 4191/4191/
f 4189/4189/ 4193/4193/ 4194/4194/
f 4191/4191/ 4189/4189/ 4194/4194/
f 4177/4177/ 4182/4182/ 4193/4193/
f 4189/4189/ 4177/4177/ 4193/4193/
f 4194/4194/ 4193/4193/ 4195/4195/
f 4196/4196/ 4194/4194/ 4195/4195/
f 4184/4184/ 4195/4195/ 4193/4193/
f 4182/4182/ 4184/4184/ 4193/4193/
f 4197/4197/ 4198/4198/ 4199/4199/
f 4200/4200/ 4197/4197/ 4199/4199/
f 4200/4200/ 4199/4199/ 4188/4188/
f 4187/4187/ 4200/4200/ 4188/4188/
f 4201/4201/ 4202/4202/ 4203/4203/
f 4204/4204/ 4201/4201/ 4203/4203/
f 4192/4192/ 4191/4191/ 4204/4204/
f 4203/4203/ 4192/4192/ 4204/4204/
f 4191/4191/ 4194/4194/ 4205/4205/
f 4204/4204/ 4191/4191/ 4205/4205/
f 4201/4201/ 4204/4204/ 4205/4205/
f 4206/4206/ 4201/4201/ 4205/4205/
f 4205/4205/ 4194/4194/ 4196/4196/
f 4207/4207/ 4205/4205/ 4196/4196/
f 4206/4206/ 4205/4205/ 4207/4207/
f 4208/4208/ 4206/4206/ 4207/4207/
f 4198/4198/ 4197/4197/ 4209/4209/
f 4210/4210/ 4198/4198/ 4209/4209/
f 4210/4210/ 4209/4209/ 4211/4211/
f 4212/4212/ 4210/4210/ 4211/4211/
f 4202/4202/ 4201/4201/ 4213/4213/
f 4214/4214/ 4202/4202/ 4213/4213/
f 4214/4214/ 4213/4213/ 4215/4215/
f 4216/4216/ 4214/4214/ 4215/4215/
f 4215/4215/ 4213/4213/ 4217/4217/
f 4218/4218/ 4215/4215/ 4217/4217/
f 4201/4201/ 4206/4206/ 4217/4217/
f 4213/4213/ 4201/4201/ 4217/4217/
f 4218/4218/ 4217/4217/ 4219/4219/
f 4220/4220/ 4218/4218/ 4219/4219/
f 4208/4208/ 4219/4219/ 4217/4217/
f 4206/4206/ 4208/4208/ 4217/4217/
f 4221/4221/ 4222/4222/ 4223/4223/
f 4224/4224/ 4221/4221/ 4223/4223/
f 4224/4224/ 4223/4223/ 4212/4212/
f 4211/4211/ 4224/4224/ 4212/4212/
f 4225/4225/ 4226/4226/ 4227/4227/
f 4228/4228/ 4225/4225/ 4227/4227/
f 4216/4216/ 4215/4215/ 4228/4228/
f 4227/4227/ 4216/4216/ 4228/4228/
f 4228/4228/ 4215/4215/ 4218/4218/
f 4229/4229/ 4228/4228/ 4218/4218/
f 4225/4225/ 4228/4228/ 4229/4229/
f 4230/4230/ 4225/4225/ 4229/4229/
f 4229/4229/ 4218/4218/ 4220/4220/
f 4231/4231/ 4229/4229/ 4220/4220/
f 4230/4230/ 4229/4229/ 4231/4231/
f 4232/4232/ 4230/4230/ 4231/4231/
f 4222/4222/ 4221/4221/ 4233/4233/
f 4234/4234/ 4222/4222/ 4233/4233/
f 4234/4234/ 4233/4233/ 4235/4235/
f 4236/4236/ 4234/4234/ 4235/4235/
f 4237/4237/ 4238/4238/ 4239/4239/
f 4240/4240/ 4237/4237/ 4239/4239/
f 4238/4238/ 4237/4237/ 4226/4226/
f 4225/4225/ 4238/4238/ 4226/4226/
f 4239/4239/ 4238/4238/ 4241/4241/
f 4242/4242/ 4239/4239/ 4241/4241/
f 4238/4238/ 4225/4225/ 4230/4230/
f 4241/4241/ 4238/4238/ 4230/4230/
f 4242/4242/ 4241/4241/ 4243/4243/
f 4244/4244/ 4242/4242/ 4243/4243/
f 4241/4241/ 4230/4230/ 4232/4232/
f 4243/4243/ 4241/4241/ 4232/4232/
f 4245/4245/ 4246/4246/ 4236/4236/
f 4235/4235/ 4245/4245/ 4236/4236/
f 4247/4247/ 4248/4248/ 4240/4240/
f 4239/4239/ 4247/4247/ 4240/4240/
f 4239/4239/ 4242/4242/ 4249/4249/
f 4247/4247/ 4239/4239/ 4249/4249/
f 4244/4244/ 4250/4250/ 4249/4249/
f 4242/4242/ 4244/4244/ 4249/4249/
f 4251/4251/ 4252/4252/ 4246/4246/
f 4245/4245/ 4251/4251/ 4246/4246/
f 4252/4252/ 4251/4251/ 4060/4060/
f 4059/4059/ 4252/4252/ 4060/4060/
f 4253/4253/ 4254/4254/ 4248/4248/
f 4247/4247/ 4253/4253/ 4248/4248/
f 4066/4066/ 4065/4065/ 4254/4254/
f 4253/4253/ 4066/4066/ 4254/4254/
f 4253/4253/ 4255/4255/ 4067/4067/
f 4066/4066/ 4253/4253/ 4067/4067/
f 4255/4255/ 4253/4253/ 4247/4247/
f 4249/4249/ 4255/4255/ 4247/4247/
f 4256/4256/ 4070/4070/ 4067/4067/
f 4255/4255/ 4256/4256/ 4067/4067/
f 4255/4255/ 4249/4249/ 4250/4250/
f 4256/4256/ 4255/4255/ 4250/4250/
f 4257/4257/ 4258/4258/ 4259/4259/
f 4260/4260/ 4261/4261/ 4259/4259/
f 4262/4262/ 4263/4263/ 4259/4259/
f 4258/4258/ 4262/4262/ 4259/4259/
f 4261/4261/ 4264/4264/ 4259/4259/
f 4265/4265/ 4266/4266/ 4259/4259/
f 4267/4267/ 4268/4268/ 4259/4259/
f 4264/4264/ 4267/4267/ 4259/4259/
f 4269/4269/ 4270/4270/ 4259/4259/
f 4271/4271/ 4272/4272/ 4259/4259/
f 4273/4273/ 4274/4274/ 4259/4259/
f 4270/4270/ 4273/4273/ 4259/4259/
f 4272/4272/ 4275/4275/ 4259/4259/
f 4276/4276/ 4257/4257/ 4259/4259/
f 4277/4277/ 4278/4278/ 4259/4259/
f 4275/4275/ 4277/4277/ 4259/4259/
f 4266/4266/ 4279/4279/ 4259/4259/
f 4280/4280/ 4281/4281/ 4259/4259/
f 4282/4282/ 4283/4283/ 4259/4259/
f 4279/4279/ 4282/4282/ 4259/4259/
f 4281/4281/ 4284/4284/ 4259/4259/
f 4285/4285/ 4269/4269/ 4259/4259/
f 4286/4286/ 4287/4287/ 4259/4259/
f 4284/4284/ 4286/4286/ 4259/4259/
f 4287/4287/ 4285/4285/ 4259/4259/
f 4274/4274/ 4271/4271/ 4259/4259/
f 4278/4278/ 4276/4276/ 4259/4259/
f 4263/4263/ 4260/4260/ 4259/4259/
f 4268/4268/ 4265/4265/ 4259/4259/
f 4283/4283/ 4280/4280/ 4259/4259/
f 4288/4288/ 4289/4289/ 4290/4290/
f 4291/4291/ 4288/4288/ 4290/4290/
f 4292/4292/ 4293/4293/ 4289/4289/
f 4288/4288/ 4292/4292/ 4289/4289/
f 4294/4294/ 4295/4295/ 4296/4296/
f 4297/4297/ 4294/4294/ 4296/4296/
f 4298/4298/ 4299/4299/ 4300/4300/
f 4301/4301/ 4298/4298/ 4300/4300/
f 4302/4302/ 4303/4303/ 4304/4304/
f 4305/4305/ 4302/4302/ 4304/4304/
f 4306/4306/ 4307/4307/ 4308/4308/
f 4309/4309/ 4306/4306/ 4308/4308/
f 4310/4310/ 4311/4311/ 4312/4312/
f 4313/4313/ 4310/4310/ 4312/4312/
f 4311/4311/ 4314/4314/ 4315/4315/
f 4312/4312/ 4311/4311/ 4315/4315/
f 4307/4307/ 4316/4316/ 4317/4317/
f 4308/4308/ 4307/4307/ 4317/4317/
f 4318/4318/ 4319/4319/ 4320/4320/
f 4321/4321/ 4318/4318/ 4320/4320/
f 4322/4322/ 4323/4323/ 4324/4324/
f 4325/4325/ 4322/4322/ 4324/4324/
f 4326/4326/ 4324/4324/ 4323/4323/
f 4327/4327/ 4326/4326/ 4323/4323/
f 4328/4328/ 4329/4329/ 4319/4319/
f 4318/4318/ 4328/4328/ 4319/4319/
f 4330/4330/ 4331/4331/ 4299/4299/
f 4298/4298/ 4330/4330/ 4299/4299/
f 4305/4305/ 4304/4304/ 4332/4332/
f 4333/4333/ 4305/4305/ 4332/4332/
f 4297/4297/ 4296/4296/ 4334/4334/
f 4335/4335/ 4297/4297/ 4334/4334/
f 4336/4336/ 4337/4337/ 4338/4338/
f 4339/4339/ 4336/4336/ 4338/4338/
f 4340/4340/ 4341/4341/ 4338/4338/
f 4337/4337/ 4340/4340/ 4338/4338/
f 4291/4291/ 4290/4290/ 4342/4342/
f 4343/4343/ 4291/4291/ 4342/4342/
f 4344/4344/ 4345/4345/ 4306/4306/
f 4309/4309/ 4344/4344/ 4306/4306/
f 4310/4310/ 4313/4313/ 4346/4346/
f 4347/4347/ 4310/4310/ 4346/4346/
f 4348/4348/ 4349/4349/ 4350/4350/
f 4351/4351/ 4348/4348/ 4350/4350/
f 4352/4352/ 4353/4353/ 4354/4354/
f 4355/4355/ 4352/4352/ 4354/4354/
f 4352/4352/ 4356/4356/ 4357/4357/
f 4353/4353/ 4352/4352/ 4357/4357/
f 4349/4349/ 4358/4358/ 4359/4359/
f 4350/4350/ 4349/4349/ 4359/4359/
f 4360/4360/ 4361/4361/ 4326/4326/
f 4327/4327/ 4360/4360/ 4326/4326/
f 4362/4362/ 4363/4363/ 4364/4364/
f 4365/4365/ 4362/4362/ 4364/4364/
f 4366/4366/ 4364/4364/ 4363/4363/
f 4367/4367/ 4366/4366/ 4363/4363/
f 4368/4368/ 4369/4369/ 4361/4361/
f 4360/4360/ 4368/4368/ 4361/4361/
f 4370/4370/ 4371/4371/ 4345/4345/
f 4344/4344/ 4370/4370/ 4345/4345/
f 4347/4347/ 4346/4346/ 4372/4372/
f 4373/4373/ 4347/4347/ 4372/4372/
f 4374/4374/ 4343/4343/ 4342/4342/
f 4375/4375/ 4374/4374/ 4342/4342/
f 4376/4376/ 4377/4377/ 4378/4378/
f 4379/4379/ 4376/4376/ 4378/4378/
f 4380/4380/ 4381/4381/ 4377/4377/
f 4376/4376/ 4380/4380/ 4377/4377/
f 4382/4382/ 4383/4383/ 4384/4384/
f 4385/4385/ 4382/4382/ 4384/4384/
f 4386/4386/ 4387/4387/ 4388/4388/
f 4389/4389/ 4386/4386/ 4388/4388/
f 4390/4390/ 4391/4391/ 4392/4392/
f 4393/4393/ 4390/4390/ 4392/4392/
f 4394/4394/ 4395/4395/ 4396/4396/
f 4397/4397/ 4394/4394/ 4396/4396/
f 4398/4398/ 4399/4399/ 4400/4400/
f 4401/4401/ 4398/4398/ 4400/4400/
f 4399/4399/ 4402/4402/ 4403/4403/
f 4400/4400/ 4399/4399/ 4403/4403/
f 4395/4395/ 4404/4404/ 4405/4405/
f 4396/4396/ 4395/4395/ 4405/4405/
f 4406/4406/ 4407/4407/ 4408/4408/
f 4409/4409/ 4406/4406/ 4408/4408/
f 4410/4410/ 4411/4411/ 4412/4412/
f 4413/4413/ 4410/4410/ 4412/4412/
f 4414/4414/ 4412/4412/ 4411/4411/
f 4415/4415/ 4414/4414/ 4411/4411/
f 4416/4416/ 4406/4406/ 4409/4409/
f 4417/4417/ 4416/4416/ 4409/4409/
f 4418/4418/ 4419/4419/ 4387/4387/
f 4386/4386/ 4418/4418/ 4387/4387/
f 4392/4392/ 4420/4420/ 4421/4421/
f 4393/4393/ 4392/4392/ 4421/4421/
f 4422/4422/ 4385/4385/ 4384/4384/
f 4423/4423/ 4422/4422/ 4384/4384/
f 4424/4424/ 4425/4425/ 4426/4426/
f 4427/4427/ 4424/4424/ 4426/4426/
f 4428/4428/ 4427/4427/ 4426/4426/
f 4429/4429/ 4428/4428/ 4426/4426/
f 4430/4430/ 4431/4431/ 4432/4432/
f 4433/4433/ 4430/4430/ 4432/4432/
f 4434/4434/ 4435/4435/ 4431/4431/
f 4430/4430/ 4434/4434/ 4431/4431/
f 4436/4436/ 4379/4379/ 4378/4378/
f 4437/4437/ 4436/4436/ 4378/4378/
f 4397/4397/ 4438/4438/ 4439/4439/
f 4394/4394/ 4397/4397/ 4439/4439/
f 4398/4398/ 4401/4401/ 4440/4440/
f 4441/4441/ 4398/4398/ 4440/4440/
f 4442/4442/ 4443/4443/ 4444/4444/
f 4445/4445/ 4442/4442/ 4444/4444/
f 4446/4446/ 4447/4447/ 4448/4448/
f 4449/4449/ 4446/4446/ 4448/4448/
f 4446/4446/ 4450/4450/ 4451/4451/
f 4447/4447/ 4446/4446/ 4451/4451/
f 4443/4443/ 4452/4452/ 4453/4453/
f 4444/4444/ 4443/4443/ 4453/4453/
f 4454/4454/ 4455/4455/ 4414/4414/
f 4415/4415/ 4454/4454/ 4414/4414/
f 4456/4456/ 4457/4457/ 4458/4458/
f 4459/4459/ 4456/4456/ 4458/4458/
f 4460/4460/ 4458/4458/ 4457/4457/
f 4461/4461/ 4460/4460/ 4457/4457/
f 4462/4462/ 4463/4463/ 4455/4455/
f 4454/4454/ 4462/4462/ 4455/4455/
f 4464/4464/ 4465/4465/ 4439/4439/
f 4438/4438/ 4464/4464/ 4439/4439/
f 4440/4440/ 4466/4466/ 4467/4467/
f 4441/4441/ 4440/4440/ 4467/4467/
f 4468/4468/ 4436/4436/ 4437/4437/
f 4469/4469/ 4468/4468/ 4437/4437/
f 4470/4470/ 4471/4471/ 4472/4472/
f 4473/4473/ 4470/4470/ 4472/4472/
f 4474/4474/ 4475/4475/ 4471/4471/
f 4470/4470/ 4474/4474/ 4471/4471/
f 4476/4476/ 4336/4336/ 4339/4339/
f 4477/4477/ 4476/4476/ 4339/4339/
f 4478/4478/ 4479/4479/ 4348/4348/
f 4351/4351/ 4478/4478/ 4348/4348/
f 4354/4354/ 4480/4480/ 4481/4481/
f 4355/4355/ 4354/4354/ 4481/4481/
f 4482/4482/ 4483/4483/ 4484/4484/
f 4485/4485/ 4482/4482/ 4484/4484/
f 4486/4486/ 4487/4487/ 4488/4488/
f 4489/4489/ 4486/4486/ 4488/4488/
f 4487/4487/ 4490/4490/ 4491/4491/
f 4488/4488/ 4487/4487/ 4491/4491/
f 4483/4483/ 4492/4492/ 4493/4493/
f 4484/4484/ 4483/4483/ 4493/4493/
f 4494/4494/ 4495/4495/ 4366/4366/
f 4367/4367/ 4494/4494/ 4366/4366/
f 4496/4496/ 4497/4497/ 4498/4498/
f 4499/4499/ 4496/4496/ 4498/4498/
f 4500/4500/ 4498/4498/ 4497/4497/
f 4501/4501/ 4500/4500/ 4497/4497/
f 4502/4502/ 4503/4503/ 4495/4495/
f 4494/4494/ 4502/4502/ 4495/4495/
f 4504/4504/ 4505/4505/ 4479/4479/
f 4478/4478/ 4504/4504/ 4479/4479/
f 4481/4481/ 4480/4480/ 4506/4506/
f 4507/4507/ 4481/4481/ 4506/4506/
f 4508/4508/ 4476/4476/ 4477/4477/
f 4509/4509/ 4508/4508/ 4477/4477/
f 4510/4510/ 4511/4511/ 4383/4383/
f 4382/4382/ 4510/4510/ 4383/4383/
f 4512/4512/ 4513/4513/ 4511/4511/
f 4510/4510/ 4512/4512/ 4511/4511/
f 4514/4514/ 4515/4515/ 4516/4516/
f 4517/4517/ 4514/4514/ 4516/4516/
f 4518/4518/ 4519/4519/ 4520/4520/
f 4521/4521/ 4518/4518/ 4520/4520/
f 4522/4522/ 4523/4523/ 4524/4524/
f 4525/4525/ 4522/4522/ 4524/4524/
f 4388/4388/ 4526/4526/ 4527/4527/
f 4389/4389/ 4388/4388/ 4527/4527/
f 4528/4528/ 4529/4529/ 4391/4391/
f 4390/4390/ 4528/4528/ 4391/4391/
f 4530/4530/ 4531/4531/ 4529/4529/
f 4528/4528/ 4530/4530/ 4529/4529/
f 4526/4526/ 4532/4532/ 4533/4533/
f 4527/4527/ 4526/4526/ 4533/4533/
f 4534/4534/ 4535/4535/ 4536/4536/
f 4537/4537/ 4534/4534/ 4536/4536/
f 4538/4538/ 4539/4539/ 4540/4540/
f 4541/4541/ 4538/4538/ 4540/4540/
f 4407/4407/ 4540/4540/ 4539/4539/
f 4408/4408/ 4407/4407/ 4539/4539/
f 4542/4542/ 4543/4543/ 4535/4535/
f 4534/4534/ 4542/4542/ 4535/4535/
f 4544/4544/ 4545/4545/ 4519/4519/
f 4518/4518/ 4544/4544/ 4519/4519/
f 4525/4525/ 4546/4546/ 4547/4547/
f 4522/4522/ 4525/4525/ 4547/4547/
f 4548/4548/ 4517/4517/ 4516/4516/
f 4549/4549/ 4548/4548/ 4516/4516/
f 4550/4550/ 4551/4551/ 4552/4552/
f 4553/4553/ 4550/4550/ 4552/4552/
f 4424/4424/ 4553/4553/ 4552/4552/
f 4425/4425/ 4424/4424/ 4552/4552/
f 4554/4554/ 4555/4555/ 4556/4556/
f 4557/4557/ 4554/4554/ 4556/4556/
f 4556/4556/ 4555/4555/ 4558/4558/
f 4559/4559/ 4556/4556/ 4558/4558/
f 4560/4560/ 4561/4561/ 4562/4562/
f 4563/4563/ 4560/4560/ 4562/4562/
f 4561/4561/ 4564/4564/ 4565/4565/
f 4562/4562/ 4561/4561/ 4565/4565/
f 4564/4564/ 4566/4566/ 4567/4567/
f 4565/4565/ 4564/4564/ 4567/4567/
f 4567/4567/ 4566/4566/ 4568/4568/
f 4569/4569/ 4567/4567/ 4568/4568/
f 4570/4570/ 4571/4571/ 4572/4572/
f 4573/4573/ 4570/4570/ 4572/4572/
f 4571/4571/ 4574/4574/ 4575/4575/
f 4572/4572/ 4571/4571/ 4575/4575/
f 4576/4576/ 4577/4577/ 4578/4578/
f 4579/4579/ 4576/4576/ 4578/4578/
f 4577/4577/ 4576/4576/ 4580/4580/
f 4581/4581/ 4577/4577/ 4580/4580/
f 4582/4582/ 4583/4583/ 4584/4584/
f 4585/4585/ 4582/4582/ 4584/4584/
f 4586/4586/ 4587/4587/ 4584/4584/
f 4583/4583/ 4586/4586/ 4584/4584/
f 4586/4586/ 4588/4588/ 4589/4589/
f 4587/4587/ 4586/4586/ 4589/4589/
f 4589/4589/ 4588/4588/ 4590/4590/
f 4591/4591/ 4589/4589/ 4590/4590/
f 4592/4592/ 4593/4593/ 4594/4594/
f 4595/4595/ 4592/4592/ 4594/4594/
f 4593/4593/ 4596/4596/ 4597/4597/
f 4594/4594/ 4593/4593/ 4597/4597/
f 4598/4598/ 4599/4599/ 4597/4597/
f 4596/4596/ 4598/4598/ 4597/4597/
f 4599/4599/ 4598/4598/ 4600/4600/
f 4601/4601/ 4599/4599/ 4600/4600/
f 4602/4602/ 4603/4603/ 4604/4604/
f 4605/4605/ 4602/4602/ 4604/4604/
f 4604/4604/ 4606/4606/ 4607/4607/
f 4605/4605/ 4604/4604/ 4607/4607/
f 4608/4608/ 4609/4609/ 4610/4610/
f 4611/4611/ 4608/4608/ 4610/4610/
f 4609/4609/ 4608/4608/ 4612/4612/
f 4613/4613/ 4609/4609/ 4612/4612/
f 4614/4614/ 4615/4615/ 4616/4616/
f 4617/4617/ 4614/4614/ 4616/4616/
f 4615/4615/ 4554/4554/ 4557/4557/
f 4616/4616/ 4615/4615/ 4557/4557/
f 4350/4350/ 4618/4618/ 4619/4619/
f 4351/4351/ 4350/4350/ 4619/4619/
f 4620/4620/ 4618/4618/ 4350/4350/
f 4359/4359/ 4620/4620/ 4350/4350/
f 4344/4344/ 4621/4621/ 4622/4622/
f 4370/4370/ 4344/4344/ 4622/4622/
f 4623/4623/ 4621/4621/ 4344/4344/
f 4309/4309/ 4623/4623/ 4344/4344/
f 4308/4308/ 4624/4624/ 4623/4623/
f 4309/4309/ 4308/4308/ 4623/4623/
f 4625/4625/ 4624/4624/ 4308/4308/
f 4317/4317/ 4625/4625/ 4308/4308/
f 4298/4298/ 4626/4626/ 4627/4627/
f 4330/4330/ 4298/4298/ 4627/4627/
f 4628/4628/ 4626/4626/ 4298/4298/
f 4301/4301/ 4628/4628/ 4298/4298/
f 4444/4444/ 4629/4629/ 4630/4630/
f 4445/4445/ 4444/4444/ 4630/4630/
f 4631/4631/ 4629/4629/ 4444/4444/
f 4453/4453/ 4631/4631/ 4444/4444/
f 4438/4438/ 4632/4632/ 4633/4633/
f 4464/4464/ 4438/4438/ 4633/4633/
f 4634/4634/ 4632/4632/ 4438/4438/
f 4397/4397/ 4634/4634/ 4438/4438/
f 4396/4396/ 4635/4635/ 4634/4634/
f 4397/4397/ 4396/4396/ 4634/4634/
f 4405/4405/ 4636/4636/ 4635/4635/
f 4396/4396/ 4405/4405/ 4635/4635/
f 4386/4386/ 4637/4637/ 4638/4638/
f 4418/4418/ 4386/4386/ 4638/4638/
f 4639/4639/ 4637/4637/ 4386/4386/
f 4389/4389/ 4639/4639/ 4386/4386/
f 4527/4527/ 4640/4640/ 4639/4639/
f 4389/4389/ 4527/4527/ 4639/4639/
f 4533/4533/ 4641/4641/ 4640/4640/
f 4527/4527/ 4533/4533/ 4640/4640/
f 4544/4544/ 4518/4518/ 4642/4642/
f 4643/4643/ 4544/4544/ 4642/4642/
f 4644/4644/ 4642/4642/ 4518/4518/
f 4521/4521/ 4644/4644/ 4518/4518/
f 4484/4484/ 4645/4645/ 4646/4646/
f 4485/4485/ 4484/4484/ 4646/4646/
f 4493/4493/ 4647/4647/ 4645/4645/
f 4484/4484/ 4493/4493/ 4645/4645/
f 4504/4504/ 4478/4478/ 4648/4648/
f 4649/4649/ 4504/4504/ 4648/4648/
f 4619/4619/ 4648/4648/ 4478/4478/
f 4351/4351/ 4619/4619/ 4478/4478/
f 4543/4543/ 4542/4542/ 4538/4538/
f 4541/4541/ 4543/4543/ 4538/4538/
f 4544/4544/ 4643/4643/ 4641/4641/
f 4533/4533/ 4544/4544/ 4641/4641/
f 4533/4533/ 4650/4650/ 4651/4651/
f 4544/4544/ 4533/4533/ 4651/4651/
f 4652/4652/ 4653/4653/ 4654/4654/
f 4655/4655/ 4652/4652/ 4654/4654/
f 4600/4600/ 4603/4603/ 4602/4602/
f 4601/4601/ 4600/4600/ 4602/4602/
f 4547/4547/ 4546/4546/ 4531/4531/
f 4530/4530/ 4547/4547/ 4531/4531/
f 4548/4548/ 4549/4549/ 4513/4513/
f 4512/4512/ 4548/4548/ 4513/4513/
f 4413/4413/ 4416/4416/ 4417/4417/
f 4410/4410/ 4413/4413/ 4417/4417/
f 4418/4418/ 4638/4638/ 4636/4636/
f 4405/4405/ 4418/4418/ 4636/4636/
f 4405/4405/ 4656/4656/ 4657/4657/
f 4418/4418/ 4405/4405/ 4657/4657/
f 4592/4592/ 4595/4595/ 4591/4591/
f 4590/4590/ 4592/4592/ 4591/4591/
f 4421/4421/ 4420/4420/ 4403/4403/
f 4402/4402/ 4421/4421/ 4403/4403/
f 4422/4422/ 4423/4423/ 4381/4381/
f 4380/4380/ 4422/4422/ 4381/4381/
f 4463/4463/ 4462/4462/ 4456/4456/
f 4459/4459/ 4463/4463/ 4456/4456/
f 4464/4464/ 4633/4633/ 4631/4631/
f 4453/4453/ 4464/4464/ 4631/4631/
f 4453/4453/ 4658/4658/ 4465/4465/
f 4464/4464/ 4453/4453/ 4465/4465/
f 4582/4582/ 4585/4585/ 4581/4581/
f 4580/4580/ 4582/4582/ 4581/4581/
f 4467/4467/ 4466/4466/ 4451/4451/
f 4450/4450/ 4467/4467/ 4451/4451/
f 4468/4468/ 4469/4469/ 4435/4435/
f 4434/4434/ 4468/4468/ 4435/4435/
f 4329/4329/ 4328/4328/ 4322/4322/
f 4325/4325/ 4329/4329/ 4322/4322/
f 4317/4317/ 4330/4330/ 4627/4627/
f 4625/4625/ 4317/4317/ 4627/4627/
f 4317/4317/ 4659/4659/ 4660/4660/
f 4330/4330/ 4317/4317/ 4660/4660/
f 4570/4570/ 4573/4573/ 4569/4569/
f 4568/4568/ 4570/4570/ 4569/4569/
f 4333/4333/ 4332/4332/ 4315/4315/
f 4314/4314/ 4333/4333/ 4315/4315/
f 4335/4335/ 4334/4334/ 4293/4293/
f 4292/4292/ 4335/4335/ 4293/4293/
f 4369/4369/ 4368/4368/ 4362/4362/
f 4365/4365/ 4369/4369/ 4362/4362/
f 4370/4370/ 4622/4622/ 4620/4620/
f 4359/4359/ 4370/4370/ 4620/4620/
f 4661/4661/ 4662/4662/ 4370/4370/
f 4359/4359/ 4661/4661/ 4370/4370/
f 4560/4560/ 4563/4563/ 4559/4559/
f 4558/4558/ 4560/4560/ 4559/4559/
f 4373/4373/ 4372/4372/ 4357/4357/
f 4356/4356/ 4373/4373/ 4357/4357/
f 4374/4374/ 4375/4375/ 4341/4341/
f 4340/4340/ 4374/4374/ 4341/4341/
f 4503/4503/ 4502/4502/ 4496/4496/
f 4499/4499/ 4503/4503/ 4496/4496/
f 4504/4504/ 4649/4649/ 4647/4647/
f 4493/4493/ 4504/4504/ 4647/4647/
f 4493/4493/ 4663/4663/ 4664/4664/
f 4504/4504/ 4493/4493/ 4664/4664/
f 4612/4612/ 4614/4614/ 4617/4617/
f 4613/4613/ 4612/4612/ 4617/4617/
f 4507/4507/ 4506/4506/ 4491/4491/
f 4490/4490/ 4507/4507/ 4491/4491/
f 4508/4508/ 4509/4509/ 4475/4475/
f 4474/4474/ 4508/4508/ 4475/4475/
f 4556/4556/ 4665/4665/ 4666/4666/
f 4557/4557/ 4556/4556/ 4666/4666/
f 4665/4665/ 4556/4556/ 4559/4559/
f 4667/4667/ 4665/4665/ 4559/4559/
f 4563/4563/ 4668/4668/ 4669/4669/
f 4559/4559/ 4563/4563/ 4669/4669/
f 4563/4563/ 4562/4562/ 4670/4670/
f 4671/4671/ 4563/4563/ 4670/4670/
f 4562/4562/ 4565/4565/ 4672/4672/
f 4670/4670/ 4562/4562/ 4672/4672/
f 4567/4567/ 4673/4673/ 4672/4672/
f 4565/4565/ 4567/4567/ 4672/4672/
f 4673/4673/ 4567/4567/ 4569/4569/
f 4674/4674/ 4673/4673/ 4569/4569/
f 4573/4573/ 4675/4675/ 4676/4676/
f 4569/4569/ 4573/4573/ 4676/4676/
f 4573/4573/ 4572/4572/ 4677/4677/
f 4678/4678/ 4573/4573/ 4677/4677/
f 4572/4572/ 4575/4575/ 4679/4679/
f 4677/4677/ 4572/4572/ 4679/4679/
f 4577/4577/ 4680/4680/ 4681/4681/
f 4578/4578/ 4577/4577/ 4681/4681/
f 4680/4680/ 4577/4577/ 4581/4581/
f 4682/4682/ 4680/4680/ 4581/4581/
f 4585/4585/ 4683/4683/ 4684/4684/
f 4581/4581/ 4585/4585/ 4684/4684/
f 4585/4585/ 4584/4584/ 4685/4685/
f 4683/4683/ 4585/4585/ 4685/4685/
f 4584/4584/ 4587/4587/ 4686/4686/
f 4685/4685/ 4584/4584/ 4686/4686/
f 4589/4589/ 4687/4687/ 4686/4686/
f 4587/4587/ 4589/4589/ 4686/4686/
f 4687/4687/ 4589/4589/ 4591/4591/
f 4688/4688/ 4687/4687/ 4591/4591/
f 4595/4595/ 4689/4689/ 4690/4690/
f 4591/4591/ 4595/4595/ 4690/4690/
f 4595/4595/ 4594/4594/ 4691/4691/
f 4692/4692/ 4595/4595/ 4691/4691/
f 4594/4594/ 4597/4597/ 4693/4693/
f 4691/4691/ 4594/4594/ 4693/4693/
f 4599/4599/ 4694/4694/ 4693/4693/
f 4597/4597/ 4599/4599/ 4693/4693/
f 4694/4694/ 4599/4599/ 4601/4601/
f 4695/4695/ 4694/4694/ 4601/4601/
f 4602/4602/ 4696/4696/ 4697/4697/
f 4601/4601/ 4602/4602/ 4697/4697/
f 4602/4602/ 4605/4605/ 4698/4698/
f 4699/4699/ 4602/4602/ 4698/4698/
f 4605/4605/ 4607/4607/ 4700/4700/
f 4698/4698/ 4605/4605/ 4700/4700/
f 4609/4609/ 4701/4701/ 4702/4702/
f 4610/4610/ 4609/4609/ 4702/4702/
f 4701/4701/ 4609/4609/ 4613/4613/
f 4703/4703/ 4701/4701/ 4613/4613/
f 4617/4617/ 4704/4704/ 4705/4705/
f 4613/4613/ 4617/4617/ 4705/4705/
f 4617/4617/ 4616/4616/ 4706/4706/
f 4707/4707/ 4617/4617/ 4706/4706/
f 4616/4616/ 4557/4557/ 4666/4666/
f 4706/4706/ 4616/4616/ 4666/4666/
f 4708/4708/ 4305/4305/ 4333/4333/
f 4709/4709/ 4708/4708/ 4333/4333/
f 4709/4709/ 4333/4333/ 4314/4314/
f 4710/4710/ 4709/4709/ 4314/4314/
f 4311/4311/ 4711/4711/ 4710/4710/
f 4314/4314/ 4311/4311/ 4710/4710/
f 4711/4711/ 4311/4311/ 4310/4310/
f 4712/4712/ 4711/4711/ 4310/4310/
f 4712/4712/ 4310/4310/ 4347/4347/
f 4713/4713/ 4712/4712/ 4347/4347/
f 4714/4714/ 4713/4713/ 4347/4347/
f 4373/4373/ 4714/4714/ 4347/4347/
f 4714/4714/ 4373/4373/ 4356/4356/
f 4715/4715/ 4714/4714/ 4356/4356/
f 4352/4352/ 4716/4716/ 4715/4715/
f 4356/4356/ 4352/4352/ 4715/4715/
f 4716/4716/ 4352/4352/ 4355/4355/
f 4717/4717/ 4716/4716/ 4355/4355/
f 4717/4717/ 4355/4355/ 4481/4481/
f 4718/4718/ 4717/4717/ 4481/4481/
f 4719/4719/ 4718/4718/ 4481/4481/
f 4507/4507/ 4719/4719/ 4481/4481/
f 4719/4719/ 4507/4507/ 4490/4490/
f 4720/4720/ 4719/4719/ 4490/4490/
f 4487/4487/ 4721/4721/ 4720/4720/
f 4490/4490/ 4487/4487/ 4720/4720/
f 4721/4721/ 4487/4487/ 4486/4486/
f 4722/4722/ 4721/4721/ 4486/4486/
f 4723/4723/ 4523/4523/ 4522/4522/
f 4724/4724/ 4723/4723/ 4522/4522/
f 4725/4725/ 4724/4724/ 4522/4522/
f 4547/4547/ 4725/4725/ 4522/4522/
f 4725/4725/ 4547/4547/ 4530/4530/
f 4726/4726/ 4725/4725/ 4530/4530/
f 4528/4528/ 4727/4727/ 4726/4726/
f 4530/4530/ 4528/4528/ 4726/4726/
f 4727/4727/ 4528/4528/ 4390/4390/
f 4728/4728/ 4727/4727/ 4390/4390/
f 4728/4728/ 4390/4390/ 4393/4393/
f 4729/4729/ 4728/4728/ 4393/4393/
f 4730/4730/ 4729/4729/ 4393/4393/
f 4421/4421/ 4730/4730/ 4393/4393/
f 4730/4730/ 4421/4421/ 4402/4402/
f 4731/4731/ 4730/4730/ 4402/4402/
f 4399/4399/ 4732/4732/ 4731/4731/
f 4402/4402/ 4399/4399/ 4731/4731/
f 4732/4732/ 4399/4399/ 4398/4398/
f 4733/4733/ 4732/4732/ 4398/4398/
f 4734/4734/ 4733/4733/ 4398/4398/
f 4441/4441/ 4734/4734/ 4398/4398/
f 4735/4735/ 4734/4734/ 4441/4441/
f 4467/4467/ 4735/4735/ 4441/4441/
f 4735/4735/ 4467/4467/ 4450/4450/
f 4736/4736/ 4735/4735/ 4450/4450/
f 4446/4446/ 4737/4737/ 4736/4736/
f 4450/4450/ 4446/4446/ 4736/4736/
f 4737/4737/ 4446/4446/ 4449/4449/
f 4738/4738/ 4737/4737/ 4449/4449/
f 4739/4739/ 4302/4302/ 4305/4305/
f 4708/4708/ 4739/4739/ 4305/4305/
f 4339/4339/ 4338/4338/ 4740/4740/
f 4741/4741/ 4339/4339/ 4740/4740/
f 4341/4341/ 4742/4742/ 4740/4740/
f 4338/4338/ 4341/4341/ 4740/4740/
f 4341/4341/ 4375/4375/ 4743/4743/
f 4742/4742/ 4341/4341/ 4743/4743/
f 4375/4375/ 4342/4342/ 4744/4744/
f 4743/4743/ 4375/4375/ 4744/4744/
f 4290/4290/ 4745/4745/ 4744/4744/
f 4342/4342/ 4290/4290/ 4744/4744/
f 4289/4289/ 4746/4746/ 4745/4745/
f 4290/4290/ 4289/4289/ 4745/4745/
f 4293/4293/ 4747/4747/ 4746/4746/
f 4289/4289/ 4293/4293/ 4746/4746/
f 4334/4334/ 4748/4748/ 4747/4747/
f 4293/4293/ 4334/4334/ 4747/4747/
f 4334/4334/ 4296/4296/ 4749/4749/
f 4748/4748/ 4334/4334/ 4749/4749/
f 4295/4295/ 4750/4750/ 4749/4749/
f 4296/4296/ 4295/4295/ 4749/4749/
f 4431/4431/ 4751/4751/ 4752/4752/
f 4432/4432/ 4431/4431/ 4752/4752/
f 4435/4435/ 4753/4753/ 4751/4751/
f 4431/4431/ 4435/4435/ 4751/4751/
f 4469/4469/ 4754/4754/ 4753/4753/
f 4435/4435/ 4469/4469/ 4753/4753/
f 4469/4469/ 4437/4437/ 4755/4755/
f 4754/4754/ 4469/4469/ 4755/4755/
f 4437/4437/ 4378/4378/ 4756/4756/
f 4755/4755/ 4437/4437/ 4756/4756/
f 4377/4377/ 4757/4757/ 4756/4756/
f 4378/4378/ 4377/4377/ 4756/4756/
f 4381/4381/ 4758/4758/ 4757/4757/
f 4377/4377/ 4381/4381/ 4757/4757/
f 4423/4423/ 4759/4759/ 4758/4758/
f 4381/4381/ 4423/4423/ 4758/4758/
f 4423/4423/ 4384/4384/ 4760/4760/
f 4759/4759/ 4423/4423/ 4760/4760/
f 4383/4383/ 4761/4761/ 4760/4760/
f 4384/4384/ 4383/4383/ 4760/4760/
f 4511/4511/ 4762/4762/ 4761/4761/
f 4383/4383/ 4511/4511/ 4761/4761/
f 4513/4513/ 4763/4763/ 4762/4762/
f 4511/4511/ 4513/4513/ 4762/4762/
f 4549/4549/ 4764/4764/ 4763/4763/
f 4513/4513/ 4549/4549/ 4763/4763/
f 4549/4549/ 4516/4516/ 4765/4765/
f 4764/4764/ 4549/4549/ 4765/4765/
f 4515/4515/ 4766/4766/ 4765/4765/
f 4516/4516/ 4515/4515/ 4765/4765/
f 4471/4471/ 4767/4767/ 4768/4768/
f 4472/4472/ 4471/4471/ 4768/4768/
f 4475/4475/ 4769/4769/ 4767/4767/
f 4471/4471/ 4475/4475/ 4767/4767/
f 4475/4475/ 4509/4509/ 4770/4770/
f 4769/4769/ 4475/4475/ 4770/4770/
f 4509/4509/ 4477/4477/ 4771/4771/
f 4770/4770/ 4509/4509/ 4771/4771/
f 4477/4477/ 4339/4339/ 4741/4741/
f 4771/4771/ 4477/4477/ 4741/4741/
f 4772/4772/ 4773/4773/ 4708/4708/
f 4709/4709/ 4772/4772/ 4708/4708/
f 4772/4772/ 4709/4709/ 4710/4710/
f 4774/4774/ 4772/4772/ 4710/4710/
f 4711/4711/ 4775/4775/ 4774/4774/
f 4710/4710/ 4711/4711/ 4774/4774/
f 4775/4775/ 4711/4711/ 4712/4712/
f 4776/4776/ 4775/4775/ 4712/4712/
f 4776/4776/ 4712/4712/ 4713/4713/
f 4777/4777/ 4776/4776/ 4713/4713/
f 4778/4778/ 4777/4777/ 4713/4713/
f 4714/4714/ 4778/4778/ 4713/4713/
f 4778/4778/ 4714/4714/ 4715/4715/
f 4779/4779/ 4778/4778/ 4715/4715/
f 4716/4716/ 4780/4780/ 4779/4779/
f 4715/4715/ 4716/4716/ 4779/4779/
f 4780/4780/ 4716/4716/ 4717/4717/
f 4781/4781/ 4780/4780/ 4717/4717/
f 4781/4781/ 4717/4717/ 4718/4718/
f 4782/4782/ 4781/4781/ 4718/4718/
f 4783/4783/ 4782/4782/ 4718/4718/
f 4719/4719/ 4783/4783/ 4718/4718/
f 4783/4783/ 4719/4719/ 4720/4720/
f 4784/4784/ 4783/4783/ 4720/4720/
f 4721/4721/ 4785/4785/ 4784/4784/
f 4720/4720/ 4721/4721/ 4784/4784/
f 4785/4785/ 4721/4721/ 4722/4722/
f 4786/4786/ 4785/4785/ 4722/4722/
f 4787/4787/ 4723/4723/ 4724/4724/
f 4788/4788/ 4787/4787/ 4724/4724/
f 4789/4789/ 4788/4788/ 4724/4724/
f 4725/4725/ 4789/4789/ 4724/4724/
f 4789/4789/ 4725/4725/ 4726/4726/
f 4790/4790/ 4789/4789/ 4726/4726/
f 4727/4727/ 4791/4791/ 4790/4790/
f 4726/4726/ 4727/4727/ 4790/4790/
f 4791/4791/ 4727/4727/ 4728/4728/
f 4792/4792/ 4791/4791/ 4728/4728/
f 4792/4792/ 4728/4728/ 4729/4729/
f 4793/4793/ 4792/4792/ 4729/4729/
f 4794/4794/ 4793/4793/ 4729/4729/
f 4730/4730/ 4794/4794/ 4729/4729/
f 4794/4794/ 4730/4730/ 4731/4731/
f 4795/4795/ 4794/4794/ 4731/4731/
f 4732/4732/ 4796/4796/ 4795/4795/
f 4731/4731/ 4732/4732/ 4795/4795/
f 4796/4796/ 4732/4732/ 4733/4733/
f 4797/4797/ 4796/4796/ 4733/4733/
f 4798/4798/ 4797/4797/ 4733/4733/
f 4734/4734/ 4798/4798/ 4733/4733/
f 4799/4799/ 4798/4798/ 4734/4734/
f 4735/4735/ 4799/4799/ 4734/4734/
f 4799/4799/ 4735/4735/ 4736/4736/
f 4800/4800/ 4799/4799/ 4736/4736/
f 4737/4737/ 4801/4801/ 4800/4800/
f 4736/4736/ 4737/4737/ 4800/4800/
f 4801/4801/ 4737/4737/ 4738/4738/
f 4802/4802/ 4801/4801/ 4738/4738/
f 4803/4803/ 4739/4739/ 4708/4708/
f 4773/4773/ 4803/4803/ 4708/4708/
f 4804/4804/ 4748/4748/ 4749/4749/
f 4805/4805/ 4804/4804/ 4749/4749/
f 4748/4748/ 4804/4804/ 4806/4806/
f 4747/4747/ 4748/4748/ 4806/4806/
f 4807/4807/ 4746/4746/ 4747/4747/
f 4806/4806/ 4807/4807/ 4747/4747/
f 4746/4746/ 4807/4807/ 4808/4808/
f 4745/4745/ 4746/4746/ 4808/4808/
f 4745/4745/ 4808/4808/ 4809/4809/
f 4744/4744/ 4745/4745/ 4809/4809/
f 4743/4743/ 4744/4744/ 4809/4809/
f 4810/4810/ 4743/4743/ 4809/4809/
f 4743/4743/ 4810/4810/ 4811/4811/
f 4742/4742/ 4743/4743/ 4811/4811/
f 4812/4812/ 4740/4740/ 4742/4742/
f 4811/4811/ 4812/4812/ 4742/4742/
f 4740/4740/ 4812/4812/ 4813/4813/
f 4741/4741/ 4740/4740/ 4813/4813/
f 4741/4741/ 4813/4813/ 4814/4814/
f 4771/4771/ 4741/4741/ 4814/4814/
f 4770/4770/ 4771/4771/ 4814/4814/
f 4815/4815/ 4770/4770/ 4814/4814/
f 4770/4770/ 4815/4815/ 4816/4816/
f 4769/4769/ 4770/4770/ 4816/4816/
f 4817/4817/ 4767/4767/ 4769/4769/
f 4816/4816/ 4817/4817/ 4769/4769/
f 4767/4767/ 4817/4817/ 4818/4818/
f 4768/4768/ 4767/4767/ 4818/4818/
f 4766/4766/ 4819/4819/ 4820/4820/
f 4765/4765/ 4766/4766/ 4820/4820/
f 4764/4764/ 4765/4765/ 4820/4820/
f 4821/4821/ 4764/4764/ 4820/4820/
f 4764/4764/ 4821/4821/ 4822/4822/
f 4763/4763/ 4764/4764/ 4822/4822/
f 4823/4823/ 4762/4762/ 4763/4763/
f 4822/4822/ 4823/4823/ 4763/4763/
f 4762/4762/ 4823/4823/ 4824/4824/
f 4761/4761/ 4762/4762/ 4824/4824/
f 4761/4761/ 4824/4824/ 4825/4825/
f 4760/4760/ 4761/4761/ 4825/4825/
f 4759/4759/ 4760/4760/ 4825/4825/
f 4826/4826/ 4759/4759/ 4825/4825/
f 4759/4759/ 4826/4826/ 4827/4827/
f 4758/4758/ 4759/4759/ 4827/4827/
f 4828/4828/ 4757/4757/ 4758/4758/
f 4827/4827/ 4828/4828/ 4758/4758/
f 4757/4757/ 4828/4828/ 4829/4829/
f 4756/4756/ 4757/4757/ 4829/4829/
f 4755/4755/ 4756/4756/ 4829/4829/
f 4830/4830/ 4755/4755/ 4829/4829/
f 4831/4831/ 4755/4755/ 4830/4830/
f 4832/4832/ 4831/4831/ 4830/4830/
f 4831/4831/ 4832/4832/ 4833/4833/
f 4753/4753/ 4831/4831/ 4833/4833/
f 4834/4834/ 4751/4751/ 4753/4753/
f 4833/4833/ 4834/4834/ 4753/4753/
f 4751/4751/ 4834/4834/ 4835/4835/
f 4752/4752/ 4751/4751/ 4835/4835/
f 4750/4750/ 4836/4836/ 4805/4805/
f 4749/4749/ 4750/4750/ 4805/4805/
f 4837/4837/ 4838/4838/ 4839/4839/
f 4840/4840/ 4837/4837/ 4839/4839/
f 4837/4837/ 4841/4841/ 4842/4842/
f 4838/4838/ 4837/4837/ 4842/4842/
f 4843/4843/ 4844/4844/ 4842/4842/
f 4841/4841/ 4843/4843/ 4842/4842/
f 4845/4845/ 4846/4846/ 4844/4844/
f 4843/4843/ 4845/4845/ 4844/4844/
f 4847/4847/ 4846/4846/ 4845/4845/
f 4848/4848/ 4847/4847/ 4845/4845/
f 4849/4849/ 4850/4850/ 4847/4847/
f 4848/4848/ 4849/4849/ 4847/4847/
f 4849/4849/ 4851/4851/ 4852/4852/
f 4850/4850/ 4849/4849/ 4852/4852/
f 4853/4853/ 4854/4854/ 4852/4852/
f 4851/4851/ 4853/4853/ 4852/4852/
f 4855/4855/ 4856/4856/ 4854/4854/
f 4853/4853/ 4855/4855/ 4854/4854/
f 4857/4857/ 4858/4858/ 4856/4856/
f 4855/4855/ 4857/4857/ 4856/4856/
f 4857/4857/ 4859/4859/ 4860/4860/
f 4858/4858/ 4857/4857/ 4860/4860/
f 4859/4859/ 4861/4861/ 4862/4862/
f 4860/4860/ 4859/4859/ 4862/4862/
f 4863/4863/ 4864/4864/ 4862/4862/
f 4861/4861/ 4863/4863/ 4862/4862/
f 4865/4865/ 4866/4866/ 4864/4864/
f 4863/4863/ 4865/4865/ 4864/4864/
f 4867/4867/ 4868/4868/ 4866/4866/
f 4865/4865/ 4867/4867/ 4866/4866/
f 4869/4869/ 4870/4870/ 4871/4871/
f 4872/4872/ 4869/4869/ 4871/4871/
f 4869/4869/ 4873/4873/ 4874/4874/
f 4870/4870/ 4869/4869/ 4874/4874/
f 4875/4875/ 4876/4876/ 4874/4874/
f 4873/4873/ 4875/4875/ 4874/4874/
f 4877/4877/ 4878/4878/ 4876/4876/
f 4875/4875/ 4877/4877/ 4876/4876/
f 4879/4879/ 4880/4880/ 4878/4878/
f 4877/4877/ 4879/4879/ 4878/4878/
f 4879/4879/ 4881/4881/ 4882/4882/
f 4880/4880/ 4879/4879/ 4882/4882/
f 4881/4881/ 4883/4883/ 4884/4884/
f 4882/4882/ 4881/4881/ 4884/4884/
f 4885/4885/ 4886/4886/ 4884/4884/
f 4883/4883/ 4885/4885/ 4884/4884/
f 4887/4887/ 4888/4888/ 4886/4886/
f 4885/4885/ 4887/4887/ 4886/4886/
f 4887/4887/ 4889/4889/ 4890/4890/
f 4888/4888/ 4887/4887/ 4890/4890/
f 4891/4891/ 4892/4892/ 4890/4890/
f 4889/4889/ 4891/4891/ 4890/4890/
f 4891/4891/ 4893/4893/ 4894/4894/
f 4892/4892/ 4891/4891/ 4894/4894/
f 4895/4895/ 4896/4896/ 4897/4897/
f 4898/4898/ 4895/4895/ 4897/4897/
f 4899/4899/ 4900/4900/ 4896/4896/
f 4895/4895/ 4899/4899/ 4896/4896/
f 4899/4899/ 4901/4901/ 4902/4902/
f 4900/4900/ 4899/4899/ 4902/4902/
f 4903/4903/ 4904/4904/ 4905/4905/
f 4906/4906/ 4903/4903/ 4905/4905/
f 4907/4907/ 4908/4908/ 4909/4909/
f 4910/4910/ 4907/4907/ 4909/4909/
f 4911/4911/ 4912/4912/ 4913/4913/
f 4914/4914/ 4911/4911/ 4913/4913/
f 4915/4915/ 4916/4916/ 4917/4917/
f 4918/4918/ 4915/4915/ 4917/4917/
f 4904/4904/ 4919/4919/ 4920/4920/
f 4921/4921/ 4904/4904/ 4920/4920/
f 4922/4922/ 4923/4923/ 4924/4924/
f 4925/4925/ 4922/4922/ 4924/4924/
f 4926/4926/ 4927/4927/ 4928/4928/
f 4929/4929/ 4926/4926/ 4928/4928/
f 4930/4930/ 4931/4931/ 4912/4912/
f 4932/4932/ 4930/4930/ 4912/4912/
f 4933/4933/ 4934/4934/ 4935/4935/
f 4936/4936/ 4933/4933/ 4935/4935/
f 4937/4937/ 4929/4929/ 4928/4928/
f 4938/4938/ 4937/4937/ 4928/4928/
f 4939/4939/ 4940/4940/ 4941/4941/
f 4942/4942/ 4939/4939/ 4941/4941/
f 4943/4943/ 4940/4940/ 4939/4939/
f 4944/4944/ 4943/4943/ 4939/4939/
f 4945/4945/ 4946/4946/ 4947/4947/
f 4948/4948/ 4945/4945/ 4947/4947/
f 4946/4946/ 4949/4949/ 4950/4950/
f 4947/4947/ 4946/4946/ 4950/4950/
f 4951/4951/ 4952/4952/ 4953/4953/
f 4954/4954/ 4951/4951/ 4953/4953/
f 4954/4954/ 4953/4953/ 4955/4955/
f 4956/4956/ 4954/4954/ 4955/4955/
f 4957/4957/ 4958/4958/ 4959/4959/
f 4960/4960/ 4957/4957/ 4959/4959/
f 4961/4961/ 4962/4962/ 4963/4963/
f 4964/4964/ 4961/4961/ 4963/4963/
f 4965/4965/ 4966/4966/ 4967/4967/
f 4968/4968/ 4965/4965/ 4967/4967/
f 4969/4969/ 4970/4970/ 4971/4971/
f 4972/4972/ 4969/4969/ 4971/4971/
f 4973/4973/ 4974/4974/ 4975/4975/
f 4976/4976/ 4973/4973/ 4975/4975/
f 4977/4977/ 4978/4978/ 4979/4979/
f 4980/4980/ 4977/4977/ 4979/4979/
f 4981/4981/ 4982/4982/ 4983/4983/
f 4984/4984/ 4981/4981/ 4983/4983/
f 4985/4985/ 4986/4986/ 4987/4987/
f 4988/4988/ 4985/4985/ 4987/4987/
f 4989/4989/ 4990/4990/ 4991/4991/
f 4992/4992/ 4989/4989/ 4991/4991/
f 4993/4993/ 4994/4994/ 4995/4995/
f 4996/4996/ 4993/4993/ 4995/4995/
f 4997/4997/ 4998/4998/ 4991/4991/
f 4990/4990/ 4997/4997/ 4991/4991/
f 4999/4999/ 4994/4994/ 4993/4993/
f 5000/5000/ 4999/4999/ 4993/4993/
f 5001/5001/ 5002/5002/ 5003/5003/
f 5004/5004/ 5001/5001/ 5003/5003/
f 5005/5005/ 5006/5006/ 5007/5007/
f 5008/5008/ 5005/5005/ 5007/5007/
f 5009/5009/ 5010/5010/ 5011/5011/
f 5012/5012/ 5009/5009/ 5011/5011/
f 5013/5013/ 5014/5014/ 5015/5015/
f 5016/5016/ 5013/5013/ 5015/5015/
f 5017/5017/ 4992/4992/ 4991/4991/
f 4998/4998/ 5017/5017/ 4991/4991/
f 4993/4993/ 4996/4996/ 5018/5018/
f 5000/5000/ 4993/4993/ 5018/5018/
f 5019/5019/ 4992/4992/ 5017/5017/
f 5020/5020/ 5019/5019/ 5017/5017/
f 5018/5018/ 4996/4996/ 5021/5021/
f 5022/5022/ 5018/5018/ 5021/5021/
f 5012/5012/ 5013/5013/ 5016/5016/
f 5009/5009/ 5012/5012/ 5016/5016/
f 4972/4972/ 4971/4971/ 4985/4985/
f 4988/4988/ 4972/4972/ 4985/4985/
f 4968/4968/ 4973/4973/ 4976/4976/
f 4965/4965/ 4968/4968/ 4976/4976/
f 4944/4944/ 4939/4939/ 5023/5023/
f 4956/4956/ 4944/4944/ 5023/5023/
f 5024/5024/ 5023/5023/ 4939/4939/
f 4942/4942/ 5024/5024/ 4939/4939/
f 4938/4938/ 4928/4928/ 5025/5025/
f 5026/5026/ 4938/4938/ 5025/5025/
f 4927/4927/ 4948/4948/ 5025/5025/
f 4928/4928/ 4927/4927/ 5025/5025/
f 4980/4980/ 4979/4979/ 4958/4958/
f 4957/4957/ 4980/4980/ 4958/4958/
f 4962/4962/ 4984/4984/ 4983/4983/
f 4963/4963/ 4962/4962/ 4983/4983/
f 5008/5008/ 5007/5007/ 5002/5002/
f 5001/5001/ 5008/5008/ 5002/5002/
f 4980/4980/ 4983/4983/ 4982/4982/
f 4977/4977/ 4980/4980/ 4982/4982/
f 4957/4957/ 4963/4963/ 4983/4983/
f 4980/4980/ 4957/4957/ 4983/4983/
f 4960/4960/ 4964/4964/ 4963/4963/
f 4957/4957/ 4960/4960/ 4963/4963/
f 4914/4914/ 4913/4913/ 4915/4915/
f 4918/4918/ 4914/4914/ 4915/4915/
f 4935/4935/ 4934/4934/ 4931/4931/
f 4930/4930/ 4935/4935/ 4931/4931/
f 4922/4922/ 4920/4920/ 4919/4919/
f 4923/4923/ 4922/4922/ 4919/4919/
f 4906/4906/ 4910/4910/ 4909/4909/
f 4903/4903/ 4906/4906/ 4909/4909/
f 4966/4966/ 4965/4965/ 4971/4971/
f 4970/4970/ 4966/4966/ 4971/4971/
f 4965/4965/ 4976/4976/ 4985/4985/
f 4971/4971/ 4965/4965/ 4985/4985/
f 4976/4976/ 4975/4975/ 4986/4986/
f 4985/4985/ 4976/4976/ 4986/4986/
f 5027/5027/ 5028/5028/ 5014/5014/
f 5013/5013/ 5027/5027/ 5014/5014/
f 5012/5012/ 5029/5029/ 5027/5027/
f 5013/5013/ 5012/5012/ 5027/5027/
f 5029/5029/ 5012/5012/ 5011/5011/
f 5030/5030/ 5029/5029/ 5011/5011/
f 4990/4990/ 5031/5031/ 5032/5032/
f 4997/4997/ 4990/4990/ 5032/5032/
f 5033/5033/ 5031/5031/ 4990/4990/
f 4989/4989/ 5033/5033/ 4990/4990/
f 5034/5034/ 4995/4995/ 4994/4994/
f 5035/5035/ 5034/5034/ 4994/4994/
f 5036/5036/ 5035/5035/ 4994/4994/
f 4999/4999/ 5036/5036/ 4994/4994/
f 5037/5037/ 5038/5038/ 5003/5003/
f 5002/5002/ 5037/5037/ 5003/5003/
f 5002/5002/ 5007/5007/ 5039/5039/
f 5037/5037/ 5002/5002/ 5039/5039/
f 5039/5039/ 5007/5007/ 5006/5006/
f 5040/5040/ 5039/5039/ 5006/5006/
f 5041/5041/ 5020/5020/ 5017/5017/
f 5042/5042/ 5041/5041/ 5017/5017/
f 5042/5042/ 5017/5017/ 4998/4998/
f 5010/5010/ 5042/5042/ 4998/4998/
f 5010/5010/ 4998/4998/ 4997/4997/
f 5011/5011/ 5010/5010/ 4997/4997/
f 4997/4997/ 5032/5032/ 5030/5030/
f 5011/5011/ 4997/4997/ 5030/5030/
f 4907/4907/ 4910/4910/ 4970/4970/
f 4969/4969/ 4907/4907/ 4970/4970/
f 4966/4966/ 4970/4970/ 4910/4910/
f 4906/4906/ 4966/4966/ 4910/4910/
f 4906/4906/ 4905/4905/ 4967/4967/
f 4966/4966/ 4906/4906/ 4967/4967/
f 4944/4944/ 5043/5043/ 5044/5044/
f 4943/4943/ 4944/4944/ 5044/5044/
f 5043/5043/ 4944/4944/ 4956/4956/
f 5045/5045/ 5043/5043/ 4956/4956/
f 4956/4956/ 4955/4955/ 5046/5046/
f 5045/5045/ 4956/4956/ 5046/5046/
f 5047/5047/ 4945/4945/ 4948/4948/
f 5048/5048/ 5047/5047/ 4948/4948/
f 5049/5049/ 5048/5048/ 4948/4948/
f 4927/4927/ 5049/5049/ 4948/4948/
f 4927/4927/ 4926/4926/ 5050/5050/
f 5049/5049/ 4927/4927/ 5050/5050/
f 4914/4914/ 4960/4960/ 4959/4959/
f 4911/4911/ 4914/4914/ 4959/4959/
f 4960/4960/ 4914/4914/ 4918/4918/
f 4964/4964/ 4960/4960/ 4918/4918/
f 4917/4917/ 4961/4961/ 4964/4964/
f 4918/4918/ 4917/4917/ 4964/4964/
f 4999/4999/ 5003/5003/ 5038/5038/
f 5036/5036/ 4999/4999/ 5038/5038/
f 5000/5000/ 5004/5004/ 5003/5003/
f 4999/4999/ 5000/5000/ 5003/5003/
f 5051/5051/ 5004/5004/ 5000/5000/
f 5018/5018/ 5051/5051/ 5000/5000/
f 5052/5052/ 5051/5051/ 5018/5018/
f 5022/5022/ 5052/5052/ 5018/5018/
f 5045/5045/ 5046/5046/ 4974/4974/
f 4973/4973/ 5045/5045/ 4974/4974/
f 5043/5043/ 5045/5045/ 4973/4973/
f 4968/4968/ 5043/5043/ 4973/4973/
f 4968/4968/ 4967/4967/ 5044/5044/
f 5043/5043/ 4968/4968/ 5044/5044/
f 4905/4905/ 4943/4943/ 5044/5044/
f 4967/4967/ 4905/4905/ 5044/5044/
f 4943/4943/ 4905/4905/ 4904/4904/
f 4940/4940/ 4943/4943/ 4904/4904/
f 4940/4940/ 4904/4904/ 4921/4921/
f 5053/5053/ 4940/4940/ 4921/4921/
f 4932/4932/ 4912/4912/ 4929/4929/
f 5054/5054/ 4932/4932/ 4929/4929/
f 4926/4926/ 4929/4929/ 4912/4912/
f 4911/4911/ 4926/4926/ 4912/4912/
f 4911/4911/ 4959/4959/ 5050/5050/
f 4926/4926/ 4911/4911/ 5050/5050/
f 5050/5050/ 4959/4959/ 4958/4958/
f 5049/5049/ 5050/5050/ 4958/4958/
f 5049/5049/ 4958/4958/ 4979/4979/
f 5048/5048/ 5049/5049/ 4979/4979/
f 5048/5048/ 4979/4979/ 4978/4978/
f 5047/5047/ 5048/5048/ 4978/4978/
f 5040/5040/ 4981/4981/ 4984/4984/
f 5039/5039/ 5040/5040/ 4984/4984/
f 5037/5037/ 5039/5039/ 4984/4984/
f 4962/4962/ 5037/5037/ 4984/4984/
f 4962/4962/ 4961/4961/ 5038/5038/
f 5037/5037/ 4962/4962/ 5038/5038/
f 5036/5036/ 5038/5038/ 4961/4961/
f 4917/4917/ 5036/5036/ 4961/4961/
f 4917/4917/ 4916/4916/ 5035/5035/
f 5036/5036/ 4917/4917/ 5035/5035/
f 5035/5035/ 4933/4933/ 4936/4936/
f 5034/5034/ 5035/5035/ 4936/4936/
f 4925/4925/ 4924/4924/ 5031/5031/
f 5033/5033/ 4925/4925/ 5031/5031/
f 5031/5031/ 4908/4908/ 4907/4907/
f 5032/5032/ 5031/5031/ 4907/4907/
f 4969/4969/ 5030/5030/ 5032/5032/
f 4907/4907/ 4969/4969/ 5032/5032/
f 5030/5030/ 4969/4969/ 4972/4972/
f 5029/5029/ 5030/5030/ 4972/4972/
f 5029/5029/ 4972/4972/ 4988/4988/
f 5027/5027/ 5029/5029/ 4988/4988/
f 4988/4988/ 4987/4987/ 5028/5028/
f 5027/5027/ 4988/4988/ 5028/5028/
f 5055/5055/ 5056/5056/ 5057/5057/
f 5058/5058/ 5055/5055/ 5057/5057/
f 5059/5059/ 5060/5060/ 5057/5057/
f 5061/5061/ 5062/5062/ 5058/5058/
f 5063/5063/ 5061/5061/ 5058/5058/
f 5056/5056/ 5059/5059/ 5057/5057/
f 5064/5064/ 5065/5065/ 5066/5066/
f 5067/5067/ 5068/5068/ 5069/5069/
f 5070/5070/ 5071/5071/ 5072/5072/
f 5073/5073/ 5070/5070/ 5072/5072/
f 5060/5060/ 5074/5074/ 5066/5066/
f 5057/5057/ 5060/5060/ 5066/5066/
f 5075/5075/ 5076/5076/ 5066/5066/
f 5065/5065/ 5075/5075/ 5066/5066/
f 5071/5071/ 5077/5077/ 5072/5072/
f 5078/5078/ 5079/5079/ 5069/5069/
f 5068/5068/ 5078/5078/ 5069/5069/
f 5062/5062/ 5055/5055/ 5058/5058/
f 5080/5080/ 5073/5073/ 5081/5081/
f 5082/5082/ 5080/5080/ 5081/5081/
f 5083/5083/ 5084/5084/ 5085/5085/
f 5079/5079/ 5083/5083/ 5085/5085/
f 5078/5078/ 5086/5086/ 5079/5079/
f 5087/5087/ 5070/5070/ 5073/5073/
f 5088/5088/ 5089/5089/ 5076/5076/
f 5074/5074/ 5064/5064/ 5066/5066/
f 5075/5075/ 5088/5088/ 5076/5076/
f 5080/5080/ 5087/5087/ 5073/5073/
f 5090/5090/ 5061/5061/ 5063/5063/
f 5086/5086/ 5083/5083/ 5079/5079/
f 5091/5091/ 5092/5092/ 5093/5093/
f 5094/5094/ 5091/5091/ 5093/5093/
f 5095/5095/ 5096/5096/ 5097/5097/
f 5098/5098/ 5095/5095/ 5097/5097/
f 5099/5099/ 5100/5100/ 5101/5101/
f 5102/5102/ 5099/5099/ 5101/5101/
f 5103/5103/ 5104/5104/ 5105/5105/
f 5106/5106/ 5103/5103/ 5105/5105/
f 5107/5107/ 5108/5108/ 5109/5109/
f 5110/5110/ 5107/5107/ 5109/5109/
f 5111/5111/ 5112/5112/ 5113/5113/
f 5114/5114/ 5111/5111/ 5113/5113/
f 5115/5115/ 5116/5116/ 5117/5117/
f 5118/5118/ 5115/5115/ 5117/5117/
f 5119/5119/ 5120/5120/ 5121/5121/
f 5122/5122/ 5119/5119/ 5121/5121/
f 5123/5123/ 5119/5119/ 5122/5122/
f 5124/5124/ 5123/5123/ 5122/5122/
f 5100/5100/ 5125/5125/ 5126/5126/
f 5101/5101/ 5100/5100/ 5126/5126/
f 5127/5127/ 5128/5128/ 5096/5096/
f 5095/5095/ 5127/5127/ 5096/5096/
f 5129/5129/ 5119/5119/ 5123/5123/
f 5130/5130/ 5129/5129/ 5123/5123/
f 5131/5131/ 5120/5120/ 5119/5119/
f 5129/5129/ 5131/5131/ 5119/5119/
f 5116/5116/ 5115/5115/ 5132/5132/
f 5133/5133/ 5116/5116/ 5132/5132/
f 5118/5118/ 5117/5117/ 5134/5134/
f 5135/5135/ 5118/5118/ 5134/5134/
f 5124/5124/ 5122/5122/ 5136/5136/
f 5137/5137/ 5124/5124/ 5136/5136/
f 5122/5122/ 5121/5121/ 5138/5138/
f 5136/5136/ 5122/5122/ 5138/5138/
f 5102/5102/ 5101/5101/ 5136/5136/
f 5138/5138/ 5102/5102/ 5136/5136/
f 5101/5101/ 5126/5126/ 5137/5137/
f 5136/5136/ 5101/5101/ 5137/5137/
f 5135/5135/ 5134/5134/ 5113/5113/
f 5112/5112/ 5135/5135/ 5113/5113/
f 5139/5139/ 5140/5140/ 5100/5100/
f 5099/5099/ 5139/5139/ 5100/5100/
f 5140/5140/ 5141/5141/ 5125/5125/
f 5100/5100/ 5140/5140/ 5125/5125/
f 5142/5142/ 5111/5111/ 5114/5114/
f 5143/5143/ 5142/5142/ 5114/5114/
f 5092/5092/ 5095/5095/ 5098/5098/
f 5093/5093/ 5092/5092/ 5098/5098/
f 5104/5104/ 5110/5110/ 5109/5109/
f 5105/5105/ 5104/5104/ 5109/5109/
f 5144/5144/ 5145/5145/ 5146/5146/
f 5147/5147/ 5144/5144/ 5146/5146/
f 5146/5146/ 5148/5148/ 5149/5149/
f 5147/5147/ 5146/5146/ 5149/5149/
f 5148/5148/ 5150/5150/ 5151/5151/
f 5149/5149/ 5148/5148/ 5151/5151/
f 5152/5152/ 5153/5153/ 5154/5154/
f 5155/5155/ 5152/5152/ 5154/5154/
f 5155/5155/ 5154/5154/ 5156/5156/
f 5157/5157/ 5155/5155/ 5156/5156/
f 5156/5156/ 5158/5158/ 5159/5159/
f 5157/5157/ 5156/5156/ 5159/5159/
f 5160/5160/ 5159/5159/ 5158/5158/
f 5161/5161/ 5160/5160/ 5158/5158/
f 5162/5162/ 5160/5160/ 5161/5161/
f 5163/5163/ 5162/5162/ 5161/5161/
f 5164/5164/ 5162/5162/ 5163/5163/
f 5165/5165/ 5164/5164/ 5163/5163/
f 5094/5094/ 5093/5093/ 5146/5146/
f 5145/5145/ 5094/5094/ 5146/5146/
f 5148/5148/ 5146/5146/ 5093/5093/
f 5098/5098/ 5148/5148/ 5093/5093/
f 5097/5097/ 5150/5150/ 5148/5148/
f 5098/5098/ 5097/5097/ 5148/5148/
f 5139/5139/ 5099/5099/ 5154/5154/
f 5153/5153/ 5139/5139/ 5154/5154/
f 5102/5102/ 5156/5156/ 5154/5154/
f 5099/5099/ 5102/5102/ 5154/5154/
f 5158/5158/ 5156/5156/ 5102/5102/
f 5138/5138/ 5158/5158/ 5102/5102/
f 5121/5121/ 5161/5161/ 5158/5158/
f 5138/5138/ 5121/5121/ 5158/5158/
f 5120/5120/ 5163/5163/ 5161/5161/
f 5121/5121/ 5120/5120/ 5161/5161/
f 5165/5165/ 5163/5163/ 5120/5120/
f 5131/5131/ 5165/5165/ 5120/5120/
f 5106/5106/ 5105/5105/ 5166/5166/
f 5167/5167/ 5106/5106/ 5166/5166/
f 5168/5168/ 5166/5166/ 5105/5105/
f 5109/5109/ 5168/5168/ 5105/5105/
f 5108/5108/ 5169/5169/ 5168/5168/
f 5109/5109/ 5108/5108/ 5168/5168/
f 5143/5143/ 5114/5114/ 5170/5170/
f 5171/5171/ 5143/5143/ 5170/5170/
f 5114/5114/ 5113/5113/ 5172/5172/
f 5170/5170/ 5114/5114/ 5172/5172/
f 5134/5134/ 5173/5173/ 5172/5172/
f 5113/5113/ 5134/5134/ 5172/5172/
f 5174/5174/ 5173/5173/ 5134/5134/
f 5117/5117/ 5174/5174/ 5134/5134/
f 5116/5116/ 5175/5175/ 5174/5174/
f 5117/5117/ 5116/5116/ 5174/5174/
f 5133/5133/ 5176/5176/ 5175/5175/
f 5116/5116/ 5133/5133/ 5175/5175/
f 5167/5167/ 5166/5166/ 5177/5177/
f 5178/5178/ 5167/5167/ 5177/5177/
f 5166/5166/ 5168/5168/ 5179/5179/
f 5177/5177/ 5166/5166/ 5179/5179/
f 5168/5168/ 5169/5169/ 5180/5180/
f 5179/5179/ 5168/5168/ 5180/5180/
f 5171/5171/ 5170/5170/ 5181/5181/
f 5182/5182/ 5171/5171/ 5181/5181/
f 5170/5170/ 5172/5172/ 5183/5183/
f 5181/5181/ 5170/5170/ 5183/5183/
f 5183/5183/ 5172/5172/ 5173/5173/
f 5184/5184/ 5183/5183/ 5173/5173/
f 5185/5185/ 5184/5184/ 5173/5173/
f 5174/5174/ 5185/5185/ 5173/5173/
f 5186/5186/ 5185/5185/ 5174/5174/
f 5175/5175/ 5186/5186/ 5174/5174/
f 5176/5176/ 5187/5187/ 5186/5186/
f 5175/5175/ 5176/5176/ 5186/5186/
f 5188/5188/ 5127/5127/ 5095/5095/
f 5092/5092/ 5188/5188/ 5095/5095/
f 5091/5091/ 5189/5189/ 5188/5188/
f 5092/5092/ 5091/5091/ 5188/5188/
f 5187/5187/ 5190/5190/ 5191/5191/
f 5186/5186/ 5187/5187/ 5191/5191/
f 5191/5191/ 5192/5192/ 5185/5185/
f 5186/5186/ 5191/5191/ 5185/5185/
f 5192/5192/ 5193/5193/ 5184/5184/
f 5185/5185/ 5192/5192/ 5184/5184/
f 5194/5194/ 5183/5183/ 5184/5184/
f 5193/5193/ 5194/5194/ 5184/5184/
f 5181/5181/ 5183/5183/ 5194/5194/
f 5195/5195/ 5181/5181/ 5194/5194/
f 5182/5182/ 5181/5181/ 5195/5195/
f 5196/5196/ 5182/5182/ 5195/5195/
f 5179/5179/ 5180/5180/ 5197/5197/
f 5198/5198/ 5179/5179/ 5197/5197/
f 5179/5179/ 5198/5198/ 5199/5199/
f 5177/5177/ 5179/5179/ 5199/5199/
f 5178/5178/ 5177/5177/ 5199/5199/
f 5200/5200/ 5178/5178/ 5199/5199/
f 5151/5151/ 5150/5150/ 5153/5153/
f 5152/5152/ 5151/5151/ 5153/5153/
f 5139/5139/ 5153/5153/ 5150/5150/
f 5097/5097/ 5139/5139/ 5150/5150/
f 5096/5096/ 5140/5140/ 5139/5139/
f 5097/5097/ 5096/5096/ 5139/5139/
f 5128/5128/ 5141/5141/ 5140/5140/
f 5096/5096/ 5128/5128/ 5140/5140/
f 5197/5197/ 5180/5180/ 5182/5182/
f 5196/5196/ 5197/5197/ 5182/5182/
f 5180/5180/ 5169/5169/ 5171/5171/
f 5182/5182/ 5180/5180/ 5171/5171/
f 5143/5143/ 5171/5171/ 5169/5169/
f 5108/5108/ 5143/5143/ 5169/5169/
f 5142/5142/ 5143/5143/ 5108/5108/
f 5107/5107/ 5142/5142/ 5108/5108/
f 5201/5201/ 5202/5202/ 5203/5203/
f 5204/5204/ 5201/5201/ 5203/5203/
f 5201/5201/ 5204/5204/ 5205/5205/
f 5206/5206/ 5201/5201/ 5205/5205/
f 5207/5207/ 5206/5206/ 5205/5205/
f 5208/5208/ 5207/5207/ 5205/5205/
f 5209/5209/ 5210/5210/ 5211/5211/
f 5212/5212/ 5209/5209/ 5211/5211/
f 5209/5209/ 5212/5212/ 5213/5213/
f 5214/5214/ 5209/5209/ 5213/5213/
f 5214/5214/ 5213/5213/ 5215/5215/
f 5216/5216/ 5214/5214/ 5215/5215/
f 5217/5217/ 5218/5218/ 5219/5219/
f 5220/5220/ 5217/5217/ 5219/5219/
f 5221/5221/ 5219/5219/ 5218/5218/
f 5222/5222/ 5221/5221/ 5218/5218/
f 5223/5223/ 5221/5221/ 5222/5222/
f 5224/5224/ 5223/5223/ 5222/5222/
f 5225/5225/ 5226/5226/ 5227/5227/
f 5228/5228/ 5225/5225/ 5227/5227/
f 5229/5229/ 5228/5228/ 5227/5227/
f 5230/5230/ 5229/5229/ 5227/5227/
f 5231/5231/ 5232/5232/ 5233/5233/
f 5234/5234/ 5231/5231/ 5233/5233/
f 5234/5234/ 5233/5233/ 5235/5235/
f 5236/5236/ 5234/5234/ 5235/5235/
f 5236/5236/ 5235/5235/ 5237/5237/
f 5238/5238/ 5236/5236/ 5237/5237/
f 5239/5239/ 5240/5240/ 5241/5241/
f 5242/5242/ 5239/5239/ 5241/5241/
f 5202/5202/ 5242/5242/ 5241/5241/
f 5203/5203/ 5202/5202/ 5241/5241/
f 5243/5243/ 5244/5244/ 5245/5245/
f 5246/5246/ 5243/5243/ 5245/5245/
f 5247/5247/ 5246/5246/ 5245/5245/
f 5248/5248/ 5247/5247/ 5245/5245/
f 5249/5249/ 5247/5247/ 5248/5248/
f 5250/5250/ 5249/5249/ 5248/5248/
f 5251/5251/ 5252/5252/ 5253/5253/
f 5254/5254/ 5251/5251/ 5253/5253/
f 5254/5254/ 5253/5253/ 5255/5255/
f 5256/5256/ 5254/5254/ 5255/5255/
f 5256/5256/ 5255/5255/ 5257/5257/
f 5258/5258/ 5256/5256/ 5257/5257/
f 5259/5259/ 5258/5258/ 5257/5257/
f 5260/5260/ 5259/5259/ 5257/5257/
f 5261/5261/ 5259/5259/ 5260/5260/
f 5262/5262/ 5261/5261/ 5260/5260/
f 5263/5263/ 5261/5261/ 5262/5262/
f 5264/5264/ 5263/5263/ 5262/5262/
f 5265/5265/ 5266/5266/ 5267/5267/
f 5268/5268/ 5265/5265/ 5267/5267/
f 5265/5265/ 5268/5268/ 5269/5269/
f 5270/5270/ 5265/5265/ 5269/5269/
f 5270/5270/ 5269/5269/ 5271/5271/
f 5272/5272/ 5270/5270/ 5271/5271/
f 5273/5273/ 5272/5272/ 5271/5271/
f 5274/5274/ 5273/5273/ 5271/5271/
f 5275/5275/ 5273/5273/ 5274/5274/
f 5276/5276/ 5275/5275/ 5274/5274/
f 5277/5277/ 5278/5278/ 5279/5279/
f 5280/5280/ 5277/5277/ 5279/5279/
f 5280/5280/ 5279/5279/ 5244/5244/
f 5243/5243/ 5280/5280/ 5244/5244/
f 5281/5281/ 5282/5282/ 5202/5202/
f 5201/5201/ 5281/5281/ 5202/5202/
f 5281/5281/ 5201/5201/ 5206/5206/
f 5283/5283/ 5281/5281/ 5206/5206/
f 5284/5284/ 5283/5283/ 5206/5206/
f 5207/5207/ 5284/5284/ 5206/5206/
f 5285/5285/ 5286/5286/ 5210/5210/
f 5209/5209/ 5285/5285/ 5210/5210/
f 5287/5287/ 5285/5285/ 5209/5209/
f 5214/5214/ 5287/5287/ 5209/5209/
f 5288/5288/ 5287/5287/ 5214/5214/
f 5216/5216/ 5288/5288/ 5214/5214/
f 5289/5289/ 5220/5220/ 5219/5219/
f 5290/5290/ 5289/5289/ 5219/5219/
f 5290/5290/ 5219/5219/ 5221/5221/
f 5291/5291/ 5290/5290/ 5221/5221/
f 5291/5291/ 5221/5221/ 5223/5223/
f 5292/5292/ 5291/5291/ 5223/5223/
f 5293/5293/ 5225/5225/ 5228/5228/
f 5294/5294/ 5293/5293/ 5228/5228/
f 5295/5295/ 5294/5294/ 5228/5228/
f 5229/5229/ 5295/5295/ 5228/5228/
f 5296/5296/ 5231/5231/ 5234/5234/
f 5297/5297/ 5296/5296/ 5234/5234/
f 5297/5297/ 5234/5234/ 5236/5236/
f 5298/5298/ 5297/5297/ 5236/5236/
f 5298/5298/ 5236/5236/ 5238/5238/
f 5299/5299/ 5298/5298/ 5238/5238/
f 5300/5300/ 5239/5239/ 5242/5242/
f 5301/5301/ 5300/5300/ 5242/5242/
f 5282/5282/ 5301/5301/ 5242/5242/
f 5202/5202/ 5282/5282/ 5242/5242/
f 5279/5279/ 5302/5302/ 5303/5303/
f 5244/5244/ 5279/5279/ 5303/5303/
f 5278/5278/ 5304/5304/ 5302/5302/
f 5279/5279/ 5278/5278/ 5302/5302/
f 5276/5276/ 5274/5274/ 5305/5305/
f 5306/5306/ 5276/5276/ 5305/5305/
f 5274/5274/ 5271/5271/ 5307/5307/
f 5305/5305/ 5274/5274/ 5307/5307/
f 5269/5269/ 5308/5308/ 5307/5307/
f 5271/5271/ 5269/5269/ 5307/5307/
f 5269/5269/ 5268/5268/ 5309/5309/
f 5308/5308/ 5269/5269/ 5309/5309/
f 5268/5268/ 5267/5267/ 5310/5310/
f 5309/5309/ 5268/5268/ 5310/5310/
f 5252/5252/ 5311/5311/ 5312/5312/
f 5253/5253/ 5252/5252/ 5312/5312/
f 5250/5250/ 5248/5248/ 5313/5313/
f 5314/5314/ 5250/5250/ 5313/5313/
f 5248/5248/ 5245/5245/ 5315/5315/
f 5313/5313/ 5248/5248/ 5315/5315/
f 5244/5244/ 5303/5303/ 5315/5315/
f 5245/5245/ 5244/5244/ 5315/5315/
f 5303/5303/ 5302/5302/ 5316/5316/
f 5317/5317/ 5303/5303/ 5316/5316/
f 5302/5302/ 5304/5304/ 5318/5318/
f 5316/5316/ 5302/5302/ 5318/5318/
f 5305/5305/ 5319/5319/ 5320/5320/
f 5306/5306/ 5305/5305/ 5320/5320/
f 5305/5305/ 5307/5307/ 5321/5321/
f 5319/5319/ 5305/5305/ 5321/5321/
f 5307/5307/ 5308/5308/ 5322/5322/
f 5321/5321/ 5307/5307/ 5322/5322/
f 5309/5309/ 5323/5323/ 5322/5322/
f 5308/5308/ 5309/5309/ 5322/5322/
f 5309/5309/ 5310/5310/ 5324/5324/
f 5323/5323/ 5309/5309/ 5324/5324/
f 5312/5312/ 5311/5311/ 5325/5325/
f 5326/5326/ 5312/5312/ 5325/5325/
f 5314/5314/ 5313/5313/ 5327/5327/
f 5328/5328/ 5314/5314/ 5327/5327/
f 5313/5313/ 5315/5315/ 5329/5329/
f 5327/5327/ 5313/5313/ 5329/5329/
f 5303/5303/ 5317/5317/ 5329/5329/
f 5315/5315/ 5303/5303/ 5329/5329/
f 5318/5318/ 5330/5330/ 5331/5331/
f 5316/5316/ 5318/5318/ 5331/5331/
f 5320/5320/ 5319/5319/ 5332/5332/
f 5333/5333/ 5320/5320/ 5332/5332/
f 5324/5324/ 5334/5334/ 5335/5335/
f 5323/5323/ 5324/5324/ 5335/5335/
f 5326/5326/ 5325/5325/ 5336/5336/
f 5337/5337/ 5326/5326/ 5336/5336/
f 5338/5338/ 5339/5339/ 5340/5340/
f 5341/5341/ 5338/5338/ 5340/5340/
f 5342/5342/ 5343/5343/ 5344/5344/
f 5345/5345/ 5342/5342/ 5344/5344/
f 5346/5346/ 5347/5347/ 5348/5348/
f 5349/5349/ 5346/5346/ 5348/5348/
f 5350/5350/ 5351/5351/ 5352/5352/
f 5353/5353/ 5350/5350/ 5352/5352/
f 5354/5354/ 5355/5355/ 5351/5351/
f 5350/5350/ 5354/5354/ 5351/5351/
f 5356/5356/ 5357/5357/ 5355/5355/
f 5354/5354/ 5356/5356/ 5355/5355/
f 5358/5358/ 5359/5359/ 5360/5360/
f 5361/5361/ 5358/5358/ 5360/5360/
f 5359/5359/ 5362/5362/ 5363/5363/
f 5360/5360/ 5359/5359/ 5363/5363/
f 5364/5364/ 5365/5365/ 5363/5363/
f 5362/5362/ 5364/5364/ 5363/5363/
f 5339/5339/ 5301/5301/ 5282/5282/
f 5366/5366/ 5339/5339/ 5282/5282/
f 5338/5338/ 5300/5300/ 5301/5301/
f 5339/5339/ 5338/5338/ 5301/5301/
f 5345/5345/ 5298/5298/ 5299/5299/
f 5342/5342/ 5345/5345/ 5299/5299/
f 5367/5367/ 5297/5297/ 5298/5298/
f 5345/5345/ 5367/5367/ 5298/5298/
f 5368/5368/ 5296/5296/ 5297/5297/
f 5367/5367/ 5368/5368/ 5297/5297/
f 5369/5369/ 5349/5349/ 5294/5294/
f 5295/5295/ 5369/5369/ 5294/5294/
f 5349/5349/ 5348/5348/ 5293/5293/
f 5294/5294/ 5349/5349/ 5293/5293/
f 5351/5351/ 5291/5291/ 5292/5292/
f 5352/5352/ 5351/5351/ 5292/5292/
f 5355/5355/ 5290/5290/ 5291/5291/
f 5351/5351/ 5355/5355/ 5291/5291/
f 5357/5357/ 5289/5289/ 5290/5290/
f 5355/5355/ 5357/5357/ 5290/5290/
f 5361/5361/ 5360/5360/ 5287/5287/
f 5288/5288/ 5361/5361/ 5287/5287/
f 5360/5360/ 5363/5363/ 5285/5285/
f 5287/5287/ 5360/5360/ 5285/5285/
f 5363/5363/ 5365/5365/ 5286/5286/
f 5285/5285/ 5363/5363/ 5286/5286/
f 5370/5370/ 5371/5371/ 5283/5283/
f 5284/5284/ 5370/5370/ 5283/5283/
f 5372/5372/ 5281/5281/ 5283/5283/
f 5371/5371/ 5372/5372/ 5283/5283/
f 5372/5372/ 5366/5366/ 5282/5282/
f 5281/5281/ 5372/5372/ 5282/5282/
f 5364/5364/ 5362/5362/ 5337/5337/
f 5336/5336/ 5364/5364/ 5337/5337/
f 5373/5373/ 5347/5347/ 5346/5346/
f 5374/5374/ 5373/5373/ 5346/5346/
f 5343/5343/ 5333/5333/ 5332/5332/
f 5344/5344/ 5343/5343/ 5332/5332/
f 5340/5340/ 5331/5331/ 5330/5330/
f 5341/5341/ 5340/5340/ 5330/5330/
f 5334/5334/ 5373/5373/ 5374/5374/
f 5335/5335/ 5334/5334/ 5374/5374/
f 5280/5280/ 5375/5375/ 5376/5376/
f 5277/5277/ 5280/5280/ 5376/5376/
f 5275/5275/ 5377/5377/ 5378/5378/
f 5273/5273/ 5275/5275/ 5378/5378/
f 5272/5272/ 5273/5273/ 5378/5378/
f 5379/5379/ 5272/5272/ 5378/5378/
f 5272/5272/ 5379/5379/ 5380/5380/
f 5270/5270/ 5272/5272/ 5380/5380/
f 5270/5270/ 5380/5380/ 5381/5381/
f 5265/5265/ 5270/5270/ 5381/5381/
f 5266/5266/ 5265/5265/ 5381/5381/
f 5382/5382/ 5266/5266/ 5381/5381/
f 5261/5261/ 5263/5263/ 5383/5383/
f 5384/5384/ 5261/5261/ 5383/5383/
f 5259/5259/ 5261/5261/ 5384/5384/
f 5385/5385/ 5259/5259/ 5384/5384/
f 5258/5258/ 5259/5259/ 5385/5385/
f 5386/5386/ 5258/5258/ 5385/5385/
f 5258/5258/ 5386/5386/ 5387/5387/
f 5256/5256/ 5258/5258/ 5387/5387/
f 5256/5256/ 5387/5387/ 5388/5388/
f 5254/5254/ 5256/5256/ 5388/5388/
f 5254/5254/ 5388/5388/ 5389/5389/
f 5251/5251/ 5254/5254/ 5389/5389/
f 5247/5247/ 5249/5249/ 5390/5390/
f 5391/5391/ 5247/5247/ 5390/5390/
f 5246/5246/ 5247/5247/ 5391/5391/
f 5392/5392/ 5246/5246/ 5391/5391/
f 5246/5246/ 5392/5392/ 5393/5393/
f 5243/5243/ 5246/5246/ 5393/5393/
f 5243/5243/ 5393/5393/ 5375/5375/
f 5280/5280/ 5243/5243/ 5375/5375/
f 5394/5394/ 5395/5395/ 5396/5396/
f 5397/5397/ 5394/5394/ 5396/5396/
f 5394/5394/ 5398/5398/ 5399/5399/
f 5395/5395/ 5394/5394/ 5399/5399/
f 5400/5400/ 5401/5401/ 5402/5402/
f 5403/5403/ 5400/5400/ 5402/5402/
f 5401/5401/ 5404/5404/ 5405/5405/
f 5402/5402/ 5401/5401/ 5405/5405/
f 5405/5405/ 5404/5404/ 5406/5406/
f 5407/5407/ 5405/5405/ 5406/5406/
f 5408/5408/ 5409/5409/ 5407/5407/
f 5406/5406/ 5408/5408/ 5407/5407/
f 5398/5398/ 5410/5410/ 5411/5411/
f 5399/5399/ 5398/5398/ 5411/5411/
f 5400/5400/ 5403/5403/ 5397/5397/
f 5396/5396/ 5400/5400/ 5397/5397/
f 5396/5396/ 5327/5327/ 5329/5329/
f 5400/5400/ 5396/5396/ 5329/5329/
f 5401/5401/ 5400/5400/ 5329/5329/
f 5317/5317/ 5401/5401/ 5329/5329/
f 5410/5410/ 5412/5412/ 5413/5413/
f 5411/5411/ 5410/5410/ 5413/5413/
f 5409/5409/ 5408/5408/ 5413/5413/
f 5412/5412/ 5409/5409/ 5413/5413/
f 5411/5411/ 5413/5413/ 5372/5372/
f 5371/5371/ 5411/5411/ 5372/5372/
f 5408/5408/ 5366/5366/ 5372/5372/
f 5413/5413/ 5408/5408/ 5372/5372/
f 5339/5339/ 5366/5366/ 5414/5414/
f 5340/5340/ 5339/5339/ 5414/5414/
f 5366/5366/ 5408/5408/ 5406/5406/
f 5414/5414/ 5366/5366/ 5406/5406/
f 5317/5317/ 5415/5415/ 5404/5404/
f 5401/5401/ 5317/5317/ 5404/5404/
f 5316/5316/ 5331/5331/ 5415/5415/
f 5317/5317/ 5316/5316/ 5415/5415/
f 5415/5415/ 5414/5414/ 5406/5406/
f 5404/5404/ 5415/5415/ 5406/5406/
f 5331/5331/ 5340/5340/ 5414/5414/
f 5415/5415/ 5331/5331/ 5414/5414/
f 5399/5399/ 5411/5411/ 5371/5371/
f 5416/5416/ 5399/5399/ 5371/5371/
f 5399/5399/ 5416/5416/ 5417/5417/
f 5395/5395/ 5399/5399/ 5417/5417/
f 5418/5418/ 5417/5417/ 5416/5416/
f 5419/5419/ 5418/5418/ 5416/5416/
f 5416/5416/ 5371/5371/ 5370/5370/
f 5419/5419/ 5416/5416/ 5370/5370/
f 5395/5395/ 5417/5417/ 5327/5327/
f 5396/5396/ 5395/5395/ 5327/5327/
f 5328/5328/ 5327/5327/ 5417/5417/
f 5418/5418/ 5328/5328/ 5417/5417/
f 5264/5264/ 5262/5262/ 5420/5420/
f 5421/5421/ 5264/5264/ 5420/5420/
f 5421/5421/ 5420/5420/ 5422/5422/
f 5423/5423/ 5421/5421/ 5422/5422/
f 5422/5422/ 5424/5424/ 5425/5425/
f 5423/5423/ 5422/5422/ 5425/5425/
f 5426/5426/ 5425/5425/ 5424/5424/
f 5427/5427/ 5426/5426/ 5424/5424/
f 5353/5353/ 5426/5426/ 5427/5427/
f 5350/5350/ 5353/5353/ 5427/5427/
f 5428/5428/ 5429/5429/ 5430/5430/
f 5431/5431/ 5428/5428/ 5430/5430/
f 5428/5428/ 5432/5432/ 5433/5433/
f 5429/5429/ 5428/5428/ 5433/5433/
f 5434/5434/ 5435/5435/ 5431/5431/
f 5430/5430/ 5434/5434/ 5431/5431/
f 5436/5436/ 5437/5437/ 5435/5435/
f 5434/5434/ 5436/5436/ 5435/5435/
f 5438/5438/ 5439/5439/ 5440/5440/
f 5441/5441/ 5438/5438/ 5440/5440/
f 5442/5442/ 5443/5443/ 5441/5441/
f 5440/5440/ 5442/5442/ 5441/5441/
f 5439/5439/ 5438/5438/ 5444/5444/
f 5445/5445/ 5439/5439/ 5444/5444/
f 5443/5443/ 5442/5442/ 5446/5446/
f 5447/5447/ 5443/5443/ 5446/5446/
f 5446/5446/ 5448/5448/ 5449/5449/
f 5447/5447/ 5446/5446/ 5449/5449/
f 5448/5448/ 5450/5450/ 5451/5451/
f 5449/5449/ 5448/5448/ 5451/5451/
f 5450/5450/ 5452/5452/ 5453/5453/
f 5451/5451/ 5450/5450/ 5453/5453/
f 5452/5452/ 5454/5454/ 5455/5455/
f 5453/5453/ 5452/5452/ 5455/5455/
f 5454/5454/ 5456/5456/ 5457/5457/
f 5455/5455/ 5454/5454/ 5457/5457/
f 5445/5445/ 5444/5444/ 5458/5458/
f 5459/5459/ 5445/5445/ 5458/5458/
f 5231/5231/ 5229/5229/ 5230/5230/
f 5232/5232/ 5231/5231/ 5230/5230/
f 5296/5296/ 5295/5295/ 5229/5229/
f 5231/5231/ 5296/5296/ 5229/5229/
f 5368/5368/ 5369/5369/ 5295/5295/
f 5296/5296/ 5368/5368/ 5295/5295/
f 5447/5447/ 5368/5368/ 5367/5367/
f 5443/5443/ 5447/5447/ 5367/5367/
f 5449/5449/ 5369/5369/ 5368/5368/
f 5447/5447/ 5449/5449/ 5368/5368/
f 5367/5367/ 5460/5460/ 5441/5441/
f 5443/5443/ 5367/5367/ 5441/5441/
f 5345/5345/ 5344/5344/ 5460/5460/
f 5367/5367/ 5345/5345/ 5460/5460/
f 5349/5349/ 5369/5369/ 5461/5461/
f 5346/5346/ 5349/5349/ 5461/5461/
f 5369/5369/ 5449/5449/ 5451/5451/
f 5461/5461/ 5369/5369/ 5451/5451/
f 5451/5451/ 5453/5453/ 5462/5462/
f 5461/5461/ 5451/5451/ 5462/5462/
f 5461/5461/ 5462/5462/ 5374/5374/
f 5346/5346/ 5461/5461/ 5374/5374/
f 5463/5463/ 5462/5462/ 5453/5453/
f 5455/5455/ 5463/5463/ 5453/5453/
f 5462/5462/ 5463/5463/ 5335/5335/
f 5374/5374/ 5462/5462/ 5335/5335/
f 5455/5455/ 5457/5457/ 5464/5464/
f 5463/5463/ 5455/5455/ 5464/5464/
f 5463/5463/ 5464/5464/ 5323/5323/
f 5335/5335/ 5463/5463/ 5323/5323/
f 5460/5460/ 5465/5465/ 5438/5438/
f 5441/5441/ 5460/5460/ 5438/5438/
f 5344/5344/ 5332/5332/ 5465/5465/
f 5460/5460/ 5344/5344/ 5465/5465/
f 5438/5438/ 5465/5465/ 5466/5466/
f 5444/5444/ 5438/5438/ 5466/5466/
f 5319/5319/ 5466/5466/ 5465/5465/
f 5332/5332/ 5319/5319/ 5465/5465/
f 5444/5444/ 5466/5466/ 5467/5467/
f 5458/5458/ 5444/5444/ 5467/5467/
f 5468/5468/ 5457/5457/ 5456/5456/
f 5469/5469/ 5468/5468/ 5456/5456/
f 5470/5470/ 5464/5464/ 5457/5457/
f 5468/5468/ 5470/5470/ 5457/5457/
f 5467/5467/ 5470/5470/ 5468/5468/
f 5458/5458/ 5467/5467/ 5468/5468/
f 5458/5458/ 5468/5468/ 5469/5469/
f 5459/5459/ 5458/5458/ 5469/5469/
f 5321/5321/ 5467/5467/ 5466/5466/
f 5319/5319/ 5321/5321/ 5466/5466/
f 5322/5322/ 5323/5323/ 5464/5464/
f 5470/5470/ 5322/5322/ 5464/5464/
f 5321/5321/ 5322/5322/ 5470/5470/
f 5467/5467/ 5321/5321/ 5470/5470/
f 5471/5471/ 5472/5472/ 5473/5473/
f 5474/5474/ 5471/5471/ 5473/5473/
f 5475/5475/ 5476/5476/ 5473/5473/
f 5472/5472/ 5475/5475/ 5473/5473/
f 5477/5477/ 5478/5478/ 5479/5479/
f 5480/5480/ 5477/5477/ 5479/5479/
f 5481/5481/ 5482/5482/ 5483/5483/
f 5484/5484/ 5481/5481/ 5483/5483/
f 5477/5477/ 5480/5480/ 5484/5484/
f 5483/5483/ 5477/5477/ 5484/5484/
f 5485/5485/ 5486/5486/ 5487/5487/
f 5488/5488/ 5485/5485/ 5487/5487/
f 5482/5482/ 5481/5481/ 5489/5489/
f 5490/5490/ 5482/5482/ 5489/5489/
f 5487/5487/ 5486/5486/ 5491/5491/
f 5492/5492/ 5487/5487/ 5491/5491/
f 5489/5489/ 5492/5492/ 5491/5491/
f 5490/5490/ 5489/5489/ 5491/5491/
f 5478/5478/ 5493/5493/ 5494/5494/
f 5479/5479/ 5478/5478/ 5494/5494/
f 5495/5495/ 5496/5496/ 5497/5497/
f 5498/5498/ 5495/5495/ 5497/5497/
f 5496/5496/ 5494/5494/ 5493/5493/
f 5497/5497/ 5496/5496/ 5493/5493/
f 5220/5220/ 5216/5216/ 5215/5215/
f 5217/5217/ 5220/5220/ 5215/5215/
f 5289/5289/ 5288/5288/ 5216/5216/
f 5220/5220/ 5289/5289/ 5216/5216/
f 5357/5357/ 5361/5361/ 5288/5288/
f 5289/5289/ 5357/5357/ 5288/5288/
f 5361/5361/ 5357/5357/ 5356/5356/
f 5358/5358/ 5361/5361/ 5356/5356/
f 5498/5498/ 5497/5497/ 5356/5356/
f 5354/5354/ 5498/5498/ 5356/5356/
f 5497/5497/ 5493/5493/ 5358/5358/
f 5356/5356/ 5497/5497/ 5358/5358/
f 5478/5478/ 5359/5359/ 5358/5358/
f 5493/5493/ 5478/5478/ 5358/5358/
f 5477/5477/ 5499/5499/ 5359/5359/
f 5478/5478/ 5477/5477/ 5359/5359/
f 5362/5362/ 5359/5359/ 5499/5499/
f 5337/5337/ 5362/5362/ 5499/5499/
f 5483/5483/ 5500/5500/ 5499/5499/
f 5477/5477/ 5483/5483/ 5499/5499/
f 5337/5337/ 5499/5499/ 5500/5500/
f 5326/5326/ 5337/5337/ 5500/5500/
f 5482/5482/ 5501/5501/ 5500/5500/
f 5483/5483/ 5482/5482/ 5500/5500/
f 5500/5500/ 5501/5501/ 5312/5312/
f 5326/5326/ 5500/5500/ 5312/5312/
f 5482/5482/ 5490/5490/ 5502/5502/
f 5501/5501/ 5482/5482/ 5502/5502/
f 5253/5253/ 5312/5312/ 5501/5501/
f 5253/5253/ 5501/5501/ 5502/5502/
f 5253/5253/ 5502/5502/ 5255/5255/
f 5503/5503/ 5502/5502/ 5490/5490/
f 5491/5491/ 5503/5503/ 5490/5490/
f 5255/5255/ 5502/5502/ 5503/5503/
f 5257/5257/ 5255/5255/ 5503/5503/
f 5486/5486/ 5504/5504/ 5503/5503/
f 5491/5491/ 5486/5486/ 5503/5503/
f 5260/5260/ 5257/5257/ 5503/5503/
f 5504/5504/ 5260/5260/ 5503/5503/
f 5505/5505/ 5420/5420/ 5262/5262/
f 5504/5504/ 5505/5505/ 5262/5262/
f 5260/5260/ 5504/5504/ 5262/5262/
f 5485/5485/ 5505/5505/ 5504/5504/
f 5486/5486/ 5485/5485/ 5504/5504/
f 5498/5498/ 5476/5476/ 5475/5475/
f 5495/5495/ 5498/5498/ 5475/5475/
f 5354/5354/ 5506/5506/ 5476/5476/
f 5498/5498/ 5354/5354/ 5476/5476/
f 5350/5350/ 5427/5427/ 5506/5506/
f 5354/5354/ 5350/5350/ 5506/5506/
f 5473/5473/ 5476/5476/ 5506/5506/
f 5507/5507/ 5473/5473/ 5506/5506/
f 5507/5507/ 5506/5506/ 5427/5427/
f 5424/5424/ 5507/5507/ 5427/5427/
f 5507/5507/ 5508/5508/ 5474/5474/
f 5473/5473/ 5507/5507/ 5474/5474/
f 5424/5424/ 5422/5422/ 5508/5508/
f 5507/5507/ 5424/5424/ 5508/5508/
f 5474/5474/ 5485/5485/ 5488/5488/
f 5471/5471/ 5474/5474/ 5488/5488/
f 5508/5508/ 5505/5505/ 5485/5485/
f 5474/5474/ 5508/5508/ 5485/5485/
f 5508/5508/ 5422/5422/ 5420/5420/
f 5505/5505/ 5508/5508/ 5420/5420/
f 5509/5509/ 5510/5510/ 5511/5511/
f 5512/5512/ 5509/5509/ 5511/5511/
f 5513/5513/ 5509/5509/ 5512/5512/
f 5514/5514/ 5513/5513/ 5512/5512/
f 5514/5514/ 5515/5515/ 5516/5516/
f 5513/5513/ 5514/5514/ 5516/5516/
f 5515/5515/ 5517/5517/ 5518/5518/
f 5516/5516/ 5515/5515/ 5518/5518/
f 5519/5519/ 5518/5518/ 5517/5517/
f 5520/5520/ 5519/5519/ 5517/5517/
f 5520/5520/ 5521/5521/ 5522/5522/
f 5519/5519/ 5520/5520/ 5522/5522/
f 5523/5523/ 5524/5524/ 5525/5525/
f 5526/5526/ 5527/5527/ 5523/5523/
f 5526/5526/ 5523/5523/ 5528/5528/
f 5528/5528/ 5523/5523/ 5529/5529/
f 5529/5529/ 5523/5523/ 5530/5530/
f 5530/5530/ 5523/5523/ 5531/5531/
f 5531/5531/ 5523/5523/ 5532/5532/
f 5532/5532/ 5523/5523/ 5533/5533/
f 5533/5533/ 5523/5523/ 5525/5525/
f 5523/5523/ 5534/5534/ 5524/5524/
f 5523/5523/ 5535/5535/ 5534/5534/
f 5523/5523/ 5536/5536/ 5535/5535/
f 5523/5523/ 5537/5537/ 5536/5536/
f 5523/5523/ 5538/5538/ 5537/5537/
f 5523/5523/ 5539/5539/ 5538/5538/
f 5523/5523/ 5527/5527/ 5539/5539/
f 5540/5540/ 5541/5541/ 5542/5542/
f 5543/5543/ 5540/5540/ 5542/5542/
f 5544/5544/ 5545/5545/ 5546/5546/
f 5547/5547/ 5544/5544/ 5546/5546/
f 5548/5548/ 5549/5549/ 5550/5550/
f 5551/5551/ 5548/5548/ 5550/5550/
f 5552/5552/ 5553/5553/ 5554/5554/
f 5555/5555/ 5552/5552/ 5554/5554/
f 5556/5556/ 5557/5557/ 5558/5558/
f 5559/5559/ 5556/5556/ 5558/5558/
f 5560/5560/ 5561/5561/ 5562/5562/
f 5563/5563/ 5560/5560/ 5562/5562/
f 5564/5564/ 5565/5565/ 5566/5566/
f 5567/5567/ 5564/5564/ 5566/5566/
f 5568/5568/ 5569/5569/ 5570/5570/
f 5571/5571/ 5568/5568/ 5570/5570/
f 5572/5572/ 5568/5568/ 5571/5571/
f 5573/5573/ 5572/5572/ 5571/5571/
f 5549/5549/ 5574/5574/ 5575/5575/
f 5550/5550/ 5549/5549/ 5575/5575/
f 5576/5576/ 5577/5577/ 5545/5545/
f 5544/5544/ 5576/5576/ 5545/5545/
f 5578/5578/ 5568/5568/ 5572/5572/
f 5579/5579/ 5578/5578/ 5572/5572/
f 5580/5580/ 5569/5569/ 5568/5568/
f 5578/5578/ 5580/5580/ 5568/5568/
f 5565/5565/ 5564/5564/ 5581/5581/
f 5582/5582/ 5565/5565/ 5581/5581/
f 5567/5567/ 5566/5566/ 5583/5583/
f 5584/5584/ 5567/5567/ 5583/5583/
f 5573/5573/ 5571/5571/ 5585/5585/
f 5586/5586/ 5573/5573/ 5585/5585/
f 5571/5571/ 5570/5570/ 5587/5587/
f 5585/5585/ 5571/5571/ 5587/5587/
f 5551/5551/ 5550/5550/ 5585/5585/
f 5587/5587/ 5551/5551/ 5585/5585/
f 5550/5550/ 5575/5575/ 5586/5586/
f 5585/5585/ 5550/5550/ 5586/5586/
f 5584/5584/ 5583/5583/ 5562/5562/
f 5561/5561/ 5584/5584/ 5562/5562/
f 5588/5588/ 5589/5589/ 5549/5549/
f 5548/5548/ 5588/5588/ 5549/5549/
f 5589/5589/ 5590/5590/ 5574/5574/
f 5549/5549/ 5589/5589/ 5574/5574/
f 5591/5591/ 5560/5560/ 5563/5563/
f 5592/5592/ 5591/5591/ 5563/5563/
f 5541/5541/ 5544/5544/ 5547/5547/
f 5542/5542/ 5541/5541/ 5547/5547/
f 5559/5559/ 5558/5558/ 5554/5554/
f 5553/5553/ 5559/5559/ 5554/5554/
f 5593/5593/ 5594/5594/ 5595/5595/
f 5596/5596/ 5593/5593/ 5595/5595/
f 5595/5595/ 5597/5597/ 5598/5598/
f 5596/5596/ 5595/5595/ 5598/5598/
f 5597/5597/ 5599/5599/ 5600/5600/
f 5598/5598/ 5597/5597/ 5600/5600/
f 5601/5601/ 5602/5602/ 5603/5603/
f 5604/5604/ 5601/5601/ 5603/5603/
f 5604/5604/ 5603/5603/ 5605/5605/
f 5606/5606/ 5604/5604/ 5605/5605/
f 5605/5605/ 5607/5607/ 5608/5608/
f 5606/5606/ 5605/5605/ 5608/5608/
f 5609/5609/ 5608/5608/ 5607/5607/
f 5610/5610/ 5609/5609/ 5607/5607/
f 5611/5611/ 5609/5609/ 5610/5610/
f 5612/5612/ 5611/5611/ 5610/5610/
f 5613/5613/ 5611/5611/ 5612/5612/
f 5614/5614/ 5613/5613/ 5612/5612/
f 5542/5542/ 5595/5595/ 5594/5594/
f 5543/5543/ 5542/5542/ 5594/5594/
f 5597/5597/ 5595/5595/ 5542/5542/
f 5547/5547/ 5597/5597/ 5542/5542/
f 5546/5546/ 5599/5599/ 5597/5597/
f 5547/5547/ 5546/5546/ 5597/5597/
f 5588/5588/ 5548/5548/ 5603/5603/
f 5602/5602/ 5588/5588/ 5603/5603/
f 5551/5551/ 5605/5605/ 5603/5603/
f 5548/5548/ 5551/5551/ 5603/5603/
f 5607/5607/ 5605/5605/ 5551/5551/
f 5587/5587/ 5607/5607/ 5551/5551/
f 5570/5570/ 5610/5610/ 5607/5607/
f 5587/5587/ 5570/5570/ 5607/5607/
f 5569/5569/ 5612/5612/ 5610/5610/
f 5570/5570/ 5569/5569/ 5610/5610/
f 5614/5614/ 5612/5612/ 5569/5569/
f 5580/5580/ 5614/5614/ 5569/5569/
f 5555/5555/ 5554/5554/ 5615/5615/
f 5616/5616/ 5555/5555/ 5615/5615/
f 5617/5617/ 5615/5615/ 5554/5554/
f 5558/5558/ 5617/5617/ 5554/5554/
f 5557/5557/ 5618/5618/ 5617/5617/
f 5558/5558/ 5557/5557/ 5617/5617/
f 5592/5592/ 5563/5563/ 5619/5619/
f 5620/5620/ 5592/5592/ 5619/5619/
f 5563/5563/ 5562/5562/ 5621/5621/
f 5619/5619/ 5563/5563/ 5621/5621/
f 5583/5583/ 5622/5622/ 5621/5621/
f 5562/5562/ 5583/5583/ 5621/5621/
f 5623/5623/ 5622/5622/ 5583/5583/
f 5566/5566/ 5623/5623/ 5583/5583/
f 5565/5565/ 5624/5624/ 5623/5623/
f 5566/5566/ 5565/5565/ 5623/5623/
f 5582/5582/ 5625/5625/ 5624/5624/
f 5565/5565/ 5582/5582/ 5624/5624/
f 5616/5616/ 5615/5615/ 5626/5626/
f 5627/5627/ 5616/5616/ 5626/5626/
f 5615/5615/ 5617/5617/ 5628/5628/
f 5626/5626/ 5615/5615/ 5628/5628/
f 5617/5617/ 5618/5618/ 5629/5629/
f 5628/5628/ 5617/5617/ 5629/5629/
f 5620/5620/ 5619/5619/ 5630/5630/
f 5631/5631/ 5620/5620/ 5630/5630/
f 5619/5619/ 5621/5621/ 5632/5632/
f 5630/5630/ 5619/5619/ 5632/5632/
f 5632/5632/ 5621/5621/ 5622/5622/
f 5633/5633/ 5632/5632/ 5622/5622/
f 5634/5634/ 5633/5633/ 5622/5622/
f 5623/5623/ 5634/5634/ 5622/5622/
f 5635/5635/ 5634/5634/ 5623/5623/
f 5624/5624/ 5635/5635/ 5623/5623/
f 5625/5625/ 5636/5636/ 5635/5635/
f 5624/5624/ 5625/5625/ 5635/5635/
f 5637/5637/ 5576/5576/ 5544/5544/
f 5541/5541/ 5637/5637/ 5544/5544/
f 5540/5540/ 5638/5638/ 5637/5637/
f 5541/5541/ 5540/5540/ 5637/5637/
f 5636/5636/ 5639/5639/ 5640/5640/
f 5635/5635/ 5636/5636/ 5640/5640/
f 5640/5640/ 5641/5641/ 5634/5634/
f 5635/5635/ 5640/5640/ 5634/5634/
f 5641/5641/ 5642/5642/ 5633/5633/
f 5634/5634/ 5641/5641/ 5633/5633/
f 5643/5643/ 5632/5632/ 5633/5633/
f 5642/5642/ 5643/5643/ 5633/5633/
f 5630/5630/ 5632/5632/ 5643/5643/
f 5644/5644/ 5630/5630/ 5643/5643/
f 5631/5631/ 5630/5630/ 5644/5644/
f 5645/5645/ 5631/5631/ 5644/5644/
f 5628/5628/ 5629/5629/ 5646/5646/
f 5647/5647/ 5628/5628/ 5646/5646/
f 5628/5628/ 5647/5647/ 5648/5648/
f 5626/5626/ 5628/5628/ 5648/5648/
f 5627/5627/ 5626/5626/ 5648/5648/
f 5649/5649/ 5627/5627/ 5648/5648/
f 5600/5600/ 5599/5599/ 5602/5602/
f 5601/5601/ 5600/5600/ 5602/5602/
f 5588/5588/ 5602/5602/ 5599/5599/
f 5546/5546/ 5588/5588/ 5599/5599/
f 5545/5545/ 5589/5589/ 5588/5588/
f 5546/5546/ 5545/5545/ 5588/5588/
f 5577/5577/ 5590/5590/ 5589/5589/
f 5545/5545/ 5577/5577/ 5589/5589/
f 5646/5646/ 5629/5629/ 5631/5631/
f 5645/5645/ 5646/5646/ 5631/5631/
f 5629/5629/ 5618/5618/ 5620/5620/
f 5631/5631/ 5629/5629/ 5620/5620/
f 5592/5592/ 5620/5620/ 5618/5618/
f 5557/5557/ 5592/5592/ 5618/5618/
f 5591/5591/ 5592/5592/ 5557/5557/
f 5556/5556/ 5591/5591/ 5557/5557/
f 5650/5650/ 5651/5651/ 5652/5652/
f 5653/5653/ 5650/5650/ 5652/5652/
f 5654/5654/ 5655/5655/ 5652/5652/
f 5655/5655/ 5653/5653/ 5652/5652/
f 5650/5650/ 5656/5656/ 5651/5651/
f 5657/5657/ 5658/5658/ 5659/5659/
f 5660/5660/ 5661/5661/ 5662/5662/
f 5663/5663/ 5664/5664/ 5665/5665/
f 5666/5666/ 5667/5667/ 5668/5668/
f 5664/5664/ 5669/5669/ 5665/5665/
f 5670/5670/ 5666/5666/ 5668/5668/
f 5669/5669/ 5671/5671/ 5672/5672/
f 5665/5665/ 5669/5669/ 5672/5672/
f 5673/5673/ 5670/5670/ 5668/5668/
f 5674/5674/ 5673/5673/ 5668/5668/
f 5660/5660/ 5662/5662/ 5675/5675/
f 5676/5676/ 5660/5660/ 5675/5675/
f 5658/5658/ 5677/5677/ 5678/5678/
f 5659/5659/ 5658/5658/ 5678/5678/
f 5679/5679/ 5680/5680/ 5674/5674/
f 5678/5678/ 5679/5679/ 5674/5674/
f 5654/5654/ 5652/5652/ 5672/5672/
f 5681/5681/ 5654/5654/ 5672/5672/
f 5677/5677/ 5682/5682/ 5678/5678/
f 5683/5683/ 5676/5676/ 5675/5675/
f 5684/5684/ 5675/5675/ 5685/5685/
f 5686/5686/ 5684/5684/ 5685/5685/
f 5687/5687/ 5663/5663/ 5665/5665/
f 5688/5688/ 5687/5687/ 5665/5665/
f 5689/5689/ 5685/5685/ 5668/5668/
f 5667/5667/ 5689/5689/ 5668/5668/
f 5690/5690/ 5687/5687/ 5688/5688/
f 5689/5689/ 5691/5691/ 5685/5685/
f 5692/5692/ 5690/5690/ 5688/5688/
f 5684/5684/ 5683/5683/ 5675/5675/
f 5682/5682/ 5679/5679/ 5678/5678/
f 5693/5693/ 5692/5692/ 5688/5688/
f 5694/5694/ 5693/5693/ 5688/5688/
f 5691/5691/ 5686/5686/ 5685/5685/
f 5695/5695/ 5673/5673/ 5674/5674/
f 5671/5671/ 5696/5696/ 5672/5672/
f 5680/5680/ 5695/5695/ 5674/5674/
f 5696/5696/ 5681/5681/ 5672/5672/
f 5697/5697/ 5698/5698/ 5699/5699/
f 5700/5700/ 5701/5701/ 5702/5702/
f 5703/5703/ 5704/5704/ 5705/5705/
f 5706/5706/ 5707/5707/ 5705/5705/
f 5708/5708/ 5706/5706/ 5705/5705/
f 5701/5701/ 5709/5709/ 5702/5702/
f 5700/5700/ 5702/5702/ 5705/5705/
f 5704/5704/ 5700/5700/ 5705/5705/
f 5707/5707/ 5703/5703/ 5705/5705/
f 5710/5710/ 5711/5711/ 5699/5699/
f 5698/5698/ 5710/5710/ 5699/5699/
f 5697/5697/ 5699/5699/ 5702/5702/
f 5709/5709/ 5697/5697/ 5702/5702/
f 5712/5712/ 5713/5713/ 5708/5708/
f 5713/5713/ 5706/5706/ 5708/5708/
f 5710/5710/ 5714/5714/ 5711/5711/
f 5715/5715/ 5716/5716/ 5717/5717/
f 5718/5718/ 5715/5715/ 5717/5717/
f 5719/5719/ 5720/5720/ 5717/5717/
f 5720/5720/ 5718/5718/ 5717/5717/
f 5715/5715/ 5721/5721/ 5716/5716/
f 5722/5722/ 5723/5723/ 5724/5724/
f 5725/5725/ 5726/5726/ 5727/5727/
f 5728/5728/ 5729/5729/ 5730/5730/
f 5731/5731/ 5732/5732/ 5733/5733/
f 5734/5734/ 5735/5735/ 5736/5736/
f 5732/5732/ 5737/5737/ 5733/5733/
f 5738/5738/ 5734/5734/ 5736/5736/
f 5739/5739/ 5740/5740/ 5733/5733/
f 5737/5737/ 5739/5739/ 5733/5733/
f 5741/5741/ 5738/5738/ 5736/5736/
f 5742/5742/ 5741/5741/ 5736/5736/
f 5728/5728/ 5730/5730/ 5743/5743/
f 5744/5744/ 5728/5728/ 5743/5743/
f 5726/5726/ 5745/5745/ 5746/5746/
f 5727/5727/ 5726/5726/ 5746/5746/
f 5723/5723/ 5747/5747/ 5748/5748/
f 5724/5724/ 5723/5723/ 5748/5748/
f 5749/5749/ 5750/5750/ 5742/5742/
f 5746/5746/ 5749/5749/ 5742/5742/
f 5719/5719/ 5717/5717/ 5740/5740/
f 5751/5751/ 5719/5719/ 5740/5740/
f 5745/5745/ 5752/5752/ 5746/5746/
f 5753/5753/ 5744/5744/ 5743/5743/
f 5747/5747/ 5754/5754/ 5748/5748/
f 5755/5755/ 5743/5743/ 5756/5756/
f 5757/5757/ 5755/5755/ 5756/5756/
f 5731/5731/ 5733/5733/ 5758/5758/
f 5759/5759/ 5731/5731/ 5758/5758/
f 5735/5735/ 5760/5760/ 5761/5761/
f 5736/5736/ 5735/5735/ 5761/5761/
f 5762/5762/ 5763/5763/ 5764/5764/
f 5765/5765/ 5766/5766/ 5756/5756/
f 5767/5767/ 5762/5762/ 5764/5764/
f 5754/5754/ 5768/5768/ 5748/5748/
f 5755/5755/ 5753/5753/ 5743/5743/
f 5752/5752/ 5749/5749/ 5746/5746/
f 5768/5768/ 5767/5767/ 5764/5764/
f 5748/5748/ 5768/5768/ 5764/5764/
f 5766/5766/ 5757/5757/ 5756/5756/
f 5769/5769/ 5741/5741/ 5742/5742/
f 5739/5739/ 5770/5770/ 5740/5740/
f 5750/5750/ 5769/5769/ 5742/5742/
f 5770/5770/ 5751/5751/ 5740/5740/
f 5771/5771/ 5772/5772/ 5773/5773/
f 5774/5774/ 5771/5771/ 5773/5773/
f 5771/5771/ 5774/5774/ 5775/5775/
f 5776/5776/ 5771/5771/ 5775/5775/
f 5777/5777/ 5778/5778/ 5779/5779/
f 5780/5780/ 5777/5777/ 5779/5779/
f 5778/5778/ 5781/5781/ 5782/5782/
f 5779/5779/ 5778/5778/ 5782/5782/
f 5782/5782/ 5781/5781/ 5783/5783/
f 5784/5784/ 5782/5782/ 5783/5783/
f 5785/5785/ 5784/5784/ 5783/5783/
f 5786/5786/ 5785/5785/ 5783/5783/
f 5787/5787/ 5788/5788/ 5789/5789/
f 5790/5790/ 5787/5787/ 5789/5789/
f 5791/5791/ 5792/5792/ 5788/5788/
f 5787/5787/ 5791/5791/ 5788/5788/
f 5793/5793/ 5794/5794/ 5795/5795/
f 5796/5796/ 5793/5793/ 5795/5795/
f 5797/5797/ 5793/5793/ 5796/5796/
f 5798/5798/ 5797/5797/ 5796/5796/
f 5797/5797/ 5798/5798/ 5799/5799/
f 5800/5800/ 5797/5797/ 5799/5799/
f 5801/5801/ 5802/5802/ 5803/5803/
f 5804/5804/ 5801/5801/ 5803/5803/
f 5805/5805/ 5803/5803/ 5802/5802/
f 5806/5806/ 5805/5805/ 5802/5802/
f 5805/5805/ 5806/5806/ 5807/5807/
f 5808/5808/ 5805/5805/ 5807/5807/
f 5809/5809/ 5810/5810/ 5808/5808/
f 5807/5807/ 5809/5809/ 5808/5808/
f 5811/5811/ 5810/5810/ 5809/5809/
f 5812/5812/ 5811/5811/ 5809/5809/
f 5813/5813/ 5814/5814/ 5815/5815/
f 5816/5816/ 5813/5813/ 5815/5815/
f 5813/5813/ 5790/5790/ 5789/5789/
f 5814/5814/ 5813/5813/ 5789/5789/
f 5817/5817/ 5818/5818/ 5819/5819/
f 5820/5820/ 5817/5817/ 5819/5819/
f 5819/5819/ 5821/5821/ 5822/5822/
f 5820/5820/ 5819/5819/ 5822/5822/
f 5821/5821/ 5823/5823/ 5824/5824/
f 5822/5822/ 5821/5821/ 5824/5824/
f 5823/5823/ 5825/5825/ 5826/5826/
f 5824/5824/ 5823/5823/ 5826/5826/
f 5827/5827/ 5828/5828/ 5829/5829/
f 5830/5830/ 5827/5827/ 5829/5829/
f 5829/5829/ 5831/5831/ 5832/5832/
f 5830/5830/ 5829/5829/ 5832/5832/
f 5833/5833/ 5834/5834/ 5835/5835/
f 5836/5836/ 5833/5833/ 5835/5835/
f 5818/5818/ 5817/5817/ 5834/5834/
f 5833/5833/ 5818/5818/ 5834/5834/
f 5837/5837/ 5838/5838/ 5839/5839/
f 5838/5838/ 5840/5840/ 5841/5841/
f 5839/5839/ 5838/5838/ 5841/5841/
f 5840/5840/ 5842/5842/ 5841/5841/
f 5842/5842/ 5843/5843/ 5841/5841/
f 5844/5844/ 5845/5845/ 5846/5846/
f 5847/5847/ 5844/5844/ 5846/5846/
f 5848/5848/ 5849/5849/ 5850/5850/
f 5851/5851/ 5848/5848/ 5850/5850/
f 5852/5852/ 5853/5853/ 5849/5849/
f 5848/5848/ 5852/5852/ 5849/5849/
f 5847/5847/ 5846/5846/ 5854/5854/
f 5855/5855/ 5847/5847/ 5854/5854/
f 5856/5856/ 5857/5857/ 5858/5858/
f 5859/5859/ 5856/5856/ 5858/5858/
f 5860/5860/ 5859/5859/ 5858/5858/
f 5861/5861/ 5860/5860/ 5858/5858/
f 5862/5862/ 5863/5863/ 5864/5864/
f 5865/5865/ 5862/5862/ 5864/5864/
f 5866/5866/ 5865/5865/ 5864/5864/
f 5867/5867/ 5866/5866/ 5864/5864/
f 5868/5868/ 5869/5869/ 5870/5870/
f 5871/5871/ 5868/5868/ 5870/5870/
f 5872/5872/ 5873/5873/ 5874/5874/
f 5875/5875/ 5872/5872/ 5874/5874/
f 5876/5876/ 5877/5877/ 5873/5873/
f 5872/5872/ 5876/5876/ 5873/5873/
f 5871/5871/ 5870/5870/ 5878/5878/
f 5879/5879/ 5871/5871/ 5878/5878/
f 5851/5851/ 5850/5850/ 5880/5880/
f 5881/5881/ 5851/5851/ 5880/5880/
f 5882/5882/ 5883/5883/ 5884/5884/
f 5885/5885/ 5882/5882/ 5884/5884/
f 5886/5886/ 5887/5887/ 5883/5883/
f 5882/5882/ 5886/5886/ 5883/5883/
f 5881/5881/ 5880/5880/ 5888/5888/
f 5889/5889/ 5881/5881/ 5888/5888/
f 5866/5866/ 5867/5867/ 5890/5890/
f 5891/5891/ 5866/5866/ 5890/5890/
f 5892/5892/ 5891/5891/ 5890/5890/
f 5893/5893/ 5892/5892/ 5890/5890/
f 5894/5894/ 5895/5895/ 5896/5896/
f 5897/5897/ 5894/5894/ 5896/5896/
f 5898/5898/ 5897/5897/ 5896/5896/
f 5899/5899/ 5898/5898/ 5896/5896/
f 5875/5875/ 5874/5874/ 5900/5900/
f 5901/5901/ 5875/5875/ 5900/5900/
f 5902/5902/ 5903/5903/ 5904/5904/
f 5905/5905/ 5902/5902/ 5904/5904/
f 5906/5906/ 5907/5907/ 5903/5903/
f 5902/5902/ 5906/5906/ 5903/5903/
f 5901/5901/ 5900/5900/ 5908/5908/
f 5909/5909/ 5901/5901/ 5908/5908/
f 5910/5910/ 5911/5911/ 5912/5912/
f 5913/5913/ 5910/5910/ 5912/5912/
f 5914/5914/ 5915/5915/ 5916/5916/
f 5917/5917/ 5914/5914/ 5916/5916/
f 5918/5918/ 5919/5919/ 5915/5915/
f 5914/5914/ 5918/5918/ 5915/5915/
f 5913/5913/ 5912/5912/ 5920/5920/
f 5921/5921/ 5913/5913/ 5920/5920/
f 5922/5922/ 5923/5923/ 5924/5924/
f 5925/5925/ 5922/5922/ 5924/5924/
f 5926/5926/ 5925/5925/ 5924/5924/
f 5927/5927/ 5926/5926/ 5924/5924/
f 5928/5928/ 5929/5929/ 5930/5930/
f 5931/5931/ 5928/5928/ 5930/5930/
f 5932/5932/ 5933/5933/ 5934/5934/
f 5935/5935/ 5932/5932/ 5934/5934/
f 5936/5936/ 5937/5937/ 5933/5933/
f 5932/5932/ 5936/5936/ 5933/5933/
f 5931/5931/ 5930/5930/ 5938/5938/
f 5939/5939/ 5931/5931/ 5938/5938/
f 5917/5917/ 5916/5916/ 5940/5940/
f 5941/5941/ 5917/5917/ 5940/5940/
f 5942/5942/ 5943/5943/ 5944/5944/
f 5945/5945/ 5942/5942/ 5944/5944/
f 5946/5946/ 5947/5947/ 5943/5943/
f 5942/5942/ 5946/5946/ 5943/5943/
f 5941/5941/ 5940/5940/ 5948/5948/
f 5949/5949/ 5941/5941/ 5948/5948/
f 5926/5926/ 5927/5927/ 5950/5950/
f 5951/5951/ 5926/5926/ 5950/5950/
f 5952/5952/ 5951/5951/ 5950/5950/
f 5953/5953/ 5952/5952/ 5950/5950/
f 5954/5954/ 5955/5955/ 5956/5956/
f 5957/5957/ 5954/5954/ 5956/5956/
f 5957/5957/ 5956/5956/ 5958/5958/
f 5959/5959/ 5957/5957/ 5958/5958/
f 5935/5935/ 5934/5934/ 5960/5960/
f 5961/5961/ 5935/5935/ 5960/5960/
f 5962/5962/ 5963/5963/ 5964/5964/
f 5965/5965/ 5962/5962/ 5964/5964/
f 5966/5966/ 5967/5967/ 5963/5963/
f 5962/5962/ 5966/5966/ 5963/5963/
f 5961/5961/ 5960/5960/ 5968/5968/
f 5969/5969/ 5961/5961/ 5968/5968/
f 5885/5885/ 5884/5884/ 5970/5970/
f 5971/5971/ 5885/5885/ 5970/5970/
f 5972/5972/ 5973/5973/ 5974/5974/
f 5975/5975/ 5972/5972/ 5974/5974/
f 5976/5976/ 5977/5977/ 5973/5973/
f 5972/5972/ 5976/5976/ 5973/5973/
f 5971/5971/ 5970/5970/ 5978/5978/
f 5979/5979/ 5971/5971/ 5978/5978/
f 5899/5899/ 5980/5980/ 5981/5981/
f 5898/5898/ 5899/5899/ 5981/5981/
f 5982/5982/ 5981/5981/ 5980/5980/
f 5983/5983/ 5982/5982/ 5980/5980/
f 5905/5905/ 5904/5904/ 5984/5984/
f 5985/5985/ 5905/5905/ 5984/5984/
f 5986/5986/ 5987/5987/ 5988/5988/
f 5989/5989/ 5986/5986/ 5988/5988/
f 5990/5990/ 5991/5991/ 5987/5987/
f 5986/5986/ 5990/5990/ 5987/5987/
f 5985/5985/ 5984/5984/ 5992/5992/
f 5993/5993/ 5985/5985/ 5992/5992/
f 5994/5994/ 5995/5995/ 5996/5996/
f 5997/5997/ 5994/5994/ 5996/5996/
f 5998/5998/ 5999/5999/ 5911/5911/
f 5910/5910/ 5998/5998/ 5911/5911/
f 6000/6000/ 6001/6001/ 5999/5999/
f 5998/5998/ 6000/6000/ 5999/5999/
f 5997/5997/ 5996/5996/ 6002/6002/
f 6003/6003/ 5997/5997/ 6002/6002/
f 6004/6004/ 6005/6005/ 6006/6006/
f 6007/6007/ 6004/6004/ 6006/6006/
f 6008/6008/ 6009/6009/ 5929/5929/
f 5928/5928/ 6008/6008/ 5929/5929/
f 6010/6010/ 6011/6011/ 6009/6009/
f 6008/6008/ 6010/6010/ 6009/6009/
f 6007/6007/ 6006/6006/ 6012/6012/
f 6013/6013/ 6007/6007/ 6012/6012/
f 6003/6003/ 6002/6002/ 6001/6001/
f 6000/6000/ 6003/6003/ 6001/6001/
f 6013/6013/ 6012/6012/ 6011/6011/
f 6010/6010/ 6013/6013/ 6011/6011/
f 5921/5921/ 5920/5920/ 5919/5919/
f 5918/5918/ 5921/5921/ 5919/5919/
f 5939/5939/ 5938/5938/ 5937/5937/
f 5936/5936/ 5939/5939/ 5937/5937/
f 6014/6014/ 5952/5952/ 5953/5953/
f 6015/6015/ 6014/6014/ 5953/5953/
f 5949/5949/ 5948/5948/ 5947/5947/
f 5946/5946/ 5949/5949/ 5947/5947/
f 5969/5969/ 5968/5968/ 5967/5967/
f 5966/5966/ 5969/5969/ 5967/5967/
f 5855/5855/ 5854/5854/ 5853/5853/
f 5852/5852/ 5855/5855/ 5853/5853/
f 5879/5879/ 5878/5878/ 5877/5877/
f 5876/5876/ 5879/5879/ 5877/5877/
f 5889/5889/ 5888/5888/ 5887/5887/
f 5886/5886/ 5889/5889/ 5887/5887/
f 5909/5909/ 5908/5908/ 5907/5907/
f 5906/5906/ 5909/5909/ 5907/5907/
f 5979/5979/ 5978/5978/ 5977/5977/
f 5976/5976/ 5979/5979/ 5977/5977/
f 5993/5993/ 5992/5992/ 5991/5991/
f 5990/5990/ 5993/5993/ 5991/5991/
f 6016/6016/ 6017/6017/ 6018/6018/
f 6019/6019/ 6016/6016/ 6018/6018/
f 6020/6020/ 6019/6019/ 6018/6018/
f 6021/6021/ 6020/6020/ 6018/6018/
f 6022/6022/ 6023/6023/ 6024/6024/
f 6025/6025/ 6022/6022/ 6024/6024/
f 6026/6026/ 6025/6025/ 6024/6024/
f 6027/6027/ 6026/6026/ 6024/6024/
f 6028/6028/ 6029/6029/ 6030/6030/
f 6031/6031/ 6028/6028/ 6030/6030/
f 6032/6032/ 6033/6033/ 6034/6034/
f 6035/6035/ 6032/6032/ 6034/6034/
f 6036/6036/ 6037/6037/ 6038/6038/
f 6039/6039/ 6036/6036/ 6038/6038/
f 6040/6040/ 6041/6041/ 6042/6042/
f 6043/6043/ 6040/6040/ 6042/6042/
f 6044/6044/ 6045/6045/ 6046/6046/
f 6047/6047/ 6044/6044/ 6046/6046/
f 6048/6048/ 6049/6049/ 6050/6050/
f 6051/6051/ 6048/6048/ 6050/6050/
f 6052/6052/ 6053/6053/ 6054/6054/
f 6055/6055/ 6052/6052/ 6054/6054/
f 6052/6052/ 6055/6055/ 6045/6045/
f 6044/6044/ 6052/6052/ 6045/6045/
f 6056/6056/ 6057/6057/ 6050/6050/
f 6049/6049/ 6056/6056/ 6050/6050/
f 6058/6058/ 6059/6059/ 6060/6060/
f 6061/6061/ 6058/6058/ 6060/6060/
f 6062/6062/ 6063/6063/ 6064/6064/
f 6065/6065/ 6062/6062/ 6064/6064/
f 6062/6062/ 6065/6065/ 6057/6057/
f 6056/6056/ 6062/6062/ 6057/6057/
f 6066/6066/ 6067/6067/ 6068/6068/
f 6069/6069/ 6066/6066/ 6068/6068/
f 6070/6070/ 6071/6071/ 6072/6072/
f 6073/6073/ 6070/6070/ 6072/6072/
f 6074/6074/ 6075/6075/ 6076/6076/
f 6077/6077/ 6074/6074/ 6076/6076/
f 6074/6074/ 6077/6077/ 6067/6067/
f 6066/6066/ 6074/6074/ 6067/6067/
f 6078/6078/ 6079/6079/ 6072/6072/
f 6071/6071/ 6078/6078/ 6072/6072/
f 6080/6080/ 6081/6081/ 6082/6082/
f 6083/6083/ 6080/6080/ 6082/6082/
f 6084/6084/ 6085/6085/ 6086/6086/
f 6087/6087/ 6084/6084/ 6086/6086/
f 6084/6084/ 6087/6087/ 6079/6079/
f 6078/6078/ 6084/6084/ 6079/6079/
f 6088/6088/ 6089/6089/ 6060/6060/
f 6059/6059/ 6088/6088/ 6060/6060/
f 6090/6090/ 6091/6091/ 6092/6092/
f 6093/6093/ 6090/6090/ 6092/6092/
f 6094/6094/ 6095/6095/ 6096/6096/
f 6097/6097/ 6094/6094/ 6096/6096/
f 6094/6094/ 6097/6097/ 6089/6089/
f 6088/6088/ 6094/6094/ 6089/6089/
f 6098/6098/ 6099/6099/ 6092/6092/
f 6091/6091/ 6098/6098/ 6092/6092/
f 6100/6100/ 6069/6069/ 6068/6068/
f 6101/6101/ 6100/6100/ 6068/6068/
f 6102/6102/ 6103/6103/ 6104/6104/
f 6105/6105/ 6102/6102/ 6104/6104/
f 6105/6105/ 6104/6104/ 6099/6099/
f 6098/6098/ 6105/6105/ 6099/6099/
f 6102/6102/ 6100/6100/ 6101/6101/
f 6103/6103/ 6102/6102/ 6101/6101/
f 6075/6075/ 6070/6070/ 6073/6073/
f 6076/6076/ 6075/6075/ 6073/6073/
f 6085/6085/ 6080/6080/ 6083/6083/
f 6086/6086/ 6085/6085/ 6083/6083/
f 6053/6053/ 6048/6048/ 6051/6051/
f 6054/6054/ 6053/6053/ 6051/6051/
f 6063/6063/ 6058/6058/ 6061/6061/
f 6064/6064/ 6063/6063/ 6061/6061/
f 6095/6095/ 6090/6090/ 6093/6093/
f 6096/6096/ 6095/6095/ 6093/6093/
