# Extracted component: F1_Wheel_RR.obj
mtllib material.mtl
v 0.186792 -0.089938 -0.296060
v 0.188120 -0.089038 -0.293050
v 0.187926 -0.144482 -0.270200
v 0.186595 -0.145951 -0.272970
v 0.186165 -0.296327 -0.090380
v 0.187500 -0.293332 -0.089470
v 0.187502 -0.305134 -0.030670
v 0.186167 -0.308249 -0.030980
v 0.187263 -0.090968 0.295430
v 0.188586 -0.090057 0.292430
v 0.188822 -0.031261 0.304230
v 0.187501 -0.031568 0.307360
v 0.186427 -0.196384 -0.239400
v 0.187761 -0.194404 -0.236970
v 0.187631 -0.236882 -0.194640
v 0.186297 -0.239298 -0.196630
v 0.187733 0.029015 0.307460
v 0.189051 0.028708 0.304340
v 0.189267 0.087546 0.292740
v 0.187951 0.088456 0.295740
v 0.186209 -0.273045 -0.146320
v 0.187543 -0.270286 -0.144830
v 0.188147 0.144468 0.272660
v 0.189461 0.142990 0.269890
v 0.189627 0.192911 0.236660
v 0.188313 0.194901 0.239080
v 0.187550 -0.305238 0.029300
v 0.186215 -0.308355 0.029600
v 0.188525 0.306872 -0.029910
v 0.189837 0.303745 -0.029610
v 0.189745 0.292149 -0.088450
v 0.188432 0.295156 -0.089350
v 0.186307 -0.296639 0.089040
v 0.187642 -0.293641 0.088140
v 0.187773 -0.270788 0.143580
v 0.186441 -0.273552 0.145060
v 0.188444 0.237815 0.196320
v 0.189756 0.235389 0.194320
v 0.189842 0.268793 0.144520
v 0.188532 0.271562 0.146000
v 0.186612 -0.239981 0.195490
v 0.187943 -0.237558 0.193500
v 0.188138 -0.195227 0.235980
v 0.186810 -0.197216 0.238400
v 0.188299 0.272070 -0.145370
v 0.189612 0.269295 -0.143890
v 0.189444 0.236065 -0.193820
v 0.188130 0.238498 -0.195800
v 0.187030 -0.146900 0.272150
v 0.188356 -0.145422 0.269380
v 0.188575 0.294844 0.090070
v 0.189886 0.291839 0.089150
v 0.189884 0.303641 0.030360
v 0.188574 0.306766 0.030670
v 0.187931 0.195734 -0.238710
v 0.189248 0.193734 -0.236290
v 0.189031 0.143929 -0.269700
v 0.187713 0.145419 -0.272460
v 0.187479 0.089487 -0.295740
v 0.188801 0.088566 -0.292750
v 0.188566 0.029769 -0.304550
v 0.187242 0.030087 -0.307670
v 0.187010 -0.030497 -0.307770
v 0.188336 -0.030201 -0.304650
v 0.186215 -0.308355 0.029600
v 0.187550 -0.305238 0.029300
v 0.184690 -0.310063 -0.031160
v 0.184737 -0.310169 0.029780
v 0.187062 0.308698 -0.030090
v 0.186968 0.296912 -0.089880
v 0.184831 -0.298383 0.089570
v 0.184966 -0.275160 0.145920
v 0.186981 0.239232 0.197480
v 0.187069 0.273178 0.146870
v 0.185137 -0.241390 0.196650
v 0.185337 -0.198373 0.239810
v 0.186834 0.273689 -0.146230
v 0.186664 0.239920 -0.196960
v 0.185558 -0.147760 0.273760
v 0.185792 -0.091496 0.297180
v 0.187113 0.296598 0.090610
v 0.187111 0.308591 0.030850
v 0.186031 -0.031745 0.309170
v 0.186265 0.029197 0.309280
v 0.186464 0.196901 -0.240120
v 0.186244 0.146288 -0.274070
v 0.186484 0.088989 0.297500
v 0.186681 0.145334 0.274270
v 0.186850 0.196064 0.240500
v 0.186009 0.090026 -0.297490
v 0.185771 0.030275 -0.309490
v 0.185538 -0.030668 -0.309590
v 0.185318 -0.090461 -0.297810
v 0.184737 -0.310169 0.029780
v 0.185120 -0.146805 -0.274580
v 0.184952 -0.197536 -0.240810
v 0.184821 -0.240703 -0.197790
v 0.184732 -0.274650 -0.147180
v 0.184687 -0.298069 -0.090920
v 0.184319 0.029336 0.310650
v 0.184084 -0.031875 0.310540
v 0.184298 0.146945 -0.275280
v 0.184520 0.197781 -0.241180
v 0.184737 0.145985 0.275480
v 0.184540 0.089393 0.298810
v 0.185119 0.310071 -0.030220
v 0.185168 0.309964 0.030990
v 0.185037 0.240299 0.198360
v 0.184906 0.196940 0.241560
v 0.183823 0.030419 -0.310850
v 0.184063 0.090433 -0.298800
v 0.185171 0.297918 0.091010
v 0.185126 0.274394 0.147520
v 0.184720 0.240988 -0.197820
v 0.183368 -0.090849 -0.299120
v 0.183588 -0.030793 -0.310960
v 0.182879 -0.299690 0.089970
v 0.182786 -0.311527 0.029910
v 0.183000 -0.198397 -0.241870
v 0.183169 -0.147442 -0.275790
v 0.183187 -0.242445 0.197520
v 0.183014 -0.276364 0.146560
v 0.182779 -0.275851 -0.147830
v 0.182869 -0.241755 -0.198660
v 0.183608 -0.148401 0.274970
v 0.183387 -0.199238 0.240880
v 0.182737 -0.311421 -0.031300
v 0.182734 -0.299374 -0.091320
v 0.183844 -0.091890 0.298490
v 0.182786 -0.311527 0.029910
v 0.185026 0.298233 -0.090280
v 0.184890 0.274907 -0.146870
v 0.177062 -0.279016 0.147990
v 0.177235 -0.244768 0.199440
v 0.177878 0.030744 -0.313860
v 0.177641 -0.031062 -0.313970
v 0.176915 -0.244072 -0.200590
v 0.176824 -0.278499 -0.149260
v 0.177438 -0.201141 0.243220
v 0.177662 -0.149812 0.277650
v 0.177419 -0.091700 -0.302010
v 0.177218 -0.148843 -0.278460
v 0.176778 -0.302250 -0.092190
v 0.176782 -0.314412 -0.031600
v 0.177900 -0.092752 0.301400
v 0.178142 -0.032155 0.313560
v 0.177048 -0.200292 -0.244210
v 0.178379 0.029651 0.313670
v 0.178601 0.090290 0.301720
v 0.178802 0.147432 0.278160
v 0.178972 0.198881 0.243910
v 0.176830 -0.314521 0.030210
v 0.179187 0.313110 -0.030510
v 0.179092 0.301157 -0.091140
v 0.176925 -0.302568 0.090850
v 0.179105 0.242661 0.200290
v 0.179193 0.277087 0.148960
v 0.178957 0.277605 -0.148290
v 0.178783 0.243358 -0.199740
v 0.179238 0.300839 0.091900
v 0.179236 0.313001 0.031300
v 0.178582 0.199730 -0.243520
v 0.178358 0.148401 -0.277940
v 0.178120 0.091341 -0.301700
v 0.176830 -0.314521 0.030210
v 0.163058 0.030301 0.319790
v 0.163286 0.092119 0.307600
v 0.161474 -0.283847 -0.152150
v 0.161428 -0.308060 -0.093970
v 0.163490 0.150373 0.283590
v 0.163663 0.202824 0.248680
v 0.161430 -0.320460 -0.032200
v 0.161481 -0.320569 0.030810
v 0.163884 0.319276 -0.031090
v 0.163787 0.307091 -0.092900
v 0.161576 -0.308385 0.092630
v 0.161716 -0.284374 0.150890
v 0.163799 0.247456 0.204200
v 0.163889 0.282553 0.151870
v 0.161894 -0.249460 0.203340
v 0.162100 -0.204984 0.247970
v 0.163648 0.283080 -0.151160
v 0.163471 0.248166 -0.203610
v 0.162328 -0.152655 0.283070
v 0.162570 -0.094484 0.307280
v 0.163935 0.306766 0.093700
v 0.163933 0.319166 0.031920
v 0.162817 -0.032708 0.319680
v 0.163265 0.203690 -0.248240
v 0.163036 0.151362 -0.283340
v 0.162795 0.093192 -0.307550
v 0.162549 0.031415 -0.319950
v 0.162307 -0.031594 -0.320060
v 0.162080 -0.093413 -0.307880
v 0.161481 -0.320569 0.030810
v 0.161874 -0.151667 -0.283860
v 0.161702 -0.204117 -0.248950
v 0.161566 -0.248749 -0.204470
v 0.143339 0.251775 0.207710
v 0.143432 0.287472 0.154490
v 0.141402 -0.253634 0.206830
v 0.141611 -0.208398 0.252230
v 0.143186 0.288008 -0.153720
v 0.143007 0.252498 -0.207070
v 0.141844 -0.155175 0.287920
v 0.142091 -0.096009 0.312550
v 0.143479 0.312100 0.095320
v 0.143477 0.324711 0.032490
v 0.142341 -0.033178 0.325160
v 0.142587 0.030908 0.325270
v 0.142797 0.207262 -0.252470
v 0.142564 0.154038 -0.288160
v 0.142818 0.093784 0.312880
v 0.143026 0.153033 0.288460
v 0.143426 0.324823 -0.031600
v 0.143202 0.206381 0.252950
v 0.143328 0.312430 -0.094470
v 0.142319 0.094874 -0.312790
v 0.142068 0.032042 -0.325400
v 0.141822 -0.032045 -0.325510
v 0.141592 -0.094920 -0.313120
v 0.140982 -0.325960 0.031360
v 0.141080 -0.313566 0.094230
v 0.141383 -0.154170 -0.288700
v 0.141207 -0.207517 -0.253190
v 0.141222 -0.289145 0.153480
v 0.141069 -0.252911 -0.207950
v 0.140976 -0.288609 -0.154730
v 0.140929 -0.313235 -0.095560
v 0.140930 -0.325848 -0.032730
v 0.140982 -0.325960 0.031360
v 0.112639 0.209760 -0.255330
v 0.112403 0.155926 -0.291440
v 0.112660 0.094981 0.316490
v 0.112870 0.154910 0.291790
v 0.113325 0.328555 0.032890
v 0.113274 0.328668 -0.031930
v 0.113047 0.208869 0.255870
v 0.113187 0.254783 0.210120
v 0.113174 0.316133 -0.095530
v 0.113031 0.291432 -0.155460
v 0.112155 0.096083 -0.316350
v 0.111901 0.032531 -0.329110
v 0.113280 0.290889 0.156280
v 0.113328 0.315798 0.096440
v 0.112851 0.255514 -0.209420
v 0.111652 -0.032290 -0.329220
v 0.111419 -0.095886 -0.316680
v 0.110802 -0.329573 0.031740
v 0.110901 -0.317038 0.095340
v 0.111208 -0.155815 -0.291980
v 0.111030 -0.209774 -0.256060
v 0.111044 -0.292338 0.155270
v 0.111227 -0.256419 0.209230
v 0.110890 -0.255688 -0.210310
v 0.110795 -0.291794 -0.156470
v 0.111439 -0.210665 0.255140
v 0.111674 -0.156830 0.291250
v 0.110748 -0.316704 -0.096630
v 0.110750 -0.329460 -0.033080
v 0.111923 -0.096988 0.316160
v 0.112177 -0.033436 0.328910
v 0.112426 0.031385 0.329030
v 0.110802 -0.329573 0.031740
v 0.079295 -0.032369 -0.331300
v 0.079058 -0.096373 -0.318690
v 0.078439 -0.331557 0.031970
v 0.078538 -0.318942 0.095980
v 0.080049 0.157051 -0.293280
v 0.079799 0.096826 -0.318350
v 0.078846 -0.156686 -0.293830
v 0.078668 -0.210990 -0.257680
v 0.078682 -0.294083 0.156290
v 0.078866 -0.257934 0.210590
v 0.079545 0.032866 -0.331190
v 0.078528 -0.257198 -0.211630
v 0.078432 -0.293536 -0.157450
v 0.079080 -0.211886 0.256800
v 0.079317 -0.157708 0.293140
v 0.078384 -0.318605 -0.097220
v 0.078387 -0.331444 -0.033260
v 0.079568 -0.097483 0.318210
v 0.079822 -0.033523 0.331050
v 0.080073 0.031712 0.331160
v 0.080308 0.095716 0.318550
v 0.080520 0.156029 0.293690
v 0.080699 0.210333 0.257540
v 0.078439 -0.331557 0.031970
v 0.080927 0.330899 -0.032110
v 0.080826 0.318284 -0.096120
v 0.080839 0.256542 0.211490
v 0.080933 0.292879 0.157310
v 0.080683 0.293426 -0.156430
v 0.080500 0.257277 -0.210730
v 0.080980 0.317948 0.097080
v 0.080978 0.330786 0.033120
v 0.080287 0.211230 -0.256940
v 0.035675 -0.332991 0.032160
v 0.035775 -0.320315 0.096470
v 0.036086 -0.157276 -0.295210
v 0.035905 -0.211843 -0.258890
v 0.035764 -0.258274 -0.212620
v 0.035921 -0.295335 0.157080
v 0.036105 -0.259014 0.211650
v 0.035669 -0.294787 -0.158170
v 0.036319 -0.212743 0.258080
v 0.036556 -0.158304 0.294590
v 0.035620 -0.319978 -0.097660
v 0.035622 -0.332877 -0.033390
v 0.036810 -0.097787 0.319780
v 0.037066 -0.033519 0.332680
v 0.037317 0.032031 0.332790
v 0.037553 0.096344 0.320120
v 0.037766 0.156948 0.295140
v 0.037946 0.211514 0.258820
v 0.035675 -0.332991 0.032160
v 0.038175 0.332661 -0.032230
v 0.038074 0.319986 -0.096540
v 0.038087 0.257945 0.212540
v 0.038182 0.294457 0.158100
v 0.037930 0.295007 -0.157150
v 0.037746 0.258684 -0.211720
v 0.038229 0.319648 0.097590
v 0.038227 0.332548 0.033320
v 0.037532 0.212414 -0.258150
v 0.037294 0.157974 -0.294660
v 0.037042 0.097459 -0.319850
v 0.036785 0.033190 -0.332750
v 0.036534 -0.032360 -0.332860
v 0.036298 -0.096672 -0.320190
v -0.006277 -0.097980 0.320990
v -0.006020 -0.033477 0.333930
v -0.007184 -0.212453 -0.259800
v -0.007326 -0.259055 -0.213360
v -0.005767 0.032313 0.334050
v -0.005530 0.096862 0.321330
v -0.007422 -0.295702 -0.158720
v -0.007471 -0.320985 -0.097980
v -0.005317 0.157688 0.296250
v -0.005136 0.212455 0.259800
v -0.007468 -0.333931 -0.033480
v -0.007415 -0.334046 0.032310
v -0.004906 0.334047 -0.032320
v -0.005007 0.321325 -0.096860
v -0.007315 -0.321323 0.096860
v -0.007169 -0.296252 0.157690
v -0.004995 0.259056 0.213360
v -0.004901 0.295703 0.158720
v -0.006984 -0.259796 0.212460
v -0.006769 -0.213357 0.259060
v -0.005152 0.296254 -0.157690
v -0.005336 0.259798 -0.212460
v -0.006530 -0.158719 0.295710
v -0.004852 0.320985 0.097980
v -0.004854 0.333932 0.033480
v -0.005552 0.213358 -0.259060
v -0.005791 0.158719 -0.295710
v -0.006043 0.097981 -0.320990
v -0.006300 0.033478 -0.333940
v -0.006553 -0.032313 -0.334050
v -0.006790 -0.096861 -0.321330
v -0.007415 -0.334046 0.032310
v -0.007003 -0.157687 -0.296260
v -0.045456 0.333589 -0.032220
v -0.045556 0.320890 -0.096650
v -0.047858 -0.320579 0.096720
v -0.047714 -0.295554 0.157430
v -0.045543 0.258736 0.213000
v -0.045448 0.295315 0.158460
v -0.047529 -0.259165 0.212100
v -0.047314 -0.212811 0.258610
v -0.045701 0.295866 -0.157370
v -0.045885 0.259476 -0.212030
v -0.047076 -0.158271 0.295190
v -0.046824 -0.097645 0.320430
v -0.045400 0.320551 0.097830
v -0.045403 0.333475 0.033450
v -0.046567 -0.033259 0.333350
v -0.046315 0.032410 0.333470
v -0.046099 0.213123 -0.258550
v -0.046338 0.158583 -0.295130
v -0.046078 0.096840 0.320770
v -0.045864 0.157554 0.295740
v -0.045684 0.212220 0.259350
v -0.046590 0.097956 -0.320370
v -0.046846 0.033571 -0.333290
v -0.047098 -0.032098 -0.333400
v -0.047335 -0.096528 -0.320700
v -0.047959 -0.333278 0.032290
v -0.047549 -0.157243 -0.295680
v -0.047729 -0.211908 -0.259290
v -0.047870 -0.258425 -0.212940
v -0.047967 -0.295003 -0.158400
v -0.048013 -0.320240 -0.097770
v -0.048012 -0.333163 -0.033380
v -0.047959 -0.333278 0.032290
v -0.080623 0.320482 0.097800
v -0.080626 0.333397 0.033450
v -0.081788 -0.033103 0.333170
v -0.081537 0.032524 0.333280
v -0.081322 0.213121 -0.258360
v -0.081560 0.158618 -0.294910
v -0.081301 0.096913 0.320590
v -0.081087 0.157589 0.295580
v -0.080678 0.333512 -0.032170
v -0.080907 0.212219 0.259220
v -0.080767 0.258706 0.212890
v -0.080779 0.320820 -0.096560
v -0.080923 0.295812 -0.157240
v -0.081811 0.098029 -0.320130
v -0.082068 0.033685 -0.333050
v -0.080672 0.295262 0.158390
v -0.081107 0.259446 -0.211870
v -0.082320 -0.031942 -0.333160
v -0.082557 -0.096331 -0.320470
v -0.083181 -0.332930 0.032290
v -0.083080 -0.320239 0.096680
v -0.082770 -0.157007 -0.295460
v -0.082950 -0.211638 -0.259100
v -0.082936 -0.295230 0.157360
v -0.082750 -0.258864 0.211990
v -0.083091 -0.258125 -0.212770
v -0.083188 -0.294681 -0.158270
v -0.082536 -0.212540 0.258480
v -0.082298 -0.158036 0.295030
v -0.083235 -0.319901 -0.097680
v -0.083233 -0.332816 -0.033330
v -0.082046 -0.097447 0.320250
v -0.083181 -0.332930 0.032290
v -0.120683 0.097593 -0.318180
v -0.120937 0.033634 -0.331020
v -0.119550 0.293643 0.157470
v -0.119502 0.318713 0.097240
v -0.119982 0.258042 -0.210570
v -0.120194 0.211995 -0.256780
v -0.121188 -0.031600 -0.331140
v -0.121423 -0.095603 -0.318520
v -0.122043 -0.330784 0.032130
v -0.121944 -0.318170 0.096140
v -0.120431 0.157817 -0.293110
v -0.121634 -0.155916 -0.293660
v -0.121813 -0.210219 -0.257510
v -0.121800 -0.293311 0.156450
v -0.121616 -0.257162 0.210750
v -0.121954 -0.256427 -0.211460
v -0.122049 -0.292764 -0.157290
v -0.121403 -0.211116 0.256960
v -0.121166 -0.156937 0.293300
v -0.122098 -0.317833 -0.097060
v -0.122096 -0.330671 -0.033100
v -0.120915 -0.096713 0.318370
v -0.120660 -0.032754 0.331200
v -0.120410 0.032480 0.331320
v -0.120174 0.096483 0.318700
v -0.119963 0.156796 0.293840
v -0.119784 0.211099 0.257700
v -0.122043 -0.330784 0.032130
v -0.119557 0.331664 -0.031950
v -0.119656 0.319048 -0.095950
v -0.119643 0.257306 0.211650
v -0.119800 0.294190 -0.156270
v -0.119504 0.331550 0.033280
v -0.151298 -0.254578 -0.210010
v -0.151394 -0.290669 -0.156200
v -0.150750 -0.209573 0.255250
v -0.150515 -0.155761 0.291340
v -0.150771 -0.094841 -0.316340
v -0.150980 -0.154746 -0.291650
v -0.151441 -0.315569 -0.096380
v -0.151438 -0.328319 -0.032850
v -0.150266 -0.095943 0.316240
v -0.150012 -0.032417 0.328990
v -0.151158 -0.208682 -0.255750
v -0.149763 0.032376 0.329100
v -0.149530 0.095946 0.316570
v -0.149320 0.155851 0.291880
v -0.149142 0.209787 0.255980
v -0.151387 -0.328432 0.031940
v -0.148916 0.329537 -0.031710
v -0.149015 0.317007 -0.095280
v -0.151288 -0.315902 0.095510
v -0.151145 -0.291212 0.155420
v -0.149003 0.255682 0.210240
v -0.148910 0.291773 0.156430
v -0.150962 -0.255308 0.209350
v -0.149158 0.292316 -0.155180
v -0.149339 0.256412 -0.209120
v -0.148862 0.316672 0.096610
v -0.148865 0.329424 0.033080
v -0.149551 0.210676 -0.255020
v -0.149785 0.156866 -0.291110
v -0.150034 0.097048 -0.316010
v -0.150289 0.033522 -0.328760
v -0.150537 -0.031272 -0.328870
v -0.151387 -0.328432 0.031940
v -0.166097 0.154568 0.289360
v -0.165921 0.208035 0.253770
v -0.168197 -0.325402 -0.032550
v -0.168145 -0.325513 0.031680
v -0.165697 0.326746 -0.031420
v -0.165795 0.314325 -0.094440
v -0.168048 -0.313092 0.094700
v -0.167906 -0.288616 0.154080
v -0.165783 0.253533 0.208430
v -0.165690 0.289310 0.155090
v -0.167725 -0.253024 0.207550
v -0.167514 -0.207685 0.253050
v -0.165936 0.289849 -0.153820
v -0.166116 0.254257 -0.207290
v -0.167282 -0.154341 0.288830
v -0.167035 -0.095042 0.313510
v -0.165643 0.313994 0.095790
v -0.165646 0.326634 0.032810
v -0.166783 -0.032067 0.326150
v -0.166537 0.032164 0.326260
v -0.166326 0.208918 -0.252790
v -0.166558 0.155574 -0.288570
v -0.166306 0.095183 0.313840
v -0.166805 0.096276 -0.313250
v -0.167057 0.033300 -0.325890
v -0.167303 -0.030931 -0.326000
v -0.167535 -0.093949 -0.313580
v -0.168145 -0.325513 0.031680
v -0.167743 -0.153334 -0.289110
v -0.167920 -0.206802 -0.253510
v -0.168058 -0.252300 -0.208170
v -0.168153 -0.288077 -0.154830
v -0.168199 -0.312761 -0.095530
v -0.180854 0.285862 -0.151660
v -0.181030 0.250768 -0.204380
v -0.182181 -0.152117 0.284800
v -0.181937 -0.093647 0.309140
v -0.180564 0.309669 0.094460
v -0.180567 0.322133 0.032370
v -0.181689 -0.031552 0.321600
v -0.181445 0.031781 0.321710
v -0.181239 0.206063 -0.249240
v -0.181467 0.153464 -0.284520
v -0.181217 0.093918 0.309470
v -0.181013 0.152472 0.285330
v -0.180617 0.322244 -0.030970
v -0.180838 0.205192 0.250240
v -0.180702 0.250054 0.205530
v -0.180714 0.309997 -0.093110
v -0.181711 0.094995 -0.308860
v -0.181959 0.032901 -0.321320
v -0.180611 0.285332 0.152930
v -0.182202 -0.030433 -0.321430
v -0.182430 -0.092571 -0.309180
v -0.183033 -0.320897 0.031250
v -0.182935 -0.308650 0.093390
v -0.182635 -0.151125 -0.285050
v -0.182809 -0.203845 -0.249950
v -0.182795 -0.284515 0.151940
v -0.182617 -0.249421 0.204660
v -0.182945 -0.248707 -0.205250
v -0.183038 -0.283984 -0.152650
v -0.182410 -0.204715 0.249520
v -0.183085 -0.308322 -0.094180
v -0.183083 -0.320787 -0.032090
v -0.183033 -0.320897 0.031250
v -0.188863 0.319034 0.032060
v -0.188914 0.319144 -0.030660
v -0.189132 0.203232 0.247810
v -0.188998 0.247657 0.203540
v -0.189010 0.307015 -0.092190
v -0.189148 0.283117 -0.150170
v -0.189996 0.094108 -0.305840
v -0.190242 0.032618 -0.318190
v -0.188907 0.282591 0.151450
v -0.188861 0.306692 0.093550
v -0.189323 0.248364 -0.202380
v -0.189528 0.204095 -0.246810
v -0.190482 -0.030098 -0.318290
v -0.190708 -0.091630 -0.306160
v -0.191305 -0.317733 0.030950
v -0.191209 -0.305605 0.092490
v -0.189755 0.152008 -0.281740
v -0.190912 -0.149615 -0.282270
v -0.191084 -0.201822 -0.247510
v -0.191071 -0.281706 0.150470
v -0.190894 -0.246953 0.202680
v -0.191219 -0.246246 -0.203240
v -0.191311 -0.281180 -0.151160
v -0.190689 -0.202684 0.247100
v -0.190461 -0.150597 0.282040
v -0.191357 -0.305282 -0.093260
v -0.191355 -0.317624 -0.031770
v -0.190220 -0.092697 0.306140
v -0.189974 -0.031207 0.318480
v -0.189734 0.031509 0.318590
v -0.189507 0.093041 0.306460
v -0.189305 0.151025 0.282560
v -0.191305 -0.317733 0.030950
v -0.197879 0.150333 -0.278560
v -0.198117 0.093085 -0.302380
v -0.199022 -0.147888 -0.279070
v -0.199194 -0.199506 -0.244710
v -0.199180 -0.278489 0.148780
v -0.199005 -0.244129 0.200400
v -0.198360 0.032289 -0.314590
v -0.198598 -0.029719 -0.314700
v -0.199326 -0.243430 -0.200940
v -0.199417 -0.277970 -0.149440
v -0.198801 -0.200358 0.244320
v -0.198577 -0.148860 0.278860
v -0.198822 -0.090558 -0.302700
v -0.199463 -0.301799 -0.092190
v -0.199460 -0.314003 -0.031400
v -0.198339 -0.091612 0.302690
v -0.198096 -0.030816 0.314900
v -0.197858 0.031193 0.315000
v -0.197634 0.092031 0.303010
v -0.197433 0.149361 0.279380
v -0.197262 0.200979 0.245020
v -0.199411 -0.314110 0.030610
v -0.197046 0.315583 -0.030300
v -0.197141 0.303592 -0.091140
v -0.199317 -0.302120 0.091450
v -0.197130 0.244903 0.201250
v -0.197040 0.279443 0.149750
v -0.197278 0.279962 -0.148470
v -0.197452 0.245602 -0.200090
v -0.196995 0.303272 0.092500
v -0.196997 0.315476 0.031710
v -0.197655 0.201831 -0.244010
v -0.199411 -0.314110 0.030610
v -0.202786 -0.198265 -0.243210
v -0.202919 -0.241919 -0.199710
v -0.201459 0.031020 0.313080
v -0.201236 0.091485 0.301160
v -0.203008 -0.276247 -0.148520
v -0.203054 -0.299930 -0.091630
v -0.201037 0.148464 0.277670
v -0.200868 0.199766 0.243520
v -0.203051 -0.312059 -0.031200
v -0.203003 -0.312166 0.030430
v -0.200652 0.313667 -0.030110
v -0.200747 0.301749 -0.090580
v -0.202908 -0.300249 0.090890
v -0.202772 -0.276764 0.147870
v -0.200735 0.243420 0.200020
v -0.200646 0.277748 0.148840
v -0.202599 -0.242613 0.199170
v -0.202397 -0.199112 0.242830
v -0.200883 0.278265 -0.147560
v -0.201055 0.244114 -0.198860
v -0.202173 -0.147928 0.277160
v -0.201936 -0.091032 0.300840
v -0.200601 0.301432 0.091940
v -0.200603 0.313560 0.031510
v -0.201695 -0.030609 0.312970
v -0.201257 0.200613 -0.242520
v -0.201479 0.149429 -0.276840
v -0.201716 0.092533 -0.300530
v -0.201957 0.032110 -0.312660
v -0.202194 -0.029519 -0.312760
v -0.202416 -0.089984 -0.300840
v -0.203003 -0.312166 0.030430
v -0.202615 -0.146963 -0.277360
v -0.205382 -0.298650 0.090420
v -0.205248 -0.275289 0.147090
v -0.203222 0.242148 0.198970
v -0.203133 0.276294 0.148050
v -0.205075 -0.241319 0.198130
v -0.204874 -0.198047 0.241550
v -0.203368 0.276809 -0.146780
v -0.203539 0.242838 -0.197810
v -0.204652 -0.147134 0.275700
v -0.204417 -0.090538 0.299250
v -0.203088 0.299853 0.091460
v -0.203090 0.311917 0.031350
v -0.204176 -0.030433 0.311320
v -0.203941 0.030869 0.311430
v -0.203739 0.199566 -0.241230
v -0.203962 0.148654 -0.275380
v -0.203720 0.091016 0.299570
v -0.203521 0.147693 0.276210
v -0.203139 0.312025 -0.029950
v -0.203353 0.198724 0.242240
v -0.203233 0.300169 -0.090100
v -0.204197 0.092058 -0.298940
v -0.204437 0.031953 -0.311000
v -0.204672 -0.029350 -0.311110
v -0.204893 -0.089496 -0.299250
v -0.205477 -0.310504 0.030270
v -0.205091 -0.146173 -0.275890
v -0.205261 -0.197204 -0.241920
v -0.205393 -0.240628 -0.198650
v -0.205482 -0.274776 -0.147730
v -0.205528 -0.298334 -0.091140
v -0.205526 -0.310398 -0.031030
v -0.205477 -0.310504 0.030270
v -0.206260 -0.030139 0.308460
v -0.206027 0.030601 0.308570
v -0.205828 0.197749 -0.239010
v -0.206047 0.147304 -0.272850
v -0.205808 0.090195 0.296820
v -0.205611 0.146352 0.273680
v -0.205183 0.309067 0.031070
v -0.205232 0.309174 -0.029670
v -0.205444 0.196914 0.240020
v -0.205314 0.239939 0.197140
v -0.205325 0.297427 -0.089270
v -0.205459 0.274281 -0.145430
v -0.206281 0.091227 -0.296190
v -0.206519 0.031675 -0.308140
v -0.205226 0.273773 0.146700
v -0.205182 0.297114 0.090620
v -0.205629 0.240624 -0.195990
v -0.206752 -0.029066 -0.308250
v -0.206970 -0.088659 -0.296500
v -0.207548 -0.307638 0.029990
v -0.207455 -0.295893 0.089590
v -0.207167 -0.144816 -0.273350
v -0.207335 -0.195379 -0.239700
v -0.207321 -0.272745 0.145750
v -0.207150 -0.239088 0.196310
v -0.207465 -0.238403 -0.196820
v -0.207554 -0.272237 -0.146380
v -0.206951 -0.196213 0.239330
v -0.206731 -0.145768 0.273170
v -0.207599 -0.295579 -0.090300
v -0.207597 -0.307533 -0.030750
v -0.206497 -0.089692 0.296510
v -0.207548 -0.307638 0.029990
v -0.206076 0.271954 0.145720
v -0.206032 0.295140 0.090020
v -0.206476 0.239026 -0.194680
v -0.206673 0.196437 -0.237420
v -0.207591 -0.028862 -0.306190
v -0.207809 -0.088058 -0.294520
v -0.208382 -0.305576 0.029800
v -0.208291 -0.293909 0.088990
v -0.206892 0.146329 -0.271020
v -0.207124 0.090627 -0.294210
v -0.208004 -0.143842 -0.271530
v -0.208171 -0.194066 -0.238100
v -0.208157 -0.270917 0.144780
v -0.207988 -0.237484 0.195000
v -0.207360 0.031472 -0.306080
v -0.208299 -0.236804 -0.195510
v -0.208389 -0.270411 -0.145400
v -0.207790 -0.194895 0.237740
v -0.207571 -0.144787 0.271350
v -0.208433 -0.293598 -0.089700
v -0.208430 -0.305472 -0.030540
v -0.207339 -0.089085 0.294530
v -0.207103 -0.029929 0.306410
v -0.206871 0.030405 0.306510
v -0.206654 0.089601 0.294840
v -0.206459 0.145383 0.271850
v -0.206293 0.195609 0.238420
v -0.208382 -0.305576 0.029800
v -0.206082 0.307118 -0.029470
v -0.206174 0.295451 -0.088670
v -0.206163 0.238346 0.195830
v -0.206307 0.272459 -0.144450
v -0.206034 0.307013 0.030860
v -0.208897 -0.193913 0.236550
v -0.208679 -0.144056 0.269990
v -0.208916 -0.087611 -0.293050
v -0.209111 -0.143115 -0.270170
v -0.209536 -0.292123 -0.089250
v -0.209535 -0.303938 -0.030390
v -0.208448 -0.088632 0.293060
v -0.208214 -0.029772 0.304880
v -0.209275 -0.193089 -0.236900
v -0.209404 -0.235613 -0.194530
v -0.207983 0.030261 0.304980
v -0.207767 0.089162 0.293370
v -0.209493 -0.269052 -0.144670
v -0.207573 0.144665 0.270490
v -0.207407 0.194640 0.237230
v -0.209487 -0.304042 0.029650
v -0.207198 0.305592 -0.029320
v -0.207290 0.293984 -0.088230
v -0.209395 -0.292433 0.088550
v -0.209262 -0.269556 0.144050
v -0.207279 0.237164 0.194850
v -0.207192 0.270603 0.144990
v -0.209095 -0.236290 0.194030
v -0.207422 0.271107 -0.143730
v -0.207590 0.237841 -0.193700
v -0.207148 0.293673 0.089570
v -0.207150 0.305488 0.030710
v -0.207786 0.195464 -0.236230
v -0.208003 0.145606 -0.269670
v -0.208235 0.090183 -0.292740
v -0.208469 0.031323 -0.304550
v -0.208700 -0.028710 -0.304660
v -0.209487 -0.304042 0.029650
v 0.211108 -0.136243 -0.111700
v 0.211128 -0.131857 -0.108090
v 0.211078 -0.150391 -0.080450
v 0.211058 -0.155398 -0.083140
v 0.212048 0.049795 0.167780
v 0.212038 0.048155 0.162340
v 0.212148 0.078919 0.149660
v 0.212158 0.081589 0.154680
v 0.211188 -0.111884 -0.135970
v 0.211198 -0.108287 -0.131570
v 0.211928 0.016055 0.174430
v 0.211918 0.015508 0.168780
v 0.211278 -0.083258 -0.155030
v 0.211298 -0.080588 -0.150010
v 0.211788 -0.018333 0.174370
v 0.211788 -0.017766 0.168720
v 0.211388 -0.051464 -0.168130
v 0.211398 -0.049824 -0.162690
v 0.211658 -0.052049 0.167600
v 0.211658 -0.050390 0.162170
v 0.211518 -0.017725 -0.174780
v 0.211518 -0.017178 -0.169130
v 0.211528 -0.083797 0.154390
v 0.211528 -0.081110 0.149380
v 0.211648 0.016664 -0.174720
v 0.211648 0.016097 -0.169070
v 0.211398 -0.112357 0.135230
v 0.211408 -0.108743 0.130850
v 0.211778 0.050380 -0.167960
v 0.211778 0.048720 -0.162520
v 0.211288 -0.136630 0.110880
v 0.211298 -0.132232 0.107280
v 0.211918 0.082127 -0.154740
v 0.211908 0.079440 -0.149730
v 0.211188 -0.155686 0.082250
v 0.211208 -0.150669 0.079580
v 0.212408 0.173712 0.017320
v 0.212378 0.168057 0.016750
v 0.212358 0.168115 -0.016520
v 0.212378 0.173772 -0.017070
v 0.212038 0.110687 -0.135590
v 0.212028 0.107075 -0.131200
v 0.211118 -0.168791 0.050450
v 0.211138 -0.163350 0.048810
v 0.212408 0.166944 0.051040
v 0.212378 0.161509 0.049380
v 0.212148 0.134962 -0.111230
v 0.212138 0.130562 -0.107630
v 0.211068 -0.175441 0.016710
v 0.211088 -0.169784 0.016170
v 0.212378 0.153728 0.082790
v 0.212358 0.148722 0.080100
v 0.212248 0.154017 -0.082600
v 0.212228 0.149001 -0.079930
v 0.211038 -0.175381 -0.017670
v 0.211058 -0.169726 -0.017110
v 0.212328 0.134573 0.111350
v 0.212308 0.130187 0.107730
v 0.212328 0.167121 -0.050810
v 0.212308 0.161680 -0.049170
v 0.211038 -0.168613 -0.051390
v 0.211058 -0.163178 -0.049730
v 0.212258 0.110215 0.135620
v 0.212238 0.106618 0.131220
v 0.213278 0.180954 0.018050
v 0.213248 0.181016 -0.017770
v 0.212898 0.115314 -0.141210
v 0.212768 0.085568 -0.161160
v 0.211938 -0.175766 0.052550
v 0.212018 -0.162117 0.085670
v 0.213278 0.173905 0.053160
v 0.213018 0.140596 -0.115840
v 0.211888 -0.182692 0.017410
v 0.213248 0.160141 0.086230
v 0.213118 0.160442 -0.086020
v 0.211858 -0.182629 -0.018400
v 0.213198 0.140191 0.115980
v 0.213198 0.174090 -0.052910
v 0.211858 -0.175581 -0.053520
v 0.213118 0.114822 0.141260
v 0.211878 -0.161818 -0.086580
v 0.213028 0.085007 0.161100
v 0.211938 -0.141867 -0.116330
v 0.212908 0.051893 0.174750
v 0.212008 -0.116497 -0.141610
v 0.212778 0.016754 0.181680
v 0.212108 -0.086682 -0.161460
v 0.212638 -0.019062 0.181620
v 0.212228 -0.053569 -0.175110
v 0.212498 -0.054178 0.174570
v 0.212358 -0.018429 -0.182030
v 0.212368 -0.087243 0.160800
v 0.212488 0.017387 -0.181970
v 0.212238 -0.116989 0.140850
v 0.212628 0.052502 -0.174920
v 0.212118 -0.142271 0.115480
v 0.215088 0.141704 0.117230
v 0.215138 0.161869 0.087160
v 0.215078 0.175967 -0.053480
v 0.214998 0.162173 -0.086950
v 0.213728 -0.177472 -0.054090
v 0.213728 -0.184596 -0.018600
v 0.215008 0.116061 0.142780
v 0.215138 0.182969 -0.017960
v 0.213748 -0.163559 -0.087520
v 0.214908 0.085925 0.162840
v 0.213808 -0.143394 -0.117580
v 0.214788 0.052455 0.176640
v 0.213888 -0.117751 -0.143140
v 0.214658 0.016936 0.183640
v 0.213978 -0.087615 -0.163200
v 0.214518 -0.019266 0.183570
v 0.214098 -0.054145 -0.176990
v 0.214378 -0.054760 0.176450
v 0.214228 -0.018625 -0.183990
v 0.214238 -0.088182 0.162540
v 0.214368 0.017577 -0.183930
v 0.214108 -0.118248 0.142370
v 0.214508 0.053070 -0.176810
v 0.213988 -0.143802 0.116730
v 0.214648 0.086492 -0.162890
v 0.213888 -0.163863 0.086590
v 0.215168 0.182905 0.018240
v 0.214778 0.116558 -0.142730
v 0.213808 -0.177659 0.053120
v 0.215168 0.175781 0.053740
v 0.214898 0.142112 -0.117080
v 0.213758 -0.184659 0.017600
v 0.216938 0.054399 0.183110
v 0.216808 0.017580 0.190370
v 0.215998 -0.122041 -0.148380
v 0.216098 -0.090802 -0.169170
v 0.216658 -0.019949 0.190300
v 0.216228 -0.056105 -0.183470
v 0.216518 -0.056743 0.182920
v 0.216358 -0.019286 -0.190730
v 0.216368 -0.091389 0.168500
v 0.216508 0.018243 -0.190660
v 0.216238 -0.122557 0.147590
v 0.216648 0.055037 -0.183280
v 0.216108 -0.149048 0.121010
v 0.216798 0.089683 -0.168860
v 0.216008 -0.169843 0.089770
v 0.216928 0.120850 -0.147950
v 0.215928 -0.184144 0.055070
v 0.217328 0.189628 0.018910
v 0.217328 0.182243 0.055710
v 0.217058 0.147341 -0.121370
v 0.215868 -0.191400 0.018250
v 0.217298 0.167821 0.090360
v 0.217158 0.168136 -0.090130
v 0.215838 -0.191335 -0.019280
v 0.217248 0.146917 0.121520
v 0.217238 0.182437 -0.055430
v 0.215838 -0.183950 -0.056070
v 0.217168 0.120335 0.148010
v 0.217298 0.189694 -0.018610
v 0.215868 -0.169528 -0.090720
v 0.217058 0.089095 0.168810
v 0.219808 0.175361 -0.093980
v 0.219888 0.190276 -0.057800
v 0.215918 -0.148625 -0.121880
v 0.219578 0.056755 0.190960
v 0.219438 0.018358 0.198530
v 0.219288 -0.020777 0.198460
v 0.219708 0.092936 0.176040
v 0.219128 0.019051 -0.198820
v 0.219278 0.057420 -0.191120
v 0.219818 0.125514 0.154360
v 0.219898 0.153235 0.126730
v 0.218828 -0.058481 -0.191320
v 0.218978 -0.020084 -0.198890
v 0.219988 0.190074 0.058100
v 0.219958 0.175034 0.094230
v 0.219568 0.126051 -0.154280
v 0.219698 0.153676 -0.126560
v 0.218518 -0.192002 0.057440
v 0.218458 -0.199570 0.019040
v 0.218598 -0.127241 -0.154720
v 0.218708 -0.094663 -0.176410
v 0.219428 0.093550 -0.176080
v 0.219948 0.197843 -0.019400
v 0.218458 -0.176760 -0.094600
v 0.218518 -0.154962 -0.127100
v 0.218718 -0.155403 0.126200
v 0.218608 -0.177089 0.093620
v 0.218428 -0.199502 -0.020100
v 0.218428 -0.191800 -0.058470
v 0.218988 -0.095277 0.175720
v 0.218838 -0.127778 0.153920
v 0.219988 0.197775 0.019730
v 0.219138 -0.059147 0.190760
v 0.222568 -0.062986 0.203290
v 0.222728 -0.022097 0.211500
v 0.221988 -0.135551 -0.164870
v 0.221898 -0.165092 -0.135430
v 0.222888 0.019607 0.211570
v 0.223038 0.060524 0.203500
v 0.221838 -0.188322 -0.100800
v 0.221808 -0.204348 -0.062300
v 0.223168 0.099082 0.187610
v 0.223288 0.133798 0.164500
v 0.221808 -0.212556 -0.021410
v 0.221848 -0.212628 0.020300
v 0.223438 0.210876 -0.020670
v 0.223368 0.202811 -0.061590
v 0.221908 -0.204564 0.061220
v 0.221998 -0.188671 0.099780
v 0.223378 0.163339 0.135060
v 0.223438 0.186569 0.100430
v 0.222118 -0.165562 0.134490
v 0.222248 -0.136124 0.164030
v 0.223278 0.186919 -0.100140
v 0.223158 0.163810 -0.134860
v 0.222408 -0.101488 0.187260
v 0.223468 0.202596 0.061920
v 0.223468 0.210803 0.021030
v 0.223028 0.134372 -0.164400
v 0.222878 0.099736 -0.187630
v 0.222718 0.061234 -0.203660
v 0.222548 0.020345 -0.211870
v 0.222388 -0.021360 -0.211940
v 0.222238 -0.062277 -0.203870
v 0.222108 -0.100835 -0.187980
v 0.224348 0.203834 0.109700
v 0.224288 0.178463 0.147520
v 0.223058 -0.148587 0.179160
v 0.222908 -0.180737 0.146900
v 0.224058 0.178977 -0.147270
v 0.224178 0.204215 -0.109350
v 0.223398 -0.068711 0.222030
v 0.223228 -0.110760 0.204530
v 0.224388 0.230300 0.022990
v 0.224388 0.221337 0.067650
v 0.223748 0.021491 0.231080
v 0.223578 -0.024055 0.231000
v 0.223738 0.109001 -0.204900
v 0.223908 0.146827 -0.179530
v 0.224068 0.108287 0.204910
v 0.223918 0.066177 0.222270
v 0.224348 0.230380 -0.022560
v 0.224188 0.146202 0.179670
v 0.223388 0.022296 -0.231370
v 0.223558 0.066952 -0.222400
v 0.223048 -0.067937 -0.222640
v 0.223208 -0.023250 -0.231450
v 0.222678 -0.223331 0.066870
v 0.222618 -0.232139 0.022190
v 0.222778 -0.147961 -0.180040
v 0.222898 -0.110047 -0.205280
v 0.222778 -0.205974 0.108980
v 0.222608 -0.205593 -0.110070
v 0.222678 -0.180224 -0.147890
v 0.222578 -0.232060 -0.023360
v 0.222578 -0.223096 -0.068020
v 0.224278 0.221572 -0.067240
v 0.221498 -0.118320 0.218630
v 0.221688 -0.073376 0.237340
v 0.222748 0.236646 0.072320
v 0.222738 0.246227 0.024590
v 0.221878 -0.025645 0.246920
v 0.222068 0.023038 0.247000
v 0.222228 0.157006 -0.191880
v 0.222048 0.116575 -0.219000
v 0.222238 0.070801 0.237590
v 0.222398 0.115811 0.219040
v 0.222698 0.246312 -0.024100
v 0.222528 0.156336 0.192060
v 0.222638 0.190821 0.157690
v 0.222628 0.236897 -0.071860
v 0.222518 0.218345 -0.116870
v 0.221858 0.071630 -0.237700
v 0.221668 0.023898 -0.247290
v 0.222708 0.217938 0.117260
v 0.222388 0.191369 -0.157400
v 0.221488 -0.024784 -0.247370
v 0.221308 -0.072548 -0.237960
v 0.220848 -0.248058 0.023730
v 0.220918 -0.238644 0.071490
v 0.221148 -0.117558 -0.219400
v 0.221018 -0.158083 -0.192430
v 0.221028 -0.220092 0.116500
v 0.221158 -0.193116 0.157030
v 0.220918 -0.192567 -0.158060
v 0.220848 -0.219684 -0.117630
v 0.221318 -0.158751 0.191510
v 0.220808 -0.238393 -0.072690
v 0.220808 -0.247973 -0.024960
v 0.219008 0.250928 0.076680
v 0.218968 0.231096 0.124320
v 0.218458 0.166504 -0.203390
v 0.218628 0.202931 -0.166840
v 0.217488 -0.076838 -0.252240
v 0.217678 -0.026205 -0.262220
v 0.217078 -0.252911 0.075800
v 0.216998 -0.262891 0.025170
v 0.218078 0.076000 -0.251970
v 0.218278 0.123644 -0.232140
v 0.217178 -0.167512 -0.203970
v 0.217328 -0.124552 -0.232570
v 0.217338 -0.204649 0.166470
v 0.217188 -0.233246 0.123510
v 0.217868 0.025401 -0.262130
v 0.216998 -0.232814 -0.124680
v 0.217068 -0.204067 -0.167540
v 0.217688 -0.125360 0.231780
v 0.217508 -0.168221 0.203030
v 0.216958 -0.262802 -0.026440
v 0.216958 -0.252646 -0.077040
v 0.218088 -0.027118 0.261760
v 0.217888 -0.077717 0.251610
v 0.218478 0.075121 0.251870
v 0.218288 0.024489 0.261860
v 0.218788 0.165795 0.203610
v 0.218638 0.122835 0.232210
v 0.218888 0.251194 -0.076160
v 0.218968 0.261174 -0.025530
v 0.218898 0.202350 0.167180
v 0.218778 0.231529 -0.123880
v 0.219008 0.261084 0.026080
v 0.212328 0.025822 0.275410
v 0.212528 0.079075 0.264920
v 0.210968 -0.244789 -0.131120
v 0.210928 -0.265648 -0.081010
v 0.212708 0.129257 0.244230
v 0.212858 0.174439 0.214160
v 0.210928 -0.276330 -0.027790
v 0.210978 -0.276424 0.026480
v 0.213048 0.274752 -0.026840
v 0.212958 0.264256 -0.080090
v 0.211058 -0.265928 0.079740
v 0.211178 -0.245244 0.129920
v 0.212968 0.212884 0.175840
v 0.213048 0.243118 0.130770
v 0.211328 -0.215168 0.175100
v 0.211508 -0.176855 0.213550
v 0.212848 0.243573 -0.130270
v 0.212688 0.213497 -0.175450
v 0.211708 -0.131779 0.243780
v 0.211908 -0.081669 0.264640
v 0.213088 0.263976 0.080660
v 0.213088 0.274658 0.027440
v 0.212128 -0.028454 0.275320
v 0.212518 0.175184 -0.213900
v 0.212318 0.130107 -0.244130
v 0.212108 0.079999 -0.264990
v 0.211898 0.026783 -0.275670
v 0.211688 -0.027494 -0.275770
v 0.211488 -0.080746 -0.265270
v 0.211318 -0.130928 -0.244590
v 0.211168 -0.176109 -0.214510
v 0.211048 -0.214556 -0.176200
v 0.204579 0.222917 0.184090
v 0.204661 0.254565 0.136900
v 0.202861 -0.225164 0.183310
v 0.203047 -0.185059 0.223550
v 0.204443 0.255040 -0.136350
v 0.204285 0.223558 -0.183650
v 0.203254 -0.137873 0.255200
v 0.203472 -0.085419 0.277040
v 0.204703 0.276398 0.084450
v 0.204700 0.287580 0.028740
v 0.203695 -0.029713 0.288220
v 0.203912 0.027103 0.288320
v 0.204099 0.183452 -0.223890
v 0.203894 0.136266 -0.255540
v 0.204117 0.082847 0.277330
v 0.204301 0.135376 0.255680
v 0.204655 0.287679 -0.028080
v 0.204457 0.182671 0.224190
v 0.204569 0.276692 -0.083820
v 0.203675 0.083812 -0.277370
v 0.203452 0.028107 -0.288560
v 0.203235 -0.028709 -0.288650
v 0.203029 -0.084453 -0.277670
v 0.202489 -0.289285 0.027740
v 0.202575 -0.278299 0.083480
v 0.202845 -0.136982 -0.256020
v 0.202689 -0.184278 -0.224530
v 0.202701 -0.256647 0.136010
v 0.202567 -0.224523 -0.184430
v 0.202483 -0.256171 -0.137240
v 0.202441 -0.278006 -0.084780
v 0.202444 -0.289187 -0.029080
v 0.195754 0.189414 -0.231090
v 0.195542 0.140710 -0.263750
v 0.195773 0.085570 0.286260
v 0.195963 0.139791 0.263920
v 0.196376 0.296893 0.029680
v 0.196329 0.296994 -0.028970
v 0.196124 0.188608 0.231420
v 0.196250 0.230149 0.190020
v 0.196239 0.285654 -0.086510
v 0.196109 0.263307 -0.140730
v 0.195317 0.086568 -0.286290
v 0.195087 0.029070 -0.297830
v 0.196335 0.262815 0.141320
v 0.196378 0.285352 0.087180
v 0.195946 0.230810 -0.189540
v 0.194862 -0.029575 -0.297930
v 0.194651 -0.087113 -0.286590
v 0.194092 -0.298537 0.028640
v 0.194182 -0.287197 0.086180
v 0.194460 -0.141333 -0.264240
v 0.194299 -0.190151 -0.231750
v 0.194312 -0.264849 0.140400
v 0.194476 -0.232352 0.189220
v 0.194173 -0.231692 -0.190350
v 0.194087 -0.264358 -0.141640
v 0.194670 -0.190956 0.230760
v 0.194882 -0.142252 0.263430
v 0.194044 -0.286895 -0.087500
v 0.194046 -0.298436 -0.030000
v 0.195107 -0.088110 0.285960
v 0.195337 -0.030612 0.297500
v 0.195562 0.028033 0.297610
v 0.189444 0.236065 -0.193820
v 0.189248 0.193734 -0.236290
v 0.188336 -0.030201 -0.304650
v 0.188120 -0.089038 -0.293050
v 0.187550 -0.305238 0.029300
v 0.187642 -0.293641 0.088140
v 0.189031 0.143929 -0.269700
v 0.188801 0.088566 -0.292750
v 0.187926 -0.144482 -0.270200
v 0.187761 -0.194404 -0.236970
v 0.187773 -0.270788 0.143580
v 0.187943 -0.237558 0.193500
v 0.188566 0.029769 -0.304550
v 0.187631 -0.236882 -0.194640
v 0.187543 -0.270286 -0.144830
v 0.188138 -0.195227 0.235980
v 0.188356 -0.145422 0.269380
v 0.187500 -0.293332 -0.089470
v 0.187502 -0.305134 -0.030670
v 0.188586 -0.090057 0.292430
v 0.188822 -0.031261 0.304230
v 0.189051 0.028708 0.304340
v 0.189267 0.087546 0.292740
v 0.189461 0.142990 0.269890
v 0.189627 0.192911 0.236660
v 0.189837 0.303745 -0.029610
v 0.189745 0.292149 -0.088450
v 0.189756 0.235389 0.194320
v 0.189842 0.268793 0.144520
v 0.189612 0.269295 -0.143890
v 0.189886 0.291839 0.089150
v 0.189884 0.303641 0.030360
v -0.223662 -0.030762 0.166160
v -0.223740 -0.050159 0.161250
v -0.223727 -0.049882 0.175710
v -0.223641 -0.028765 0.180490
v -0.223911 -0.023294 -0.180960
v -0.223989 -0.044547 -0.176820
v -0.223951 -0.037055 -0.164280
v -0.223878 -0.017328 -0.167610
v -0.223089 0.130867 0.108060
v -0.223130 0.117207 0.122680
v -0.223074 0.130128 0.129430
v -0.223033 0.144509 0.113250
v -0.223089 0.130867 0.108060
v -0.223074 0.130128 0.129430
v -0.223830 -0.001702 -0.182550
v -0.223803 0.002658 -0.168590
v -0.223746 0.019928 -0.181590
v -0.223725 0.022616 -0.167190
v -0.223817 -0.068841 0.154090
v -0.223811 -0.070286 0.168460
v -0.223249 0.077036 0.166320
v -0.223183 0.096153 0.156160
v -0.223233 0.085200 0.146580
v -0.223295 0.067304 0.155530
v -0.223249 0.077036 0.166320
v -0.223233 0.085200 0.146580
v -0.223318 0.056850 0.174160
v -0.223295 0.067304 0.155530
v -0.223361 0.048475 0.162300
v -0.223646 0.042270 -0.163440
v -0.223568 0.061343 -0.157400
v -0.223576 0.062088 -0.172040
v -0.223661 0.041291 -0.178070
v -0.224033 -0.118035 0.120190
v -0.224047 -0.124427 0.133130
v -0.223965 -0.103018 0.133410
v -0.223494 0.082028 -0.163600
v -0.223492 0.079567 -0.149140
v -0.223432 0.028980 0.166790
v -0.223507 0.009087 0.168950
v -0.223475 0.014420 0.182420
v -0.223394 0.035882 0.179550
v -0.223432 0.028980 0.166790
v -0.223475 0.014420 0.182420
v -0.224203 -0.152349 0.071280
v -0.224247 -0.159671 0.052660
v -0.224285 -0.171302 0.061210
v -0.224236 -0.162874 0.081150
v -0.223414 0.100829 -0.152860
v -0.223418 0.096687 -0.138780
v -0.224153 -0.142875 0.088910
v -0.224180 -0.152147 0.099960
v -0.223336 0.118227 -0.139980
v -0.223414 0.100829 -0.152860
v -0.223418 0.096687 -0.138780
v -0.223348 0.112460 -0.126470
v -0.223336 0.118227 -0.139980
v -0.224097 -0.131383 0.105290
v -0.224117 -0.139270 0.117360
v -0.224117 -0.139270 0.117360
v -0.224047 -0.124427 0.133130
v -0.224033 -0.118035 0.120190
v -0.223222 0.139109 -0.096720
v -0.223168 0.149610 -0.079680
v -0.223137 0.159688 -0.090370
v -0.223198 0.147864 -0.108510
v -0.224281 -0.164741 0.033310
v -0.224324 -0.177311 0.040400
v -0.223282 0.126668 -0.112390
v -0.223265 0.133980 -0.125120
v -0.224355 -0.180819 0.019040
v -0.224309 -0.167483 0.013490
v -0.223282 0.126668 -0.112390
v -0.223265 0.133980 -0.125120
v -0.224376 -0.181774 -0.002590
v -0.224326 -0.167866 -0.006520
v -0.224376 -0.181774 -0.002590
v -0.224309 -0.167483 0.013490
v -0.223085 0.169282 -0.070960
v -0.223121 0.158024 -0.061530
v -0.223085 0.169282 -0.070960
v -0.223168 0.149610 -0.079680
v -0.223042 0.176512 -0.050550
v -0.223082 0.164230 -0.042510
v -0.224323 -0.154941 -0.064840
v -0.224304 -0.146146 -0.082820
v -0.224361 -0.160350 -0.085730
v -0.224379 -0.169377 -0.066040
v -0.223006 0.181280 -0.029430
v -0.223042 0.176512 -0.050550
v -0.223082 0.164230 -0.042510
v -0.223052 0.168144 -0.022890
v -0.224334 -0.161550 -0.045960
v -0.224388 -0.176013 -0.045440
v -0.222981 0.183515 -0.007890
v -0.223006 0.181280 -0.029430
v -0.223052 0.168144 -0.022890
v -0.223030 0.169709 -0.002940
v -0.224334 -0.165879 -0.026420
v -0.224387 -0.180165 -0.024180
v -0.224387 -0.180165 -0.024180
v -0.224326 -0.167866 -0.006520
v -0.224276 -0.135286 -0.099620
v -0.224332 -0.149058 -0.104200
v -0.223016 0.168905 0.017050
v -0.223013 0.165741 0.036810
v -0.222958 0.180302 0.035220
v -0.222964 0.183187 0.013760
v -0.224295 -0.135660 -0.121210
v -0.224239 -0.122516 -0.115020
v -0.223030 0.169709 -0.002940
v -0.222964 0.183187 0.013760
v -0.224248 -0.120346 -0.136510
v -0.224195 -0.108013 -0.128810
v -0.222962 0.174897 0.056180
v -0.223018 0.160263 0.056050
v -0.222975 0.167052 0.076360
v -0.223032 0.152547 0.074510
v -0.224020 -0.056253 -0.158640
v -0.224063 -0.065162 -0.170190
v -0.223000 0.156875 0.095470
v -0.223056 0.142704 0.091930
v -0.224085 -0.074647 -0.150770
v -0.224132 -0.084846 -0.161180
v -0.223557 -0.007230 0.182730
v -0.223507 0.009087 0.168950
v -0.223583 -0.010920 0.168740
v -0.224143 -0.091982 -0.140780
v -0.224194 -0.103329 -0.149900
v -0.223177 0.101913 0.135580
v -0.223125 0.113933 0.143800
v -0.223662 -0.030762 0.166160
v -0.223641 -0.028765 0.180490
v -0.223583 -0.010920 0.168740
v -0.223130 0.117207 0.122680
v -0.223893 -0.086542 0.144770
v -0.223894 -0.089690 0.158860
v -0.223973 -0.107821 0.147020
v -0.222013 0.003456 -0.183180
v -0.223830 -0.001702 -0.182550
v -0.223746 0.019928 -0.181590
v -0.221942 0.021671 -0.181780
v -0.223183 0.096153 0.156160
v -0.221392 0.094146 0.158000
v -0.221341 0.109400 0.147920
v -0.223125 0.113933 0.143800
v -0.223811 -0.070286 0.168460
v -0.222159 -0.104665 0.150170
v -0.222058 -0.081033 0.164010
v -0.223727 -0.049882 0.175710
v -0.223249 0.077036 0.166320
v -0.221505 0.061021 0.173370
v -0.223576 0.062088 -0.172040
v -0.221729 0.074462 -0.167760
v -0.221870 0.039728 -0.179020
v -0.223661 0.041291 -0.178070
v -0.223494 0.082028 -0.163600
v -0.221659 0.090819 -0.159580
v -0.222394 -0.154651 0.097410
v -0.222285 -0.132296 0.126290
v -0.223318 0.056850 0.174160
v -0.221569 0.043426 0.178280
v -0.223475 0.014420 0.182420
v -0.221773 -0.010980 0.183160
v -0.221634 0.025513 0.181860
v -0.223394 0.035882 0.179550
v -0.223557 -0.007230 0.182730
v -0.221845 -0.029145 0.181070
v -0.224047 -0.124427 0.133130
v -0.222441 -0.163561 0.081450
v -0.222394 -0.154651 0.097410
v -0.223973 -0.107821 0.147020
v -0.223414 0.100829 -0.152860
v -0.221528 0.120689 -0.138580
v -0.224117 -0.139270 0.117360
v -0.222482 -0.170837 0.064690
v -0.222547 -0.180218 0.029400
v -0.224236 -0.162874 0.081150
v -0.224285 -0.171302 0.061210
v -0.222569 -0.182228 0.011230
v -0.222517 -0.176408 0.047280
v -0.224180 -0.152147 0.099960
v -0.223336 0.118227 -0.139980
v -0.221468 0.133741 -0.125800
v -0.223137 0.159688 -0.090370
v -0.221311 0.165168 -0.081120
v -0.221358 0.156257 -0.097080
v -0.223198 0.147864 -0.108510
v -0.223085 0.169282 -0.070960
v -0.221271 0.172447 -0.064350
v -0.224324 -0.177311 0.040400
v -0.222584 -0.182421 -0.007050
v -0.221411 0.145803 -0.112080
v -0.223265 0.133980 -0.125120
v -0.224355 -0.180819 0.019040
v -0.222593 -0.180791 -0.025260
v -0.224376 -0.181774 -0.002590
v -0.222594 -0.177356 -0.043220
v -0.223042 0.176512 -0.050550
v -0.221235 0.178017 -0.046940
v -0.224387 -0.180165 -0.024180
v -0.222588 -0.172152 -0.060740
v -0.222555 -0.156656 -0.093800
v -0.224379 -0.169377 -0.066040
v -0.224361 -0.160350 -0.085730
v -0.222529 -0.146517 -0.109010
v -0.223006 0.181280 -0.029430
v -0.221205 0.181827 -0.029060
v -0.222575 -0.165229 -0.077650
v -0.224388 -0.176013 -0.045440
v -0.223006 0.181280 -0.029430
v -0.222981 0.183515 -0.007890
v -0.221185 0.183610 -0.010880
v -0.221205 0.181827 -0.029060
v -0.222958 0.180302 0.035220
v -0.221158 0.178966 0.043550
v -0.221168 0.184031 0.007380
v -0.222964 0.183187 0.013760
v -0.222962 0.174897 0.056180
v -0.221164 0.173761 0.061080
v -0.224332 -0.149058 -0.104200
v -0.222496 -0.134911 -0.123140
v -0.224295 -0.135660 -0.121210
v -0.222456 -0.121960 -0.136040
v -0.224248 -0.120346 -0.136510
v -0.222411 -0.107788 -0.147590
v -0.222975 0.167052 0.076360
v -0.221177 0.166837 0.077990
v -0.224194 -0.103329 -0.149900
v -0.222361 -0.092541 -0.157660
v -0.224063 -0.065162 -0.170190
v -0.222214 -0.050708 -0.175820
v -0.222277 -0.067974 -0.169810
v -0.224132 -0.084846 -0.161180
v -0.223000 0.156875 0.095470
v -0.221197 0.158262 0.094140
v -0.223989 -0.044547 -0.176820
v -0.222149 -0.032926 -0.180070
v -0.223641 -0.028765 0.180490
v -0.221987 -0.064396 0.171550
v -0.223033 0.144509 0.113250
v -0.221225 0.147941 0.109210
v -0.221256 0.136523 0.123470
v -0.223074 0.130128 0.129430
v -0.223911 -0.023294 -0.180960
v -0.222082 -0.014812 -0.182530
v -0.218421 0.073169 -0.165450
v -0.218561 0.038919 -0.176500
v -0.218262 0.043048 0.175670
v -0.218200 0.060384 0.170800
v -0.221569 0.043426 0.178280
v -0.219076 -0.152298 0.096230
v -0.218968 -0.130226 0.124670
v -0.222285 -0.132296 0.126290
v -0.218463 -0.010570 0.180550
v -0.218327 0.025395 0.179230
v -0.221634 0.025513 0.181860
v -0.221773 -0.010980 0.183160
v -0.218631 0.021116 -0.179200
v -0.221942 0.021671 -0.181780
v -0.221845 -0.029145 0.181070
v -0.218533 -0.028478 0.178520
v -0.219122 -0.161104 0.080510
v -0.218223 0.118773 -0.136750
v -0.218353 0.089304 -0.157410
v -0.219163 -0.168297 0.064000
v -0.222569 -0.182228 0.011230
v -0.219249 -0.179598 0.011320
v -0.219226 -0.177590 0.029230
v -0.219198 -0.173810 0.046840
v -0.221468 0.133741 -0.125800
v -0.218164 0.131655 -0.124170
v -0.218010 0.162691 -0.080180
v -0.218056 0.153888 -0.095900
v -0.221358 0.156257 -0.097080
v -0.221311 0.165168 -0.081120
v -0.221271 0.172447 -0.064350
v -0.217969 0.169888 -0.063660
v -0.219264 -0.179812 -0.006700
v -0.222584 -0.182421 -0.007050
v -0.218108 0.143563 -0.110660
v -0.221411 0.145803 -0.112080
v -0.222593 -0.180791 -0.025260
v -0.219271 -0.178230 -0.024650
v -0.222594 -0.177356 -0.043220
v -0.219274 -0.174870 -0.042350
v -0.221235 0.178017 -0.046940
v -0.217934 0.175403 -0.046500
v -0.222588 -0.172152 -0.060740
v -0.219268 -0.169765 -0.059620
v -0.222555 -0.156656 -0.093800
v -0.222529 -0.146517 -0.109010
v -0.219210 -0.144562 -0.107240
v -0.219236 -0.154534 -0.092230
v -0.221205 0.181827 -0.029060
v -0.217905 0.179183 -0.028880
v -0.219255 -0.162963 -0.076310
v -0.222575 -0.165229 -0.077650
v -0.221205 0.181827 -0.029060
v -0.221185 0.183610 -0.010880
v -0.217884 0.180965 -0.010970
v -0.217905 0.179183 -0.028880
v -0.217859 0.176460 0.042690
v -0.217869 0.181403 0.007040
v -0.221164 0.173761 0.061080
v -0.217864 0.171355 0.059970
v -0.219177 -0.133141 -0.121180
v -0.222496 -0.134911 -0.123140
v -0.222456 -0.121960 -0.136040
v -0.219139 -0.120393 -0.133920
v -0.222411 -0.107788 -0.147590
v -0.219094 -0.106440 -0.145320
v -0.221177 0.166837 0.077990
v -0.217877 0.164552 0.076650
v -0.222361 -0.092541 -0.157660
v -0.219045 -0.091426 -0.155270
v -0.218900 -0.050217 -0.173220
v -0.218961 -0.067229 -0.167280
v -0.222277 -0.067974 -0.169810
v -0.222214 -0.050708 -0.175820
v -0.221197 0.158262 0.094140
v -0.217896 0.156123 0.092580
v -0.222149 -0.032926 -0.180070
v -0.218836 -0.032696 -0.177440
v -0.221987 -0.064396 0.171550
v -0.218675 -0.063237 0.169190
v -0.221225 0.147941 0.109210
v -0.217923 0.145971 0.107450
v -0.218037 0.108035 0.145660
v -0.217954 0.134733 0.121520
v -0.218087 0.093012 0.155610
v -0.222082 -0.014812 -0.182530
v -0.218770 -0.014846 -0.179890
v -0.222058 -0.081033 0.164010
v -0.218744 -0.079646 0.161770
v -0.218845 -0.102960 0.148160
v -0.222159 -0.104665 0.150170
v -0.222013 0.003456 -0.183180
v -0.218702 0.003159 -0.180550
v -0.063266 0.034851 -0.021630
v -0.063254 0.037134 -0.017470
v -0.063179 0.058955 -0.027820
v -0.063234 0.033844 0.023260
v -0.063160 0.049069 0.042940
v -0.063138 0.057644 0.030520
v -0.063228 0.036312 0.019200
v -0.063436 -0.020999 0.034960
v -0.063452 -0.024908 0.032260
v -0.063467 -0.033541 0.055600
v -0.063468 -0.028479 0.029130
v -0.063520 -0.045442 0.046320
v -0.063277 0.019849 0.035880
v -0.063293 0.015557 0.037910
v -0.063240 0.024622 0.060300
v -0.063380 -0.007777 0.040120
v -0.063399 -0.012374 0.038920
v -0.063409 -0.019818 0.061890
v -0.063343 0.001680 0.040880
v -0.063349 -0.005016 0.064840
v -0.063293 0.010069 0.064310
v -0.063325 0.006409 0.040430
v -0.063343 0.001680 0.040880
v -0.063293 0.010069 0.064310
v -0.063417 -0.016801 0.037190
v -0.063467 -0.033541 0.055600
v -0.063399 -0.012374 0.038920
v -0.063417 -0.016801 0.037190
v -0.063409 -0.019818 0.061890
v -0.063309 0.011057 0.039440
v -0.063325 0.006409 0.040430
v -0.063436 -0.020999 0.034960
v -0.063253 0.027584 0.030390
v -0.063264 0.023877 0.033360
v -0.063195 0.037860 0.053050
v -0.063509 -0.036695 0.017560
v -0.063520 -0.038478 0.013150
v -0.063601 -0.061353 0.020900
v -0.063566 -0.054882 0.034540
v -0.063509 -0.036695 0.017560
v -0.063601 -0.061353 0.020900
v -0.063362 -0.003071 0.040770
v -0.063349 -0.005016 0.064840
v -0.063542 -0.039315 -0.010270
v -0.063633 -0.060354 -0.023550
v -0.063635 -0.064163 -0.008950
v -0.063541 -0.040244 -0.005610
v -0.063542 -0.039315 -0.010270
v -0.063635 -0.064163 -0.008950
v -0.063264 0.023877 0.033360
v -0.063277 0.019849 0.035880
v -0.063195 0.037860 0.053050
v -0.063497 -0.034412 0.021730
v -0.063509 -0.036695 0.017560
v -0.063566 -0.054882 0.034540
v -0.063224 0.038290 0.014880
v -0.063128 0.063124 0.016460
v -0.063222 0.039756 0.010360
v -0.063539 -0.040628 -0.000870
v -0.063541 -0.040244 -0.005610
v -0.063624 -0.064503 0.006140
v -0.063328 0.021439 -0.034870
v -0.063270 0.040202 -0.051210
v -0.063325 0.027304 -0.059050
v -0.063346 0.017242 -0.037100
v -0.063539 -0.037850 -0.014790
v -0.063536 -0.035870 -0.019110
v -0.063617 -0.053278 -0.036890
v -0.063455 -0.010617 -0.039350
v -0.063438 -0.005969 -0.040340
v -0.063498 -0.017021 -0.062640
v -0.063539 -0.037850 -0.014790
v -0.063617 -0.053278 -0.036890
v -0.063633 -0.060354 -0.023550
v -0.063542 -0.039315 -0.010270
v -0.063539 -0.037850 -0.014790
v -0.063633 -0.060354 -0.023550
v -0.063244 0.038918 -0.013060
v -0.063149 0.063798 -0.013520
v -0.063179 0.058955 -0.027820
v -0.063254 0.037134 -0.017470
v -0.063486 -0.019410 -0.035790
v -0.063471 -0.015116 -0.037820
v -0.063547 -0.031012 -0.056970
v -0.063364 0.012814 -0.038820
v -0.063346 0.017242 -0.037100
v -0.063325 0.027304 -0.059050
v -0.063521 -0.030482 -0.026910
v -0.063511 -0.027143 -0.030290
v -0.063587 -0.043319 -0.048230
v -0.063471 -0.015116 -0.037820
v -0.063455 -0.010617 -0.039350
v -0.063498 -0.017021 -0.062640
v -0.063511 -0.027143 -0.030290
v -0.063500 -0.023437 -0.033270
v -0.063587 -0.043319 -0.048230
v -0.063530 -0.033403 -0.023170
v -0.063521 -0.030482 -0.026910
v -0.063587 -0.043319 -0.048230
v -0.063500 -0.023437 -0.033270
v -0.063486 -0.019410 -0.035790
v -0.063547 -0.031012 -0.056970
v -0.063528 -0.039737 0.008570
v -0.063534 -0.040458 0.003880
v -0.063624 -0.064503 0.006140
v -0.063601 -0.061353 0.020900
v -0.063528 -0.039737 0.008570
v -0.063624 -0.064503 0.006140
v -0.063402 0.003511 -0.040680
v -0.063383 0.008218 -0.040020
v -0.063384 0.012943 -0.063710
v -0.063530 -0.033403 -0.023170
v -0.063295 0.028918 -0.029040
v -0.063221 0.050946 -0.040610
v -0.063311 0.025349 -0.032170
v -0.063534 -0.040458 0.003880
v -0.063402 0.003511 -0.040680
v -0.063384 0.012943 -0.063710
v -0.063443 -0.002102 -0.064920
v -0.063421 -0.001239 -0.040790
v -0.063402 0.003511 -0.040680
v -0.063443 -0.002102 -0.064920
v -0.063468 -0.028479 0.029130
v -0.063483 -0.031660 0.025600
v -0.063520 -0.045442 0.046320
v -0.063362 -0.003071 0.040770
v -0.063380 -0.007777 0.040120
v -0.063266 0.034851 -0.021630
v -0.063281 0.032100 -0.025510
v -0.063266 0.034851 -0.021630
v -0.063221 0.050946 -0.040610
v -0.063483 -0.031660 0.025600
v -0.063497 -0.034412 0.021730
v -0.063566 -0.054882 0.034540
v -0.063483 -0.031660 0.025600
v -0.063295 0.028918 -0.029040
v -0.063281 0.032100 -0.025510
v -0.063221 0.050946 -0.040610
v -0.063520 -0.038478 0.013150
v -0.063528 -0.039737 0.008570
v -0.063601 -0.061353 0.020900
v -0.063222 0.040685 0.005700
v -0.063131 0.065212 0.001510
v -0.063224 0.041068 0.000960
v -0.063421 -0.001239 -0.040790
v -0.063235 0.040178 -0.008480
v -0.063364 0.012814 -0.038820
v -0.063383 0.008218 -0.040020
v -0.063384 0.012943 -0.063710
v -0.063229 0.040898 -0.003790
v -0.063235 0.040178 -0.008480
v -0.063229 0.040898 -0.003790
v -0.063149 0.063798 -0.013520
v -0.063224 0.038290 0.014880
v -0.063228 0.036312 0.019200
v -0.063138 0.057644 0.030520
v -0.063229 0.040898 -0.003790
v -0.063224 0.041068 0.000960
v -0.063131 0.065212 0.001510
v -0.063253 0.027584 0.030390
v -0.063195 0.037860 0.053050
v -0.063243 0.030922 0.027000
v -0.063160 0.049069 0.042940
v -0.063243 0.030922 0.027000
v -0.063240 0.024622 0.060300
v -0.063293 0.015557 0.037910
v 0.149695 -0.130418 0.009490
v 0.149692 -0.130372 0.009960
v 0.148990 -0.130130 0.009560
v 0.150835 -0.130791 0.010340
v 0.151055 -0.130917 0.009940
v 0.151617 -0.131094 0.010430
v 0.151305 -0.130940 0.010750
v 0.150835 -0.130791 0.010340
v 0.151617 -0.131094 0.010430
v 0.147460 -0.129194 0.012940
v 0.147684 -0.129226 0.013540
v 0.147305 -0.129054 0.013760
v 0.147037 -0.129017 0.013040
v 0.147460 -0.129194 0.012940
v 0.147305 -0.129054 0.013760
v 0.151282 -0.130597 0.014220
v 0.151649 -0.130791 0.013720
v 0.152025 -0.130916 0.013980
v 0.151588 -0.130686 0.014560
v 0.151282 -0.130597 0.014220
v 0.152025 -0.130916 0.013980
v 0.151965 -0.131032 0.012510
v 0.151891 -0.131065 0.011870
v 0.152313 -0.131243 0.011770
v 0.152401 -0.131205 0.012530
v 0.151965 -0.131032 0.012510
v 0.152313 -0.131243 0.011770
v 0.147468 -0.129320 0.011670
v 0.147386 -0.129226 0.012300
v 0.146950 -0.129054 0.012280
v 0.147048 -0.129166 0.011530
v 0.147468 -0.129320 0.011670
v 0.146950 -0.129054 0.012280
v 0.147305 -0.129054 0.013760
v 0.147684 -0.129226 0.013540
v 0.147734 -0.129166 0.014380
v 0.149658 -0.129887 0.014860
v 0.150251 -0.130130 0.014800
v 0.150361 -0.130129 0.015260
v 0.149656 -0.129841 0.015330
v 0.149658 -0.129887 0.014860
v 0.150361 -0.130129 0.015260
v 0.148045 -0.129320 0.014070
v 0.148516 -0.129468 0.014480
v 0.148295 -0.129343 0.014870
v 0.150835 -0.130791 0.010340
v 0.150284 -0.130598 0.010070
v 0.150400 -0.130686 0.009620
v 0.151055 -0.130917 0.009940
v 0.150835 -0.130791 0.010340
v 0.150400 -0.130686 0.009620
v 0.151882 -0.130939 0.013140
v 0.151965 -0.131032 0.012510
v 0.152401 -0.131205 0.012530
v 0.152302 -0.131094 0.013280
v 0.151882 -0.130939 0.013140
v 0.152401 -0.131205 0.012530
v 0.152313 -0.131243 0.011770
v 0.151891 -0.131065 0.011870
v 0.152046 -0.131205 0.011060
v 0.151649 -0.130791 0.013720
v 0.151882 -0.130939 0.013140
v 0.152302 -0.131094 0.013280
v 0.152025 -0.130916 0.013980
v 0.151649 -0.130791 0.013720
v 0.152302 -0.131094 0.013280
v 0.149099 -0.130130 0.010010
v 0.148546 -0.129888 0.010230
v 0.148330 -0.129842 0.009820
v 0.148068 -0.129662 0.010600
v 0.147701 -0.129469 0.011090
v 0.147326 -0.129343 0.010840
v 0.148546 -0.129888 0.010230
v 0.148068 -0.129662 0.010600
v 0.147763 -0.129574 0.010260
v 0.148330 -0.129842 0.009820
v 0.148546 -0.129888 0.010230
v 0.147763 -0.129574 0.010260
v 0.149067 -0.129662 0.014750
v 0.149658 -0.129887 0.014860
v 0.149656 -0.129841 0.015330
v 0.148951 -0.129572 0.015190
v 0.149067 -0.129662 0.014750
v 0.149656 -0.129841 0.015330
v 0.147468 -0.129320 0.011670
v 0.147048 -0.129166 0.011530
v 0.147326 -0.129343 0.010840
v 0.151666 -0.131032 0.011270
v 0.151305 -0.130940 0.010750
v 0.151617 -0.131094 0.010430
v 0.148516 -0.129468 0.014480
v 0.149067 -0.129662 0.014750
v 0.148951 -0.129572 0.015190
v 0.148295 -0.129343 0.014870
v 0.148516 -0.129468 0.014480
v 0.148951 -0.129572 0.015190
v 0.147386 -0.129226 0.012300
v 0.147460 -0.129194 0.012940
v 0.147037 -0.129017 0.013040
v 0.150251 -0.130130 0.014800
v 0.150805 -0.130371 0.014580
v 0.151021 -0.130417 0.015000
v 0.150361 -0.130129 0.015260
v 0.150251 -0.130130 0.014800
v 0.151021 -0.130417 0.015000
v 0.150805 -0.130371 0.014580
v 0.151282 -0.130597 0.014220
v 0.151588 -0.130686 0.014560
v 0.150284 -0.130598 0.010070
v 0.149692 -0.130372 0.009960
v 0.149695 -0.130418 0.009490
v 0.150400 -0.130686 0.009620
v 0.150284 -0.130598 0.010070
v 0.149695 -0.130418 0.009490
v 0.150885 -0.124147 0.012440
v 0.151066 -0.124193 0.012710
v 0.151882 -0.124599 0.011880
v 0.150885 -0.124147 0.012440
v 0.151882 -0.124599 0.011880
v 0.150772 -0.124132 0.012140
v 0.150772 -0.124132 0.012140
v 0.151882 -0.124599 0.011880
v 0.150736 -0.124147 0.011820
v 0.150736 -0.124147 0.011820
v 0.151882 -0.124599 0.011880
v 0.150777 -0.124194 0.011510
v 0.150777 -0.124194 0.011510
v 0.151882 -0.124599 0.011880
v 0.150893 -0.124268 0.011220
v 0.150893 -0.124268 0.011220
v 0.151882 -0.124599 0.011880
v 0.151077 -0.124365 0.010970
v 0.151077 -0.124365 0.010970
v 0.151882 -0.124599 0.011880
v 0.151316 -0.124478 0.010790
v 0.151316 -0.124478 0.010790
v 0.151882 -0.124599 0.011880
v 0.151594 -0.124599 0.010680
v 0.151594 -0.124599 0.010680
v 0.151882 -0.124599 0.011880
v 0.151890 -0.124720 0.010650
v 0.151890 -0.124720 0.010650
v 0.151882 -0.124599 0.011880
v 0.152186 -0.124833 0.010700
v 0.152186 -0.124833 0.010700
v 0.151882 -0.124599 0.011880
v 0.152461 -0.124931 0.010840
v 0.152461 -0.124931 0.010840
v 0.151882 -0.124599 0.011880
v 0.152698 -0.125005 0.011050
v 0.151882 -0.124599 0.011880
v 0.152990 -0.125067 0.011610
v 0.152878 -0.125051 0.011310
v 0.151882 -0.124599 0.011880
v 0.153027 -0.125051 0.011930
v 0.152990 -0.125067 0.011610
v 0.151882 -0.124599 0.011880
v 0.152986 -0.125004 0.012240
v 0.153027 -0.125051 0.011930
v 0.151882 -0.124599 0.011880
v 0.152869 -0.124930 0.012530
v 0.152986 -0.125004 0.012240
v 0.151882 -0.124599 0.011880
v 0.152686 -0.124833 0.012780
v 0.152869 -0.124930 0.012530
v 0.151882 -0.124599 0.011880
v 0.152447 -0.124720 0.012960
v 0.152686 -0.124833 0.012780
v 0.151882 -0.124599 0.011880
v 0.151874 -0.124478 0.013100
v 0.152170 -0.124599 0.013080
v 0.151577 -0.124365 0.013050
v 0.151874 -0.124478 0.013100
v 0.151882 -0.124599 0.011880
v 0.151301 -0.124267 0.012910
v 0.151577 -0.124365 0.013050
v 0.151066 -0.124193 0.012710
v 0.151301 -0.124267 0.012910
v 0.146979 -0.136211 0.018880
v 0.146992 -0.136390 0.017070
v 0.147965 -0.136787 0.016980
v 0.150107 -0.137448 0.018990
v 0.146979 -0.136211 0.018880
v 0.147965 -0.136787 0.016980
v 0.142323 -0.135215 0.009920
v 0.143778 -0.135702 0.010890
v 0.143395 -0.135458 0.011840
v 0.140763 -0.134319 0.012760
v 0.143395 -0.135458 0.011840
v 0.151715 -0.138359 0.016180
v 0.150107 -0.137448 0.018990
v 0.149657 -0.137554 0.016020
v 0.150260 -0.137872 0.015210
v 0.151715 -0.138359 0.016180
v 0.149657 -0.137554 0.016020
v 0.151755 -0.138937 0.010350
v 0.150288 -0.138270 0.011190
v 0.149696 -0.138118 0.010320
v 0.150187 -0.138596 0.007390
v 0.151755 -0.138937 0.010350
v 0.149696 -0.138118 0.010320
v 0.142283 -0.134639 0.015750
v 0.140763 -0.134319 0.012760
v 0.143382 -0.135252 0.013920
v 0.143750 -0.135304 0.014910
v 0.142283 -0.134639 0.015750
v 0.143382 -0.135252 0.013920
v 0.148875 -0.137185 0.016620
v 0.147965 -0.136787 0.016980
v 0.140763 -0.134319 0.012760
v 0.143261 -0.135304 0.012880
v 0.147060 -0.137364 0.007220
v 0.148018 -0.137556 0.009210
v 0.147047 -0.137186 0.009020
v 0.147060 -0.137364 0.007220
v 0.148018 -0.137556 0.009210
v 0.151715 -0.138359 0.016180
v 0.150260 -0.137872 0.015210
v 0.150643 -0.138117 0.014260
v 0.153276 -0.139255 0.013330
v 0.150643 -0.138117 0.014260
v 0.148922 -0.137873 0.009650
v 0.150187 -0.138596 0.007390
v 0.149696 -0.138118 0.010320
v 0.142283 -0.134639 0.015750
v 0.143750 -0.135304 0.014910
v 0.144342 -0.135458 0.015770
v 0.143851 -0.134980 0.018710
v 0.142283 -0.134639 0.015750
v 0.144342 -0.135458 0.015770
v 0.146020 -0.136019 0.016890
v 0.145116 -0.135701 0.016450
v 0.145164 -0.136391 0.009480
v 0.143930 -0.136127 0.007100
v 0.146074 -0.136788 0.009120
v 0.151755 -0.138937 0.010350
v 0.150657 -0.138322 0.012170
v 0.150288 -0.138270 0.011190
v 0.150657 -0.138322 0.012170
v 0.147060 -0.137364 0.007220
v 0.147047 -0.137186 0.009020
v 0.146074 -0.136788 0.009120
v 0.150657 -0.138322 0.012170
v 0.153276 -0.139255 0.013330
v 0.150777 -0.138270 0.013220
v 0.146979 -0.136211 0.018880
v 0.143851 -0.134980 0.018710
v 0.146020 -0.136019 0.016890
v 0.142323 -0.135215 0.009920
v 0.143930 -0.136127 0.007100
v 0.144381 -0.136020 0.010080
v 0.143778 -0.135702 0.010890
v 0.142323 -0.135215 0.009920
v 0.144381 -0.136020 0.010080
v 0.143261 -0.135304 0.012880
v 0.140763 -0.134319 0.012760
v 0.143395 -0.135458 0.011840
v 0.150777 -0.138270 0.013220
v 0.033514 -0.028900 0.034690
v 0.033558 -0.018933 0.040950
v 0.039789 -0.021688 0.046910
v 0.042568 -0.012331 0.051680
v 0.033604 -0.007688 0.044410
v 0.042292 -0.008466 0.051860
v 0.046742 -0.032157 0.069690
v 0.045471 -0.030074 0.065160
v 0.045290 -0.023815 0.069410
v 0.046547 -0.026459 0.073360
v 0.058683 -0.040435 0.087640
v 0.057774 -0.036595 0.090480
v 0.065408 -0.039177 0.095490
v 0.066064 -0.042925 0.093010
v 0.042133 -0.004365 0.051700
v 0.042647 -0.004668 0.055510
v 0.042756 -0.008490 0.055640
v 0.043718 -0.018247 0.061670
v 0.044496 -0.021347 0.065780
v 0.044406 -0.027353 0.059230
v 0.041660 -0.025479 0.055160
v 0.043034 -0.011684 0.056480
v 0.043342 -0.014954 0.058540
v 0.077500 -0.045648 0.098850
v 0.076774 -0.042080 0.101720
v 0.087946 -0.044459 0.107010
v 0.088573 -0.048169 0.104250
v 0.100659 -0.047057 0.112540
v 0.100805 -0.050938 0.110180
v 0.044496 -0.021347 0.065780
v 0.043718 -0.018247 0.061670
v 0.042577 -0.018031 0.062200
v 0.043475 -0.021093 0.066200
v 0.051399 -0.036490 0.079110
v 0.051160 -0.032194 0.082140
v 0.086613 -0.040400 0.113030
v 0.086728 -0.010027 0.119660
v 0.098270 -0.010203 0.121310
v 0.100016 -0.042910 0.115370
v 0.072917 -0.039744 0.111930
v 0.072206 -0.009905 0.118960
v 0.107967 -0.045791 0.117370
v 0.107910 -0.059317 0.111170
v 0.087580 -0.043946 0.108970
v 0.100407 -0.045996 0.113660
v 0.100659 -0.047057 0.112540
v 0.087946 -0.044459 0.107010
v 0.074960 -0.042883 0.104990
v 0.072917 -0.039744 0.111930
v 0.076774 -0.042080 0.101720
v 0.037278 -0.014366 0.058170
v 0.041970 -0.014680 0.058760
v 0.041571 -0.011751 0.057010
v 0.037120 -0.011196 0.056630
v 0.045290 -0.023815 0.069410
v 0.044315 -0.023536 0.069810
v 0.038859 -0.021451 0.066330
v 0.037638 -0.018280 0.061550
v 0.043034 -0.011684 0.056480
v 0.043342 -0.014954 0.058540
v 0.041718 -0.008443 0.056040
v 0.042756 -0.008490 0.055640
v 0.036976 -0.007697 0.055800
v 0.045613 -0.026318 0.073940
v 0.046547 -0.026459 0.073360
v 0.057774 -0.036595 0.090480
v 0.056733 -0.037008 0.091370
v 0.064757 -0.039345 0.096110
v 0.065408 -0.039177 0.095490
v 0.050297 -0.032245 0.082780
v 0.051160 -0.032194 0.082140
v 0.041190 -0.026875 0.074520
v 0.039814 -0.024142 0.070340
v 0.053593 -0.037256 0.091910
v 0.046818 -0.033404 0.084520
v 0.056456 -0.039029 0.095540
v 0.021385 -0.041659 0.101370
v 0.020104 -0.045092 0.108840
v 0.021751 -0.010799 0.132300
v 0.019989 -0.045848 0.123700
v 0.006272 -0.029031 0.067270
v 0.012856 -0.030239 0.070980
v 0.019989 -0.045848 0.123700
v 0.018529 -0.048007 0.120070
v 0.000372 -0.043645 0.105770
v 0.004589 -0.046866 0.112960
v 0.005156 -0.049608 0.121690
v -0.002312 -0.046401 0.133220
v -0.002654 -0.041794 0.101740
v 0.015727 -0.039987 0.098520
v 0.011685 -0.037748 0.094760
v -0.005602 -0.039618 0.097610
v 0.000201 -0.028777 0.076210
v 0.004364 -0.031439 0.080610
v -0.014069 -0.031021 0.086770
v 0.000790 -0.029503 0.084650
v -0.002607 -0.026466 0.081210
v -0.016737 -0.028082 0.083300
v 0.020729 -0.040382 0.096940
v 0.017230 -0.038324 0.091110
v 0.012602 -0.036308 0.087030
v -0.020187 -0.023599 0.078540
v -0.007994 -0.021961 0.076330
v -0.014275 -0.017659 0.072150
v -0.024348 -0.019120 0.073890
v 0.016532 -0.030424 0.071800
v -0.007994 -0.021961 0.076330
v -0.006255 -0.025285 0.070020
v -0.012669 -0.020708 0.066420
v -0.014275 -0.017659 0.072150
v 0.001120 -0.026905 0.063150
v -0.005617 -0.023736 0.055800
v -0.020053 -0.013184 0.063230
v -0.021123 -0.011926 0.068100
v -0.021123 -0.011926 0.068100
v -0.030786 -0.014139 0.069350
v -0.005617 -0.023736 0.055800
v 0.011732 -0.006838 0.040970
v -0.011256 -0.019711 0.048850
v -0.019741 -0.008042 0.041070
v -0.011256 -0.019711 0.048850
v -0.008503 -0.036789 0.093920
v 0.008025 -0.034992 0.091180
v -0.002607 -0.026466 0.081210
v 0.000159 -0.038980 0.071540
v -0.006302 -0.036526 0.064870
v 0.018983 -0.028918 0.053520
v 0.023745 -0.031299 0.059090
v -0.024153 -0.005368 0.067300
v -0.022866 -0.008885 0.067120
v -0.021743 -0.009034 0.062250
v -0.023431 -0.004884 0.061270
v -0.022866 -0.008885 0.067120
v -0.034627 -0.009975 0.067620
v -0.019741 -0.008042 0.041070
v 0.037211 -0.004685 0.055900
v 0.010124 -0.003238 0.039300
v 0.042647 -0.004668 0.055510
v 0.041047 -0.004696 0.055860
v 0.105032 -0.010466 0.124100
v 0.107967 -0.045791 0.117370
v -0.034972 -0.016879 0.153010
v -0.006956 -0.011629 0.143960
v -0.002312 -0.046401 0.133220
v -0.035162 -0.063379 0.138880
v -0.002312 -0.046401 0.133220
v -0.006956 -0.011629 0.143960
v -0.024153 -0.005368 0.067300
v -0.036452 -0.005316 0.067270
v -0.024348 -0.019120 0.073890
v -0.030786 -0.014139 0.069350
v -0.031896 -0.029109 0.063760
v -0.025558 -0.031505 0.068930
v -0.014069 -0.031021 0.086770
v -0.016737 -0.028082 0.083300
v -0.017287 -0.036517 0.079790
v -0.014616 -0.038351 0.083770
v -0.020187 -0.023599 0.078540
v -0.020941 -0.034034 0.074410
v -0.005602 -0.039618 0.097610
v -0.006410 -0.043902 0.095810
v -0.003455 -0.045839 0.100010
v -0.002654 -0.041794 0.101740
v -0.000683 -0.047632 0.103890
v 0.000372 -0.043645 0.105770
v -0.008503 -0.036789 0.093920
v -0.009427 -0.041938 0.091550
v 0.003767 -0.051087 0.111390
v 0.004589 -0.046866 0.112960
v 0.005156 -0.049608 0.121690
v 0.004192 -0.054908 0.119730
v -0.002583 -0.058620 0.127890
v -0.002312 -0.046401 0.133220
v -0.036505 -0.019763 0.064690
v -0.034627 -0.009975 0.067620
v -0.035729 -0.010309 0.067260
v -0.036417 -0.028042 0.061470
v -0.039860 -0.019902 0.061610
v -0.039917 -0.033564 0.055350
v -0.002583 -0.058620 0.127890
v -0.063128 0.063124 0.016460
v -0.063138 0.057644 0.030520
v -0.051804 0.056432 0.029890
v -0.051795 0.061799 0.016110
v -0.018540 -0.003245 0.040760
v -0.039801 -0.005164 0.064550
v -0.063160 0.049069 0.042940
v -0.051827 0.048031 0.042060
v 0.184198 -0.031935 0.155300
v 0.220368 -0.032668 0.158230
v 0.220288 -0.050843 0.153470
v 0.184127 -0.049772 0.150630
v 0.184271 -0.013677 0.157870
v 0.220438 -0.014063 0.160850
v 0.220218 -0.068343 0.146620
v 0.184055 -0.066943 0.143910
v -0.036452 -0.005316 0.067270
v -0.018540 -0.003245 0.040760
v 0.042184 -0.034089 0.040120
v 0.042488 -0.031435 0.042930
v 0.046495 -0.038657 0.067770
v 0.045233 -0.037378 0.063190
v 0.065374 -0.047244 0.091790
v 0.057738 -0.045083 0.086590
v 0.042636 -0.036942 0.042610
v 0.042501 -0.039326 0.039630
v 0.041997 -0.036640 0.036900
v 0.044435 -0.036234 0.058950
v 0.043647 -0.035140 0.053930
v 0.043259 -0.034920 0.049390
v 0.042934 -0.035490 0.045570
v 0.019917 -0.019564 0.023490
v 0.019946 -0.012816 0.027730
v 0.087911 -0.052684 0.103250
v 0.076740 -0.050148 0.098020
v 0.100624 -0.055262 0.108780
v 0.044435 -0.036234 0.058950
v 0.043408 -0.036716 0.059040
v 0.042504 -0.035679 0.054110
v 0.043647 -0.035140 0.053930
v 0.051120 -0.041593 0.077830
v 0.086981 -0.057061 0.104400
v 0.100120 -0.058452 0.108250
v 0.098055 -0.086529 0.087250
v 0.086414 -0.084726 0.085430
v 0.073351 -0.056188 0.102990
v 0.071895 -0.084165 0.084940
v 0.087911 -0.052684 0.103250
v 0.100624 -0.055262 0.108780
v 0.073351 -0.056188 0.102990
v 0.076740 -0.050148 0.098020
v 0.037190 -0.034980 0.048720
v 0.037016 -0.035886 0.045320
v 0.041469 -0.035837 0.045970
v 0.041882 -0.035250 0.049330
v 0.045233 -0.037378 0.063190
v 0.044254 -0.037862 0.063250
v 0.038796 -0.036550 0.059410
v 0.037567 -0.034992 0.053900
v 0.042934 -0.035490 0.045570
v 0.043259 -0.034920 0.049390
v 0.041597 -0.037266 0.042830
v 0.042636 -0.036942 0.042610
v 0.036850 -0.037541 0.042130
v 0.046495 -0.038657 0.067770
v 0.045558 -0.039178 0.068040
v 0.057738 -0.045083 0.086590
v 0.065374 -0.047244 0.091790
v 0.064722 -0.047603 0.092330
v 0.056696 -0.045477 0.087480
v 0.050257 -0.042037 0.078290
v 0.051120 -0.041593 0.077830
v 0.041138 -0.039224 0.068860
v 0.039757 -0.037835 0.064060
v 0.054221 -0.046013 0.088790
v 0.046780 -0.042575 0.080320
v 0.057570 -0.047967 0.093230
v 0.062744 -0.050133 0.098060
v 0.057428 -0.048830 0.095200
v 0.020071 -0.053183 0.105130
v 0.021351 -0.049770 0.097650
v 0.021403 -0.093354 0.094470
v 0.018479 -0.059773 0.114680
v 0.027193 -0.033689 0.064500
v 0.018479 -0.059773 0.114680
v 0.000338 -0.051661 0.102090
v 0.004555 -0.055036 0.109220
v 0.005113 -0.059858 0.116990
v 0.003447 -0.098921 0.100200
v 0.005113 -0.059858 0.116990
v -0.002414 -0.070635 0.122110
v -0.002687 -0.049799 0.098070
v -0.005637 -0.048068 0.093730
v 0.011645 -0.047251 0.090400
v 0.015691 -0.048667 0.094540
v -0.014130 -0.045415 0.080180
v -0.016806 -0.044687 0.075690
v -0.002682 -0.044257 0.073060
v 0.000725 -0.044904 0.077590
v 0.017207 -0.044147 0.088440
v 0.020700 -0.047247 0.093790
v 0.012577 -0.042348 0.084270
v -0.020272 -0.043986 0.069200
v -0.024449 -0.043358 0.062780
v -0.014382 -0.043059 0.060510
v -0.008084 -0.043466 0.066480
v 0.029249 -0.035146 0.068320
v -0.008084 -0.043466 0.066480
v -0.014382 -0.043059 0.060510
v -0.012736 -0.036744 0.059070
v -0.006302 -0.036526 0.064870
v 0.013336 -0.027046 0.048180
v -0.021255 -0.043689 0.053540
v -0.020163 -0.039185 0.051310
v -0.030907 -0.043123 0.056070
v -0.021255 -0.043689 0.053540
v 0.004325 -0.040600 0.076410
v -0.020261 -0.025835 0.042970
v 0.007977 -0.046311 0.085990
v -0.008545 -0.047107 0.089200
v -0.002682 -0.044257 0.073060
v -0.024329 -0.047346 0.048060
v -0.023592 -0.043102 0.043760
v -0.021877 -0.041143 0.047540
v -0.023017 -0.044924 0.050610
v -0.023017 -0.044924 0.050610
v -0.034772 -0.044509 0.051800
v -0.024334 -0.028152 0.036310
v -0.024157 -0.031464 0.031970
v 0.000926 -0.026383 0.026700
v 0.004475 -0.024586 0.034450
v -0.024334 -0.028152 0.036310
v -0.020261 -0.025835 0.042970
v 0.037064 -0.039579 0.039910
v 0.040901 -0.039568 0.039880
v 0.042501 -0.039326 0.039630
v 0.107910 -0.059317 0.111170
v 0.104804 -0.087407 0.088050
v -0.035357 -0.108225 0.109810
v -0.002414 -0.070635 0.122110
v 0.003447 -0.098921 0.100200
v -0.024329 -0.047346 0.048060
v -0.036627 -0.047268 0.048040
v -0.024449 -0.043358 0.062780
v -0.030907 -0.043123 0.056070
v -0.014130 -0.045415 0.080180
v -0.016806 -0.044687 0.075690
v -0.020272 -0.043986 0.069200
v -0.005637 -0.048068 0.093730
v -0.002687 -0.049799 0.098070
v 0.000338 -0.051661 0.102090
v -0.008545 -0.047107 0.089200
v 0.004555 -0.055036 0.109220
v 0.005113 -0.059858 0.116990
v -0.002414 -0.070635 0.122110
v -0.036573 -0.035881 0.057300
v -0.035870 -0.044005 0.051810
v -0.034772 -0.044509 0.051800
v -0.063409 -0.019818 0.061890
v -0.063467 -0.033541 0.055600
v -0.052126 -0.032896 0.054460
v -0.052070 -0.019454 0.060620
v -0.039970 -0.045415 0.046110
v -0.063520 -0.045442 0.046320
v -0.063566 -0.054882 0.034540
v -0.052223 -0.053804 0.033830
v -0.052179 -0.044555 0.045370
v 0.220078 -0.100379 0.127110
v 0.183920 -0.098383 0.124760
v 0.183985 -0.083221 0.135250
v 0.220148 -0.084930 0.137800
v 0.220018 -0.114483 0.114690
v 0.183857 -0.112224 0.112580
v -0.036627 -0.047268 0.048040
v -0.024157 -0.031464 0.031970
v 0.042436 -0.042735 0.031780
v 0.033472 -0.038012 0.024440
v 0.042158 -0.039888 0.034400
v 0.046569 -0.069504 0.032830
v 0.045310 -0.064992 0.030700
v 0.045115 -0.062928 0.037980
v 0.046362 -0.067498 0.039310
v 0.057547 -0.086281 0.045930
v 0.070712 -0.094623 0.049600
v 0.071061 -0.095568 0.045140
v 0.058465 -0.087401 0.041290
v 0.042611 -0.042340 0.037280
v 0.043561 -0.053686 0.035620
v 0.044331 -0.058702 0.036780
v 0.044334 -0.059605 0.028140
v 0.041124 -0.055142 0.026040
v 0.039672 -0.046832 0.022100
v 0.042889 -0.045322 0.035870
v 0.043193 -0.049154 0.035340
v 0.077255 -0.098626 0.046570
v 0.076521 -0.097734 0.051060
v 0.087678 -0.102976 0.053610
v 0.088314 -0.104041 0.049110
v 0.100378 -0.108540 0.056210
v 0.100533 -0.109992 0.051900
v 0.033443 -0.043056 0.013810
v 0.044331 -0.058702 0.036780
v 0.043561 -0.053686 0.035620
v 0.042419 -0.053863 0.036170
v 0.043306 -0.058779 0.037270
v 0.051203 -0.078883 0.037270
v 0.050954 -0.077540 0.042360
v 0.099891 -0.107961 0.059390
v 0.086764 -0.104072 0.058010
v 0.073137 -0.102605 0.057180
v 0.107673 -0.110630 0.060530
v 0.087678 -0.102976 0.053610
v 0.100378 -0.108540 0.056210
v 0.076521 -0.097734 0.051060
v 0.073137 -0.102605 0.057180
v 0.037128 -0.048456 0.035420
v 0.041819 -0.049080 0.035680
v 0.041425 -0.045712 0.036220
v 0.036973 -0.045039 0.036280
v 0.045115 -0.062928 0.037980
v 0.044138 -0.062975 0.038470
v 0.038691 -0.059133 0.037130
v 0.037481 -0.053632 0.035500
v 0.042889 -0.045322 0.035870
v 0.043193 -0.049154 0.035340
v 0.041573 -0.042557 0.037610
v 0.042611 -0.042340 0.037280
v 0.036831 -0.041827 0.037900
v 0.045426 -0.067759 0.039840
v 0.046362 -0.067498 0.039310
v 0.064517 -0.092019 0.048500
v 0.068908 -0.097547 0.051020
v 0.070712 -0.094623 0.049600
v 0.057547 -0.086281 0.045930
v 0.056504 -0.087166 0.046340
v 0.050089 -0.077988 0.042810
v 0.050954 -0.077540 0.042360
v 0.041002 -0.068551 0.039920
v 0.039637 -0.063771 0.038470
v 0.054024 -0.088458 0.046910
v 0.046606 -0.079990 0.043390
v 0.057363 -0.092883 0.048910
v 0.057215 -0.094842 0.049800
v 0.021131 -0.097108 0.050930
v 0.018463 -0.110994 0.057830
v 0.018229 -0.113988 0.061180
v 0.018229 -0.113988 0.061180
v 0.002971 -0.068270 0.036500
v 0.010956 -0.072086 0.037380
v 0.000108 -0.101426 0.052980
v 0.004580 -0.112380 0.058890
v -0.002648 -0.121178 0.072230
v 0.004853 -0.116235 0.061350
v -0.002648 -0.121178 0.072230
v -0.035508 -0.138378 0.065730
v -0.002907 -0.097417 0.051080
v 0.015482 -0.093989 0.049820
v 0.011448 -0.089851 0.048360
v -0.005846 -0.093089 0.049310
v -0.014287 -0.079528 0.046510
v 0.000576 -0.077023 0.045900
v -0.002812 -0.072482 0.045210
v -0.016946 -0.075041 0.045740
v 0.020487 -0.093285 0.048360
v 0.017003 -0.087952 0.045210
v 0.012384 -0.083785 0.043380
v -0.020385 -0.068546 0.044970
v -0.008188 -0.065886 0.044350
v -0.014460 -0.059889 0.043900
v -0.024538 -0.062119 0.044270
v 0.016364 -0.073199 0.037890
v -0.008188 -0.065886 0.044350
v -0.006431 -0.064376 0.037380
v -0.012837 -0.058549 0.037560
v -0.014460 -0.059889 0.043900
v -0.011142 -0.056761 0.032230
v -0.004671 -0.063310 0.035030
v -0.020217 -0.050720 0.039930
v -0.021298 -0.052889 0.044460
v -0.021298 -0.052889 0.044460
v -0.030965 -0.055372 0.043980
v 0.001183 -0.041064 0.023450
v -0.018379 -0.048672 0.028470
v -0.008737 -0.088552 0.048300
v 0.007797 -0.085432 0.047380
v 0.004162 -0.075911 0.041560
v 0.000010 -0.071040 0.039900
v -0.002812 -0.072482 0.045210
v -0.024369 -0.035843 0.028720
v -0.011142 -0.056761 0.032230
v -0.018379 -0.048672 0.028470
v -0.024329 -0.047346 0.048060
v -0.023040 -0.049930 0.045670
v -0.021904 -0.046911 0.041840
v -0.023592 -0.043102 0.043760
v -0.023040 -0.049930 0.045670
v -0.034802 -0.051067 0.045320
v 0.000926 -0.026383 0.026700
v -0.024157 -0.031464 0.031970
v -0.024369 -0.035843 0.028720
v 0.037064 -0.039579 0.039910
v 0.042501 -0.039326 0.039630
v 0.040901 -0.039568 0.039880
v 0.107673 -0.110630 0.060530
v -0.024329 -0.047346 0.048060
v -0.036627 -0.047268 0.048040
v -0.024538 -0.062119 0.044270
v -0.030965 -0.055372 0.043980
v -0.032053 -0.063244 0.030070
v -0.025728 -0.068411 0.032510
v -0.014287 -0.079528 0.046510
v -0.016946 -0.075041 0.045740
v -0.017485 -0.079247 0.037630
v -0.014823 -0.083214 0.039500
v -0.020385 -0.068546 0.044970
v -0.021125 -0.073879 0.035090
v -0.005846 -0.093089 0.049310
v -0.006647 -0.095216 0.045170
v -0.003701 -0.099403 0.047150
v -0.002907 -0.097417 0.051080
v -0.000940 -0.103276 0.048980
v 0.000108 -0.101426 0.052980
v -0.008737 -0.088552 0.048300
v -0.009654 -0.090968 0.043160
v 0.003694 -0.114893 0.054480
v 0.004580 -0.112380 0.058890
v -0.002899 -0.127115 0.060300
v 0.004853 -0.116235 0.061350
v 0.003895 -0.119034 0.056440
v -0.002899 -0.127115 0.060300
v -0.002648 -0.121178 0.072230
v -0.040051 -0.061254 0.020800
v -0.040015 -0.054814 0.034380
v -0.063601 -0.061353 0.020900
v -0.052259 -0.060142 0.020470
v -0.034802 -0.051067 0.045320
v -0.063195 0.037860 0.053050
v -0.063240 0.024622 0.060300
v -0.051904 0.024083 0.059070
v -0.051860 0.037051 0.051960
v 0.219898 -0.137912 0.085400
v 0.183745 -0.135217 0.083830
v 0.183798 -0.124557 0.098870
v 0.219958 -0.127051 0.100730
v 0.219858 -0.146921 0.068910
v 0.183699 -0.144056 0.067650
v -0.024157 -0.031464 0.031970
v 0.004853 -0.116235 0.061350
v 0.042091 -0.051969 0.008930
v 0.042386 -0.051741 0.012790
v 0.046330 -0.073251 0.027190
v 0.045080 -0.069322 0.024500
v 0.012369 -0.086632 0.037370
v 0.040969 -0.074374 0.027640
v 0.046583 -0.084315 0.034280
v 0.070690 -0.098426 0.041580
v 0.057525 -0.090284 0.037500
v 0.042538 -0.055754 0.009000
v 0.042411 -0.055668 0.005190
v 0.041913 -0.051858 0.004830
v 0.033424 -0.045232 0.000270
v 0.044291 -0.065721 0.021980
v 0.043518 -0.061650 0.018830
v 0.019855 -0.030626 0.000180
v 0.019868 -0.029152 0.009350
v 0.042826 -0.056546 0.012200
v 0.043141 -0.058568 0.015500
v 0.087657 -0.106855 0.045440
v 0.076499 -0.101538 0.043040
v 0.100357 -0.112408 0.048050
v 0.044291 -0.065721 0.021980
v 0.043266 -0.066144 0.021740
v 0.042374 -0.062183 0.018630
v 0.043518 -0.061650 0.018830
v 0.050930 -0.081972 0.033020
v 0.086276 -0.112916 0.041470
v 0.099680 -0.115289 0.043950
v 0.097754 -0.121645 0.011340
v 0.086220 -0.119946 0.011190
v 0.072584 -0.111767 0.040860
v 0.071701 -0.119183 0.011140
v 0.107637 -0.117006 0.047090
v 0.087657 -0.106855 0.045440
v 0.100357 -0.112408 0.048050
v 0.099854 -0.114508 0.045590
v 0.086726 -0.110950 0.043510
v 0.073100 -0.109354 0.042960
v 0.076499 -0.101538 0.043040
v 0.037074 -0.058174 0.014940
v 0.036910 -0.056681 0.011750
v 0.041362 -0.057069 0.012290
v 0.041765 -0.058777 0.015240
v 0.045080 -0.069322 0.024500
v 0.044101 -0.069730 0.024230
v 0.038652 -0.066251 0.022120
v 0.037438 -0.061510 0.018890
v 0.042826 -0.056546 0.012200
v 0.043141 -0.058568 0.015500
v 0.041498 -0.056147 0.008970
v 0.042538 -0.055754 0.009000
v 0.036753 -0.055897 0.008240
v 0.046330 -0.073251 0.027190
v 0.045393 -0.073822 0.027060
v 0.070690 -0.098426 0.041580
v 0.068886 -0.101374 0.042960
v 0.064496 -0.095913 0.040290
v 0.057525 -0.090284 0.037500
v 0.056482 -0.091160 0.037930
v 0.050064 -0.082606 0.033080
v 0.050930 -0.081972 0.033020
v 0.039601 -0.070227 0.024860
v 0.054003 -0.092408 0.038580
v 0.057341 -0.096762 0.040730
v 0.067187 -0.105523 0.043940
v 0.057194 -0.098689 0.041680
v 0.018198 -0.119536 0.049480
v 0.018440 -0.115052 0.049280
v 0.021111 -0.100932 0.042870
v 0.021189 -0.132276 0.012430
v 0.019631 -0.123198 0.047370
v 0.012668 -0.070658 0.031090
v 0.006097 -0.066932 0.029860
v 0.000086 -0.105206 0.045010
v 0.004556 -0.116721 0.049740
v 0.004826 -0.121068 0.051170
v -0.002711 -0.132604 0.048150
v -0.002711 -0.132604 0.048150
v 0.003219 -0.140197 0.013190
v -0.035606 -0.152941 0.014440
v -0.002929 -0.101192 0.043120
v -0.005868 -0.097073 0.040910
v 0.011424 -0.094331 0.038920
v 0.015459 -0.098082 0.041190
v 0.004138 -0.080229 0.032460
v -0.000016 -0.075850 0.029760
v -0.014325 -0.086314 0.032210
v -0.016989 -0.082870 0.029230
v -0.002859 -0.080870 0.027530
v 0.000536 -0.084284 0.030590
v 0.016988 -0.090698 0.039420
v 0.020469 -0.096521 0.041540
v -0.020439 -0.078156 0.024710
v -0.024600 -0.073546 0.020190
v -0.014526 -0.071866 0.018650
v -0.008244 -0.076026 0.022980
v 0.016342 -0.071492 0.031270
v -0.008244 -0.076026 0.022980
v -0.014526 -0.071866 0.018650
v -0.012879 -0.066110 0.021620
v -0.006460 -0.069676 0.026210
v -0.005763 -0.055486 0.024470
v 0.000954 -0.062816 0.027710
v -0.021381 -0.067863 0.012900
v -0.020284 -0.062978 0.014090
v -0.031040 -0.069038 0.015170
v -0.021381 -0.067863 0.012900
v -0.005763 -0.055486 0.024470
v 0.011575 -0.040960 0.007300
v -0.011390 -0.048556 0.020380
v -0.019893 -0.040899 0.008650
v -0.011390 -0.048556 0.020380
v 0.007767 -0.090769 0.036130
v -0.008764 -0.093416 0.038040
v -0.002859 -0.080870 0.027530
v 0.017918 -0.059511 -0.013410
v 0.000904 -0.066886 -0.015510
v 0.006042 -0.071336 -0.016870
v 0.022418 -0.065572 -0.015010
v -0.024439 -0.067139 0.006340
v -0.023691 -0.061121 0.005780
v -0.021987 -0.062050 0.009930
v -0.023134 -0.066921 0.009860
v -0.023134 -0.066921 0.009860
v -0.034892 -0.067349 0.011000
v -0.019893 -0.040899 0.008650
v 0.009958 -0.039331 0.003690
v 0.036973 -0.056031 0.005230
v 0.040810 -0.056008 0.005220
v 0.042411 -0.055668 0.005190
v 0.107637 -0.117006 0.047090
v 0.104756 -0.123802 0.008090
v 0.003219 -0.140197 0.013190
v -0.002711 -0.132604 0.048150
v -0.018713 -0.040648 0.003840
v -0.024439 -0.067139 0.006340
v -0.036737 -0.067046 0.006350
v -0.024600 -0.073546 0.020190
v -0.031040 -0.069038 0.015170
v -0.014325 -0.086314 0.032210
v -0.016989 -0.082870 0.029230
v -0.020439 -0.078156 0.024710
v -0.005868 -0.097073 0.040910
v -0.002929 -0.101192 0.043120
v 0.000086 -0.105206 0.045010
v -0.008764 -0.093416 0.038040
v 0.004556 -0.116721 0.049740
v 0.004826 -0.121068 0.051170
v -0.002711 -0.132604 0.048150
v -0.063624 -0.064503 0.006140
v -0.052281 -0.063228 0.006010
v -0.040075 -0.064390 0.006100
v -0.034892 -0.067349 0.011000
v 0.219778 -0.158917 0.033360
v 0.183625 -0.155828 0.032770
v 0.183659 -0.150958 0.050550
v 0.219818 -0.153955 0.051480
v 0.219758 -0.161743 0.014790
v 0.183601 -0.158602 0.014540
v -0.036737 -0.067046 0.006350
v -0.018713 -0.040648 0.003840
v 0.033429 -0.039343 -0.022310
v 0.033421 -0.043773 -0.011410
v 0.039632 -0.050145 -0.013070
v 0.042081 -0.052733 0.000820
v 0.042367 -0.053230 -0.003020
v 0.046509 -0.074423 -0.019400
v 0.045253 -0.069591 -0.018140
v 0.045038 -0.072689 -0.011240
v 0.046284 -0.077050 -0.013160
v 0.012301 -0.092091 -0.020580
v 0.046522 -0.089245 -0.018060
v 0.040922 -0.078237 -0.013380
v 0.032822 -0.077605 -0.016600
v 0.012612 -0.075225 -0.017400
v 0.058390 -0.093587 -0.024400
v 0.057458 -0.095711 -0.020130
v 0.065076 -0.101122 -0.021780
v 0.065752 -0.099336 -0.025900
v 0.042529 -0.056466 0.001450
v 0.043487 -0.064093 -0.007110
v 0.044255 -0.068681 -0.009440
v 0.044282 -0.063822 -0.016640
v 0.041077 -0.059043 -0.015390
v 0.042811 -0.057840 -0.001550
v 0.043117 -0.060444 -0.004410
v 0.077169 -0.105604 -0.027530
v 0.076422 -0.107806 -0.023520
v 0.087575 -0.113480 -0.024910
v 0.088223 -0.111402 -0.029040
v 0.100270 -0.119426 -0.026470
v 0.100437 -0.117772 -0.030700
v 0.044255 -0.068681 -0.009440
v 0.043487 -0.064093 -0.007110
v 0.042344 -0.064578 -0.006800
v 0.043230 -0.069052 -0.009120
v 0.051134 -0.084467 -0.022020
v 0.050871 -0.086707 -0.017260
v 0.086205 -0.118693 -0.019870
v 0.099604 -0.121490 -0.021900
v 0.072514 -0.117446 -0.019460
v 0.107554 -0.123766 -0.024680
v 0.107557 -0.120010 -0.039080
v 0.087200 -0.115318 -0.024070
v 0.100009 -0.120336 -0.025230
v 0.100270 -0.119426 -0.026470
v 0.087575 -0.113480 -0.024910
v 0.074595 -0.111161 -0.023750
v 0.072514 -0.117446 -0.019460
v 0.076422 -0.107806 -0.023520
v 0.037053 -0.059951 -0.003910
v 0.041743 -0.060601 -0.004100
v 0.041346 -0.058370 -0.001530
v 0.036894 -0.057886 -0.001060
v 0.045038 -0.072689 -0.011240
v 0.044060 -0.073038 -0.010900
v 0.038615 -0.069227 -0.009470
v 0.037408 -0.063966 -0.007180
v 0.042811 -0.057840 -0.001550
v 0.043117 -0.060444 -0.004410
v 0.041489 -0.056842 0.001560
v 0.042529 -0.056466 0.001450
v 0.036746 -0.056462 0.002240
v 0.045346 -0.077588 -0.012920
v 0.046284 -0.077050 -0.013160
v 0.057458 -0.095711 -0.020130
v 0.056414 -0.096652 -0.020380
v 0.064423 -0.101763 -0.021840
v 0.065076 -0.101122 -0.021780
v 0.050005 -0.087341 -0.017210
v 0.050871 -0.086707 -0.017260
v 0.039559 -0.073643 -0.011420
v 0.053934 -0.098000 -0.020790
v 0.057268 -0.102678 -0.022100
v 0.062425 -0.107798 -0.023500
v 0.057119 -0.104752 -0.022670
v 0.019548 -0.129879 -0.023590
v 0.018110 -0.126678 -0.026350
v 0.019728 -0.115120 -0.025430
v 0.025461 -0.070088 -0.016150
v 0.021033 -0.107167 -0.023340
v 0.019548 -0.129879 -0.023590
v 0.000006 -0.111761 -0.024600
v 0.004199 -0.119423 -0.026510
v 0.004734 -0.128494 -0.027690
v -0.002793 -0.139262 -0.022550
v -0.002793 -0.139262 -0.022550
v -0.035630 -0.148208 -0.038670
v -0.003007 -0.107463 -0.023480
v 0.015385 -0.104052 -0.022200
v 0.011353 -0.099943 -0.020670
v -0.005941 -0.103003 -0.022060
v -0.000069 -0.080074 -0.015090
v 0.004081 -0.084881 -0.016930
v -0.014381 -0.090809 -0.015510
v 0.000484 -0.088516 -0.014330
v -0.002904 -0.084586 -0.011950
v -0.017039 -0.086868 -0.013220
v 0.020394 -0.102585 -0.022850
v 0.016917 -0.096468 -0.021850
v -0.020479 -0.081392 -0.009650
v -0.008281 -0.078979 -0.008380
v -0.014554 -0.074083 -0.004890
v -0.024630 -0.076018 -0.006060
v -0.008281 -0.078979 -0.008380
v -0.006506 -0.073344 -0.012740
v -0.012914 -0.068982 -0.008880
v -0.014554 -0.074083 -0.004890
v -0.005808 -0.059080 -0.013680
v -0.020303 -0.064498 -0.002050
v -0.021396 -0.069075 0.000030
v -0.021396 -0.069075 0.000030
v -0.031060 -0.070650 -0.001960
v 0.011788 -0.053563 -0.011700
v 0.004791 -0.047294 -0.008680
v -0.019904 -0.041791 -0.000830
v -0.011426 -0.051506 -0.010950
v -0.011426 -0.051506 -0.010950
v -0.008831 -0.098876 -0.019930
v 0.007703 -0.095921 -0.018580
v -0.002904 -0.084586 -0.011950
v -0.024439 -0.067139 0.006340
v -0.023141 -0.067580 0.002850
v -0.021997 -0.062810 0.001860
v -0.023691 -0.061121 0.005780
v -0.023141 -0.067580 0.002850
v -0.034903 -0.068213 0.001830
v -0.019904 -0.041791 -0.000830
v 0.036973 -0.056031 0.005230
v 0.009958 -0.039331 0.003690
v 0.011566 -0.041607 0.000440
v 0.042411 -0.055668 0.005190
v 0.040810 -0.056008 0.005220
v 0.107554 -0.123766 -0.024680
v -0.002793 -0.139262 -0.022550
v -0.018713 -0.040648 0.003840
v -0.024439 -0.067139 0.006340
v -0.036737 -0.067046 0.006350
v -0.024630 -0.076018 -0.006060
v -0.031060 -0.070650 -0.001960
v -0.032108 -0.067742 -0.017670
v -0.025788 -0.073274 -0.019120
v -0.014381 -0.090809 -0.015510
v -0.017039 -0.086868 -0.013220
v -0.017555 -0.084877 -0.022140
v -0.014896 -0.089123 -0.023250
v -0.020479 -0.081392 -0.009650
v -0.021190 -0.079128 -0.020640
v -0.005941 -0.103003 -0.022060
v -0.006731 -0.101975 -0.026600
v -0.003789 -0.106457 -0.027770
v -0.003007 -0.107463 -0.023480
v -0.001031 -0.110605 -0.028850
v 0.000006 -0.111761 -0.024600
v -0.008831 -0.098876 -0.019930
v -0.009734 -0.097427 -0.025410
v 0.003394 -0.118610 -0.030940
v 0.004199 -0.119423 -0.026510
v -0.003011 -0.136137 -0.035510
v 0.004734 -0.128494 -0.027690
v 0.003791 -0.127481 -0.033250
v -0.003011 -0.136137 -0.035510
v -0.002793 -0.139262 -0.022550
v -0.040083 -0.060261 -0.023460
v -0.040085 -0.064055 -0.008920
v -0.063624 -0.064503 0.006140
v -0.063635 -0.064163 -0.008950
v -0.052292 -0.062896 -0.008770
v -0.052281 -0.063228 0.006010
v -0.034903 -0.068213 0.001830
v -0.063293 0.010069 0.064310
v -0.051956 0.009825 0.062990
v 0.183583 -0.159239 -0.003890
v 0.219738 -0.162392 -0.003990
v 0.219728 -0.160857 -0.022720
v 0.183573 -0.157733 -0.022270
v 0.219728 -0.157159 -0.041140
v 0.183573 -0.154105 -0.040350
v -0.018713 -0.040648 0.003840
v 0.042087 -0.045618 -0.026460
v 0.042372 -0.047926 -0.023350
v 0.046286 -0.073664 -0.026140
v 0.045041 -0.068923 -0.025680
v 0.065078 -0.098884 -0.030370
v 0.057460 -0.093354 -0.029160
v 0.042534 -0.048566 -0.028830
v 0.042418 -0.046051 -0.031690
v 0.041920 -0.042896 -0.029530
v 0.044259 -0.064548 -0.025290
v 0.043491 -0.059403 -0.025090
v 0.019859 -0.026638 -0.015110
v 0.019853 -0.029638 -0.007730
v 0.042816 -0.051232 -0.026890
v 0.043122 -0.054899 -0.025660
v 0.087577 -0.111196 -0.033660
v 0.076424 -0.105566 -0.032110
v 0.100271 -0.117149 -0.035200
v 0.044259 -0.064548 -0.025290
v 0.043233 -0.064714 -0.025750
v 0.042347 -0.059679 -0.025590
v 0.043491 -0.059403 -0.025090
v 0.006043 -0.070488 -0.020120
v 0.000904 -0.065940 -0.019130
v 0.009551 -0.062218 -0.017780
v 0.014380 -0.067086 -0.019050
v 0.050873 -0.084098 -0.027270
v 0.086210 -0.113284 -0.040600
v 0.099608 -0.116717 -0.040200
v 0.097688 -0.101046 -0.069560
v 0.086277 -0.099075 -0.068230
v 0.072518 -0.111994 -0.040360
v 0.071893 -0.098452 -0.067820
v 0.036587 -0.104095 -0.071790
v 0.034854 -0.119084 -0.041760
v 0.087203 -0.112387 -0.035300
v 0.087577 -0.111196 -0.033660
v 0.100271 -0.117149 -0.035200
v 0.100011 -0.117336 -0.036730
v 0.074597 -0.108606 -0.033550
v 0.076424 -0.105566 -0.032110
v 0.037057 -0.054226 -0.025850
v 0.036899 -0.051031 -0.027340
v 0.041350 -0.051682 -0.027160
v 0.041747 -0.054888 -0.026000
v 0.045041 -0.068923 -0.025680
v 0.044063 -0.069061 -0.026150
v 0.038618 -0.065034 -0.025540
v 0.037411 -0.059326 -0.024960
v 0.042816 -0.051232 -0.026890
v 0.043122 -0.054899 -0.025660
v 0.041495 -0.048841 -0.029110
v 0.042534 -0.048566 -0.028830
v 0.036753 -0.048176 -0.029520
v 0.046286 -0.073664 -0.026140
v 0.045349 -0.074017 -0.026610
v 0.057460 -0.093354 -0.029160
v 0.065078 -0.098884 -0.030370
v 0.064425 -0.099471 -0.030630
v 0.056416 -0.094300 -0.029400
v 0.050008 -0.084621 -0.027630
v 0.050873 -0.084098 -0.027270
v 0.040924 -0.074808 -0.026520
v 0.039562 -0.069841 -0.025990
v 0.053935 -0.095673 -0.029710
v 0.046523 -0.086697 -0.027820
v 0.057269 -0.100394 -0.030850
v 0.062426 -0.105547 -0.032130
v 0.057121 -0.102485 -0.031360
v 0.034046 -0.110737 -0.033250
v 0.035343 -0.104608 -0.031900
v 0.028325 -0.091443 -0.027070
v 0.034162 -0.097399 -0.029060
v 0.013767 -0.097192 -0.030080
v 0.009260 -0.092271 -0.029570
v 0.019730 -0.112873 -0.034040
v 0.021036 -0.104914 -0.031970
v 0.021074 -0.109229 -0.075360
v 0.019552 -0.124859 -0.042850
v 0.033906 -0.118332 -0.038540
v 0.018113 -0.123411 -0.038880
v 0.000008 -0.109536 -0.033130
v 0.004201 -0.117154 -0.035200
v 0.004736 -0.125648 -0.038600
v 0.019552 -0.124859 -0.042850
v -0.002788 -0.132534 -0.048350
v -0.002788 -0.132534 -0.048350
v 0.002991 -0.115877 -0.079980
v -0.035572 -0.121534 -0.093240
v -0.003004 -0.105242 -0.032000
v -0.005940 -0.100657 -0.031060
v 0.011356 -0.097305 -0.030780
v 0.015387 -0.101641 -0.031440
v 0.012613 -0.074139 -0.021560
v 0.002451 -0.083630 -0.029230
v -0.001091 -0.078978 -0.029010
v -0.014378 -0.086812 -0.030830
v -0.017036 -0.082257 -0.030900
v -0.002900 -0.079647 -0.030890
v 0.000487 -0.084239 -0.030730
v 0.018198 -0.101022 -0.030930
v 0.035001 -0.100902 -0.030400
v -0.020475 -0.075731 -0.031350
v -0.024625 -0.069289 -0.031850
v -0.014549 -0.067030 -0.031920
v -0.008277 -0.073008 -0.031270
v 0.021056 -0.073990 -0.021480
v 0.018336 -0.071237 -0.020310
v -0.012596 -0.065614 -0.029580
v -0.006737 -0.072231 -0.029240
v -0.008277 -0.073008 -0.031270
v -0.014549 -0.067030 -0.031920
v 0.011789 -0.052453 -0.015950
v -0.019311 -0.058190 -0.031360
v -0.021389 -0.060258 -0.033770
v -0.031054 -0.062604 -0.032810
v -0.021389 -0.060258 -0.033770
v 0.000820 -0.054619 -0.015940
v -0.006968 -0.046895 -0.015040
v 0.011570 -0.036095 -0.020700
v -0.013264 -0.035344 -0.018990
v -0.012028 -0.050765 -0.016570
v -0.020042 -0.038025 -0.020550
v 0.007706 -0.092779 -0.030640
v -0.008829 -0.096011 -0.030910
v 0.016286 -0.074897 -0.021950
v -0.005807 -0.058237 -0.016920
v -0.021866 -0.052940 -0.036580
v -0.021456 -0.055165 -0.033700
v -0.023134 -0.057574 -0.035510
v -0.024429 -0.055483 -0.038340
v -0.023134 -0.057574 -0.035510
v -0.034895 -0.058625 -0.034930
v -0.019361 -0.035814 -0.024750
v -0.020042 -0.038025 -0.020550
v 0.011893 -0.033385 -0.023020
v 0.036982 -0.046343 -0.031910
v 0.040817 -0.046328 -0.031900
v 0.042418 -0.046051 -0.031690
v 0.107557 -0.120010 -0.039080
v 0.104319 -0.102646 -0.070660
v 0.002991 -0.115877 -0.079980
v -0.002788 -0.132534 -0.048350
v -0.019361 -0.035814 -0.024750
v -0.012984 -0.032572 -0.022500
v -0.020042 -0.038025 -0.020550
v -0.024429 -0.055483 -0.038340
v -0.036728 -0.055399 -0.038300
v -0.024625 -0.069289 -0.031850
v -0.031054 -0.062604 -0.032810
v -0.014378 -0.086812 -0.030830
v -0.017036 -0.082257 -0.030900
v -0.020475 -0.075731 -0.031350
v -0.005940 -0.100657 -0.031060
v -0.003004 -0.105242 -0.032000
v 0.000008 -0.109536 -0.033130
v -0.008829 -0.096011 -0.030910
v 0.004201 -0.117154 -0.035200
v 0.004736 -0.125648 -0.038600
v -0.002788 -0.132534 -0.048350
v -0.063633 -0.060354 -0.023550
v -0.052289 -0.059163 -0.023080
v -0.040066 -0.053216 -0.036740
v -0.034895 -0.058625 -0.034930
v -0.063617 -0.053278 -0.036890
v -0.052273 -0.052233 -0.036140
v 0.219748 -0.143501 -0.076080
v 0.183597 -0.140701 -0.074630
v 0.183581 -0.148401 -0.057880
v 0.219738 -0.151348 -0.059010
v 0.219778 -0.133726 -0.092120
v 0.183621 -0.131107 -0.090380
v -0.036728 -0.055399 -0.038300
v 0.033453 -0.030828 -0.033070
v 0.042098 -0.040989 -0.033160
v 0.042395 -0.038906 -0.036420
v 0.046588 -0.044614 -0.062580
v 0.045328 -0.041721 -0.058510
v 0.045094 -0.048529 -0.055220
v 0.046348 -0.050640 -0.059490
v 0.058490 -0.056100 -0.078700
v 0.057547 -0.060469 -0.076800
v 0.065173 -0.063566 -0.081520
v 0.065858 -0.059549 -0.083530
v 0.042546 -0.044257 -0.035070
v 0.043530 -0.044601 -0.046530
v 0.044306 -0.046614 -0.051270
v 0.044350 -0.038267 -0.053650
v 0.041140 -0.035402 -0.049640
v 0.039685 -0.030075 -0.042140
v 0.042836 -0.043383 -0.038250
v 0.043151 -0.043537 -0.042120
v 0.077281 -0.063319 -0.088780
v 0.076525 -0.067584 -0.087130
v 0.087684 -0.071052 -0.091810
v 0.088343 -0.066805 -0.093640
v 0.100385 -0.074623 -0.096800
v 0.100562 -0.070636 -0.098980
v 0.033484 -0.021233 -0.039880
v 0.044306 -0.046614 -0.051270
v 0.043530 -0.044601 -0.046530
v 0.042386 -0.045165 -0.046610
v 0.043281 -0.047103 -0.051260
v 0.009613 -0.038703 -0.051840
v 0.000970 -0.041278 -0.054860
v 0.006114 -0.043817 -0.058750
v 0.014448 -0.041623 -0.055930
v 0.051224 -0.050630 -0.071030
v 0.050950 -0.055405 -0.068830
v 0.086304 -0.078282 -0.091310
v 0.099708 -0.079143 -0.094620
v 0.072610 -0.077574 -0.090220
v 0.034955 -0.081332 -0.096450
v 0.107666 -0.079053 -0.098400
v 0.087307 -0.073003 -0.092350
v 0.100122 -0.076116 -0.096440
v 0.100385 -0.074623 -0.096800
v 0.087684 -0.071052 -0.091810
v 0.074701 -0.070004 -0.089460
v 0.076525 -0.067584 -0.087130
v 0.037086 -0.043471 -0.041430
v 0.041777 -0.043851 -0.041990
v 0.041372 -0.043800 -0.038580
v 0.036919 -0.043724 -0.037920
v 0.045094 -0.048529 -0.055220
v 0.044116 -0.049016 -0.055180
v 0.038666 -0.047009 -0.051650
v 0.037451 -0.044449 -0.046520
v 0.042836 -0.043383 -0.038250
v 0.043151 -0.043537 -0.042120
v 0.041506 -0.044616 -0.035230
v 0.042546 -0.044257 -0.035070
v 0.036761 -0.044756 -0.034480
v 0.045410 -0.051205 -0.059650
v 0.046348 -0.050640 -0.059490
v 0.057547 -0.060469 -0.076800
v 0.056504 -0.061025 -0.077600
v 0.064519 -0.064018 -0.081980
v 0.065173 -0.063566 -0.081520
v 0.050084 -0.055927 -0.069200
v 0.050950 -0.055405 -0.068830
v 0.040988 -0.051399 -0.060430
v 0.039617 -0.049139 -0.055980
v 0.046603 -0.056835 -0.071080
v 0.034153 -0.070415 -0.091660
v 0.034013 -0.078048 -0.096890
v 0.035444 -0.066977 -0.086410
v 0.011446 -0.063301 -0.080030
v 0.009345 -0.060384 -0.075760
v 0.007789 -0.061555 -0.075860
v 0.021136 -0.067131 -0.086700
v 0.019840 -0.071882 -0.093420
v 0.019660 -0.084366 -0.101500
v 0.018228 -0.080137 -0.101560
v 0.000113 -0.069813 -0.090670
v 0.004314 -0.074459 -0.097040
v 0.004856 -0.080649 -0.103780
v -0.002680 -0.092189 -0.106780
v 0.019660 -0.084366 -0.101500
v -0.002680 -0.092189 -0.106780
v -0.001027 -0.055130 -0.063550
v 0.002522 -0.056993 -0.067820
v 0.012687 -0.046470 -0.061640
v -0.014305 -0.059584 -0.070270
v 0.000555 -0.058601 -0.067860
v -0.002841 -0.057120 -0.063520
v -0.016971 -0.058029 -0.065990
v 0.034257 -0.061766 -0.080670
v 0.028415 -0.057789 -0.075820
v -0.020422 -0.056130 -0.059740
v -0.008229 -0.055113 -0.057190
v -0.014512 -0.053597 -0.051380
v -0.024585 -0.054315 -0.053550
v 0.018408 -0.044285 -0.059350
v 0.021130 -0.046355 -0.061510
v 0.028286 -0.046700 -0.061490
v -0.005844 -0.064723 -0.083110
v -0.008229 -0.055113 -0.057190
v -0.006685 -0.052943 -0.057180
v -0.012557 -0.050899 -0.050890
v -0.014512 -0.053597 -0.051380
v 0.011839 -0.033540 -0.043350
v 0.000874 -0.034274 -0.045400
v -0.019289 -0.049924 -0.043330
v -0.021370 -0.052915 -0.044410
v -0.021370 -0.052915 -0.044410
v -0.031027 -0.052826 -0.046970
v 0.011581 -0.032177 -0.026370
v -0.006925 -0.030681 -0.038520
v -0.013250 -0.030273 -0.026340
v -0.020028 -0.032671 -0.028310
v -0.011982 -0.033476 -0.041610
v -0.008741 -0.062930 -0.078830
v 0.016360 -0.047111 -0.062200
v -0.005749 -0.036462 -0.048460
v 0.017987 -0.033671 -0.050840
v 0.022492 -0.037329 -0.055920
v 0.006123 -0.041082 -0.060690
v 0.000980 -0.038223 -0.057030
v -0.023124 -0.053580 -0.041290
v -0.021446 -0.051038 -0.039680
v -0.021866 -0.052940 -0.036580
v -0.024429 -0.055483 -0.038340
v -0.023124 -0.053580 -0.041290
v -0.034881 -0.053390 -0.042510
v -0.020028 -0.032671 -0.028310
v -0.019361 -0.035814 -0.024750
v 0.036982 -0.046343 -0.031910
v 0.011893 -0.033385 -0.023020
v 0.042418 -0.046051 -0.031690
v 0.040817 -0.046328 -0.031900
v 0.107666 -0.079053 -0.098400
v -0.002680 -0.092189 -0.106780
v -0.019361 -0.035814 -0.024750
v -0.020028 -0.032671 -0.028310
v -0.012984 -0.032572 -0.022500
v -0.024429 -0.055483 -0.038340
v -0.036728 -0.055399 -0.038300
v -0.024585 -0.054315 -0.053550
v -0.031027 -0.052826 -0.046970
v -0.032035 -0.040494 -0.057140
v -0.025710 -0.043815 -0.061790
v -0.014305 -0.059584 -0.070270
v -0.016971 -0.058029 -0.065990
v -0.017464 -0.050770 -0.071550
v -0.014800 -0.053315 -0.075120
v -0.020422 -0.056130 -0.059740
v -0.021106 -0.047323 -0.066710
v -0.005844 -0.064723 -0.083110
v -0.006621 -0.061018 -0.085930
v -0.000913 -0.066192 -0.093190
v 0.000113 -0.069813 -0.090670
v -0.008741 -0.062930 -0.078830
v -0.009630 -0.058293 -0.082100
v 0.003521 -0.070988 -0.099920
v 0.004314 -0.074459 -0.097040
v 0.004856 -0.080649 -0.103780
v 0.003927 -0.076296 -0.107390
v -0.002866 -0.081466 -0.114700
v -0.002680 -0.092189 -0.106780
v -0.039997 -0.031047 -0.056730
v -0.040038 -0.043301 -0.048030
v -0.034881 -0.053390 -0.042510
v 0.183653 -0.119751 -0.104910
v 0.219808 -0.122154 -0.106930
v 0.219848 -0.108941 -0.120290
v 0.183692 -0.106785 -0.118020
v 0.219898 -0.094267 -0.132020
v 0.183737 -0.092385 -0.129530
v 0.042452 -0.021772 -0.048590
v 0.042174 -0.018009 -0.049480
v 0.033531 -0.008276 -0.044370
v 0.046383 -0.039703 -0.067250
v 0.045134 -0.036365 -0.063860
v 0.036596 -0.052119 -0.078520
v 0.030366 -0.043467 -0.066590
v 0.041023 -0.040322 -0.068300
v 0.046630 -0.048607 -0.076920
v 0.065195 -0.056331 -0.086660
v 0.057572 -0.052856 -0.082200
v 0.042629 -0.018741 -0.053190
v 0.042520 -0.014971 -0.053770
v 0.042015 -0.013950 -0.050080
v 0.044350 -0.033261 -0.060750
v 0.043579 -0.029450 -0.057290
v 0.019927 -0.005599 -0.030050
v 0.019895 -0.014375 -0.027010
v 0.042906 -0.022034 -0.053410
v 0.043210 -0.025631 -0.054830
v 0.087708 -0.063677 -0.097050
v 0.076548 -0.060347 -0.092260
v 0.100409 -0.067263 -0.102030
v 0.044350 -0.033261 -0.060750
v 0.043326 -0.033091 -0.061210
v 0.042437 -0.029336 -0.057850
v 0.043579 -0.029450 -0.057290
v 0.050978 -0.046975 -0.074820
v 0.086361 -0.060811 -0.103710
v 0.099758 -0.063718 -0.105580
v 0.097910 -0.032841 -0.118000
v 0.086496 -0.032172 -0.115740
v 0.072667 -0.059960 -0.102730
v 0.072111 -0.031934 -0.115060
v 0.050696 -0.032488 -0.117360
v 0.048483 -0.061600 -0.105330
v 0.107706 -0.066925 -0.107020
v 0.087338 -0.063538 -0.099070
v 0.087708 -0.063677 -0.097050
v 0.100409 -0.067263 -0.102030
v 0.100153 -0.066428 -0.103320
v 0.074727 -0.061747 -0.095320
v 0.076548 -0.060347 -0.092260
v 0.037146 -0.024982 -0.054560
v 0.036991 -0.021581 -0.053650
v 0.041442 -0.022198 -0.053920
v 0.041836 -0.025400 -0.055090
v 0.045134 -0.036365 -0.063860
v 0.044159 -0.036167 -0.064310
v 0.038711 -0.033466 -0.061270
v 0.037499 -0.029461 -0.057160
v 0.042906 -0.022034 -0.053410
v 0.043210 -0.025631 -0.054830
v 0.041591 -0.018768 -0.053590
v 0.042629 -0.018741 -0.053190
v 0.036849 -0.017989 -0.053490
v 0.046383 -0.039703 -0.067250
v 0.045447 -0.039669 -0.067840
v 0.057572 -0.052856 -0.082200
v 0.065195 -0.056331 -0.086660
v 0.064544 -0.056613 -0.087240
v 0.056529 -0.053428 -0.082990
v 0.050114 -0.047145 -0.075430
v 0.050978 -0.046975 -0.074820
v 0.039657 -0.036859 -0.064700
v 0.054050 -0.054279 -0.084120
v 0.047213 -0.062254 -0.095100
v 0.019864 -0.064624 -0.098570
v 0.021160 -0.059857 -0.091870
v 0.048601 -0.059460 -0.091160
v 0.021315 -0.035274 -0.127880
v 0.019713 -0.068143 -0.113020
v 0.047864 -0.063183 -0.102850
v 0.018262 -0.069584 -0.109050
v 0.025541 -0.039996 -0.059740
v 0.017029 -0.054665 -0.082400
v 0.012408 -0.051922 -0.078770
v 0.045206 -0.056036 -0.084600
v 0.000137 -0.062623 -0.095770
v 0.004339 -0.067134 -0.102250
v 0.004886 -0.071456 -0.110310
v -0.002609 -0.070456 -0.122220
v 0.012698 -0.042963 -0.064130
v 0.004184 -0.045937 -0.073340
v 0.000031 -0.042499 -0.069510
v -0.014263 -0.046673 -0.079440
v -0.016923 -0.043137 -0.076570
v -0.002789 -0.041163 -0.074850
v 0.000601 -0.044790 -0.077670
v 0.011474 -0.054780 -0.086080
v -0.020362 -0.037845 -0.072720
v -0.024514 -0.032576 -0.068980
v -0.014438 -0.030816 -0.067560
v -0.008165 -0.035826 -0.070890
v 0.026952 -0.041310 -0.061930
v -0.005819 -0.057142 -0.088490
v -0.008165 -0.035826 -0.070890
v -0.014438 -0.030816 -0.067560
v -0.012818 -0.032742 -0.061370
v -0.006411 -0.037912 -0.064070
v -0.005741 -0.033737 -0.050390
v -0.021277 -0.024428 -0.064640
v -0.020197 -0.024753 -0.059620
v -0.030943 -0.026831 -0.065430
v -0.021277 -0.024428 -0.064640
v 0.016373 -0.043297 -0.064910
v 0.011851 -0.029953 -0.045900
v 0.004851 -0.024895 -0.041120
v 0.011639 -0.014371 -0.039020
v -0.019834 -0.015565 -0.038820
v -0.011365 -0.028483 -0.044300
v -0.021884 -0.020493 -0.059430
v -0.019834 -0.015565 -0.038820
v -0.011365 -0.028483 -0.044300
v 0.007822 -0.051402 -0.083070
v -0.008711 -0.053677 -0.085400
v -0.002789 -0.041163 -0.074850
v 0.018119 0.002774 -0.060860
v 0.001131 0.003632 -0.068540
v 0.006286 0.004179 -0.073140
v 0.022640 0.003285 -0.067100
v -0.024307 -0.017834 -0.065080
v -0.023572 -0.016233 -0.059250
v -0.023018 -0.021257 -0.064250
v -0.023018 -0.021257 -0.064250
v -0.034781 -0.022419 -0.064500
v -0.018633 -0.010792 -0.039400
v 0.011401 -0.010931 -0.039510
v 0.037083 -0.015047 -0.054140
v 0.040919 -0.015052 -0.054110
v 0.042520 -0.014971 -0.053770
v 0.107706 -0.066925 -0.107020
v 0.104545 -0.033368 -0.119860
v -0.035384 -0.062506 -0.140940
v -0.002609 -0.070456 -0.122220
v 0.003248 -0.037369 -0.135730
v -0.035309 -0.041750 -0.147890
v 0.003248 -0.037369 -0.135730
v -0.002609 -0.070456 -0.122220
v -0.024307 -0.017834 -0.065080
v -0.036606 -0.017774 -0.065020
v -0.024514 -0.032576 -0.068980
v -0.030943 -0.026831 -0.065430
v -0.014263 -0.046673 -0.079440
v -0.016923 -0.043137 -0.076570
v -0.020362 -0.037845 -0.072720
v -0.005819 -0.057142 -0.088490
v 0.000137 -0.062623 -0.095770
v -0.008711 -0.053677 -0.085400
v 0.004339 -0.067134 -0.102250
v 0.004886 -0.071456 -0.110310
v -0.002609 -0.070456 -0.122220
v -0.063587 -0.043319 -0.048230
v -0.052245 -0.042476 -0.047260
v -0.039949 -0.017118 -0.062370
v -0.034781 -0.022419 -0.064500
v -0.063547 -0.031012 -0.056970
v -0.052205 -0.030419 -0.055820
v 0.220008 -0.061346 -0.150010
v 0.183848 -0.060079 -0.147180
v 0.183791 -0.076745 -0.139300
v 0.219948 -0.078331 -0.141970
v 0.220068 -0.043544 -0.156020
v 0.183910 -0.042608 -0.153080
v -0.036606 -0.017774 -0.065020
v 0.033620 0.014982 -0.042500
v 0.033575 0.003477 -0.044970
v 0.039808 0.003985 -0.051510
v 0.042202 -0.010154 -0.051640
v 0.042506 -0.006464 -0.052800
v 0.046770 0.005977 -0.076500
v 0.045498 0.005580 -0.071530
v 0.045260 -0.001755 -0.073380
v 0.046524 -0.000631 -0.078000
v 0.036800 0.004340 -0.094050
v 0.046813 0.002076 -0.090860
v 0.041167 -0.000596 -0.079230
v 0.030534 0.003049 -0.079380
v 0.058719 0.007522 -0.096200
v 0.057774 0.002950 -0.097550
v 0.065412 0.003605 -0.103150
v 0.066101 0.007970 -0.102100
v 0.042655 -0.011427 -0.055200
v 0.043670 -0.004327 -0.064200
v 0.044459 -0.002826 -0.069120
v 0.044507 0.005103 -0.065580
v 0.041284 0.004720 -0.060670
v 0.042954 -0.008713 -0.057080
v 0.043280 -0.006349 -0.060140
v 0.077540 0.008444 -0.108520
v 0.076781 0.004115 -0.110000
v 0.087954 0.004452 -0.115790
v 0.088616 0.008881 -0.114460
v 0.100669 0.004905 -0.121880
v 0.100851 0.009360 -0.120980
v 0.044459 -0.002826 -0.069120
v 0.043670 -0.004327 -0.064200
v 0.042527 -0.004704 -0.064630
v 0.043435 -0.003201 -0.069430
v 0.051432 0.006793 -0.086830
v 0.051154 0.001719 -0.088210
v 0.086574 -0.001408 -0.120050
v 0.099988 0.000048 -0.123120
v 0.072878 -0.001544 -0.118800
v 0.048701 -0.001304 -0.121920
v 0.106954 0.002949 -0.125290
v 0.108015 0.017413 -0.124940
v 0.087580 0.003303 -0.117450
v 0.100406 0.003529 -0.122560
v 0.100669 0.004905 -0.121880
v 0.087954 0.004452 -0.115790
v 0.074963 0.003764 -0.113350
v 0.072878 -0.001544 -0.118800
v 0.076781 0.004115 -0.110000
v 0.037212 -0.006728 -0.059580
v 0.041904 -0.006670 -0.060240
v 0.041490 -0.008822 -0.057600
v 0.037036 -0.009180 -0.057060
v 0.045260 -0.001755 -0.073380
v 0.044281 -0.002148 -0.073670
v 0.038821 -0.002875 -0.069680
v 0.037590 -0.004211 -0.064110
v 0.042954 -0.008713 -0.057080
v 0.043280 -0.006349 -0.060140
v 0.041617 -0.011599 -0.055560
v 0.042655 -0.011427 -0.055200
v 0.036869 -0.012185 -0.055080
v 0.045587 -0.000955 -0.078490
v 0.046524 -0.000631 -0.078000
v 0.057774 0.002950 -0.097550
v 0.056733 0.003044 -0.098530
v 0.064761 0.003555 -0.103790
v 0.065412 0.003605 -0.103150
v 0.050289 0.001556 -0.088830
v 0.051154 0.001719 -0.088210
v 0.039783 -0.001724 -0.074370
v 0.054258 0.003217 -0.099940
v 0.057467 0.003889 -0.106900
v 0.021391 0.004267 -0.109510
v 0.020114 0.004945 -0.117710
v 0.047454 0.004498 -0.113470
v 0.048831 0.004105 -0.108650
v 0.019961 0.000577 -0.131920
v 0.048098 0.001329 -0.120600
v 0.018528 0.003856 -0.129250
v 0.025698 0.003606 -0.071730
v 0.062785 0.004146 -0.110030
v 0.017243 0.004674 -0.098730
v 0.045426 0.004542 -0.101260
v 0.012612 0.004207 -0.094210
v 0.000380 0.004790 -0.114320
v 0.004600 0.005324 -0.122180
v 0.005162 0.004913 -0.131320
v -0.002363 -0.001988 -0.141050
v -0.035223 -0.018172 -0.153130
v -0.002363 -0.001988 -0.141050
v 0.000189 0.000930 -0.081460
v 0.004357 0.001896 -0.086500
v 0.012867 0.003995 -0.077040
v -0.014096 -0.000466 -0.092150
v 0.000758 -0.001280 -0.089640
v -0.002650 -0.002932 -0.085370
v -0.016774 -0.002018 -0.087880
v 0.011683 0.002928 -0.101960
v -0.020242 -0.004577 -0.081880
v -0.008056 -0.005455 -0.079240
v -0.014356 -0.008017 -0.073830
v -0.024423 -0.007164 -0.075970
v 0.027114 0.003601 -0.074290
v -0.005599 0.003843 -0.105270
v -0.008056 -0.005455 -0.079240
v -0.006275 -0.000186 -0.074440
v -0.012711 -0.003206 -0.069500
v -0.014356 -0.008017 -0.073830
v -0.005607 0.003215 -0.060560
v -0.020141 -0.009127 -0.063920
v -0.021232 -0.011966 -0.068070
v -0.021232 -0.011966 -0.068070
v -0.030883 -0.010240 -0.070000
v 0.011967 0.002146 -0.054720
v 0.004942 0.000289 -0.048050
v -0.019800 -0.006385 -0.041340
v -0.011255 0.001857 -0.052640
v -0.011255 0.001857 -0.052640
v 0.016543 0.003859 -0.077880
v -0.008508 0.002466 -0.100840
v 0.008013 0.001590 -0.097650
v -0.002650 -0.002932 -0.085370
v 0.018135 0.006847 -0.060530
v 0.022655 0.007310 -0.066770
v 0.006299 0.007524 -0.072870
v 0.001146 0.007366 -0.068240
v -0.024307 -0.017834 -0.065080
v -0.022994 -0.014477 -0.066110
v -0.021856 -0.012680 -0.061580
v -0.023572 -0.016233 -0.059250
v -0.022994 -0.014477 -0.066110
v -0.034749 -0.013533 -0.066950
v -0.019800 -0.006385 -0.041340
v -0.018633 -0.010792 -0.039400
v 0.011662 -0.007723 -0.040840
v 0.037083 -0.015047 -0.054140
v 0.011401 -0.010931 -0.039510
v 0.042520 -0.014971 -0.053770
v 0.040919 -0.015052 -0.054110
v 0.106624 -0.002307 -0.125230
v -0.002363 -0.001988 -0.141050
v -0.024307 -0.017834 -0.065080
v -0.036606 -0.017774 -0.065020
v -0.024423 -0.007164 -0.075970
v -0.030883 -0.010240 -0.070000
v -0.031869 0.005746 -0.069860
v -0.025529 0.006181 -0.075540
v -0.014096 -0.000466 -0.092150
v -0.016774 -0.002018 -0.087880
v -0.017254 0.007113 -0.087470
v -0.014581 0.007455 -0.091830
v -0.020242 -0.004577 -0.081880
v -0.020911 0.006649 -0.081560
v -0.005599 0.003843 -0.105270
v -0.006370 0.008490 -0.105050
v -0.000641 0.009184 -0.113920
v 0.000380 0.004790 -0.114320
v -0.008508 0.002466 -0.100840
v -0.009389 0.008124 -0.100370
v 0.003813 0.009833 -0.122150
v 0.004600 0.005324 -0.122180
v 0.005162 0.004913 -0.131320
v 0.004241 0.010569 -0.131290
v -0.002531 0.011318 -0.140230
v -0.002363 -0.001988 -0.141050
v -0.034749 -0.013533 -0.066950
v -0.039894 -0.002262 -0.064650
v -0.002531 0.011318 -0.140230
v -0.035106 0.012521 -0.153530
v -0.063498 -0.017021 -0.062640
v -0.052158 -0.016713 -0.061370
v 0.106954 0.002949 -0.125290
v -0.063179 0.058955 -0.027820
v -0.063149 0.063798 -0.013520
v -0.051815 0.062460 -0.013250
v -0.051845 0.057716 -0.027260
v 0.184045 -0.006212 -0.158610
v 0.220208 -0.006456 -0.161660
v 0.220278 0.012328 -0.161210
v 0.184116 0.012220 -0.158180
v 0.183976 -0.024572 -0.156910
v 0.220138 -0.025164 -0.159920
v 0.042311 0.017941 -0.049370
v 0.042589 0.014482 -0.051100
v 0.046576 0.012741 -0.076920
v 0.045318 0.013116 -0.072180
v 0.065447 0.012450 -0.102430
v 0.057810 0.012257 -0.096800
v 0.042777 0.019767 -0.052690
v 0.042668 0.023024 -0.050710
v 0.042152 0.021438 -0.047220
v 0.044523 0.013498 -0.067800
v 0.043743 0.014195 -0.062700
v 0.019988 0.010152 -0.028780
v 0.019957 0.002359 -0.030450
v 0.043056 0.017388 -0.054970
v 0.043364 0.015542 -0.058370
v 0.087989 0.013470 -0.115060
v 0.076815 0.012960 -0.109280
v 0.100704 0.013901 -0.121150
v 0.044523 0.013498 -0.067800
v 0.043500 0.013926 -0.068050
v 0.042602 0.014646 -0.063060
v 0.043743 0.014195 -0.062700
v 0.051194 0.012025 -0.087380
v 0.086658 0.019949 -0.118330
v 0.100062 0.018902 -0.121590
v 0.098235 0.050543 -0.111270
v 0.086814 0.049620 -0.109130
v 0.072962 0.019989 -0.117060
v 0.072427 0.049385 -0.108490
v 0.087625 0.014874 -0.116520
v 0.087989 0.013470 -0.115060
v 0.100704 0.013901 -0.121150
v 0.100452 0.015372 -0.121600
v 0.072962 0.019989 -0.117060
v 0.075003 0.013858 -0.112530
v 0.076815 0.012960 -0.109280
v 0.037300 0.015874 -0.057760
v 0.037141 0.017889 -0.054870
v 0.041593 0.017588 -0.055470
v 0.041993 0.015885 -0.058420
v 0.045318 0.013116 -0.072180
v 0.044342 0.013559 -0.072390
v 0.038886 0.013681 -0.068340
v 0.037662 0.014111 -0.062630
v 0.043056 0.017388 -0.054970
v 0.043364 0.015542 -0.058370
v 0.041740 0.020002 -0.053010
v 0.042777 0.019767 -0.052690
v 0.036998 0.020538 -0.052440
v 0.046576 0.012741 -0.076920
v 0.045642 0.013147 -0.077350
v 0.056769 0.012331 -0.097780
v 0.057810 0.012257 -0.096800
v 0.065447 0.012450 -0.102430
v 0.063721 0.012957 -0.105850
v 0.050332 0.012291 -0.087960
v 0.051194 0.012025 -0.087380
v 0.041220 0.012945 -0.078130
v 0.039843 0.013290 -0.073150
v 0.054294 0.012405 -0.099190
v 0.046853 0.012133 -0.090050
v 0.057645 0.012697 -0.104030
v 0.021667 0.055137 -0.120570
v 0.020038 0.020411 -0.130320
v 0.025714 0.007714 -0.071400
v 0.020150 0.013818 -0.116990
v 0.021426 0.013160 -0.108790
v 0.018578 0.016758 -0.128210
v 0.020038 0.020411 -0.130320
v 0.000414 0.013579 -0.113610
v 0.004635 0.014280 -0.121450
v 0.005205 0.016151 -0.130410
v -0.002259 0.024583 -0.138910
v -0.014034 0.015318 -0.090870
v -0.016703 0.016186 -0.086410
v -0.002575 0.016576 -0.083790
v 0.000823 0.015604 -0.088270
v 0.011723 0.013345 -0.101120
v 0.017268 0.011059 -0.098210
v 0.012638 0.010831 -0.093670
v -0.020155 0.017774 -0.080070
v -0.024320 0.019413 -0.073830
v -0.014247 0.019833 -0.071580
v -0.007964 0.018123 -0.077340
v 0.033719 0.010375 -0.075890
v -0.005562 0.013108 -0.104520
v -0.014247 0.019833 -0.071580
v -0.005594 0.006547 -0.060290
v -0.007964 0.018123 -0.077340
v 0.011984 0.006531 -0.054370
v -0.021096 0.022859 -0.065250
v -0.011236 0.006660 -0.052250
v -0.030759 0.021538 -0.067430
v -0.021096 0.022859 -0.065250
v 0.011747 0.014045 -0.039080
v 0.004970 0.007345 -0.047480
v -0.011236 0.006660 -0.052250
v -0.024236 0.014178 -0.043740
v 0.008062 0.014002 -0.096650
v -0.008463 0.013777 -0.099930
v 0.014727 0.009601 -0.085060
v 0.012884 0.008282 -0.076700
v 0.018279 0.041211 -0.044780
v 0.001312 0.046830 -0.050150
v 0.006479 0.050199 -0.053320
v 0.022816 0.045604 -0.049220
v -0.024127 0.028193 -0.061350
v -0.024023 0.018772 -0.040800
v -0.024236 0.014178 -0.043740
v -0.022841 0.025036 -0.062920
v -0.022841 0.025036 -0.062920
v -0.034601 0.024330 -0.063890
v 0.010139 0.016370 -0.035870
v 0.037232 0.023211 -0.051050
v 0.041381 0.023151 -0.050960
v 0.042668 0.023024 -0.050710
v 0.108015 0.017413 -0.124940
v 0.104875 0.051325 -0.113010
v -0.034926 0.057298 -0.143230
v -0.002259 0.024583 -0.138910
v -0.006931 0.060274 -0.131520
v 0.003622 0.058608 -0.127980
v 0.003622 0.058608 -0.127980
v -0.002259 0.024583 -0.138910
v -0.024023 0.018772 -0.040800
v -0.024127 0.028193 -0.061350
v -0.036427 0.028221 -0.061300
v -0.024320 0.019413 -0.073830
v -0.030759 0.021538 -0.067430
v -0.014034 0.015318 -0.090870
v -0.016703 0.016186 -0.086410
v -0.020155 0.017774 -0.080070
v -0.005562 0.013108 -0.104520
v 0.000414 0.013579 -0.113610
v -0.008463 0.013777 -0.099930
v 0.004635 0.014280 -0.121450
v 0.005205 0.016151 -0.130410
v -0.002259 0.024583 -0.138910
v -0.039836 0.012716 -0.063440
v -0.039776 0.027013 -0.058810
v -0.034601 0.024330 -0.063890
v -0.063443 -0.002102 -0.064920
v -0.052104 -0.002097 -0.063610
v 0.220428 0.049108 -0.153830
v 0.184260 0.048314 -0.150930
v 0.184188 0.030478 -0.155610
v 0.220358 0.030933 -0.158590
v 0.220498 0.066608 -0.146990
v 0.184331 0.065486 -0.144220
v -0.036427 0.028221 -0.061300
v 0.042343 0.025346 -0.045980
v 0.042648 0.028915 -0.044490
v 0.033673 0.027051 -0.035980
v 0.046971 0.053676 -0.054640
v 0.045686 0.050177 -0.051090
v 0.045454 0.045749 -0.057220
v 0.046731 0.049580 -0.060040
v 0.058971 0.067508 -0.068710
v 0.058031 0.064876 -0.072690
v 0.065684 0.068962 -0.076530
v 0.066369 0.071633 -0.072930
v 0.042807 0.026662 -0.049520
v 0.043842 0.037881 -0.051850
v 0.044644 0.042195 -0.054650
v 0.044679 0.045996 -0.046850
v 0.041444 0.042548 -0.043340
v 0.039943 0.036097 -0.036790
v 0.043108 0.029945 -0.049220
v 0.043441 0.033722 -0.050040
v 0.077825 0.076106 -0.077510
v 0.077071 0.073738 -0.081430
v 0.088259 0.077705 -0.085630
v 0.088916 0.080241 -0.081760
v 0.100990 0.081947 -0.089970
v 0.101168 0.084784 -0.086420
v 0.044644 0.042195 -0.054650
v 0.043842 0.037881 -0.051850
v 0.042700 0.037871 -0.052420
v 0.043620 0.042107 -0.055140
v 0.051659 0.060936 -0.062020
v 0.051387 0.057937 -0.066340
v 0.086893 0.075960 -0.092660
v 0.100315 0.079024 -0.094040
v 0.073193 0.075066 -0.091820
v 0.107284 0.082635 -0.093830
v 0.107328 0.092194 -0.084400
v 0.087890 0.077896 -0.087640
v 0.100729 0.081333 -0.091380
v 0.100990 0.081947 -0.089970
v 0.088259 0.077705 -0.085630
v 0.075262 0.075625 -0.084230
v 0.073193 0.075066 -0.091820
v 0.077071 0.073738 -0.081430
v 0.037372 0.033085 -0.049870
v 0.042066 0.033547 -0.050330
v 0.041646 0.030201 -0.049690
v 0.037191 0.029581 -0.049510
v 0.045454 0.045749 -0.057220
v 0.044478 0.045634 -0.057700
v 0.039007 0.042523 -0.055120
v 0.037763 0.037918 -0.051720
v 0.043108 0.029945 -0.049220
v 0.043441 0.033722 -0.050040
v 0.041768 0.026760 -0.049910
v 0.042807 0.026662 -0.049520
v 0.037020 0.026011 -0.049930
v 0.045796 0.049649 -0.060630
v 0.046731 0.049580 -0.060040
v 0.058031 0.064876 -0.072690
v 0.056992 0.065576 -0.073380
v 0.065035 0.069338 -0.077060
v 0.065684 0.068962 -0.076530
v 0.050524 0.058209 -0.066920
v 0.051387 0.057937 -0.066340
v 0.041377 0.050400 -0.060970
v 0.039981 0.046415 -0.057970
v 0.047053 0.059918 -0.068150
v 0.020311 0.085204 -0.100630
v 0.025886 0.048823 -0.052560
v 0.020424 0.079410 -0.086930
v 0.021680 0.073620 -0.081080
v 0.018868 0.086002 -0.096480
v 0.020311 0.085204 -0.100630
v 0.000681 0.077140 -0.084480
v 0.004922 0.082598 -0.090150
v 0.005508 0.088154 -0.097410
v -0.001987 0.089138 -0.109320
v -0.013851 0.058886 -0.070910
v 0.000996 0.056628 -0.069480
v -0.002424 0.052623 -0.067270
v -0.016540 0.054955 -0.068640
v 0.017503 0.067006 -0.072570
v 0.011952 0.067755 -0.076180
v 0.012859 0.063753 -0.069420
v -0.020023 0.049141 -0.065700
v -0.007844 0.046760 -0.064210
v -0.014157 0.041328 -0.061730
v -0.024219 0.043373 -0.062850
v 0.027310 0.050462 -0.054520
v -0.005321 0.070608 -0.078170
v -0.014157 0.041328 -0.061730
v -0.007844 0.046760 -0.064210
v -0.005448 0.041389 -0.044320
v 0.012111 0.036795 -0.040500
v -0.021046 0.034609 -0.059870
v -0.011116 0.035267 -0.039150
v -0.021046 0.034609 -0.059870
v -0.030694 0.037183 -0.060260
v 0.005069 0.031092 -0.036600
v -0.011116 0.035267 -0.039150
v 0.011774 0.020313 -0.036210
v -0.024194 0.024002 -0.039240
v -0.008242 0.066712 -0.075670
v 0.008271 0.063965 -0.073750
v 0.016748 0.052983 -0.057130
v 0.013071 0.052556 -0.056410
v -0.024127 0.028193 -0.061350
v -0.022813 0.031429 -0.059990
v -0.024194 0.024002 -0.039240
v -0.024023 0.018772 -0.040800
v -0.022813 0.031429 -0.059990
v -0.034566 0.032707 -0.060050
v 0.037232 0.023211 -0.051050
v 0.010139 0.016370 -0.035870
v 0.042668 0.023024 -0.050710
v 0.041381 0.023151 -0.050960
v 0.107284 0.082635 -0.093830
v -0.001987 0.089138 -0.109320
v -0.034704 0.108316 -0.109630
v -0.001987 0.089138 -0.109320
v -0.024023 0.018772 -0.040800
v -0.024127 0.028193 -0.061350
v -0.036427 0.028221 -0.061300
v -0.024219 0.043373 -0.062850
v -0.030694 0.037183 -0.060260
v -0.031685 0.049344 -0.049880
v -0.025331 0.053319 -0.053940
v -0.013851 0.058886 -0.070910
v -0.016540 0.054955 -0.068640
v -0.017026 0.061687 -0.062460
v -0.014340 0.064752 -0.065580
v -0.020023 0.049141 -0.065700
v -0.020696 0.057539 -0.058240
v -0.005321 0.070608 -0.078170
v -0.006095 0.074026 -0.075010
v -0.000342 0.080253 -0.081350
v 0.000681 0.077140 -0.084480
v -0.008242 0.066712 -0.075670
v -0.009127 0.070745 -0.071670
v 0.004133 0.086035 -0.087230
v 0.004922 0.082598 -0.090150
v 0.005508 0.088154 -0.097410
v 0.004586 0.092472 -0.093760
v -0.002163 0.098800 -0.100140
v -0.001987 0.089138 -0.109320
v -0.039722 0.039855 -0.051000
v -0.039671 0.050552 -0.040440
v -0.002163 0.098800 -0.100140
v -0.063384 0.012943 -0.063710
v -0.052046 0.012643 -0.062420
v -0.063325 0.027304 -0.059050
v -0.051988 0.026708 -0.057860
v 0.220638 0.098644 -0.127470
v 0.184467 0.096927 -0.125070
v 0.184401 0.081765 -0.135560
v 0.220568 0.083194 -0.138160
v 0.220708 0.112748 -0.115060
v 0.184530 0.110767 -0.112880
v -0.034566 0.032707 -0.060050
v 0.033711 0.035427 -0.027710
v 0.042718 0.043872 -0.029730
v 0.042436 0.045409 -0.026180
v 0.033746 0.042105 -0.015730
v 0.046775 0.059129 -0.050610
v 0.045504 0.056368 -0.046740
v 0.065713 0.075279 -0.070300
v 0.058062 0.071523 -0.066130
v 0.042909 0.048938 -0.027540
v 0.042794 0.050161 -0.023930
v 0.042269 0.046708 -0.022280
v 0.044697 0.053850 -0.043150
v 0.043903 0.051109 -0.038800
v 0.020073 0.028518 -0.010650
v 0.020050 0.023996 -0.018770
v 0.043195 0.048584 -0.030820
v 0.043514 0.049355 -0.034610
v 0.088289 0.084145 -0.079270
v 0.077100 0.080055 -0.075190
v 0.101020 0.088372 -0.083630
v 0.044697 0.053850 -0.043150
v 0.043675 0.054339 -0.043060
v 0.042764 0.051688 -0.038790
v 0.043903 0.051109 -0.038800
v 0.051421 0.065296 -0.059080
v 0.086964 0.091210 -0.077610
v 0.100376 0.092488 -0.080760
v 0.098510 0.110091 -0.052510
v 0.087084 0.108027 -0.051490
v 0.073265 0.090443 -0.076640
v 0.072696 0.107457 -0.051180
v 0.087928 0.086158 -0.079490
v 0.088289 0.084145 -0.079270
v 0.101020 0.088372 -0.083630
v 0.100768 0.089789 -0.083030
v 0.073265 0.090443 -0.076640
v 0.075296 0.082834 -0.077110
v 0.077100 0.080055 -0.075190
v 0.037447 0.049226 -0.033940
v 0.037280 0.048913 -0.030440
v 0.041733 0.049058 -0.031080
v 0.042140 0.049653 -0.034430
v 0.045504 0.056368 -0.046740
v 0.044529 0.056851 -0.046630
v 0.039061 0.054345 -0.043460
v 0.037823 0.051003 -0.038800
v 0.043195 0.048584 -0.030820
v 0.043514 0.049355 -0.034610
v 0.041872 0.049327 -0.027640
v 0.042909 0.048938 -0.027540
v 0.037128 0.049378 -0.026870
v 0.046775 0.059129 -0.050610
v 0.045842 0.059720 -0.050690
v 0.058062 0.071523 -0.066130
v 0.065713 0.075279 -0.070300
v 0.065065 0.075803 -0.070680
v 0.057023 0.072207 -0.066830
v 0.050560 0.065876 -0.059350
v 0.051421 0.065296 -0.059080
v 0.041421 0.060071 -0.051420
v 0.040031 0.057135 -0.047390
v 0.054552 0.073176 -0.067880
v 0.047086 0.067101 -0.061060
v 0.063104 0.080155 -0.075200
v 0.057779 0.077991 -0.072940
v 0.021966 0.119700 -0.056860
v 0.020377 0.099367 -0.086650
v 0.013085 0.055618 -0.053390
v 0.006490 0.052588 -0.050960
v 0.020454 0.085746 -0.080680
v 0.021708 0.079970 -0.074820
v 0.020377 0.099367 -0.086650
v 0.018911 0.095215 -0.087390
v 0.000710 0.083416 -0.078280
v 0.004951 0.088994 -0.083840
v 0.005545 0.096180 -0.089490
v -0.001900 0.108111 -0.090600
v -0.001900 0.108111 -0.090600
v 0.003939 0.127143 -0.060340
v -0.034557 0.137915 -0.067580
v -0.013800 0.070157 -0.059790
v -0.016480 0.067956 -0.055810
v -0.002359 0.066551 -0.053530
v 0.001052 0.068685 -0.057580
v 0.011987 0.075194 -0.068840
v 0.013474 0.073977 -0.068490
v 0.017524 0.071565 -0.068070
v 0.012881 0.068482 -0.064750
v -0.019950 0.065104 -0.049940
v -0.024130 0.062351 -0.044120
v -0.014065 0.061216 -0.042110
v -0.007766 0.063596 -0.047600
v 0.016764 0.056313 -0.053840
v -0.005290 0.077224 -0.071640
v -0.012130 0.058461 -0.042050
v -0.006239 0.061442 -0.047940
v -0.007766 0.063596 -0.047600
v -0.014065 0.061216 -0.042110
v 0.001324 0.049496 -0.047520
v -0.018875 0.056336 -0.034740
v -0.020931 0.059477 -0.035330
v -0.030589 0.059875 -0.037860
v -0.020931 0.059477 -0.035330
v 0.008313 0.072828 -0.065000
v -0.008205 0.074791 -0.067700
v 0.009859 0.071644 -0.065090
v 0.003006 0.067076 -0.057790
v -0.000560 0.064580 -0.053880
v -0.005436 0.043768 -0.041980
v 0.001324 0.049496 -0.047520
v -0.011100 0.038698 -0.035760
v -0.005436 0.043768 -0.041980
v -0.011100 0.038698 -0.035760
v -0.021432 0.058248 -0.027590
v -0.021025 0.056865 -0.030960
v -0.022682 0.059646 -0.032140
v -0.023975 0.061061 -0.028920
v -0.022682 0.059646 -0.032140
v -0.034441 0.059745 -0.033370
v -0.018433 0.036979 -0.017510
v -0.019625 0.035580 -0.022110
v -0.019625 0.035580 -0.022110
v -0.018433 0.036979 -0.017510
v 0.037359 0.050533 -0.024090
v 0.041194 0.050485 -0.024070
v 0.042794 0.050161 -0.023930
v 0.107328 0.092194 -0.084400
v 0.105155 0.111806 -0.053330
v 0.003939 0.127143 -0.060340
v -0.001900 0.108111 -0.090600
v -0.023975 0.061061 -0.028920
v -0.036275 0.061067 -0.028890
v -0.024130 0.062351 -0.044120
v -0.030589 0.059875 -0.037860
v -0.013800 0.070157 -0.059790
v -0.016480 0.067956 -0.055810
v -0.019950 0.065104 -0.049940
v -0.005290 0.077224 -0.071640
v 0.000710 0.083416 -0.078280
v -0.008205 0.074791 -0.067700
v 0.004951 0.088994 -0.083840
v 0.005545 0.096180 -0.089490
v -0.001900 0.108111 -0.090600
v -0.039630 0.058525 -0.027710
v -0.034441 0.059745 -0.033370
v 0.220818 0.136178 -0.085760
v 0.184642 0.133760 -0.084130
v 0.184589 0.123100 -0.099180
v 0.220768 0.125316 -0.101090
v 0.220868 0.145186 -0.069270
v 0.184688 0.142599 -0.067950
v -0.036275 0.061067 -0.028890
v 0.042455 0.048900 -0.018820
v 0.042755 0.050678 -0.015380
v 0.047096 0.076163 -0.007230
v 0.045803 0.071203 -0.006770
v 0.045589 0.071756 -0.014310
v 0.046871 0.076497 -0.014000
v 0.059128 0.095791 -0.009100
v 0.058199 0.096332 -0.013840
v 0.065861 0.101922 -0.014140
v 0.066535 0.101647 -0.009660
v 0.042928 0.052189 -0.020690
v 0.043965 0.062276 -0.015260
v 0.044772 0.067380 -0.014630
v 0.044785 0.065275 -0.006210
v 0.041542 0.060382 -0.005740
v 0.040027 0.051239 -0.004880
v 0.033766 0.044727 -0.004260
v 0.043229 0.054505 -0.018340
v 0.043561 0.057925 -0.016540
v 0.078002 0.108009 -0.010270
v 0.077259 0.108710 -0.014790
v 0.088456 0.114431 -0.015430
v 0.089101 0.113886 -0.010840
v 0.101198 0.120455 -0.016000
v 0.101364 0.120345 -0.011460
v 0.044772 0.067380 -0.014630
v 0.043965 0.062276 -0.015260
v 0.042824 0.062637 -0.015700
v 0.043749 0.067626 -0.015060
v 0.051801 0.086462 -0.008210
v 0.051540 0.086943 -0.013450
v 0.087110 0.117618 -0.021950
v 0.100532 0.120836 -0.021000
v 0.073408 0.116411 -0.021910
v 0.108510 0.124438 -0.019320
v 0.108527 0.125834 -0.004510
v 0.088092 0.115872 -0.016850
v 0.100940 0.120888 -0.017480
v 0.101198 0.120455 -0.016000
v 0.088456 0.114431 -0.015430
v 0.075457 0.111957 -0.015720
v 0.073408 0.116411 -0.021910
v 0.077259 0.108710 -0.014790
v 0.037492 0.057339 -0.016840
v 0.042187 0.057980 -0.016880
v 0.041767 0.055005 -0.018540
v 0.037310 0.054425 -0.018810
v 0.045589 0.071756 -0.014310
v 0.044613 0.071974 -0.014750
v 0.039136 0.067943 -0.014790
v 0.037885 0.062227 -0.015140
v 0.043229 0.054505 -0.018340
v 0.043561 0.057925 -0.016540
v 0.041890 0.052514 -0.020920
v 0.042928 0.052189 -0.020690
v 0.037142 0.051959 -0.021430
v 0.045937 0.076930 -0.014410
v 0.046871 0.076497 -0.014000
v 0.058199 0.096332 -0.013840
v 0.057163 0.097311 -0.013920
v 0.065212 0.102551 -0.014300
v 0.065861 0.101922 -0.014140
v 0.050679 0.087525 -0.013720
v 0.051540 0.086943 -0.013450
v 0.041519 0.077730 -0.014200
v 0.040117 0.072754 -0.014470
v 0.054692 0.098736 -0.014000
v 0.047211 0.089630 -0.013570
v 0.058064 0.103553 -0.014370
v 0.063262 0.108803 -0.014810
v 0.057931 0.105700 -0.014540
v 0.020545 0.129917 -0.022260
v 0.028121 0.063744 -0.009930
v 0.031493 0.069951 -0.010460
v 0.020625 0.116672 -0.015490
v 0.021867 0.108476 -0.014730
v 0.019092 0.127862 -0.018570
v 0.020545 0.129917 -0.022260
v 0.000876 0.113384 -0.015110
v 0.005130 0.121203 -0.015940
v 0.005733 0.130128 -0.017930
v -0.001732 0.138549 -0.026440
v -0.001732 0.138549 -0.026440
v -0.034454 0.153482 -0.014420
v -0.002170 0.108989 -0.014690
v 0.016193 0.105203 -0.014730
v 0.012128 0.100848 -0.014770
v -0.005141 0.104336 -0.014490
v -0.013686 0.090698 -0.016480
v 0.001159 0.088027 -0.016800
v -0.002265 0.083547 -0.017700
v -0.016379 0.086235 -0.017280
v 0.016913 0.104055 -0.014270
v 0.013618 0.099804 -0.014050
v -0.019867 0.079893 -0.018770
v -0.007691 0.077098 -0.019140
v -0.014009 0.071351 -0.020740
v -0.024069 0.073647 -0.020300
v 0.032801 0.073714 -0.010620
v -0.007691 0.077098 -0.019140
v -0.006158 0.075994 -0.017260
v -0.012068 0.069561 -0.018650
v -0.014009 0.071351 -0.020740
v 0.017889 0.052326 -0.009300
v 0.023450 0.057830 -0.009520
v -0.019316 0.043883 -0.010440
v -0.018841 0.062572 -0.021600
v -0.020900 0.065016 -0.023650
v -0.020900 0.065016 -0.023650
v -0.030548 0.067252 -0.022320
v 0.013200 0.076493 -0.009390
v 0.016879 0.077275 -0.009650
v -0.005346 0.060194 -0.007350
v 0.001428 0.068103 -0.008300
v -0.011026 0.052185 -0.007330
v 0.006601 0.072711 -0.008550
v -0.008067 0.099749 -0.015090
v 0.008443 0.096385 -0.015350
v 0.003117 0.087173 -0.015430
v 0.009992 0.095702 -0.014380
v -0.000461 0.082572 -0.015960
v -0.005346 0.060194 -0.007350
v -0.011026 0.052185 -0.007330
v -0.022666 0.062660 -0.025790
v -0.021008 0.059980 -0.024400
v -0.021432 0.058248 -0.027590
v -0.023975 0.061061 -0.028920
v -0.022666 0.062660 -0.025790
v -0.034419 0.063695 -0.025040
v -0.019316 0.043883 -0.010440
v -0.018433 0.036979 -0.017510
v -0.019316 0.043883 -0.010440
v -0.018433 0.036979 -0.017510
v 0.037359 0.050533 -0.024090
v 0.042794 0.050161 -0.023930
v 0.041194 0.050485 -0.024070
v 0.108510 0.124438 -0.019320
v -0.001732 0.138549 -0.026440
v -0.023975 0.061061 -0.028920
v -0.036275 0.061067 -0.028890
v -0.024069 0.073647 -0.020300
v -0.030548 0.067252 -0.022320
v -0.031571 0.069901 -0.006550
v -0.025208 0.075544 -0.007090
v -0.013686 0.090698 -0.016480
v -0.016379 0.086235 -0.017280
v -0.016882 0.087418 -0.008220
v -0.014191 0.091767 -0.008630
v -0.019867 0.079893 -0.018770
v -0.020565 0.081531 -0.007660
v -0.005141 0.104336 -0.014490
v -0.005924 0.104925 -0.009880
v -0.002947 0.109516 -0.010320
v -0.002170 0.108989 -0.014690
v -0.008067 0.099749 -0.015090
v -0.008963 0.100270 -0.009440
v -0.000157 0.113763 -0.010720
v 0.000876 0.113384 -0.015110
v 0.004331 0.121962 -0.011500
v 0.005130 0.121203 -0.015940
v 0.005733 0.130128 -0.017930
v 0.004799 0.131087 -0.012360
v -0.001935 0.140046 -0.013190
v -0.001732 0.138549 -0.026440
v -0.036241 0.066056 -0.015090
v -0.034419 0.063695 -0.025040
v -0.035519 0.063550 -0.024560
v -0.036105 0.067413 -0.006310
v -0.039601 0.063347 -0.013470
v -0.039583 0.064756 0.001490
v -0.001935 0.140046 -0.013190
v -0.063270 0.040202 -0.051210
v -0.051934 0.039345 -0.050180
v 0.184729 0.149502 -0.050850
v 0.220908 0.152219 -0.051850
v 0.220938 0.157182 -0.033730
v 0.184762 0.154370 -0.033070
v 0.220968 0.160008 -0.015150
v 0.184787 0.157144 -0.014840
v 0.042487 0.051544 0.009250
v 0.033774 0.044293 0.007500
v 0.042780 0.052648 0.005540
v 0.046887 0.077755 -0.000650
v 0.045607 0.073155 0.000540
v 0.065871 0.102754 -0.005300
v 0.058210 0.097209 -0.004540
v 0.042964 0.055123 0.010470
v 0.042838 0.053739 0.014020
v 0.042310 0.050037 0.013060
v 0.044791 0.068914 0.001680
v 0.043986 0.064018 0.003250
v 0.020092 0.030000 0.005080
v 0.020087 0.030294 -0.002880
v 0.043258 0.056960 0.007730
v 0.043587 0.059984 0.005320
v 0.088467 0.115280 -0.006420
v 0.077269 0.109542 -0.005960
v 0.101208 0.121301 -0.007010
v 0.044791 0.068914 0.001680
v 0.043768 0.069236 0.002050
v 0.042847 0.064457 0.003620
v 0.043986 0.064018 0.003250
v 0.051552 0.087912 -0.003150
v 0.087134 0.119627 -0.000610
v 0.100555 0.122609 -0.002170
v 0.098608 0.117942 0.030780
v 0.087179 0.115722 0.030200
v 0.073433 0.118435 -0.000400
v 0.072790 0.115106 0.030040
v 0.088106 0.116963 -0.005290
v 0.088467 0.115280 -0.006420
v 0.101208 0.121301 -0.007010
v 0.100954 0.122002 -0.005650
v 0.075468 0.112906 -0.005640
v 0.077269 0.109542 -0.005960
v 0.037518 0.059466 0.005740
v 0.037342 0.056971 0.008220
v 0.041797 0.057490 0.007840
v 0.042213 0.060103 0.005650
v 0.045607 0.073155 0.000540
v 0.044631 0.073451 0.000940
v 0.039155 0.069501 0.001740
v 0.037906 0.063952 0.003160
v 0.043258 0.056960 0.007730
v 0.043587 0.059984 0.005320
v 0.041927 0.055486 0.010640
v 0.042964 0.055123 0.010470
v 0.037180 0.055036 0.011250
v 0.046887 0.077755 -0.000650
v 0.045954 0.078256 -0.000320
v 0.058210 0.097209 -0.004540
v 0.065871 0.102754 -0.005300
v 0.065223 0.103401 -0.005260
v 0.057173 0.098185 -0.004640
v 0.050692 0.088534 -0.002990
v 0.051552 0.087912 -0.003150
v 0.041534 0.079006 -0.000670
v 0.040135 0.074166 0.000530
v 0.054703 0.099599 -0.004820
v 0.047222 0.090575 -0.003520
v 0.058075 0.104401 -0.005360
v 0.063272 0.109640 -0.005920
v 0.057942 0.106540 -0.005600
v 0.051552 0.117621 0.030690
v 0.049270 0.121666 -0.000570
v 0.047956 0.113145 -0.006250
v 0.020635 0.117505 -0.006630
v 0.021877 0.109313 -0.005850
v 0.049313 0.108322 -0.005800
v 0.022204 0.128352 0.033490
v 0.020568 0.131782 -0.002450
v 0.048648 0.120314 -0.003180
v 0.019106 0.129075 -0.005690
v 0.017677 0.098544 -0.006090
v 0.013027 0.094056 -0.005540
v 0.037214 0.093788 -0.005780
v 0.045872 0.100949 -0.006120
v 0.000886 0.114211 -0.006330
v 0.005140 0.122047 -0.006990
v 0.005745 0.131185 -0.006710
v -0.001701 0.141048 0.000100
v -0.034426 0.151113 0.031470
v -0.034454 0.153482 -0.014420
v -0.001701 0.141048 0.000100
v 0.004297 0.136184 0.035530
v -0.002159 0.109815 -0.005920
v -0.005129 0.105206 -0.005240
v 0.012141 0.101827 -0.004360
v 0.016204 0.106099 -0.005220
v 0.006606 0.073024 -0.005200
v 0.013205 0.076896 -0.005100
v 0.004748 0.086418 -0.003090
v 0.000560 0.081410 -0.002040
v -0.013667 0.092182 -0.000720
v -0.016358 0.087947 0.000900
v -0.002242 0.085382 0.001780
v 0.001179 0.089616 0.000060
v 0.021202 0.104716 -0.006100
v 0.048440 0.104783 -0.006120
v -0.019843 0.081995 0.003560
v -0.024038 0.076147 0.006240
v -0.013977 0.073971 0.007080
v -0.007663 0.079315 0.004410
v 0.030887 0.079163 -0.004270
v -0.007663 0.079315 0.004410
v -0.013977 0.073971 0.007080
v -0.012374 0.069565 0.002320
v -0.005930 0.074441 -0.000800
v -0.005342 0.060507 -0.004020
v 0.001432 0.068454 -0.004570
v -0.005342 0.060507 -0.004020
v -0.020860 0.068292 0.011130
v -0.019801 0.064100 0.008340
v -0.030511 0.070241 0.009430
v -0.020860 0.068292 0.011130
v -0.024075 0.045611 0.006310
v 0.008458 0.097553 -0.002950
v -0.008054 0.100812 -0.003790
v -0.002242 0.085382 0.001780
v -0.023923 0.065390 0.017050
v -0.023221 0.059537 0.015530
v -0.021512 0.061818 0.011930
v -0.022619 0.066376 0.013680
v -0.022619 0.066376 0.013680
v -0.034375 0.067257 0.012780
v -0.024075 0.045611 0.006310
v -0.023877 0.043730 0.011400
v 0.037404 0.054130 0.014130
v 0.041239 0.054081 0.014120
v 0.042838 0.053739 0.014020
v 0.108527 0.125834 -0.004510
v 0.105253 0.119771 0.031270
v 0.004297 0.136184 0.035530
v -0.001701 0.141048 0.000100
v -0.023923 0.065390 0.017050
v -0.036221 0.065394 0.017050
v -0.024038 0.076147 0.006240
v -0.030511 0.070241 0.009430
v -0.013667 0.092182 -0.000720
v -0.016358 0.087947 0.000900
v -0.019843 0.081995 0.003560
v -0.005129 0.105206 -0.005240
v -0.002159 0.109815 -0.005920
v -0.008054 0.100812 -0.003790
v 0.000886 0.114211 -0.006330
v 0.005140 0.122047 -0.006990
v 0.005745 0.131185 -0.006710
v -0.001701 0.141048 0.000100
v -0.036220 0.067717 0.002560
v -0.035477 0.067025 0.012340
v -0.034375 0.067257 0.012780
v -0.001935 0.140046 -0.013190
v -0.063221 0.050946 -0.040610
v -0.051885 0.049870 -0.039790
v -0.039580 0.062677 0.016370
v 0.184804 0.157781 0.003590
v 0.220978 0.160658 0.003630
v 0.220988 0.159124 0.022350
v 0.184813 0.156276 0.021960
v 0.220988 0.155425 0.040780
v 0.184813 0.152648 0.040040
v 0.184787 0.157144 -0.014840
v 0.220968 0.160008 -0.015150
v -0.036221 0.065394 0.017050
v -0.023877 0.043730 0.011400
v 0.033767 0.039969 0.020520
v 0.042487 0.049488 0.017130
v 0.042777 0.048642 0.020900
v 0.047086 0.062921 0.043530
v 0.045793 0.058821 0.040700
v 0.045600 0.064093 0.035280
v 0.046880 0.067528 0.038560
v 0.042962 0.053207 0.017810
v 0.043982 0.057443 0.028460
v 0.041534 0.049879 0.034520
v 0.040020 0.042321 0.029300
v 0.043255 0.053473 0.021100
v 0.077987 0.089222 0.061750
v 0.077256 0.092668 0.058740
v 0.088454 0.097444 0.061950
v 0.089086 0.094074 0.065120
v 0.101194 0.102408 0.065410
v 0.101348 0.099405 0.068820
v 0.033750 0.033284 0.030200
v 0.042842 0.058009 0.028340
v 0.044624 0.064545 0.035080
v 0.045600 0.064093 0.035280
v 0.043982 0.057443 0.028460
v 0.051789 0.071430 0.049420
v 0.051543 0.075166 0.045710
v 0.059115 0.079136 0.054750
v 0.058199 0.082597 0.051470
v 0.087123 0.104075 0.059000
v 0.100542 0.105915 0.061820
v 0.073422 0.103146 0.058230
v 0.108513 0.107637 0.065240
v 0.108491 0.099186 0.077490
v 0.088093 0.099462 0.061790
v 0.100941 0.103688 0.064560
v 0.101194 0.102408 0.065410
v 0.088454 0.097444 0.061950
v 0.075456 0.095756 0.060100
v 0.077256 0.092668 0.058740
v 0.037901 0.057340 0.028500
v 0.040128 0.064969 0.035790
v 0.041794 0.053987 0.021260
v 0.043255 0.053473 0.021100
v 0.041926 0.053608 0.017830
v 0.042962 0.053207 0.017810
v 0.037180 0.053519 0.017080
v 0.037339 0.053725 0.020670
v 0.045946 0.068121 0.038530
v 0.046880 0.067528 0.038560
v 0.050682 0.075787 0.045880
v 0.057162 0.083401 0.052030
v 0.058199 0.082597 0.051470
v 0.051543 0.075166 0.045710
v 0.065211 0.087651 0.055120
v 0.041528 0.068605 0.039190
v 0.054693 0.084548 0.052880
v 0.047212 0.077308 0.047340
v 0.057930 0.090224 0.056950
v 0.063259 0.092770 0.058750
v 0.049258 0.105881 0.059940
v 0.021864 0.092526 0.058510
v 0.020622 0.099294 0.063190
v 0.047943 0.095671 0.060740
v 0.049300 0.091682 0.057990
v 0.020554 0.113793 0.066520
v 0.048635 0.103426 0.061560
v 0.019092 0.109851 0.068020
v 0.006596 0.061176 0.040220
v 0.016875 0.065370 0.042330
v 0.017666 0.083011 0.053460
v 0.045860 0.085092 0.054670
v 0.037203 0.079009 0.050880
v 0.013016 0.079363 0.050790
v 0.000873 0.096563 0.061320
v 0.005126 0.103078 0.065720
v 0.005731 0.111195 0.069940
v -0.001714 0.123125 0.068810
v -0.001714 0.123125 0.068810
v -0.001953 0.115757 0.079920
v -0.034473 0.126884 0.087540
v 0.000552 0.070042 0.041550
v 0.012129 0.086721 0.053550
v -0.005141 0.089242 0.055960
v -0.005350 0.050834 0.033060
v -0.020863 0.065031 0.023640
v -0.013981 0.068003 0.029960
v -0.012380 0.061832 0.031960
v -0.021514 0.059773 0.019780
v -0.020863 0.065031 0.023640
v -0.030514 0.065899 0.026080
v -0.024042 0.069494 0.031740
v -0.013981 0.068003 0.029960
v -0.024077 0.042882 0.016770
v -0.008065 0.086114 0.052550
v 0.008447 0.083681 0.050230
v -0.002250 0.075374 0.040150
v -0.016366 0.077183 0.042170
v -0.005350 0.050834 0.033060
v 0.006591 0.059268 0.042980
v -0.005354 0.048935 0.035810
v 0.012196 0.043705 0.032880
v 0.022920 0.053985 0.039780
v -0.023923 0.065390 0.017050
v -0.022621 0.064602 0.020480
v -0.023221 0.059537 0.015530
v -0.022621 0.064602 0.020480
v -0.034376 0.064930 0.021690
v -0.023877 0.043730 0.011400
v 0.037404 0.054130 0.014130
v 0.042838 0.053739 0.014020
v 0.041239 0.054081 0.014120
v 0.108513 0.107637 0.065240
v -0.001714 0.123125 0.068810
v -0.023923 0.065390 0.017050
v -0.036221 0.065394 0.017050
v -0.024042 0.069494 0.031740
v -0.030514 0.065899 0.026080
v -0.031581 0.057796 0.039850
v -0.025218 0.062457 0.043080
v -0.008065 0.086114 0.052550
v -0.016366 0.077183 0.042170
v -0.016894 0.072265 0.049870
v -0.008977 0.082883 0.057210
v -0.005141 0.089242 0.055960
v -0.005938 0.086730 0.059880
v -0.000172 0.094029 0.064930
v 0.000873 0.096563 0.061320
v 0.004316 0.100806 0.069610
v 0.005126 0.103078 0.065720
v 0.005731 0.111195 0.069940
v 0.004782 0.108348 0.074820
v -0.001953 0.115757 0.079920
v -0.001714 0.123125 0.068810
v -0.036225 0.060345 0.030830
v -0.034376 0.064930 0.021690
v -0.035478 0.064515 0.021960
v -0.036114 0.055743 0.038430
v -0.039589 0.057221 0.030380
v -0.039611 0.048683 0.042740
v 0.184806 0.146943 0.057570
v 0.220978 0.149614 0.058640
v 0.220968 0.141767 0.075720
v 0.184790 0.139243 0.074330
v 0.220938 0.131991 0.091760
v 0.184765 0.129650 0.090070
v -0.024077 0.042882 0.016770
v -0.023877 0.043730 0.011400
v 0.042745 0.036703 0.038200
v 0.042443 0.033474 0.040320
v 0.033894 0.025817 0.036490
v 0.046859 0.059905 0.049610
v 0.045577 0.055618 0.047550
v 0.042915 0.035428 0.043560
v 0.042780 0.032086 0.045390
v 0.042257 0.029867 0.042280
v 0.043953 0.046885 0.043750
v 0.020075 0.022545 0.020450
v 0.020224 0.017517 0.024750
v 0.043216 0.038596 0.042650
v 0.088440 0.092305 0.069400
v 0.077243 0.087627 0.066040
v 0.101180 0.097280 0.072840
v 0.042812 0.046981 0.044320
v 0.043953 0.046885 0.043750
v 0.045577 0.055618 0.047550
v 0.044600 0.055593 0.048050
v 0.051526 0.069290 0.054220
v 0.058185 0.077292 0.059150
v 0.087531 0.092687 0.073910
v 0.100686 0.096202 0.075890
v 0.098365 0.075137 0.096500
v 0.087040 0.072957 0.095190
v 0.073893 0.091476 0.072870
v 0.072650 0.072213 0.094920
v 0.088440 0.092305 0.069400
v 0.101180 0.097280 0.072840
v 0.073893 0.091476 0.072870
v 0.077243 0.087627 0.066040
v 0.040105 0.056412 0.048180
v 0.037873 0.046898 0.043630
v 0.041755 0.038936 0.043060
v 0.043216 0.038596 0.042650
v 0.041878 0.035597 0.043930
v 0.042915 0.035428 0.043560
v 0.037299 0.038295 0.043020
v 0.037129 0.034867 0.044100
v 0.046859 0.059905 0.049610
v 0.045925 0.060083 0.050170
v 0.050665 0.069666 0.054740
v 0.051526 0.069290 0.054220
v 0.058185 0.077292 0.059150
v 0.057147 0.078110 0.059700
v 0.065197 0.082490 0.062600
v 0.041506 0.060887 0.050370
v 0.047197 0.071575 0.055640
v 0.021854 0.079348 0.105290
v 0.019073 0.102496 0.078670
v 0.027424 0.059746 0.044060
v 0.020608 0.094237 0.070520
v 0.021851 0.087457 0.065850
v 0.019073 0.102496 0.078670
v 0.000860 0.091554 0.068580
v 0.005112 0.097974 0.073120
v 0.005714 0.104788 0.079210
v 0.002998 0.084567 0.111740
v -0.001754 0.107979 0.090750
v 0.005714 0.104788 0.079210
v -0.001754 0.107979 0.090750
v 0.002998 0.084567 0.111740
v -0.034608 0.083035 0.130080
v -0.002280 0.064256 0.056260
v 0.008428 0.076606 0.060480
v -0.008082 0.079667 0.061890
v -0.016393 0.066807 0.057200
v 0.012113 0.080783 0.062150
v 0.017656 0.079372 0.058730
v 0.013005 0.075589 0.056260
v -0.005156 0.083959 0.063610
v -0.014024 0.052128 0.052950
v -0.020915 0.045181 0.052390
v -0.019848 0.043759 0.047560
v -0.012407 0.051811 0.046470
v -0.024083 0.054346 0.053680
v -0.030562 0.047785 0.052310
v -0.020915 0.045181 0.052390
v -0.014024 0.052128 0.052950
v -0.011034 0.041957 0.031880
v -0.019610 0.028010 0.031160
v 0.011896 0.028819 0.031880
v 0.005146 0.037374 0.030120
v -0.011034 0.041957 0.031880
v 0.016869 0.062712 0.046180
v 0.000535 0.063664 0.050780
v -0.023991 0.039155 0.055050
v -0.023285 0.035652 0.050120
v -0.021567 0.039707 0.048840
v -0.022681 0.042079 0.053110
v -0.022681 0.042079 0.053110
v -0.034434 0.043349 0.052950
v -0.021567 0.039707 0.048840
v -0.019610 0.028010 0.031160
v -0.018442 0.023717 0.033340
v 0.011896 0.028819 0.031880
v -0.019610 0.028010 0.031160
v 0.041878 0.035597 0.043930
v 0.041180 0.032289 0.045680
v 0.042780 0.032086 0.045390
v 0.042915 0.035428 0.043560
v 0.108491 0.099186 0.077490
v 0.105588 0.073933 0.098700
v -0.022681 0.042079 0.053110
v -0.023991 0.039155 0.055050
v -0.022681 0.042079 0.053110
v -0.034434 0.043349 0.052950
v -0.036291 0.039178 0.055030
v -0.024083 0.054346 0.053680
v -0.030562 0.047785 0.052310
v -0.008082 0.079667 0.061890
v -0.016393 0.066807 0.057200
v -0.005156 0.083959 0.063610
v 0.000860 0.091554 0.068580
v 0.005112 0.097974 0.073120
v 0.005714 0.104788 0.079210
v -0.001754 0.107979 0.090750
v -0.036253 0.050271 0.045420
v -0.035534 0.043455 0.052470
v -0.034434 0.043349 0.052950
v -0.039646 0.037524 0.052810
v -0.063131 0.065212 0.001510
v -0.051798 0.063846 0.001470
v 0.220868 0.107207 0.119920
v 0.184694 0.105328 0.117710
v 0.184734 0.118293 0.104600
v 0.220908 0.120419 0.106560
v 0.220818 0.092534 0.131660
v 0.184649 0.090930 0.129220
v -0.036291 0.039178 0.055030
v -0.019610 0.028010 0.031160
v -0.018442 0.023717 0.033340
v 0.037129 0.034867 0.044100
v 0.037344 0.032324 0.045720
v 0.033697 0.017373 0.041500
v 0.042422 0.026831 0.045040
v 0.042703 0.023758 0.047390
v 0.046946 0.020141 0.073920
v 0.045662 0.018824 0.069110
v 0.045482 0.026349 0.068340
v 0.046751 0.026866 0.073070
v 0.058939 0.025336 0.092960
v 0.058031 0.030101 0.092670
v 0.065680 0.031340 0.098140
v 0.066336 0.026875 0.098650
v 0.042894 0.029243 0.047950
v 0.043884 0.025641 0.058830
v 0.044676 0.025907 0.063970
v 0.044657 0.017246 0.063360
v 0.041423 0.015953 0.058620
v 0.039926 0.013521 0.049750
v 0.043179 0.027333 0.050640
v 0.043497 0.026154 0.054330
v 0.077789 0.028539 0.104840
v 0.077065 0.033116 0.104750
v 0.088252 0.034694 0.110310
v 0.088878 0.030072 0.110570
v 0.100981 0.036252 0.116180
v 0.101128 0.031759 0.116860
v 0.033657 0.006027 0.044620
v 0.044676 0.025907 0.063970
v 0.043884 0.025641 0.058830
v 0.042745 0.026150 0.059110
v 0.043655 0.026375 0.064140
v 0.051630 0.022871 0.083900
v 0.051392 0.028114 0.083460
v 0.086927 0.041669 0.112310
v 0.100338 0.041248 0.115680
v 0.073228 0.041473 0.111080
v 0.108300 0.040409 0.119230
v 0.108247 0.026064 0.123170
v 0.087891 0.036346 0.111480
v 0.100729 0.037780 0.116350
v 0.100981 0.036252 0.116180
v 0.088252 0.034694 0.110310
v 0.075260 0.034608 0.107780
v 0.073228 0.041473 0.111080
v 0.077065 0.033116 0.104750
v 0.037430 0.026369 0.053680
v 0.042124 0.026503 0.054320
v 0.041717 0.027623 0.051100
v 0.037264 0.027809 0.050470
v 0.045482 0.026349 0.068340
v 0.044506 0.026826 0.068480
v 0.039040 0.026190 0.064480
v 0.037803 0.025545 0.058790
v 0.043179 0.027333 0.050640
v 0.043497 0.026154 0.054330
v 0.041858 0.029536 0.048230
v 0.042894 0.029243 0.047950
v 0.037113 0.029958 0.047580
v 0.045818 0.027346 0.073420
v 0.046751 0.026866 0.073070
v 0.058031 0.030101 0.092670
v 0.056992 0.030355 0.093610
v 0.065031 0.031612 0.098730
v 0.065680 0.031340 0.098140
v 0.050531 0.028485 0.083990
v 0.051392 0.028114 0.083460
v 0.041397 0.027293 0.074230
v 0.040008 0.026702 0.069280
v 0.054519 0.030691 0.094990
v 0.047058 0.028719 0.086080
v 0.057881 0.031882 0.099680
v 0.063068 0.033204 0.104790
v 0.057744 0.032420 0.101770
v 0.020334 0.044378 0.124160
v 0.006467 0.020994 0.070160
v 0.013059 0.022451 0.073760
v 0.020416 0.035409 0.112290
v 0.021675 0.033233 0.104360
v 0.018870 0.040394 0.122770
v 0.020334 0.044378 0.124160
v 0.000674 0.034548 0.109060
v 0.004912 0.036701 0.116630
v 0.005504 0.040211 0.125080
v -0.001944 0.050082 0.131860
v -0.002363 0.033379 0.104790
v 0.016008 0.032687 0.101120
v 0.011954 0.031984 0.096810
v -0.005324 0.032390 0.100230
v 0.000415 0.026941 0.076860
v 0.004591 0.027725 0.081930
v -0.013828 0.032016 0.086430
v 0.001024 0.031810 0.083790
v -0.002384 0.031926 0.079220
v -0.016508 0.032036 0.081890
v 0.021006 0.031367 0.100150
v 0.017492 0.029194 0.094360
v 0.012850 0.028124 0.089960
v -0.019974 0.032416 0.075370
v -0.007789 0.032243 0.072600
v -0.014087 0.032851 0.066640
v -0.024153 0.032857 0.068950
v 0.016738 0.022836 0.074500
v -0.000829 0.033988 0.107090
v -0.007789 0.032243 0.072600
v -0.006060 0.025638 0.069890
v -0.012489 0.026834 0.064210
v -0.014087 0.032851 0.066640
v 0.001302 0.019976 0.065650
v -0.005456 0.017688 0.058010
v -0.005456 0.017688 0.058010
v -0.019892 0.030546 0.056950
v -0.020950 0.034643 0.059880
v -0.020950 0.034643 0.059880
v -0.030608 0.033753 0.062280
v -0.019636 0.020246 0.036670
v -0.008236 0.032193 0.095600
v 0.008283 0.031796 0.092300
v -0.002384 0.031926 0.079220
v -0.019636 0.020246 0.036670
v 0.037351 0.004505 0.059690
v 0.037740 0.007822 0.063660
v 0.006454 0.017758 0.071050
v 0.001289 0.016362 0.066640
v -0.023991 0.039155 0.055050
v -0.022700 0.036347 0.057180
v -0.021588 0.033099 0.053530
v -0.022700 0.036347 0.057180
v -0.034459 0.035836 0.058290
v -0.018442 0.023717 0.033340
v 0.108300 0.040409 0.119230
v -0.001944 0.050082 0.131860
v -0.034755 0.040867 0.148190
v -0.001944 0.050082 0.131860
v -0.024153 0.032857 0.068950
v -0.030608 0.033753 0.062280
v -0.031709 0.018694 0.067620
v -0.025356 0.020179 0.073110
v -0.013828 0.032016 0.086430
v -0.016508 0.032036 0.081890
v -0.017054 0.023319 0.084630
v -0.014371 0.024470 0.088850
v -0.019974 0.032416 0.075370
v -0.020723 0.021761 0.078920
v -0.005324 0.032390 0.100230
v -0.006130 0.027953 0.101620
v -0.003162 0.029166 0.106070
v -0.002363 0.033379 0.104790
v -0.001757 0.029753 0.108220
v -0.000829 0.033988 0.107090
v -0.008236 0.032193 0.095600
v -0.009160 0.026721 0.097100
v -0.000380 0.030290 0.110190
v 0.000674 0.034548 0.109060
v 0.004093 0.032462 0.118140
v 0.004912 0.036701 0.116630
v 0.005504 0.040211 0.125080
v 0.004543 0.034893 0.126980
v -0.002209 0.037298 0.135640
v -0.001944 0.050082 0.131860
v -0.036330 0.026451 0.062340
v -0.034459 0.035836 0.058290
v -0.035561 0.035345 0.058230
v -0.036237 0.018043 0.065200
v -0.039692 0.024343 0.060030
v -0.039743 0.009853 0.064010
v -0.002209 0.037298 0.135640
v -0.063349 -0.005016 0.064840
v -0.052012 -0.004953 0.063520
v 0.184597 0.075291 0.138990
v 0.220768 0.076596 0.141610
v 0.220708 0.059612 0.149640
v 0.184539 0.058621 0.146880
v 0.220648 0.041809 0.155650
v 0.184477 0.041152 0.152770
v 0.042630 0.003496 0.052960
v 0.042324 -0.000346 0.052510
v 0.046705 0.013930 0.076630
v 0.045429 0.011966 0.072300
v 0.065650 0.022784 0.100500
v 0.057999 0.021098 0.095140
v 0.042785 -0.000931 0.056250
v 0.044619 0.010117 0.068320
v 0.043819 0.007724 0.063760
v 0.019977 -0.005201 0.030080
v 0.020012 0.004087 0.030220
v 0.043088 0.002085 0.057590
v 0.043420 0.004979 0.060150
v 0.088221 0.025971 0.112710
v 0.077034 0.024559 0.107100
v 0.100950 0.027548 0.118570
v 0.044619 0.010117 0.068320
v 0.043595 0.009807 0.068690
v 0.042677 0.007434 0.064260
v 0.043819 0.007724 0.063760
v 0.051356 0.018146 0.086210
v 0.086852 0.021010 0.117990
v 0.100272 0.023008 0.120700
v 0.073153 0.020644 0.116820
v 0.087850 0.025153 0.114560
v 0.088221 0.025971 0.112710
v 0.100950 0.027548 0.118570
v 0.100688 0.026325 0.119500
v 0.073153 0.020644 0.116820
v 0.075225 0.024843 0.110460
v 0.077034 0.024559 0.107100
v 0.037169 0.001624 0.057670
v 0.041625 0.002078 0.058120
v 0.042045 0.004684 0.060320
v 0.045429 0.011966 0.072300
v 0.044452 0.011632 0.072650
v 0.038983 0.010174 0.068890
v 0.043088 0.002085 0.057590
v 0.043420 0.004979 0.060150
v 0.041747 -0.001034 0.056640
v 0.042785 -0.000931 0.056250
v 0.037000 -0.001696 0.056290
v 0.046705 0.013930 0.076630
v 0.045769 0.013705 0.077170
v 0.057999 0.021098 0.095140
v 0.065650 0.022784 0.100500
v 0.065000 0.022853 0.101140
v 0.056960 0.021373 0.096080
v 0.050494 0.018099 0.086850
v 0.051356 0.018146 0.086210
v 0.041349 0.014195 0.077840
v 0.039956 0.012180 0.073270
v 0.054488 0.021805 0.097440
v 0.047023 0.018989 0.088750
v 0.057851 0.023157 0.102080
v 0.063037 0.024600 0.107160
v 0.057713 0.023764 0.104150
v 0.020385 0.026826 0.114650
v 0.021644 0.024631 0.106720
v 0.020266 0.025191 0.129440
v 0.018825 0.027913 0.126210
v 0.013045 0.018304 0.074900
v 0.020266 0.025191 0.129440
v 0.000644 0.026046 0.111400
v 0.004881 0.028038 0.119010
v 0.005464 0.029339 0.128070
v -0.002036 0.024380 0.138930
v -0.002393 0.024891 0.107130
v -0.005357 0.023428 0.102700
v 0.011918 0.021907 0.099580
v 0.015974 0.023481 0.103650
v 0.004556 0.018008 0.084600
v 0.000377 0.016118 0.079840
v -0.013883 0.016748 0.090630
v -0.016571 0.014425 0.086740
v -0.002453 0.013057 0.084410
v 0.000965 0.015475 0.088290
v 0.017469 0.023018 0.096060
v 0.020980 0.024085 0.102150
v 0.021928 0.024470 0.105290
v 0.012828 0.021718 0.091720
v -0.020053 0.010791 0.081320
v -0.024245 0.007150 0.076020
v -0.014183 0.005909 0.074050
v -0.007872 0.009436 0.078870
v 0.016722 0.018326 0.075740
v 0.018744 0.024256 0.105610
v -0.000860 0.025529 0.109410
v -0.007872 0.009436 0.078870
v -0.014183 0.005909 0.074050
v -0.012550 0.009827 0.068890
v -0.006104 0.013715 0.073170
v -0.005467 0.014464 0.058890
v -0.021072 0.000955 0.069140
v -0.019991 0.002970 0.064530
v -0.030719 0.003014 0.070730
v -0.021072 0.000955 0.069140
v -0.011135 0.011653 0.051380
v -0.019704 0.001450 0.041840
v 0.011758 0.000034 0.041530
v 0.012093 0.012321 0.053320
v 0.008239 0.019790 0.095600
v -0.008277 0.021250 0.098620
v -0.002453 0.013057 0.084410
v -0.024153 -0.005368 0.067300
v -0.023431 -0.004884 0.061270
v -0.021711 -0.000955 0.062900
v -0.022838 -0.001876 0.067690
v -0.022838 -0.001876 0.067690
v -0.034590 -0.000790 0.068360
v -0.019704 0.001450 0.041840
v 0.010124 -0.003238 0.039300
v 0.037211 -0.004685 0.055900
v 0.041047 -0.004696 0.055860
v 0.042647 -0.004668 0.055510
v 0.108247 0.026064 0.123170
v -0.002036 0.024380 0.138930
v -0.002036 0.024380 0.138930
v -0.024153 -0.005368 0.067300
v -0.036452 -0.005316 0.067270
v -0.024245 0.007150 0.076020
v -0.030719 0.003014 0.070730
v -0.013883 0.016748 0.090630
v -0.016571 0.014425 0.086740
v -0.020053 0.010791 0.081320
v -0.005357 0.023428 0.102700
v -0.002393 0.024891 0.107130
v -0.000860 0.025529 0.109410
v -0.008277 0.021250 0.098620
v 0.000644 0.026046 0.111400
v 0.004881 0.028038 0.119010
v 0.005464 0.029339 0.128070
v -0.002036 0.024380 0.138930
v -0.036392 0.009357 0.067040
v -0.035690 -0.000393 0.068060
v -0.034590 -0.000790 0.068360
v -0.018540 -0.003245 0.040760
v 0.220578 0.023430 0.159550
v 0.184410 0.023115 0.156600
v 0.220508 0.004722 0.161290
v 0.184342 0.004756 0.158310
v -0.018540 -0.003245 0.040760
v -0.063228 0.036312 0.019200
v -0.063224 0.038290 0.014880
v 0.003140 0.029385 0.011460
v 0.003138 0.027855 0.014790
v -0.063224 0.041068 0.000960
v -0.063229 0.040898 -0.003790
v 0.003136 0.031401 -0.002970
v 0.003140 0.031532 0.000700
v -0.063253 0.027584 0.030390
v -0.063243 0.030922 0.027000
v 0.003126 0.023691 0.020830
v 0.003118 0.021112 0.023440
v -0.063234 0.033844 0.023260
v 0.003133 0.025949 0.017930
v -0.063222 0.039756 0.010360
v -0.063222 0.040685 0.005700
v 0.003142 0.031236 0.004360
v 0.003142 0.030517 0.007960
v -0.063309 0.011057 0.039440
v -0.063293 0.015557 0.037910
v 0.003088 0.011817 0.029260
v 0.003076 0.008339 0.030440
v -0.063254 0.037134 -0.017470
v -0.063266 0.034851 -0.021630
v 0.003108 0.026729 -0.016760
v 0.003117 0.028492 -0.013540
v -0.063452 -0.024908 0.032260
v -0.063436 -0.020999 0.034960
v 0.002977 -0.016432 0.026980
v 0.002964 -0.019453 0.024890
v -0.063468 -0.028479 0.029130
v 0.002952 -0.022213 0.022470
v -0.063277 0.019849 0.035880
v 0.003099 0.015135 0.027680
v -0.063399 -0.012374 0.038920
v -0.063380 -0.007777 0.040120
v 0.003020 -0.006215 0.030960
v 0.003005 -0.009767 0.030030
v -0.063343 0.001680 0.040880
v -0.063325 0.006409 0.040430
v 0.003062 0.004749 0.031200
v 0.003048 0.001094 0.031550
v -0.063417 -0.016801 0.037190
v 0.002992 -0.013188 0.028700
v -0.063264 0.023877 0.033360
v 0.003110 0.018248 0.025740
v -0.063520 -0.038478 0.013150
v -0.063509 -0.036695 0.017560
v 0.002921 -0.028562 0.013530
v 0.002912 -0.029939 0.010120
v -0.063362 -0.003071 0.040770
v 0.003034 -0.002577 0.031470
v -0.063542 -0.039315 -0.010270
v -0.063541 -0.040244 -0.005610
v 0.002895 -0.031304 -0.004380
v 0.002895 -0.030587 -0.007980
v -0.063497 -0.034412 0.021730
v 0.002930 -0.026797 0.016750
v -0.063539 -0.040628 -0.000870
v 0.002897 -0.031601 -0.000710
v -0.063328 0.021439 -0.034870
v -0.063346 0.017242 -0.037100
v 0.003046 0.013119 -0.028710
v 0.003060 0.016362 -0.026990
v -0.063536 -0.035870 -0.019110
v -0.063539 -0.037850 -0.014790
v 0.002897 -0.029455 -0.011470
v 0.002900 -0.027926 -0.014810
v -0.063438 -0.005969 -0.040340
v -0.063455 -0.010617 -0.039350
v 0.002962 -0.008409 -0.030450
v 0.002975 -0.004817 -0.031220
v -0.063244 0.038918 -0.013060
v 0.003125 0.029870 -0.010140
v -0.063471 -0.015116 -0.037820
v -0.063486 -0.019410 -0.035790
v 0.002938 -0.015203 -0.027700
v 0.002950 -0.011886 -0.029270
v -0.063364 0.012814 -0.038820
v 0.003032 0.009697 -0.030040
v -0.063511 -0.027143 -0.030290
v -0.063521 -0.030482 -0.026910
v 0.002911 -0.023760 -0.020840
v 0.002919 -0.021181 -0.023450
v -0.063500 -0.023437 -0.033270
v 0.002928 -0.018316 -0.025750
v -0.063530 -0.033403 -0.023170
v 0.002905 -0.026018 -0.017950
v -0.063534 -0.040458 0.003880
v -0.063528 -0.039737 0.008570
v 0.002906 -0.030913 0.006580
v 0.002901 -0.031469 0.002950
v -0.063383 0.008218 -0.040020
v -0.063402 0.003511 -0.040680
v 0.003004 0.002508 -0.031480
v 0.003018 0.006145 -0.030970
v -0.063295 0.028918 -0.029040
v -0.063311 0.025349 -0.032170
v 0.003073 0.019383 -0.024900
v 0.003086 0.022143 -0.022480
v -0.063421 -0.001239 -0.040790
v 0.002989 -0.001162 -0.031560
v -0.063483 -0.031660 0.025600
v 0.002940 -0.024670 0.019740
v -0.063281 0.032100 -0.025510
v 0.003097 0.024602 -0.019750
v -0.063235 0.040178 -0.008480
v 0.003131 0.030845 -0.006600
v 0.020088 0.027073 0.013890
v 0.019337 0.026789 0.013750
v 0.019341 0.029685 0.005030
v 0.019323 0.028219 -0.010540
v 0.019299 0.023745 -0.018570
v 0.019887 -0.025737 0.016550
v 0.019139 -0.025464 0.016380
v 0.019168 -0.019359 0.023250
v 0.019208 0.002337 -0.030130
v 0.019239 0.010046 -0.028470
v 0.019110 -0.026355 -0.014950
v 0.019875 -0.020873 -0.022390
v 0.019126 -0.020650 -0.022160
v 0.019227 -0.005144 0.029760
v 0.019196 -0.012680 0.027440
v 0.019121 -0.028843 0.009260
v 0.019473 0.017336 0.024490
v 0.019325 0.022309 0.020240
v 0.019105 -0.029325 -0.007640
v 0.020040 0.011769 0.028100
v 0.019290 0.011648 0.027810
v 0.019336 0.029976 -0.002850
v 0.019178 -0.005539 -0.029730
v 0.019147 -0.014221 -0.026720
v 0.020024 0.018324 -0.024360
v 0.019274 0.018133 -0.024110
v 0.019263 0.004045 0.029900
v 0.019107 -0.030301 0.000180
v 0.019208 0.002337 -0.030130
v 0.017476 0.002453 -0.031480
v 0.017445 -0.005775 -0.031060
v 0.019178 -0.005539 -0.029730
v 0.019337 0.026789 0.013750
v 0.019325 0.022309 0.020240
v 0.017599 0.023320 0.021150
v 0.017611 0.028001 0.014370
v 0.019121 -0.028843 0.009260
v 0.019107 -0.030301 0.000180
v 0.017371 -0.031649 0.000190
v 0.017384 -0.030126 0.009670
v 0.019341 0.029685 0.005030
v 0.017616 0.031028 0.005260
v 0.019239 0.010046 -0.028470
v 0.017508 0.010508 -0.029750
v 0.019105 -0.029325 -0.007640
v 0.017368 -0.030629 -0.007980
v 0.019473 0.017336 0.024490
v 0.017746 0.018121 0.025590
v 0.019274 0.018133 -0.024110
v 0.019299 0.023745 -0.018570
v 0.017571 0.024822 -0.019400
v 0.017545 0.018957 -0.025180
v 0.019110 -0.026355 -0.014950
v 0.017374 -0.027527 -0.015620
v 0.019196 -0.012680 0.027440
v 0.017464 -0.013237 0.028670
v 0.017496 -0.005363 0.031100
v 0.019227 -0.005144 0.029760
v 0.019290 0.011648 0.027810
v 0.019263 0.004045 0.029900
v 0.017534 0.004238 0.031240
v 0.017562 0.012182 0.029060
v 0.019323 0.028219 -0.010540
v 0.017596 0.029496 -0.011010
v 0.019126 -0.020650 -0.022160
v 0.019147 -0.014221 -0.026720
v 0.017413 -0.014849 -0.027920
v 0.017391 -0.021566 -0.023150
v 0.019168 -0.019359 0.023250
v 0.017435 -0.020216 0.024290
v 0.019336 0.029976 -0.002850
v 0.017610 0.031333 -0.002980
v 0.019139 -0.025464 0.016380
v 0.017404 -0.026594 0.017120
v 0.017383 0.017265 0.026420
v 0.017229 0.020358 0.024020
v 0.017232 0.021888 0.022630
v 0.017237 0.023321 0.021150
v 0.017209 0.024823 -0.019400
v 0.017204 0.023501 -0.020990
v 0.017190 0.020563 -0.023890
v 0.017183 0.018959 -0.025180
v 0.017007 -0.030628 -0.007980
v 0.017006 -0.031083 -0.005970
v 0.017008 -0.031595 -0.001880
v 0.017009 -0.031649 0.000190
v 0.017168 0.015511 -0.027460
v 0.017147 0.010509 -0.029750
v 0.017176 0.017271 -0.026380
v 0.017007 -0.030041 -0.009970
v 0.017010 -0.028486 -0.013790
v 0.017013 -0.027526 -0.015620
v 0.017250 0.028003 0.014370
v 0.017247 0.027002 0.016180
v 0.017240 0.024656 0.019570
v 0.017103 -0.013236 0.028670
v 0.017111 -0.011332 0.029470
v 0.017127 -0.007386 0.030690
v 0.017135 -0.005362 0.031100
v 0.017172 0.004239 0.031240
v 0.017180 0.006274 0.030890
v 0.017194 0.010255 0.029800
v 0.017200 0.012182 0.029060
v 0.017208 0.014058 0.028190
v 0.017235 0.029497 -0.011010
v 0.017222 0.027138 -0.015980
v 0.017216 0.026037 -0.017730
v 0.017029 -0.021564 -0.023150
v 0.017034 -0.020005 -0.024500
v 0.017044 -0.016640 -0.026890
v 0.017051 -0.014847 -0.027920
v 0.017021 -0.024400 -0.020140
v 0.017025 -0.023031 -0.021690
v 0.017072 -0.020215 0.024290
v 0.017080 -0.018582 0.025560
v 0.017095 -0.015086 0.027750
v 0.017157 0.000121 0.031540
v 0.017164 0.002184 0.031460
v 0.017239 0.030152 -0.009050
v 0.017246 0.031073 -0.005030
v 0.017249 0.031335 -0.002980
v 0.017084 -0.005775 -0.031060
v 0.017064 -0.011080 -0.029610
v 0.017058 -0.012990 -0.028820
v 0.017042 -0.026593 0.017120
v 0.017037 -0.027657 0.015350
v 0.017027 -0.029427 0.011610
v 0.017023 -0.030124 0.009670
v 0.017055 -0.024131 0.020430
v 0.017048 -0.025417 0.018810
v 0.017250 0.031460 -0.000920
v 0.017253 0.031307 0.003210
v 0.017253 0.031029 0.005260
v 0.017114 0.002454 -0.031480
v 0.017106 0.000391 -0.031580
v 0.017092 -0.003730 -0.031370
v 0.017016 -0.031134 0.005670
v 0.017019 -0.030695 0.007690
v 0.017253 0.029641 0.010580
v 0.017251 0.028883 0.012500
v 0.017139 0.008543 -0.030380
v 0.017123 0.004505 -0.031240
v 0.016202 -0.029990 0.010110
v 0.016195 -0.030964 0.006570
v 0.016431 0.031480 0.000690
v 0.016433 0.031184 0.004350
v 0.016265 -0.004868 -0.031230
v 0.016279 -0.001213 -0.031570
v 0.016415 0.029819 -0.010150
v 0.016422 0.030794 -0.006610
v 0.016307 0.006094 -0.030980
v 0.016322 0.009647 -0.030060
v 0.016426 0.031350 -0.002980
v 0.016430 0.029334 0.011440
v 0.016427 0.027805 0.014780
v 0.016416 0.023640 0.020820
v 0.016408 0.021061 0.023430
v 0.016422 0.025899 0.017920
v 0.016432 0.030466 0.007950
v 0.016377 0.011767 0.029250
v 0.016365 0.008290 0.030430
v 0.016397 0.026678 -0.016770
v 0.016407 0.028441 -0.013550
v 0.016268 -0.016483 0.026970
v 0.016254 -0.019504 0.024880
v 0.016241 -0.022263 0.022460
v 0.016389 0.015084 0.027670
v 0.016309 -0.006265 0.030950
v 0.016296 -0.009817 0.030020
v 0.016352 0.004697 0.031190
v 0.016339 0.001042 0.031540
v 0.016281 -0.013238 0.028690
v 0.016399 0.018196 0.025730
v 0.016210 -0.028612 0.013520
v 0.016324 -0.002629 0.031450
v 0.016185 -0.031356 -0.004390
v 0.016185 -0.030637 -0.007990
v 0.016220 -0.026848 0.016730
v 0.016187 -0.031652 -0.000730
v 0.016336 0.013069 -0.028720
v 0.016350 0.016313 -0.027000
v 0.016186 -0.029506 -0.011480
v 0.016190 -0.027976 -0.014820
v 0.016251 -0.008459 -0.030460
v 0.016228 -0.015254 -0.027710
v 0.016239 -0.011937 -0.029280
v 0.016201 -0.023811 -0.020850
v 0.016209 -0.021232 -0.023460
v 0.016218 -0.018367 -0.025760
v 0.016194 -0.026069 -0.017960
v 0.016191 -0.031521 0.002940
v 0.016293 0.002457 -0.031490
v 0.016363 0.019334 -0.024920
v 0.016376 0.022093 -0.022490
v 0.016230 -0.024722 0.019730
v 0.016387 0.024551 -0.019770
v -0.072058 0.044877 -0.162690
v -0.072136 0.025304 -0.166840
v -0.071438 0.164262 0.040020
v -0.071445 0.158394 0.059150
v -0.071981 0.063824 -0.156260
v -0.071440 0.167825 0.020330
v -0.071452 0.169035 0.000360
v -0.071585 0.150496 -0.076770
v -0.071539 0.158540 -0.058450
v -0.072760 -0.166007 -0.029920
v -0.072753 -0.168399 -0.010060
v -0.071831 0.098782 -0.136930
v -0.071762 0.114303 -0.124310
v -0.071696 0.128221 -0.109930
v -0.071638 0.140343 -0.094010
v -0.071462 0.150305 0.077450
v -0.071472 0.167874 -0.019610
v -0.071487 0.140109 0.094670
v -0.072532 -0.134191 0.102460
v -0.072469 -0.121148 0.117630
v -0.035493 -0.095349 -0.121130
v -0.072558 -0.089807 -0.142760
v -0.072611 -0.106078 -0.131110
v -0.072725 -0.145134 -0.085900
v -0.072695 -0.133937 -0.102480
v -0.072179 -0.054118 0.160060
v -0.072100 -0.034825 0.165360
v -0.072023 -0.015040 0.168340
v -0.071520 0.127950 0.110550
v -0.072402 -0.106402 0.131160
v -0.072330 -0.090160 0.142840
v -0.072746 -0.154294 -0.068110
v -0.072658 -0.120857 -0.117620
v -0.072758 -0.161283 -0.049370
v -0.072256 -0.072651 0.152520
v -0.071945 0.004959 0.168960
v -0.071870 0.024890 0.167210
v -0.071798 0.044475 0.163110
v -0.072678 -0.161406 0.049270
v -0.072712 -0.166082 0.029820
v -0.071731 0.063436 0.156720
v -0.071668 0.081510 0.148140
v -0.072737 -0.168423 0.009950
v -0.072364 -0.034415 -0.165140
v -0.072434 -0.053723 -0.159890
v -0.072499 -0.072273 -0.152390
v -0.072291 -0.014621 -0.168070
v -0.072637 -0.154462 0.068040
v -0.071611 0.098442 0.137480
v -0.072588 -0.145348 0.085850
v -0.071562 0.113995 0.124890
v -0.071904 0.081876 -0.147630
v -0.072214 0.005377 -0.168640
v -0.071501 0.164359 -0.039310
v -0.071472 0.167874 -0.019610
v -0.223740 -0.050159 0.161250
v -0.223662 -0.030762 0.166160
v -0.223130 0.117207 0.122680
v -0.223089 0.130867 0.108060
v -0.223803 0.002658 -0.168590
v -0.223878 -0.017328 -0.167610
v -0.223893 -0.086542 0.144770
v -0.223817 -0.068841 0.154090
v -0.223725 0.022616 -0.167190
v -0.223295 0.067304 0.155530
v -0.223233 0.085200 0.146580
v -0.223568 0.061343 -0.157400
v -0.223646 0.042270 -0.163440
v -0.223492 0.079567 -0.149140
v -0.223965 -0.103018 0.133410
v -0.223361 0.048475 0.162300
v -0.223507 0.009087 0.168950
v -0.223432 0.028980 0.166790
v -0.224033 -0.118035 0.120190
v -0.223418 0.096687 -0.138780
v -0.224247 -0.159671 0.052660
v -0.224203 -0.152349 0.071280
v -0.223348 0.112460 -0.126470
v -0.224153 -0.142875 0.088910
v -0.223168 0.149610 -0.079680
v -0.223222 0.139109 -0.096720
v -0.224097 -0.131383 0.105290
v -0.223121 0.158024 -0.061530
v -0.224281 -0.164741 0.033310
v -0.223282 0.126668 -0.112390
v -0.224309 -0.167483 0.013490
v -0.224326 -0.167866 -0.006520
v -0.223082 0.164230 -0.042510
v -0.223052 0.168144 -0.022890
v -0.224304 -0.146146 -0.082820
v -0.224323 -0.154941 -0.064840
v -0.223030 0.169709 -0.002940
v -0.223052 0.168144 -0.022890
v -0.224334 -0.161550 -0.045960
v -0.223013 0.165741 0.036810
v -0.223016 0.168905 0.017050
v -0.224334 -0.165879 -0.026420
v -0.223018 0.160263 0.056050
v -0.224276 -0.135286 -0.099620
v -0.224239 -0.122516 -0.115020
v -0.224195 -0.108013 -0.128810
v -0.223032 0.152547 0.074510
v -0.223056 0.142704 0.091930
v -0.224020 -0.056253 -0.158640
v -0.224085 -0.074647 -0.150770
v -0.223583 -0.010920 0.168740
v -0.223177 0.101913 0.135580
v -0.224143 -0.091982 -0.140780
v -0.223951 -0.037055 -0.164280
v 0.184316 -0.081036 0.131670
v 0.184251 -0.095796 0.121450
v 0.119362 -0.074032 0.106250
v 0.119418 -0.061206 0.114090
v 0.184189 -0.109270 0.109590
v 0.119309 -0.085851 0.096940
v 0.184133 -0.121278 0.096250
v 0.119261 -0.096381 0.086550
v 0.184082 -0.131653 0.081600
v 0.119215 -0.105842 0.074860
v 0.184035 -0.140260 0.065850
v 0.119175 -0.113858 0.062130
v 0.183996 -0.146978 0.049210
v 0.119138 -0.120401 0.048340
v 0.183964 -0.151720 0.031890
v 0.119108 -0.125181 0.034090
v 0.183940 -0.154418 0.014150
v 0.119084 -0.128253 0.019360
v 0.183922 -0.155040 -0.003790
v 0.119067 -0.129641 0.004630
v 0.183914 -0.153573 -0.021680
v 0.119056 -0.129373 -0.010410
v 0.183914 -0.150041 -0.039280
v 0.119052 -0.127337 -0.025300
v 0.183922 -0.144489 -0.056350
v 0.119056 -0.123483 -0.040070
v 0.183937 -0.136992 -0.072660
v 0.119064 -0.117983 -0.054070
v 0.183961 -0.127654 -0.087990
v 0.119082 -0.110871 -0.067320
v 0.183992 -0.116599 -0.102130
v 0.119104 -0.102467 -0.079500
v 0.184030 -0.103976 -0.114890
v 0.119132 -0.092593 -0.090850
v 0.184075 -0.089958 -0.126100
v 0.119167 -0.081458 -0.100950
v 0.184125 -0.074733 -0.135610
v 0.119207 -0.069013 -0.109790
v 0.184181 -0.058507 -0.143290
v 0.119253 -0.055803 -0.116970
v 0.184241 -0.041500 -0.149020
v 0.119302 -0.041836 -0.122550
v 0.184306 -0.023941 -0.152750
v 0.119354 -0.027572 -0.126480
v 0.184373 -0.006069 -0.154410
v 0.119408 -0.012714 -0.128820
v 0.184442 0.011875 -0.153990
v 0.119466 0.002312 -0.129410
v 0.184512 0.029651 -0.151490
v 0.119525 0.017527 -0.128180
v 0.184582 0.047013 -0.146940
v 0.119584 0.032262 -0.125190
v 0.184652 0.063731 -0.140400
v 0.119642 0.046550 -0.120490
v 0.184719 0.079576 -0.131970
v 0.119699 0.059999 -0.114330
v 0.184784 0.094338 -0.121760
v 0.119754 0.072890 -0.106570
v 0.184845 0.107811 -0.109900
v 0.119807 0.084773 -0.097360
v 0.184902 0.119816 -0.096550
v 0.119858 0.095639 -0.086640
v 0.184954 0.130194 -0.081910
v 0.119903 0.105007 -0.074880
v 0.185000 0.138799 -0.066160
v 0.119943 0.112930 -0.062090
v 0.185038 0.145519 -0.049510
v 0.119978 0.119271 -0.048720
v 0.185070 0.150260 -0.032200
v 0.120008 0.124162 -0.034500
v 0.185095 0.152960 -0.014450
v 0.120033 0.127342 -0.019810
v 0.185095 0.152960 -0.014450
v 0.185112 0.153580 0.003490
v 0.120050 0.128775 -0.004610
v 0.120033 0.127342 -0.019810
v 0.185121 0.152113 0.021380
v 0.120061 0.128392 0.010420
v 0.185121 0.148581 0.038970
v 0.120065 0.126242 0.025310
v 0.185114 0.143030 0.056040
v 0.120062 0.122509 0.039630
v 0.185098 0.135533 0.072350
v 0.120053 0.117112 0.053670
v 0.185074 0.126194 0.087680
v 0.120037 0.110105 0.066970
v 0.185044 0.115139 0.101820
v 0.120013 0.101435 0.079530
v 0.185005 0.102517 0.114590
v 0.119984 0.091477 0.090800
v 0.184961 0.088499 0.125800
v 0.119949 0.080261 0.100820
v 0.184910 0.073275 0.135300
v 0.119909 0.068199 0.109390
v 0.184854 0.057047 0.142980
v 0.119865 0.055040 0.116680
v 0.184793 0.040040 0.148720
v 0.119816 0.041121 0.122360
v 0.184730 0.022481 0.152450
v 0.119764 0.026402 0.126410
v 0.184663 0.004609 0.154110
v 0.119708 0.011533 0.128640
v 0.184593 -0.013336 0.153690
v 0.119651 -0.003501 0.129110
v 0.184523 -0.031109 0.151180
v 0.119593 -0.018248 0.127920
v 0.184453 -0.048473 0.146630
v 0.119535 -0.033012 0.125040
v 0.184383 -0.065191 0.140100
v 0.119476 -0.047329 0.120450
v -0.002866 -0.081466 -0.114700
v 0.107967 -0.045791 0.117370
v 0.105032 -0.010466 0.124100
v 0.107910 -0.059317 0.111170
v 0.104804 -0.087407 0.088050
v 0.107673 -0.110630 0.060530
v 0.107637 -0.117006 0.047090
v 0.104756 -0.123802 0.008090
v 0.107554 -0.123766 -0.024680
v 0.107557 -0.120010 -0.039080
v 0.104319 -0.102646 -0.070660
v 0.107666 -0.079053 -0.098400
v 0.107706 -0.066925 -0.107020
v 0.104545 -0.033368 -0.119860
v 0.106954 0.002949 -0.125290
v 0.106624 -0.002307 -0.125230
v 0.108015 0.017413 -0.124940
v 0.104875 0.051325 -0.113010
v 0.107284 0.082635 -0.093830
v 0.107328 0.092194 -0.084400
v 0.105155 0.111806 -0.053330
v 0.108510 0.124438 -0.019320
v 0.108527 0.125834 -0.004510
v 0.108510 0.124438 -0.019320
v 0.105253 0.119771 0.031270
v 0.108513 0.107637 0.065240
v 0.108491 0.099186 0.077490
v 0.105588 0.073933 0.098700
v 0.108300 0.040409 0.119230
v 0.108247 0.026064 0.123170
v -0.039801 -0.005164 0.064550
v -0.039860 -0.019902 0.061610
v -0.039917 -0.033564 0.055350
v -0.039970 -0.045415 0.046110
v -0.040015 -0.054814 0.034380
v -0.040051 -0.061254 0.020800
v -0.040075 -0.064390 0.006100
v -0.040085 -0.064055 -0.008920
v -0.040075 -0.064390 0.006100
v -0.040083 -0.060261 -0.023460
v -0.040066 -0.053216 -0.036740
v -0.040038 -0.043301 -0.048030
v -0.039997 -0.031047 -0.056730
v -0.039949 -0.017118 -0.062370
v -0.039894 -0.002262 -0.064650
v -0.039836 0.012716 -0.063440
v -0.039776 0.027013 -0.058810
v -0.039722 0.039855 -0.051000
v -0.039671 0.050552 -0.040440
v -0.039630 0.058525 -0.027710
v -0.039601 0.063347 -0.013470
v -0.039583 0.064756 0.001490
v -0.039580 0.062677 0.016370
v -0.039589 0.057221 0.030380
v -0.039611 0.048683 0.042740
v -0.039646 0.037524 0.052810
v -0.039692 0.024343 0.060030
v -0.039743 0.009853 0.064010
v 0.011896 0.028819 0.031880
v 0.037129 0.034867 0.044100
v -0.018633 -0.010792 -0.039400
v -0.018633 -0.010792 -0.039400
v 0.036831 -0.041827 0.037900
v 0.149692 -0.130372 0.009960
v 0.149099 -0.130130 0.010010
v 0.148990 -0.130130 0.009560
v 0.147684 -0.129226 0.013540
v 0.148045 -0.129320 0.014070
v 0.147734 -0.129166 0.014380
v 0.148295 -0.129343 0.014870
v 0.151891 -0.131065 0.011870
v 0.151666 -0.131032 0.011270
v 0.152046 -0.131205 0.011060
v 0.148330 -0.129842 0.009820
v 0.147763 -0.129574 0.010260
v 0.148068 -0.129662 0.010600
v 0.147326 -0.129343 0.010840
v 0.147701 -0.129469 0.011090
v 0.147468 -0.129320 0.011670
v 0.147326 -0.129343 0.010840
v 0.151617 -0.131094 0.010430
v 0.146950 -0.129054 0.012280
v 0.147386 -0.129226 0.012300
v 0.147037 -0.129017 0.013040
v 0.151021 -0.130417 0.015000
v 0.150805 -0.130371 0.014580
v 0.151588 -0.130686 0.014560
v 0.150054 -0.127210 0.008860
v 0.149298 -0.126881 0.009160
v 0.150085 -0.124909 0.008970
v 0.150840 -0.125239 0.008670
v 0.148647 -0.126573 0.009660
v 0.148147 -0.126308 0.010330
v 0.148933 -0.124336 0.010140
v 0.149434 -0.124602 0.009470
v 0.150009 -0.126572 0.015320
v 0.150817 -0.126879 0.015470
v 0.151603 -0.124908 0.015280
v 0.150796 -0.124600 0.015130
v 0.147829 -0.126105 0.011120
v 0.148615 -0.124134 0.010930
v 0.153556 -0.128443 0.010580
v 0.153065 -0.128315 0.009860
v 0.153852 -0.126344 0.009670
v 0.154343 -0.126472 0.010390
v 0.149259 -0.126307 0.014950
v 0.150045 -0.124336 0.014760
v 0.147717 -0.125978 0.011980
v 0.147817 -0.125934 0.012850
v 0.148603 -0.123963 0.012670
v 0.148503 -0.124006 0.011790
v 0.151627 -0.127210 0.015390
v 0.152382 -0.127539 0.015100
v 0.153168 -0.125569 0.014910
v 0.152413 -0.125238 0.015210
v 0.153032 -0.127847 0.014590
v 0.153820 -0.125877 0.014400
v 0.151670 -0.127848 0.008930
v 0.150863 -0.127541 0.008780
v 0.151650 -0.125569 0.008590
v 0.152457 -0.125877 0.008740
v 0.152422 -0.128113 0.009300
v 0.153208 -0.126142 0.009110
v 0.148124 -0.125977 0.013680
v 0.148910 -0.124006 0.013490
v 0.153534 -0.128112 0.013920
v 0.154320 -0.126141 0.013730
v 0.153964 -0.128442 0.012270
v 0.153863 -0.128486 0.011400
v 0.154650 -0.126515 0.011210
v 0.154750 -0.126471 0.012080
v 0.147829 -0.126105 0.011120
v 0.148615 -0.124134 0.010930
v 0.148615 -0.126105 0.014390
v 0.149402 -0.124133 0.014200
v 0.153851 -0.128315 0.013130
v 0.154638 -0.126343 0.012940
v 0.153148 -0.128103 0.013700
v 0.153425 -0.128279 0.013010
v 0.153851 -0.128315 0.013130
v 0.153534 -0.128112 0.013920
v 0.153436 -0.128428 0.011500
v 0.153168 -0.128391 0.010790
v 0.153556 -0.128443 0.010580
v 0.153863 -0.128486 0.011400
v 0.153523 -0.128391 0.012260
v 0.153964 -0.128442 0.012270
v 0.152178 -0.128102 0.009670
v 0.151523 -0.127873 0.009350
v 0.151670 -0.127848 0.008930
v 0.152422 -0.128113 0.009300
v 0.148857 -0.126351 0.014110
v 0.149418 -0.126528 0.014600
v 0.149259 -0.126307 0.014950
v 0.148615 -0.126105 0.014390
v 0.150777 -0.127027 0.015060
v 0.151484 -0.127315 0.014990
v 0.151627 -0.127210 0.015390
v 0.150817 -0.126879 0.015470
v 0.148428 -0.126240 0.013490
v 0.148124 -0.125977 0.013680
v 0.148171 -0.126351 0.011260
v 0.148073 -0.126241 0.012010
v 0.147717 -0.125978 0.011980
v 0.147829 -0.126105 0.011120
v 0.152711 -0.127871 0.014290
v 0.153032 -0.127847 0.014590
v 0.148160 -0.126202 0.012770
v 0.147817 -0.125934 0.012850
v 0.153065 -0.128315 0.009860
v 0.152739 -0.128279 0.010160
v 0.150818 -0.127605 0.009220
v 0.150112 -0.127316 0.009290
v 0.150054 -0.127210 0.008860
v 0.150863 -0.127541 0.008780
v 0.152143 -0.127603 0.014730
v 0.152382 -0.127539 0.015100
v 0.150073 -0.126759 0.014920
v 0.150009 -0.126572 0.015320
v 0.148449 -0.126529 0.010570
v 0.148147 -0.126308 0.010330
v 0.149453 -0.127028 0.009550
v 0.148885 -0.126759 0.009980
v 0.148647 -0.126573 0.009660
v 0.149298 -0.126881 0.009160
v 0.148990 -0.130130 0.009560
v 0.148330 -0.129842 0.009820
v 0.149453 -0.127028 0.009550
v 0.150112 -0.127316 0.009290
v 0.147763 -0.129574 0.010260
v 0.147326 -0.129343 0.010840
v 0.148449 -0.126529 0.010570
v 0.148885 -0.126759 0.009980
v 0.148951 -0.129572 0.015190
v 0.149656 -0.129841 0.015330
v 0.150777 -0.127027 0.015060
v 0.150073 -0.126759 0.014920
v 0.147048 -0.129166 0.011530
v 0.148171 -0.126351 0.011260
v 0.152046 -0.131205 0.011060
v 0.151617 -0.131094 0.010430
v 0.152739 -0.128279 0.010160
v 0.153168 -0.128391 0.010790
v 0.148295 -0.129343 0.014870
v 0.149418 -0.126528 0.014600
v 0.146950 -0.129054 0.012280
v 0.147037 -0.129017 0.013040
v 0.148160 -0.126202 0.012770
v 0.148073 -0.126241 0.012010
v 0.150361 -0.130129 0.015260
v 0.151021 -0.130417 0.015000
v 0.152143 -0.127603 0.014730
v 0.151484 -0.127315 0.014990
v 0.151588 -0.130686 0.014560
v 0.152711 -0.127871 0.014290
v 0.150400 -0.130686 0.009620
v 0.149695 -0.130418 0.009490
v 0.150818 -0.127605 0.009220
v 0.151523 -0.127873 0.009350
v 0.151055 -0.130917 0.009940
v 0.152178 -0.128102 0.009670
v 0.147305 -0.129054 0.013760
v 0.148428 -0.126240 0.013490
v 0.152025 -0.130916 0.013980
v 0.153148 -0.128103 0.013700
v 0.152401 -0.131205 0.012530
v 0.152313 -0.131243 0.011770
v 0.153436 -0.128428 0.011500
v 0.153523 -0.128391 0.012260
v 0.147048 -0.129166 0.011530
v 0.148171 -0.126351 0.011260
v 0.147734 -0.129166 0.014380
v 0.148857 -0.126351 0.014110
v 0.152302 -0.131094 0.013280
v 0.153425 -0.128279 0.013010
v 0.151650 -0.125569 0.008590
v 0.150840 -0.125239 0.008670
v 0.150942 -0.125126 0.008890
v 0.151693 -0.125433 0.008820
v 0.152457 -0.125877 0.008740
v 0.152442 -0.125718 0.008960
v 0.153168 -0.125569 0.014910
v 0.153820 -0.125877 0.014400
v 0.153706 -0.125717 0.014220
v 0.153102 -0.125432 0.014680
v 0.152413 -0.125238 0.015210
v 0.152401 -0.125126 0.014960
v 0.148503 -0.124006 0.011790
v 0.148603 -0.123963 0.012670
v 0.148865 -0.123941 0.012600
v 0.148773 -0.123982 0.011790
v 0.150045 -0.124336 0.014760
v 0.150796 -0.124600 0.015130
v 0.150900 -0.124534 0.014890
v 0.150203 -0.124288 0.014550
v 0.153852 -0.126344 0.009670
v 0.153736 -0.126151 0.009830
v 0.154193 -0.126270 0.010490
v 0.154343 -0.126472 0.010390
v 0.148933 -0.124336 0.010140
v 0.148615 -0.124134 0.010930
v 0.148877 -0.124101 0.011000
v 0.149171 -0.124289 0.010260
v 0.151603 -0.124908 0.015280
v 0.151650 -0.124819 0.015030
v 0.150085 -0.124909 0.008970
v 0.149434 -0.124602 0.009470
v 0.149637 -0.124534 0.009640
v 0.150240 -0.124820 0.009170
v 0.154320 -0.126141 0.013730
v 0.154638 -0.126343 0.012940
v 0.154467 -0.126151 0.012860
v 0.154171 -0.125963 0.013590
v 0.154650 -0.126515 0.011210
v 0.154478 -0.126310 0.011250
v 0.154750 -0.126471 0.012080
v 0.154571 -0.126269 0.012060
v 0.153208 -0.126142 0.009110
v 0.153140 -0.125963 0.009300
v 0.149402 -0.124133 0.014200
v 0.149607 -0.124100 0.014030
v 0.148910 -0.124006 0.013490
v 0.149150 -0.123982 0.013360
v 0.150675 -0.124674 0.012490
v 0.150856 -0.124720 0.012760
v 0.151066 -0.124193 0.012710
v 0.150885 -0.124147 0.012440
v 0.152237 -0.125247 0.013020
v 0.152475 -0.125359 0.012830
v 0.152686 -0.124833 0.012780
v 0.152447 -0.124720 0.012960
v 0.151662 -0.125005 0.013150
v 0.151960 -0.125126 0.013130
v 0.152170 -0.124599 0.013080
v 0.151874 -0.124478 0.013100
v 0.151367 -0.124892 0.013100
v 0.151577 -0.124365 0.013050
v 0.152237 -0.125247 0.013020
v 0.151960 -0.125126 0.013130
v 0.150562 -0.124657 0.012190
v 0.150526 -0.124674 0.011870
v 0.151367 -0.124892 0.013100
v 0.151092 -0.124794 0.012960
v 0.152487 -0.125532 0.011100
v 0.152668 -0.125578 0.011360
v 0.150567 -0.124721 0.011560
v 0.150683 -0.124795 0.011270
v 0.151662 -0.125005 0.013150
v 0.150868 -0.124892 0.011020
v 0.151105 -0.125005 0.010840
v 0.151383 -0.125126 0.010730
v 0.152775 -0.125531 0.012300
v 0.152659 -0.125457 0.012590
v 0.152781 -0.125593 0.011660
v 0.152817 -0.125577 0.011980
v 0.151976 -0.125360 0.010760
v 0.152251 -0.125456 0.010890
v 0.150856 -0.124720 0.012760
v 0.150675 -0.124674 0.012490
v 0.152475 -0.125359 0.012830
v 0.151680 -0.125247 0.010700
v 0.151092 -0.124794 0.012960
v 0.151301 -0.124267 0.012910
v 0.152659 -0.125457 0.012590
v 0.152775 -0.125531 0.012300
v 0.152986 -0.125004 0.012240
v 0.152869 -0.124930 0.012530
v 0.150562 -0.124657 0.012190
v 0.150772 -0.124132 0.012140
v 0.152487 -0.125532 0.011100
v 0.152251 -0.125456 0.010890
v 0.152461 -0.124931 0.010840
v 0.152698 -0.125005 0.011050
v 0.150868 -0.124892 0.011020
v 0.150683 -0.124795 0.011270
v 0.150893 -0.124268 0.011220
v 0.151077 -0.124365 0.010970
v 0.150526 -0.124674 0.011870
v 0.150736 -0.124147 0.011820
v 0.152817 -0.125577 0.011980
v 0.153027 -0.125051 0.011930
v 0.150567 -0.124721 0.011560
v 0.150526 -0.124674 0.011870
v 0.150736 -0.124147 0.011820
v 0.150777 -0.124194 0.011510
v 0.152781 -0.125593 0.011660
v 0.152990 -0.125067 0.011610
v 0.152668 -0.125578 0.011360
v 0.152878 -0.125051 0.011310
v 0.151105 -0.125005 0.010840
v 0.151316 -0.124478 0.010790
v 0.151383 -0.125126 0.010730
v 0.151594 -0.124599 0.010680
v 0.151680 -0.125247 0.010700
v 0.151890 -0.124720 0.010650
v 0.151976 -0.125360 0.010760
v 0.152186 -0.124833 0.010700
v 0.151882 -0.124599 0.011880
v 0.152878 -0.125051 0.011310
v 0.152698 -0.125005 0.011050
v 0.151882 -0.124599 0.011880
v 0.152170 -0.124599 0.013080
v 0.152447 -0.124720 0.012960
v 0.148222 -0.133107 0.018480
v 0.148300 -0.132982 0.017860
v 0.145730 -0.131971 0.017400
v 0.145141 -0.131903 0.018320
v 0.150187 -0.138596 0.007390
v 0.147060 -0.137364 0.007220
v 0.148250 -0.134379 0.006930
v 0.151378 -0.135610 0.007100
v 0.140763 -0.134319 0.012760
v 0.142283 -0.134639 0.015750
v 0.143475 -0.131654 0.015460
v 0.141954 -0.131334 0.012470
v 0.143851 -0.134980 0.018710
v 0.146979 -0.136211 0.018880
v 0.148171 -0.133226 0.018590
v 0.145042 -0.131994 0.018420
v 0.153276 -0.139255 0.013330
v 0.151755 -0.138937 0.010350
v 0.152946 -0.135951 0.010060
v 0.154466 -0.136271 0.013050
v 0.143930 -0.136127 0.007100
v 0.142323 -0.135215 0.009920
v 0.143514 -0.132231 0.009630
v 0.145122 -0.133142 0.006820
v 0.150173 -0.132514 0.015180
v 0.150385 -0.133472 0.016320
v 0.150735 -0.132781 0.014750
v 0.148157 -0.132230 0.009780
v 0.148857 -0.132516 0.009720
v 0.148521 -0.133495 0.008610
v 0.146619 -0.132667 0.009070
v 0.151715 -0.138359 0.016180
v 0.153276 -0.139255 0.013330
v 0.154466 -0.136271 0.013050
v 0.152906 -0.135375 0.015890
v 0.148119 -0.131676 0.015370
v 0.146570 -0.131968 0.016140
v 0.148466 -0.132688 0.016770
v 0.148818 -0.131943 0.015510
v 0.151778 -0.134191 0.014880
v 0.151169 -0.133009 0.014170
v 0.150107 -0.137448 0.018990
v 0.151299 -0.134463 0.018710
v 0.146222 -0.131125 0.013240
v 0.144688 -0.131565 0.012520
v 0.145181 -0.131589 0.014580
v 0.146487 -0.131162 0.013950
v 0.152914 -0.135784 0.010100
v 0.152497 -0.135377 0.010360
v 0.153511 -0.135502 0.012970
v 0.154414 -0.136110 0.013030
v 0.143851 -0.134980 0.018710
v 0.145042 -0.131994 0.018420
v 0.149556 -0.132782 0.009850
v 0.150434 -0.134172 0.009240
v 0.150107 -0.137448 0.018990
v 0.151299 -0.134463 0.018710
v 0.140763 -0.134319 0.012760
v 0.141954 -0.131334 0.012470
v 0.151806 -0.134595 0.010800
v 0.150763 -0.133186 0.010650
v 0.151189 -0.133296 0.011270
v 0.146940 -0.131678 0.010480
v 0.145209 -0.131992 0.010500
v 0.146507 -0.131449 0.011050
v 0.143930 -0.136127 0.007100
v 0.145122 -0.133142 0.006820
v 0.150187 -0.138596 0.007390
v 0.151378 -0.135610 0.007100
v 0.146231 -0.131274 0.011740
v 0.151454 -0.133334 0.011980
v 0.151541 -0.133296 0.012730
v 0.152317 -0.134575 0.012860
v 0.149518 -0.132229 0.015440
v 0.146134 -0.131163 0.012490
v 0.147502 -0.131944 0.010040
v 0.150207 -0.133011 0.010160
v 0.147469 -0.131448 0.015050
v 0.151444 -0.133186 0.013480
v 0.146913 -0.131273 0.014570
v 0.143648 -0.132128 0.009670
v 0.142103 -0.131254 0.012470
v 0.143180 -0.131425 0.012490
v 0.144208 -0.132107 0.009980
v 0.143609 -0.131562 0.015400
v 0.144173 -0.131600 0.015100
v 0.152875 -0.135218 0.015830
v 0.152462 -0.134871 0.015480
v 0.148301 -0.134240 0.007020
v 0.145220 -0.133032 0.006900
v 0.145796 -0.132918 0.007820
v 0.148370 -0.133996 0.007610
v 0.151375 -0.135461 0.007180
v 0.150961 -0.134956 0.008060
v 0.151297 -0.134332 0.018600
v 0.150895 -0.134009 0.017640
v 0.148857 -0.132516 0.009720
v 0.148157 -0.132230 0.009780
v 0.148262 -0.132230 0.010220
v 0.148854 -0.132472 0.010160
v 0.146222 -0.131125 0.013240
v 0.146487 -0.131162 0.013950
v 0.146847 -0.131326 0.013740
v 0.146622 -0.131294 0.013140
v 0.151189 -0.133296 0.011270
v 0.150763 -0.133186 0.010650
v 0.150468 -0.133039 0.010950
v 0.150828 -0.133132 0.011480
v 0.147502 -0.131944 0.010040
v 0.147708 -0.131988 0.010430
v 0.151169 -0.133009 0.014170
v 0.151444 -0.133186 0.013480
v 0.151044 -0.133039 0.013350
v 0.150812 -0.132891 0.013930
v 0.151541 -0.133296 0.012730
v 0.151454 -0.133334 0.011980
v 0.151053 -0.133164 0.012080
v 0.151126 -0.133132 0.012720
v 0.148818 -0.131943 0.015510
v 0.149518 -0.132229 0.015440
v 0.149414 -0.132229 0.015000
v 0.148821 -0.131987 0.015060
v 0.148119 -0.131676 0.015370
v 0.148228 -0.131762 0.014950
v 0.150173 -0.132514 0.015180
v 0.149968 -0.132471 0.014790
v 0.146913 -0.131273 0.014570
v 0.147207 -0.131420 0.014270
v 0.146940 -0.131678 0.010480
v 0.147231 -0.131762 0.010800
v 0.146507 -0.131449 0.011050
v 0.146231 -0.131274 0.011740
v 0.146631 -0.131420 0.011870
v 0.146864 -0.131569 0.011290
v 0.150207 -0.133011 0.010160
v 0.149996 -0.132891 0.010540
v 0.150735 -0.132781 0.014750
v 0.150445 -0.132697 0.014420
v 0.147469 -0.131448 0.015050
v 0.147679 -0.131568 0.014680
v 0.146134 -0.131163 0.012490
v 0.146549 -0.131326 0.012500
v 0.149556 -0.132782 0.009850
v 0.149447 -0.132698 0.010270
v 0.149968 -0.132471 0.014790
v 0.150445 -0.132697 0.014420
v 0.151282 -0.130597 0.014220
v 0.150805 -0.130371 0.014580
v 0.147708 -0.131988 0.010430
v 0.147231 -0.131762 0.010800
v 0.148068 -0.129662 0.010600
v 0.148546 -0.129888 0.010230
v 0.146549 -0.131326 0.012500
v 0.146622 -0.131294 0.013140
v 0.147460 -0.129194 0.012940
v 0.147386 -0.129226 0.012300
v 0.148228 -0.131762 0.014950
v 0.148821 -0.131987 0.015060
v 0.149658 -0.129887 0.014860
v 0.149067 -0.129662 0.014750
v 0.150828 -0.133132 0.011480
v 0.150468 -0.133039 0.010950
v 0.151305 -0.130940 0.010750
v 0.151666 -0.131032 0.011270
v 0.149447 -0.132698 0.010270
v 0.148854 -0.132472 0.010160
v 0.149692 -0.130372 0.009960
v 0.150284 -0.130598 0.010070
v 0.147679 -0.131568 0.014680
v 0.148516 -0.129468 0.014480
v 0.149996 -0.132891 0.010540
v 0.150835 -0.130791 0.010340
v 0.149414 -0.132229 0.015000
v 0.150251 -0.130130 0.014800
v 0.146631 -0.131420 0.011870
v 0.147468 -0.129320 0.011670
v 0.148262 -0.132230 0.010220
v 0.149099 -0.130130 0.010010
v 0.150812 -0.132891 0.013930
v 0.151649 -0.130791 0.013720
v 0.151044 -0.133039 0.013350
v 0.151126 -0.133132 0.012720
v 0.151965 -0.131032 0.012510
v 0.151882 -0.130939 0.013140
v 0.147207 -0.131420 0.014270
v 0.148045 -0.129320 0.014070
v 0.151053 -0.133164 0.012080
v 0.151891 -0.131065 0.011870
v 0.146847 -0.131326 0.013740
v 0.147684 -0.129226 0.013540
v 0.146864 -0.131569 0.011290
v 0.147701 -0.129469 0.011090
v 0.146631 -0.131420 0.011870
v 0.147468 -0.129320 0.011670
v 0.152906 -0.135375 0.015890
v 0.154466 -0.136271 0.013050
v 0.154466 -0.136271 0.013050
v 0.152946 -0.135951 0.010060
v 0.148171 -0.133226 0.018590
v 0.151299 -0.134463 0.018710
v 0.151299 -0.134463 0.018710
v 0.143475 -0.131654 0.015460
v 0.145042 -0.131994 0.018420
v 0.145042 -0.131994 0.018420
v 0.143514 -0.132231 0.009630
v 0.141954 -0.131334 0.012470
v 0.141954 -0.131334 0.012470
v 0.148250 -0.134379 0.006930
v 0.145122 -0.133142 0.006820
v 0.145122 -0.133142 0.006820
v 0.151378 -0.135610 0.007100
v 0.151378 -0.135610 0.007100
v 0.144381 -0.136020 0.010080
v 0.143930 -0.136127 0.007100
v 0.145164 -0.136391 0.009480
v 0.148875 -0.137185 0.016620
v 0.147965 -0.136787 0.016980
v 0.146088 -0.141493 0.017430
v 0.146997 -0.141890 0.017070
v 0.143395 -0.135458 0.011840
v 0.143778 -0.135702 0.010890
v 0.141900 -0.140409 0.011340
v 0.141518 -0.140164 0.012290
v 0.150777 -0.138270 0.013220
v 0.150643 -0.138117 0.014260
v 0.148765 -0.142823 0.014710
v 0.148900 -0.142977 0.013670
v 0.148922 -0.137873 0.009650
v 0.149696 -0.138118 0.010320
v 0.147820 -0.142823 0.010780
v 0.147045 -0.142580 0.010100
v 0.143750 -0.135304 0.014910
v 0.143382 -0.135252 0.013920
v 0.141503 -0.139959 0.014380
v 0.141873 -0.140011 0.015360
v 0.150260 -0.137872 0.015210
v 0.148383 -0.142579 0.015660
v 0.148018 -0.137556 0.009210
v 0.146142 -0.142262 0.009660
v 0.146074 -0.136788 0.009120
v 0.147047 -0.137186 0.009020
v 0.145169 -0.141891 0.009480
v 0.144196 -0.141494 0.009570
v 0.150288 -0.138270 0.011190
v 0.150657 -0.138322 0.012170
v 0.148779 -0.143029 0.012630
v 0.148411 -0.142977 0.011640
v 0.144381 -0.136020 0.010080
v 0.145164 -0.136391 0.009480
v 0.143286 -0.141097 0.009930
v 0.142504 -0.140727 0.010530
v 0.146992 -0.136390 0.017070
v 0.145114 -0.141095 0.017530
v 0.145116 -0.135701 0.016450
v 0.144342 -0.135458 0.015770
v 0.142465 -0.140164 0.016220
v 0.143239 -0.140408 0.016900
v 0.149657 -0.137554 0.016020
v 0.147780 -0.142261 0.016470
v 0.143261 -0.135304 0.012880
v 0.141383 -0.140011 0.013330
v 0.146020 -0.136019 0.016890
v 0.144142 -0.140725 0.017340
v 0.150777 -0.138270 0.013220
v 0.148900 -0.142977 0.013670
v 0.184055 -0.066943 0.143910
v 0.184383 -0.065191 0.140100
v 0.184453 -0.048473 0.146630
v 0.184127 -0.049772 0.150630
v 0.184198 -0.031935 0.155300
v 0.184523 -0.031109 0.151180
v 0.184593 -0.013336 0.153690
v 0.184271 -0.013677 0.157870
v 0.183985 -0.083221 0.135250
v 0.184316 -0.081036 0.131670
v 0.183920 -0.098383 0.124760
v 0.184251 -0.095796 0.121450
v 0.183857 -0.112224 0.112580
v 0.184189 -0.109270 0.109590
v 0.183699 -0.144056 0.067650
v 0.184035 -0.140260 0.065850
v 0.184082 -0.131653 0.081600
v 0.183745 -0.135217 0.083830
v 0.183798 -0.124557 0.098870
v 0.184133 -0.121278 0.096250
v 0.183659 -0.150958 0.050550
v 0.183996 -0.146978 0.049210
v 0.183625 -0.155828 0.032770
v 0.183964 -0.151720 0.031890
v 0.183601 -0.158602 0.014540
v 0.183940 -0.154418 0.014150
v 0.183573 -0.154105 -0.040350
v 0.183914 -0.150041 -0.039280
v 0.183914 -0.153573 -0.021680
v 0.183573 -0.157733 -0.022270
v 0.183583 -0.159239 -0.003890
v 0.183922 -0.155040 -0.003790
v 0.183581 -0.148401 -0.057880
v 0.183922 -0.144489 -0.056350
v 0.183597 -0.140701 -0.074630
v 0.183937 -0.136992 -0.072660
v 0.183621 -0.131107 -0.090380
v 0.183961 -0.127654 -0.087990
v 0.183737 -0.092385 -0.129530
v 0.184075 -0.089958 -0.126100
v 0.184030 -0.103976 -0.114890
v 0.183692 -0.106785 -0.118020
v 0.183653 -0.119751 -0.104910
v 0.183992 -0.116599 -0.102130
v 0.183791 -0.076745 -0.139300
v 0.184125 -0.074733 -0.135610
v 0.183848 -0.060079 -0.147180
v 0.184181 -0.058507 -0.143290
v 0.183910 -0.042608 -0.153080
v 0.184241 -0.041500 -0.149020
v 0.184116 0.012220 -0.158180
v 0.184442 0.011875 -0.153990
v 0.184373 -0.006069 -0.154410
v 0.184045 -0.006212 -0.158610
v 0.183976 -0.024572 -0.156910
v 0.184306 -0.023941 -0.152750
v 0.184188 0.030478 -0.155610
v 0.184512 0.029651 -0.151490
v 0.184260 0.048314 -0.150930
v 0.184582 0.047013 -0.146940
v 0.184331 0.065486 -0.144220
v 0.184652 0.063731 -0.140400
v 0.184530 0.110767 -0.112880
v 0.184845 0.107811 -0.109900
v 0.184784 0.094338 -0.121760
v 0.184467 0.096927 -0.125070
v 0.184401 0.081765 -0.135560
v 0.184719 0.079576 -0.131970
v 0.184589 0.123100 -0.099180
v 0.184902 0.119816 -0.096550
v 0.184642 0.133760 -0.084130
v 0.184954 0.130194 -0.081910
v 0.184688 0.142599 -0.067950
v 0.185000 0.138799 -0.066160
v 0.184787 0.157144 -0.014840
v 0.185095 0.152960 -0.014450
v 0.185070 0.150260 -0.032200
v 0.184762 0.154370 -0.033070
v 0.184729 0.149502 -0.050850
v 0.185038 0.145519 -0.049510
v 0.184804 0.157781 0.003590
v 0.185112 0.153580 0.003490
v 0.184813 0.156276 0.021960
v 0.185121 0.152113 0.021380
v 0.184813 0.152648 0.040040
v 0.185121 0.148581 0.038970
v 0.184765 0.129650 0.090070
v 0.185074 0.126194 0.087680
v 0.185098 0.135533 0.072350
v 0.184790 0.139243 0.074330
v 0.184806 0.146943 0.057570
v 0.185114 0.143030 0.056040
v 0.184734 0.118293 0.104600
v 0.185044 0.115139 0.101820
v 0.184694 0.105328 0.117710
v 0.185005 0.102517 0.114590
v 0.184649 0.090930 0.129220
v 0.184961 0.088499 0.125800
v 0.184477 0.041152 0.152770
v 0.184793 0.040040 0.148720
v 0.184854 0.057047 0.142980
v 0.184539 0.058621 0.146880
v 0.184597 0.075291 0.138990
v 0.184910 0.073275 0.135300
v 0.184410 0.023115 0.156600
v 0.184730 0.022481 0.152450
v 0.184342 0.004756 0.158310
v 0.184663 0.004609 0.154110
v 0.220828 0.084813 0.156650
v 0.220768 0.066027 0.165540
v 0.220708 0.059612 0.149640
v 0.220768 0.076596 0.141610
v 0.220828 0.084813 0.156650
v 0.220708 0.059612 0.149640
v 0.220008 -0.061346 -0.150010
v 0.219948 -0.078331 -0.141970
v 0.219918 -0.086547 -0.157010
v 0.219988 -0.067761 -0.165900
v 0.219678 -0.177829 -0.025110
v 0.219678 -0.173738 -0.045480
v 0.219728 -0.157159 -0.041140
v 0.219728 -0.160857 -0.022720
v 0.220938 0.131991 0.091760
v 0.220968 0.141767 0.075720
v 0.221048 0.156897 0.083770
v 0.221018 0.146085 0.101510
v 0.219808 -0.122154 -0.106930
v 0.219778 -0.133726 -0.092120
v 0.219728 -0.147819 -0.101880
v 0.219768 -0.135020 -0.118250
v 0.219868 -0.104175 -0.146000
v 0.219918 -0.086547 -0.157010
v 0.219948 -0.078331 -0.141970
v 0.219898 -0.094267 -0.132020
v 0.219868 -0.104175 -0.146000
v 0.219948 -0.078331 -0.141970
v 0.220978 0.149614 0.058640
v 0.221068 0.165576 0.064880
v 0.221048 0.156897 0.083770
v 0.220968 0.141767 0.075720
v 0.221068 0.165576 0.064880
v 0.220868 0.107207 0.119920
v 0.220908 0.120419 0.106560
v 0.220988 0.133284 0.117890
v 0.220938 0.118671 0.132660
v 0.219898 -0.094267 -0.132020
v 0.219848 -0.108941 -0.120290
v 0.219808 -0.120406 -0.133020
v 0.219868 -0.104175 -0.146000
v 0.219898 -0.094267 -0.132020
v 0.219808 -0.120406 -0.133020
v 0.221018 0.173947 -0.037280
v 0.221048 0.177072 -0.016740
v 0.220968 0.160008 -0.015150
v 0.220938 0.157182 -0.033730
v 0.220978 0.149614 0.058640
v 0.220988 0.155425 0.040780
v 0.221078 0.172004 0.045120
v 0.221068 0.165576 0.064880
v 0.220978 0.149614 0.058640
v 0.221078 0.172004 0.045120
v 0.220068 -0.043544 -0.156020
v 0.220008 -0.061346 -0.150010
v 0.219988 -0.067761 -0.165900
v 0.220058 -0.048071 -0.172550
v 0.221018 0.146085 0.101510
v 0.220988 0.133284 0.117890
v 0.220908 0.120419 0.106560
v 0.220938 0.131991 0.091760
v 0.219768 -0.135020 -0.118250
v 0.219808 -0.122154 -0.106930
v 0.220818 0.092534 0.131660
v 0.220868 0.107207 0.119920
v 0.220938 0.118671 0.132660
v 0.220888 0.102440 0.145640
v 0.219738 -0.151348 -0.059010
v 0.219728 -0.157159 -0.041140
v 0.219678 -0.173738 -0.045480
v 0.219688 -0.167310 -0.065250
v 0.219688 -0.167310 -0.065250
v 0.219708 -0.158631 -0.084130
v 0.219748 -0.143501 -0.076080
v 0.219738 -0.151348 -0.059010
v 0.219708 -0.158631 -0.084130
v 0.219728 -0.147819 -0.101880
v 0.219778 -0.133726 -0.092120
v 0.219748 -0.143501 -0.076080
v 0.219708 -0.178807 0.016380
v 0.219688 -0.179527 -0.004390
v 0.219738 -0.162392 -0.003990
v 0.219758 -0.161743 0.014790
v 0.219708 -0.178807 0.016380
v 0.219738 -0.162392 -0.003990
v 0.221068 0.177791 0.004030
v 0.221078 0.176093 0.024740
v 0.220988 0.159124 0.022350
v 0.220978 0.160658 0.003630
v 0.221048 0.177072 -0.016740
v 0.221068 0.177791 0.004030
v 0.220978 0.160658 0.003630
v 0.220968 0.160008 -0.015150
v 0.219688 -0.179527 -0.004390
v 0.219678 -0.177829 -0.025110
v 0.219728 -0.160857 -0.022720
v 0.219738 -0.162392 -0.003990
v 0.219688 -0.179527 -0.004390
v 0.219728 -0.160857 -0.022720
v 0.221078 0.176093 0.024740
v 0.220988 0.159124 0.022350
v 0.221078 0.176093 0.024740
v 0.220988 0.155425 0.040780
v 0.220938 0.160680 -0.076600
v 0.220978 0.168458 -0.057330
v 0.220908 0.152219 -0.051850
v 0.220868 0.145186 -0.069270
v 0.220938 0.160680 -0.076600
v 0.220908 0.152219 -0.051850
v 0.220978 0.168458 -0.057330
v 0.221018 0.173947 -0.037280
v 0.220938 0.157182 -0.033730
v 0.220908 0.152219 -0.051850
v 0.219778 -0.158917 0.033360
v 0.219818 -0.153955 0.051480
v 0.219778 -0.170193 0.056960
v 0.219738 -0.175682 0.036920
v 0.219778 -0.158917 0.033360
v 0.219778 -0.170193 0.056960
v 0.219958 -0.127051 0.100730
v 0.220018 -0.114483 0.114690
v 0.219998 -0.126535 0.126880
v 0.219928 -0.140436 0.111430
v 0.219818 -0.162414 0.076240
v 0.219778 -0.170193 0.056960
v 0.219818 -0.153955 0.051480
v 0.219858 -0.146921 0.068910
v 0.220818 0.136178 -0.085760
v 0.220768 0.125316 -0.101090
v 0.220818 0.138702 -0.111800
v 0.220878 0.150715 -0.094840
v 0.219858 -0.146921 0.068910
v 0.219898 -0.137912 0.085400
v 0.219868 -0.152450 0.094470
v 0.219818 -0.162414 0.076240
v 0.219858 -0.146921 0.068910
v 0.219868 -0.152450 0.094470
v 0.220568 0.083194 -0.138160
v 0.220498 0.066608 -0.146990
v 0.220528 0.073765 -0.162560
v 0.220608 0.092111 -0.152800
v 0.220568 0.083194 -0.138160
v 0.220528 0.073765 -0.162560
v 0.219758 -0.161743 0.014790
v 0.219778 -0.158917 0.033360
v 0.219738 -0.175682 0.036920
v 0.219708 -0.178807 0.016380
v 0.220758 0.124800 -0.127240
v 0.220708 0.112748 -0.115060
v 0.219928 -0.140436 0.111430
v 0.219868 -0.152450 0.094470
v 0.219898 -0.137912 0.085400
v 0.219958 -0.127051 0.100730
v 0.219928 -0.140436 0.111430
v 0.219898 -0.137912 0.085400
v 0.220708 0.112748 -0.115060
v 0.220638 0.098644 -0.127470
v 0.220688 0.109199 -0.140970
v 0.220758 0.124800 -0.127240
v 0.220868 0.145186 -0.069270
v 0.220818 0.136178 -0.085760
v 0.220878 0.150715 -0.094840
v 0.220938 0.160680 -0.076600
v 0.220608 0.092111 -0.152800
v 0.220688 0.109199 -0.140970
v 0.220638 0.098644 -0.127470
v 0.220138 -0.093846 0.152440
v 0.220068 -0.110935 0.140610
v 0.220078 -0.100379 0.127110
v 0.220148 -0.084930 0.137800
v 0.220218 -0.075499 0.162200
v 0.220138 -0.093846 0.152440
v 0.220148 -0.084930 0.137800
v 0.220218 -0.068343 0.146620
v 0.220068 -0.110935 0.140610
v 0.219998 -0.126535 0.126880
v 0.220018 -0.114483 0.114690
v 0.220078 -0.100379 0.127110
v 0.220458 -0.015461 0.177930
v 0.220378 -0.036041 0.175030
v 0.220368 -0.032668 0.158230
v 0.220438 -0.014063 0.160850
v 0.220368 0.034306 -0.175400
v 0.220448 0.054409 -0.170130
v 0.220428 0.049108 -0.153830
v 0.220358 0.030933 -0.158590
v 0.220368 0.034306 -0.175400
v 0.220428 0.049108 -0.153830
v 0.220378 -0.036041 0.175030
v 0.220298 -0.056144 0.169760
v 0.220288 -0.050843 0.153470
v 0.220368 -0.032668 0.158230
v 0.220298 -0.056144 0.169760
v 0.220218 -0.075499 0.162200
v 0.220218 -0.068343 0.146620
v 0.220288 -0.050843 0.153470
v 0.220288 0.013727 -0.178290
v 0.220358 0.030933 -0.158590
v 0.220278 0.012328 -0.161210
v 0.220448 0.054409 -0.170130
v 0.220528 0.073765 -0.162560
v 0.220498 0.066608 -0.146990
v 0.220428 0.049108 -0.153830
v 0.220448 0.054409 -0.170130
v 0.220498 0.066608 -0.146990
v 0.220058 -0.048071 -0.172550
v 0.220128 -0.027741 -0.176860
v 0.220138 -0.025164 -0.159920
v 0.220068 -0.043544 -0.156020
v 0.220058 -0.048071 -0.172550
v 0.220138 -0.025164 -0.159920
v 0.220618 0.026007 0.176500
v 0.220538 0.005314 0.178420
v 0.220508 0.004722 0.161290
v 0.220578 0.023430 0.159550
v 0.220208 -0.007049 -0.178790
v 0.220288 0.013727 -0.178290
v 0.220278 0.012328 -0.161210
v 0.220208 -0.006456 -0.161660
v 0.220208 -0.007049 -0.178790
v 0.220278 0.012328 -0.161210
v 0.220698 0.046336 0.172180
v 0.220618 0.026007 0.176500
v 0.220578 0.023430 0.159550
v 0.220648 0.041809 0.155650
v 0.220128 -0.027741 -0.176860
v 0.220208 -0.007049 -0.178790
v 0.220208 -0.006456 -0.161660
v 0.220128 -0.027741 -0.176860
v 0.220208 -0.006456 -0.161660
v 0.220538 0.005314 0.178420
v 0.220458 -0.015461 0.177930
v 0.220438 -0.014063 0.160850
v 0.220508 0.004722 0.161290
v 0.220888 0.102440 0.145640
v 0.220818 0.092534 0.131660
v 0.220888 0.102440 0.145640
v 0.220768 0.076596 0.141610
v 0.220768 0.066027 0.165540
v 0.220698 0.046336 0.172180
v 0.220648 0.041809 0.155650
v 0.220708 0.059612 0.149640
v 0.220768 0.066027 0.165540
v 0.220648 0.041809 0.155650
v 0.211768 -0.154789 -0.060360
v 0.211748 -0.159170 -0.062070
v 0.211738 -0.165285 -0.043270
v 0.211758 -0.160734 -0.042080
v 0.211768 -0.154789 -0.060360
v 0.211738 -0.165285 -0.043270
v 0.213068 0.163611 0.042920
v 0.213048 0.159062 0.041730
v 0.213038 0.153115 0.060010
v 0.213058 0.157496 0.061720
v 0.211808 -0.136760 -0.094240
v 0.211788 -0.140628 -0.096920
v 0.211758 -0.150914 -0.080030
v 0.211778 -0.146761 -0.077820
v 0.211808 -0.136760 -0.094240
v 0.211758 -0.150914 -0.080030
v 0.213038 0.149242 0.079680
v 0.213028 0.145088 0.077470
v 0.212998 0.135087 0.093890
v 0.213018 0.138955 0.096560
v 0.213038 0.149242 0.079680
v 0.212998 0.135087 0.093890
v 0.213028 0.145088 0.077470
v 0.211758 -0.160734 -0.042080
v 0.211738 -0.169176 -0.023890
v 0.211758 -0.164518 -0.023230
v 0.211738 -0.169176 -0.023890
v 0.211768 -0.166088 -0.004070
v 0.211748 -0.170790 -0.004180
v 0.211768 -0.170107 0.015580
v 0.211788 -0.165422 0.015140
v 0.211768 -0.166088 -0.004070
v 0.211768 -0.170107 0.015580
v 0.211758 -0.164518 -0.023230
v 0.211748 -0.170790 -0.004180
v 0.213038 0.164413 0.003720
v 0.213058 0.169117 0.003830
v 0.213038 0.168433 -0.015920
v 0.213018 0.163750 -0.015490
v 0.213038 0.164413 0.003720
v 0.213038 0.168433 -0.015920
v 0.213048 0.159062 0.041730
v 0.213068 0.163611 0.042920
v 0.213068 0.167502 0.023540
v 0.213048 0.162844 0.022880
v 0.213068 0.167502 0.023540
v 0.213068 0.167502 0.023540
v 0.213058 0.169117 0.003830
v 0.213018 0.163750 -0.015490
v 0.213008 0.165460 -0.035470
v 0.212998 0.160858 -0.034490
v 0.213008 0.165460 -0.035470
v 0.212958 0.155781 -0.053030
v 0.212978 0.160238 -0.054540
v 0.212928 0.152838 -0.072870
v 0.212918 0.148586 -0.070860
v 0.212958 0.155781 -0.053030
v 0.212928 0.152838 -0.072870
v 0.212978 0.160238 -0.054540
v 0.212998 0.160858 -0.034490
v 0.211798 -0.167133 0.035120
v 0.211808 -0.162533 0.034140
v 0.211788 -0.165422 0.015140
v 0.211798 -0.167133 0.035120
v 0.211848 -0.157454 0.052680
v 0.211828 -0.161911 0.054190
v 0.211868 -0.154512 0.072520
v 0.211888 -0.150259 0.070510
v 0.211808 -0.162533 0.034140
v 0.211828 -0.161911 0.054190
v 0.212038 -0.120382 0.120690
v 0.212048 -0.117073 0.117350
v 0.211988 -0.129931 0.103060
v 0.211978 -0.133605 0.106000
v 0.212038 -0.120382 0.120690
v 0.211988 -0.129931 0.103060
v 0.211938 -0.141044 0.087380
v 0.211918 -0.145034 0.089870
v 0.212888 0.143360 -0.090220
v 0.212868 0.139370 -0.087730
v 0.212818 0.128258 -0.103410
v 0.212828 0.131931 -0.106350
v 0.212768 0.118708 -0.121050
v 0.212758 0.115400 -0.117700
v 0.212868 0.139370 -0.087730
v 0.212828 0.131931 -0.106350
v 0.212548 0.070159 -0.154640
v 0.212548 0.068194 -0.150370
v 0.212618 0.085164 -0.141340
v 0.212628 0.087611 -0.145360
v 0.212548 0.070159 -0.154640
v 0.212618 0.085164 -0.141340
v 0.212688 0.100971 -0.130400
v 0.212698 0.103868 -0.134110
v 0.212618 0.085164 -0.141340
v 0.212688 0.100971 -0.130400
v 0.212628 0.087611 -0.145360
v 0.212188 -0.086837 0.140990
v 0.212178 -0.089284 0.145010
v 0.212248 -0.071831 0.154290
v 0.212258 -0.069868 0.150020
v 0.212108 -0.105541 0.133760
v 0.212118 -0.102645 0.130050
v 0.212048 -0.117073 0.117350
v 0.212108 -0.105541 0.133760
v 0.212698 0.103868 -0.134110
v 0.212768 0.118708 -0.121050
v 0.212698 0.103868 -0.134110
v 0.212758 0.115400 -0.117700
v 0.212178 -0.089284 0.145010
v 0.212118 -0.102645 0.130050
v 0.212328 -0.053420 0.161490
v 0.212328 -0.051965 0.157020
v 0.212408 -0.033371 0.161890
v 0.212408 -0.034297 0.166500
v 0.212488 -0.014720 0.169260
v 0.212478 -0.014336 0.164570
v 0.212408 -0.033371 0.161890
v 0.212488 -0.014720 0.169260
v 0.212408 -0.034297 0.166500
v 0.212328 -0.051965 0.157020
v 0.212398 0.031696 -0.162240
v 0.212398 0.032622 -0.166850
v 0.212318 0.013048 -0.169610
v 0.212318 0.012663 -0.164920
v 0.212398 0.031696 -0.162240
v 0.212318 0.013048 -0.169610
v 0.212478 0.051747 -0.161840
v 0.212468 0.050291 -0.157370
v 0.212398 0.032622 -0.166850
v 0.212468 0.050291 -0.157370
v 0.212248 -0.006716 -0.170080
v 0.212248 -0.006555 -0.165370
v 0.212178 -0.025694 -0.163590
v 0.212168 -0.026401 -0.168240
v 0.212098 -0.045740 -0.164140
v 0.212108 -0.044497 -0.159600
v 0.212178 -0.025694 -0.163590
v 0.212098 -0.045740 -0.164140
v 0.212168 -0.026401 -0.168240
v 0.212178 -0.025694 -0.163590
v 0.212248 -0.006555 -0.165370
v 0.212168 -0.026401 -0.168240
v 0.212628 0.024021 0.163240
v 0.212638 0.024728 0.167890
v 0.212708 0.044066 0.163790
v 0.212698 0.042824 0.159250
v 0.212628 0.024021 0.163240
v 0.212708 0.044066 0.163790
v 0.212558 0.005044 0.169720
v 0.212558 0.004880 0.165020
v 0.212638 0.024728 0.167890
v 0.212628 0.024021 0.163240
v 0.212558 0.004880 0.165020
v 0.212638 0.024728 0.167890
v 0.212698 0.042824 0.159250
v 0.212708 0.044066 0.163790
v 0.212768 0.062798 0.157470
v 0.212758 0.061036 0.153110
v 0.212768 0.062798 0.157470
v 0.212818 0.078414 0.144890
v 0.212838 0.080668 0.149010
v 0.212888 0.097437 0.138540
v 0.212878 0.094718 0.134700
v 0.212758 0.061036 0.153110
v 0.212028 -0.064472 -0.157820
v 0.212038 -0.062711 -0.153460
v 0.212108 -0.044497 -0.159600
v 0.212098 -0.045740 -0.164140
v 0.211978 -0.080088 -0.145240
v 0.211968 -0.082341 -0.149370
v 0.211918 -0.099111 -0.138890
v 0.211928 -0.096391 -0.135060
v 0.211978 -0.080088 -0.145240
v 0.211918 -0.099111 -0.138890
v 0.211968 -0.082341 -0.149370
v 0.212038 -0.062711 -0.153460
v 0.212028 -0.064472 -0.157820
v 0.211968 -0.082341 -0.149370
v 0.212038 -0.062711 -0.153460
v 0.211788 -0.140628 -0.096920
v 0.211838 -0.124921 -0.109380
v 0.211828 -0.128453 -0.112490
v 0.211878 -0.111404 -0.123050
v 0.211868 -0.114551 -0.126550
v 0.212938 0.112876 0.126200
v 0.212928 0.109730 0.122700
v 0.212968 0.123248 0.109030
v 0.212978 0.126778 0.112140
v 0.212968 0.123248 0.109030
v 0.213018 0.138955 0.096560
v 0.212978 0.126778 0.112140
v 0.212928 0.109730 0.122700
v 0.211868 -0.114551 -0.126550
v 0.211878 -0.111404 -0.123050
v 0.211928 -0.096391 -0.135060
v 0.212918 0.102470 0.145650
v 0.212968 0.118701 0.132670
v 0.211828 -0.128453 -0.112490
v 0.211838 -0.120375 -0.133020
v 0.211798 -0.134989 -0.118240
v 0.211838 -0.120375 -0.133020
v 0.213008 0.133314 0.117890
v 0.213048 0.146116 0.101520
v 0.212088 -0.048039 -0.172540
v 0.212008 -0.067731 -0.165890
v 0.212088 -0.048039 -0.172540
v 0.213088 0.165606 0.064890
v 0.213098 0.172034 0.045120
v 0.213058 0.157496 0.061720
v 0.213068 0.177103 -0.016730
v 0.213038 0.173977 -0.037280
v 0.211888 -0.104144 -0.146000
v 0.211888 -0.104144 -0.146000
v 0.213078 0.156927 0.083770
v 0.213078 0.156927 0.083770
v 0.211968 -0.082341 -0.149370
v 0.211948 -0.086517 -0.157010
v 0.211758 -0.147788 -0.101870
v 0.211798 -0.134989 -0.118240
v 0.211708 -0.173709 -0.045480
v 0.211708 -0.177798 -0.025100
v 0.211708 -0.173709 -0.045480
v 0.212008 -0.067731 -0.165890
v 0.211948 -0.086517 -0.157010
v 0.211968 -0.082341 -0.149370
v 0.212788 0.066057 0.165540
v 0.212858 0.084843 0.156660
v 0.212718 0.046366 0.172190
v 0.212488 -0.015431 0.177940
v 0.212568 0.005345 0.178430
v 0.212238 -0.007017 -0.178780
v 0.212158 -0.027710 -0.176850
v 0.212648 0.026037 0.176500
v 0.212248 -0.006716 -0.170080
v 0.212318 0.013048 -0.169610
v 0.212318 0.013758 -0.178290
v 0.212318 0.013758 -0.178290
v 0.212478 0.051747 -0.161840
v 0.212548 0.070159 -0.154640
v 0.212558 0.073796 -0.162560
v 0.212478 0.054439 -0.170120
v 0.212558 0.073796 -0.162560
v 0.212398 0.032622 -0.166850
v 0.212398 0.034336 -0.175390
v 0.212318 0.013758 -0.178290
v 0.212318 0.013048 -0.169610
v 0.212398 0.034336 -0.175390
v 0.212248 -0.075469 0.162200
v 0.212328 -0.056113 0.169770
v 0.212408 -0.034297 0.166500
v 0.212328 -0.053420 0.161490
v 0.212328 -0.056113 0.169770
v 0.212408 -0.036010 0.175040
v 0.212478 0.054439 -0.170120
v 0.212108 -0.105541 0.133760
v 0.212018 -0.126505 0.126890
v 0.212088 -0.110904 0.140620
v 0.212168 -0.093815 0.152440
v 0.212178 -0.089284 0.145010
v 0.212108 -0.105541 0.133760
v 0.212088 -0.110904 0.140620
v 0.212708 0.109231 -0.140970
v 0.212638 0.092141 -0.152790
v 0.212958 0.160709 -0.076590
v 0.212908 0.150745 -0.094830
v 0.212888 0.143360 -0.090220
v 0.212778 0.124831 -0.127240
v 0.211898 -0.152418 0.094480
v 0.211958 -0.140406 0.111440
v 0.212768 0.118708 -0.121050
v 0.212848 0.138732 -0.111790
v 0.212778 0.124831 -0.127240
v 0.211738 -0.178777 0.016380
v 0.211758 -0.175652 0.036930
v 0.211738 -0.178777 0.016380
v 0.211798 -0.167133 0.035120
v 0.212638 0.092141 -0.152790
v 0.212558 0.073796 -0.162560
v 0.211848 -0.162383 0.076240
v 0.212848 0.138732 -0.111790
v 0.211798 -0.170162 0.056970
v 0.211758 -0.175652 0.036930
v 0.213008 0.168488 -0.057320
v 0.213038 0.173977 -0.037280
v 0.213008 0.168488 -0.057320
v 0.213098 0.176124 0.024750
v 0.211718 -0.179495 -0.004390
v 0.211708 -0.177798 -0.025100
v 0.213088 0.177821 0.004040
v 0.213068 0.177103 -0.016730
v 0.213088 0.177821 0.004040
v 0.213058 0.169117 0.003830
v 0.213098 0.176124 0.024750
v 0.211728 -0.158602 -0.084120
v 0.211758 -0.147788 -0.101870
v 0.211708 -0.167280 -0.065240
v 0.211748 -0.159170 -0.062070
v 0.211708 -0.167280 -0.065240
v 0.220568 0.083194 -0.138160
v 0.220608 0.092111 -0.152800
v 0.220638 0.098644 -0.127470
v 0.219688 -0.179527 -0.004390
v 0.211718 -0.179495 -0.004390
v 0.211708 -0.177798 -0.025100
v 0.219678 -0.177829 -0.025110
v 0.212968 0.118701 0.132670
v 0.220938 0.118671 0.132660
v 0.220988 0.133284 0.117890
v 0.213008 0.133314 0.117890
v 0.213088 0.165606 0.064890
v 0.221068 0.165576 0.064880
v 0.221078 0.172004 0.045120
v 0.213098 0.172034 0.045120
v 0.213048 0.146116 0.101520
v 0.221018 0.146085 0.101510
v 0.221048 0.156897 0.083770
v 0.213078 0.156927 0.083770
v 0.211758 -0.175652 0.036930
v 0.219738 -0.175682 0.036920
v 0.219778 -0.170193 0.056960
v 0.211798 -0.170162 0.056970
v 0.212918 0.102470 0.145650
v 0.220888 0.102440 0.145640
v 0.211958 -0.140406 0.111440
v 0.219928 -0.140436 0.111430
v 0.219998 -0.126535 0.126880
v 0.212018 -0.126505 0.126890
v 0.219818 -0.162414 0.076240
v 0.211848 -0.162383 0.076240
v 0.219868 -0.152450 0.094470
v 0.211898 -0.152418 0.094480
v 0.211738 -0.178777 0.016380
v 0.219708 -0.178807 0.016380
v 0.221068 0.177791 0.004030
v 0.213088 0.177821 0.004040
v 0.213098 0.176124 0.024750
v 0.221078 0.176093 0.024740
v 0.221048 0.177072 -0.016740
v 0.213068 0.177103 -0.016730
v 0.220938 0.160680 -0.076600
v 0.212958 0.160709 -0.076590
v 0.213008 0.168488 -0.057320
v 0.220978 0.168458 -0.057330
v 0.221018 0.173947 -0.037280
v 0.213038 0.173977 -0.037280
v 0.213068 0.177103 -0.016730
v 0.221048 0.177072 -0.016740
v 0.220138 -0.093846 0.152440
v 0.212168 -0.093815 0.152440
v 0.212088 -0.110904 0.140620
v 0.220068 -0.110935 0.140610
v 0.220218 -0.075499 0.162200
v 0.212248 -0.075469 0.162200
v 0.220458 -0.015461 0.177930
v 0.212488 -0.015431 0.177940
v 0.212408 -0.036010 0.175040
v 0.220378 -0.036041 0.175030
v 0.220298 -0.056144 0.169760
v 0.212328 -0.056113 0.169770
v 0.212908 0.150745 -0.094830
v 0.220878 0.150715 -0.094840
v 0.220818 0.138702 -0.111800
v 0.212848 0.138732 -0.111790
v 0.212638 0.092141 -0.152790
v 0.220608 0.092111 -0.152800
v 0.220528 0.073765 -0.162560
v 0.212558 0.073796 -0.162560
v 0.220758 0.124800 -0.127240
v 0.212778 0.124831 -0.127240
v 0.220688 0.109199 -0.140970
v 0.212708 0.109231 -0.140970
v 0.211798 -0.134989 -0.118240
v 0.219768 -0.135020 -0.118250
v 0.219728 -0.147819 -0.101880
v 0.211758 -0.147788 -0.101870
v 0.220368 0.034306 -0.175400
v 0.212398 0.034336 -0.175390
v 0.212478 0.054439 -0.170120
v 0.220448 0.054409 -0.170130
v 0.211888 -0.104144 -0.146000
v 0.219868 -0.104175 -0.146000
v 0.219808 -0.120406 -0.133020
v 0.211838 -0.120375 -0.133020
v 0.220288 0.013727 -0.178290
v 0.212318 0.013758 -0.178290
v 0.212088 -0.048039 -0.172540
v 0.220058 -0.048071 -0.172550
v 0.219988 -0.067761 -0.165900
v 0.212008 -0.067731 -0.165890
v 0.212158 -0.027710 -0.176850
v 0.220128 -0.027741 -0.176860
v 0.220618 0.026007 0.176500
v 0.212648 0.026037 0.176500
v 0.212568 0.005345 0.178430
v 0.220538 0.005314 0.178420
v 0.220208 -0.007049 -0.178790
v 0.212238 -0.007017 -0.178780
v 0.220698 0.046336 0.172180
v 0.212718 0.046366 0.172190
v 0.211708 -0.173709 -0.045480
v 0.219678 -0.173738 -0.045480
v 0.211948 -0.086517 -0.157010
v 0.219918 -0.086547 -0.157010
v 0.212858 0.084843 0.156660
v 0.220828 0.084813 0.156650
v 0.220768 0.066027 0.165540
v 0.212788 0.066057 0.165540
v 0.219688 -0.167310 -0.065250
v 0.211708 -0.167280 -0.065240
v 0.211728 -0.158602 -0.084120
v 0.219708 -0.158631 -0.084130
v 0.191093 -0.061986 -0.151840
v 0.207938 -0.062435 -0.152810
v 0.207878 -0.079738 -0.144620
v 0.191033 -0.079182 -0.143710
v 0.192006 0.122036 0.107910
v 0.208848 0.122742 0.108580
v 0.208888 0.134532 0.093500
v 0.192040 0.133753 0.092930
v 0.191966 0.108661 0.121440
v 0.208808 0.109281 0.122190
v 0.190892 -0.123550 -0.108230
v 0.207728 -0.124384 -0.108920
v 0.207698 -0.136174 -0.093840
v 0.190859 -0.135267 -0.093240
v 0.190979 -0.095318 -0.133640
v 0.207818 -0.095974 -0.134490
v 0.192089 0.157480 0.041310
v 0.192081 0.151594 0.059400
v 0.208928 0.152485 0.059760
v 0.208938 0.158405 0.041550
v 0.191157 -0.043963 -0.157930
v 0.207998 -0.044298 -0.158930
v 0.192064 0.143650 0.076680
v 0.208908 0.144490 0.077150
v 0.191919 0.093804 0.133320
v 0.208768 0.094334 0.134140
v 0.190932 -0.110173 -0.121750
v 0.207778 -0.110924 -0.122530
v 0.190818 -0.153107 -0.059710
v 0.207658 -0.154126 -0.060100
v 0.207648 -0.160048 -0.041900
v 0.190809 -0.158990 -0.041630
v 0.207678 -0.146131 -0.077490
v 0.190834 -0.145162 -0.077000
v 0.207648 -0.163816 -0.023130
v 0.190811 -0.162735 -0.022970
v 0.190819 -0.164288 -0.004020
v 0.207658 -0.165378 -0.004050
v 0.207678 -0.164716 0.015080
v 0.190837 -0.163630 0.015000
v 0.192079 0.162776 0.003700
v 0.208928 0.163736 0.003710
v 0.208908 0.163074 -0.015420
v 0.192061 0.162118 -0.015310
v 0.208938 0.162173 0.022780
v 0.192088 0.161222 0.022660
v 0.192061 0.162118 -0.015310
v 0.208908 0.163074 -0.015420
v 0.208888 0.160195 -0.034350
v 0.192035 0.159257 -0.034120
v 0.192001 0.154233 -0.052470
v 0.208848 0.155138 -0.052810
v 0.208808 0.147973 -0.070560
v 0.191960 0.147112 -0.070110
v 0.190864 -0.160771 0.033800
v 0.207708 -0.161838 0.034000
v 0.190897 -0.155745 0.052150
v 0.207738 -0.156782 0.052460
v 0.207778 -0.149616 0.070210
v 0.190939 -0.148625 0.069790
v 0.191102 -0.115784 0.116140
v 0.191041 -0.128508 0.102000
v 0.207878 -0.129374 0.102630
v 0.207948 -0.116570 0.116860
v 0.190986 -0.139505 0.086480
v 0.207828 -0.140439 0.087010
v 0.191910 0.137991 -0.086800
v 0.208758 0.138798 -0.087360
v 0.191857 0.126996 -0.102320
v 0.208708 0.127731 -0.102970
v 0.208648 0.114928 -0.117200
v 0.191797 0.114271 -0.116460
v 0.191591 0.067556 -0.148790
v 0.191663 0.084350 -0.139850
v 0.208508 0.084818 -0.140740
v 0.208438 0.067920 -0.149740
v 0.191732 0.099992 -0.129030
v 0.208578 0.100558 -0.129850
v 0.191236 -0.085862 0.139540
v 0.208078 -0.086459 0.140400
v 0.208148 -0.069562 0.149390
v 0.191306 -0.069071 0.148470
v 0.208008 -0.102200 0.129510
v 0.191167 -0.101505 0.128710
v 0.208228 -0.051734 0.156360
v 0.191380 -0.051353 0.155400
v 0.191455 -0.032952 0.160220
v 0.208298 -0.033218 0.161210
v 0.208378 -0.014263 0.163880
v 0.191529 -0.014115 0.162870
v 0.191443 0.031439 -0.160540
v 0.208288 0.031576 -0.161560
v 0.208218 0.012622 -0.164230
v 0.191369 0.012602 -0.163190
v 0.208368 0.050092 -0.156700
v 0.191518 0.049841 -0.155720
v 0.208138 -0.006514 -0.164680
v 0.191296 -0.006415 -0.163640
v 0.191225 -0.025355 -0.161880
v 0.208068 -0.025574 -0.162900
v 0.191673 0.023841 0.161560
v 0.208518 0.023933 0.162560
v 0.208588 0.042655 0.158590
v 0.191742 0.042451 0.157610
v 0.208448 0.004873 0.164330
v 0.191602 0.004902 0.163320
v 0.208648 0.060794 0.152470
v 0.191806 0.060473 0.151530
v 0.191865 0.077669 0.143390
v 0.208708 0.078096 0.144280
v 0.212108 -0.044497 -0.159600
v 0.212038 -0.062711 -0.153460
v 0.212968 0.123248 0.109030
v 0.212998 0.135087 0.093890
v 0.211878 -0.111404 -0.123050
v 0.211838 -0.124921 -0.109380
v 0.212758 0.061036 0.153110
v 0.212818 0.078414 0.144890
v 0.211808 -0.136760 -0.094240
v 0.212698 0.042824 0.159250
v 0.211928 -0.096391 -0.135060
v 0.212878 0.094718 0.134700
v 0.211978 -0.080088 -0.145240
v 0.212478 -0.014336 0.164570
v 0.212558 0.004880 0.165020
v 0.212248 -0.006555 -0.165370
v 0.212178 -0.025694 -0.163590
v 0.212628 0.024021 0.163240
v 0.212318 0.012663 -0.164920
v 0.212548 0.068194 -0.150370
v 0.212468 0.050291 -0.157370
v 0.212398 0.031696 -0.162240
v 0.212258 -0.069868 0.150020
v 0.212328 -0.051965 0.157020
v 0.212408 -0.033371 0.161890
v 0.212048 -0.117073 0.117350
v 0.212118 -0.102645 0.130050
v 0.212188 -0.086837 0.140990
v 0.212688 0.100971 -0.130400
v 0.212618 0.085164 -0.141340
v 0.212918 0.148586 -0.070860
v 0.212868 0.139370 -0.087730
v 0.212758 0.115400 -0.117700
v 0.211938 -0.141044 0.087380
v 0.211988 -0.129931 0.103060
v 0.212818 0.128258 -0.103410
v 0.211788 -0.165422 0.015140
v 0.211808 -0.162533 0.034140
v 0.211888 -0.150259 0.070510
v 0.211848 -0.157454 0.052680
v 0.212998 0.160858 -0.034490
v 0.212958 0.155781 -0.053030
v 0.213018 0.163750 -0.015490
v 0.213048 0.159062 0.041730
v 0.213048 0.162844 0.022880
v 0.211758 -0.164518 -0.023230
v 0.211768 -0.166088 -0.004070
v 0.213038 0.164413 0.003720
v 0.213018 0.163750 -0.015490
v 0.211758 -0.160734 -0.042080
v 0.211778 -0.146761 -0.077820
v 0.211768 -0.154789 -0.060360
v 0.213028 0.145088 0.077470
v 0.213038 0.153115 0.060010
v 0.212928 0.109730 0.122700
v 0.023959 0.008291 -0.026910
v 0.024010 0.002119 -0.028130
v 0.023864 -0.000032 -0.000330
v 0.024062 -0.013018 -0.025000
v 0.024041 -0.018291 -0.021380
v 0.024067 -0.003635 -0.028010
v 0.024076 -0.008477 -0.026980
v 0.024067 -0.022641 -0.016540
v 0.024006 -0.027863 -0.001550
v 0.023937 -0.027388 0.004820
v 0.024084 -0.025195 -0.012440
v 0.024059 -0.027119 -0.007140
v 0.023617 0.018041 0.020860
v 0.023652 0.022453 0.016050
v 0.023705 0.027886 0.000220
v 0.023716 0.027362 -0.005420
v 0.023688 0.025383 0.011200
v 0.023711 0.027203 0.005840
v 0.023785 0.025827 -0.010880
v 0.023921 0.014036 -0.024350
v 0.023862 0.023211 -0.015880
v 0.023899 0.019530 -0.020280
v 0.023930 -0.025469 0.010950
v 0.023798 -0.015104 0.023120
v 0.023731 -0.009383 0.025910
v 0.023917 -0.023186 0.015290
v 0.023867 -0.019572 0.019650
v 0.023717 -0.003085 0.027330
v 0.023657 0.012638 0.024490
v 0.023712 0.002595 0.027470
v 0.023694 0.008165 0.026400
v 0.038999 -0.015853 0.019000
v 0.039392 -0.007397 0.023480
v 0.030347 -0.007361 0.023560
v 0.030415 -0.015875 0.018960
v 0.030489 -0.022019 0.011480
v 0.039613 -0.021838 0.011580
v 0.039742 -0.024657 0.002180
v 0.030556 -0.024745 0.002120
v 0.039650 -0.023779 -0.007590
v 0.039742 -0.024657 0.002180
v 0.030556 -0.024745 0.002120
v 0.030606 -0.023771 -0.007620
v 0.030631 -0.019217 -0.016240
v 0.039637 -0.019081 -0.016410
v 0.030627 -0.011698 -0.022330
v 0.039644 -0.011411 -0.022290
v 0.030614 -0.007220 -0.024190
v 0.030596 -0.002437 -0.025140
v 0.039674 -0.002816 -0.025160
v 0.039500 -0.007285 -0.024160
v 0.039555 0.006970 -0.023890
v 0.030540 0.007295 -0.023960
v 0.039445 0.015717 -0.019230
v 0.030471 0.015826 -0.019410
v 0.039445 0.015717 -0.019230
v 0.030471 0.015826 -0.019410
v 0.030399 0.021803 -0.011910
v 0.039420 0.021875 -0.011790
v 0.039202 0.024990 -0.002600
v 0.030331 0.024845 -0.002650
v 0.038830 0.024823 0.002820
v 0.030304 0.024849 0.002190
v 0.030281 0.023874 0.006980
v 0.039191 0.023365 0.008040
v 0.030258 0.019056 0.015520
v 0.039399 0.018682 0.016030
v 0.030262 0.011544 0.021630
v 0.039487 0.011333 0.021850
v 0.039487 0.011333 0.021850
v 0.030262 0.011544 0.021630
v 0.030291 0.002360 0.024520
v 0.039475 0.002411 0.024550
v 0.101203 -0.003480 0.009610
v 0.096926 -0.004352 0.013250
v 0.097142 -0.008598 0.010710
v 0.101319 -0.006093 0.007910
v 0.101210 -0.008315 0.005650
v 0.096848 -0.011790 0.007280
v 0.101118 -0.009810 0.001440
v 0.096644 -0.013538 0.002280
v 0.101118 -0.009810 0.001440
v 0.096644 -0.013538 0.002280
v 0.096677 -0.013331 -0.003120
v 0.101174 -0.009423 -0.002970
v 0.099109 -0.009460 -0.007560
v 0.101454 -0.007043 -0.006710
v 0.099860 -0.004462 -0.010830
v 0.101602 -0.004132 -0.008750
v 0.101489 -0.000202 -0.009880
v 0.099358 0.001472 -0.012030
v 0.101202 0.003243 -0.009910
v 0.096947 0.006032 -0.012900
v 0.101184 0.006817 -0.008010
v 0.096947 0.010030 -0.010210
v 0.101162 0.009367 -0.004960
v 0.101184 0.006817 -0.008010
v 0.096947 0.010030 -0.010210
v 0.096951 0.012681 -0.006570
v 0.097098 0.014077 -0.001500
v 0.101182 0.010576 -0.000940
v 0.097206 0.013376 0.004430
v 0.101185 0.010082 0.003350
v 0.101004 0.008455 0.006750
v 0.096806 0.011162 0.009080
v 0.100999 0.005120 0.009320
v 0.096719 0.006840 0.012530
v 0.100999 0.005120 0.009320
v 0.096719 0.006840 0.012530
v 0.096821 0.001347 0.014030
v 0.101097 0.000978 0.010350
v 0.047583 -0.015823 0.019050
v 0.048437 -0.007472 0.023440
v 0.048735 -0.021707 0.011740
v 0.048932 -0.024602 0.002330
v 0.048693 -0.023814 -0.007440
v 0.048932 -0.024602 0.002330
v 0.048619 -0.019151 -0.016240
v 0.048559 -0.011707 -0.021790
v 0.048385 -0.007354 -0.024090
v 0.048634 -0.002352 -0.025170
v 0.048543 0.007071 -0.023710
v 0.048418 0.015747 -0.019070
v 0.048418 0.015747 -0.019070
v 0.048420 0.021939 -0.011690
v 0.047944 0.024878 -0.003140
v 0.047358 0.024795 0.003410
v 0.048153 0.022830 0.010130
v 0.048480 0.018246 0.016620
v 0.048671 0.010953 0.022080
v 0.048671 0.010953 0.022080
v 0.048654 0.002222 0.024540
v 0.091738 0.001709 0.016760
v 0.091829 -0.004921 0.016040
v 0.091655 0.008099 0.014920
v 0.091848 0.013230 0.010830
v 0.091655 0.008099 0.014920
v 0.092542 0.016043 0.005100
v 0.092347 0.016853 -0.001510
v 0.091966 0.015343 -0.007480
v 0.091858 0.012699 -0.011560
v 0.091357 -0.016336 0.002960
v 0.091337 -0.016314 -0.002760
v 0.091656 -0.014575 0.008250
v 0.091357 -0.016336 0.002960
v 0.092115 -0.010512 0.012850
v 0.087322 0.001997 0.018520
v 0.086964 -0.005640 0.018120
v 0.087530 0.008795 0.016490
v 0.087011 0.014939 0.012180
v 0.087530 0.008795 0.016490
v 0.090317 0.017258 0.005240
v 0.090101 0.018082 -0.001010
v 0.087179 0.017578 -0.007820
v 0.086915 0.014414 -0.012680
v 0.086704 -0.018335 0.003170
v 0.086109 -0.018526 -0.002540
v 0.086890 -0.016677 0.008930
v 0.086704 -0.018335 0.003170
v 0.089166 -0.011378 0.014000
v 0.077453 0.008838 0.020000
v 0.077726 0.004550 0.021260
v 0.077411 0.012824 0.017960
v 0.077453 0.008838 0.020000
v 0.076700 0.014760 -0.016680
v 0.077188 0.017489 -0.013770
v 0.077216 -0.021612 -0.000520
v 0.076496 -0.021204 -0.005240
v 0.056194 0.010274 0.022320
v 0.056315 0.001885 0.024470
v 0.066489 0.004841 0.023530
v 0.066293 0.009871 0.021950
v 0.056194 0.010274 0.022320
v 0.066293 0.009871 0.021950
v 0.065835 0.014380 0.019300
v 0.056014 0.017481 0.017470
v 0.064835 0.018953 -0.015240
v 0.064842 0.015492 -0.019080
v 0.055788 0.016045 -0.018970
v 0.055762 0.021806 -0.011910
v 0.064256 0.009474 -0.022760
v 0.055834 0.007978 -0.023350
v 0.055788 0.016045 -0.018970
v 0.064842 0.015492 -0.019080
v 0.062465 0.002524 -0.024550
v 0.055736 -0.000346 -0.025120
v 0.058977 -0.007939 -0.023740
v 0.055590 -0.007413 -0.023960
v 0.060800 -0.015225 -0.019800
v 0.065566 -0.019751 -0.014130
v 0.055994 -0.019611 -0.015440
v 0.056282 -0.014275 -0.020550
v 0.065590 -0.022945 -0.007490
v 0.056242 -0.023897 -0.007110
v 0.065857 -0.024045 -0.001480
v 0.056504 -0.024651 0.002340
v 0.056407 -0.007620 0.023510
v 0.056138 0.021933 0.012030
v 0.053657 0.024763 0.003850
v 0.057171 0.024639 -0.004960
v 0.056504 -0.024651 0.002340
v 0.056857 -0.021691 0.011990
v 0.053615 -0.015655 0.019200
v 0.070881 0.015354 -0.017980
v 0.070780 0.018783 -0.014770
v 0.102481 0.000806 0.008080
v 0.102405 0.004082 0.007310
v 0.102405 0.004082 0.007310
v 0.102383 0.006731 0.005300
v 0.102478 0.008012 0.002650
v 0.102500 0.008376 -0.000670
v 0.102514 0.007374 -0.003880
v 0.102541 0.005231 -0.006310
v 0.102541 0.005231 -0.006310
v 0.102566 0.002308 -0.007750
v 0.102576 -0.000448 -0.007910
v 0.102595 -0.003460 -0.006970
v 0.102594 -0.005457 -0.005450
v 0.102589 -0.007161 -0.002400
v 0.102586 -0.007457 0.001110
v 0.102586 -0.007457 0.001110
v 0.102577 -0.006309 0.004430
v 0.102559 -0.004613 0.006120
v 0.102541 -0.002716 0.007430
v 0.078292 -0.019742 0.010000
v 0.078562 -0.020531 0.007700
v 0.085854 -0.016140 0.010660
v 0.084906 -0.015525 0.012450
v 0.067122 -0.021387 0.011900
v 0.067091 -0.022677 0.009150
v 0.086980 -0.011994 0.014760
v 0.085934 -0.007555 0.017890
v 0.084868 -0.009067 0.017810
v 0.085050 -0.012516 0.015450
v 0.078531 -0.003797 0.021720
v 0.078254 -0.005964 0.021430
v 0.067170 -0.005057 0.023990
v 0.067136 -0.007530 0.023330
v 0.058830 -0.009015 0.022580
v 0.061328 -0.010886 0.021500
v 0.060827 -0.018815 0.014990
v 0.059198 -0.020290 0.013500
v 0.057979 -0.015659 0.018990
v 0.056263 -0.015732 0.019140
v 0.066625 -0.001128 0.024090
v 0.078262 -0.000178 0.021760
v 0.066506 -0.023366 0.005730
v 0.078106 -0.021196 0.004190
v 0.077216 -0.021612 -0.000520
v 0.065857 -0.024045 -0.001480
v 0.091817 0.008685 -0.014810
v 0.091858 0.012699 -0.011560
v 0.086323 0.010345 -0.016430
v 0.086915 0.014414 -0.012680
v 0.076491 0.010667 -0.019680
v 0.076700 0.014760 -0.016680
v 0.070881 0.015354 -0.017980
v 0.070671 0.010588 -0.021130
v 0.077768 0.018195 0.013250
v 0.077866 0.018981 0.012290
v 0.066007 0.021631 0.012330
v 0.065283 0.020566 0.013110
v 0.061322 0.022648 0.008980
v 0.059172 0.022431 0.010450
v 0.085375 0.018085 0.008560
v 0.084611 0.018936 0.007670
v 0.057882 0.024595 0.003880
v 0.056675 0.024766 0.003910
v 0.061541 0.024416 -0.001420
v 0.059499 0.024997 -0.002490
v 0.065851 0.024554 -0.004760
v 0.065301 0.023642 -0.006260
v 0.071959 0.023279 -0.005260
v 0.071305 0.023120 -0.006990
v 0.078069 0.021953 -0.005470
v 0.078218 0.021308 -0.006990
v 0.084616 0.020437 -0.001010
v 0.085401 0.019919 -0.002240
v 0.086078 0.019225 0.004810
v 0.084944 0.019440 0.004770
v 0.065115 0.017585 0.016200
v 0.064847 0.021620 -0.010690
v 0.070806 0.021474 -0.010970
v 0.077780 0.019683 -0.010430
v 0.086439 0.018915 -0.004960
v 0.077542 0.015667 0.015790
v 0.086300 0.016644 0.010340
v 0.088055 0.018390 0.005130
v 0.086017 0.019819 0.001040
v 0.084959 0.019986 0.001600
v 0.087902 0.019134 -0.000090
v 0.077866 0.018981 0.012290
v 0.077563 0.016833 0.011920
v 0.065537 0.019760 0.011800
v 0.066007 0.021631 0.012330
v 0.084611 0.018936 0.007670
v 0.084577 0.016835 0.007300
v 0.084955 0.017617 0.004500
v 0.084577 0.016835 0.007300
v 0.084611 0.018936 0.007670
v 0.084944 0.019440 0.004770
v 0.084970 0.018161 0.001430
v 0.084959 0.019986 0.001600
v 0.084616 0.020437 -0.001010
v 0.084663 0.018258 -0.001330
v 0.084616 0.020437 -0.001010
v 0.078069 0.021953 -0.005470
v 0.077821 0.019804 -0.005820
v 0.084663 0.018258 -0.001330
v 0.071306 0.021463 -0.005580
v 0.071959 0.023279 -0.005260
v 0.065851 0.024554 -0.004760
v 0.065576 0.022535 -0.004840
v 0.061541 0.024416 -0.001420
v 0.061356 0.023113 -0.001470
v 0.057934 0.023041 0.003620
v 0.057882 0.024595 0.003880
v 0.061322 0.022648 0.008980
v 0.061238 0.021399 0.008690
v 0.057934 0.023041 0.003620
v 0.057882 0.024595 0.003880
v 0.085584 0.002588 -0.019640
v 0.078979 0.001701 -0.021980
v 0.078339 0.003369 -0.022030
v 0.085950 0.004187 -0.019160
v 0.070954 0.000694 -0.024160
v 0.070190 0.002437 -0.024150
v 0.076654 -0.017710 -0.013990
v 0.067535 -0.016940 -0.017280
v 0.069666 -0.015400 -0.018480
v 0.077442 -0.015425 -0.016340
v 0.090856 -0.012239 -0.012200
v 0.091516 -0.013721 -0.009990
v 0.085348 -0.015994 -0.011350
v 0.085191 -0.014354 -0.013560
v 0.092086 0.003645 -0.016590
v 0.096425 0.000874 -0.014290
v 0.094809 -0.000073 -0.015350
v 0.091129 0.001675 -0.017280
v 0.094873 -0.009420 -0.011850
v 0.095992 -0.009935 -0.010290
v 0.096908 -0.004696 -0.013140
v 0.095176 -0.005001 -0.014190
v 0.063941 -0.013690 -0.020420
v 0.065957 -0.012714 -0.020640
v 0.066310 -0.002821 -0.024290
v 0.063692 -0.008513 -0.023520
v 0.062363 -0.008483 -0.023540
v 0.065220 -0.000981 -0.024970
v 0.076208 -0.019895 -0.010000
v 0.085689 -0.017759 -0.007110
v 0.091601 -0.015330 -0.006480
v 0.096829 -0.010705 -0.008700
v 0.097753 -0.004592 -0.012610
v 0.097224 0.002182 -0.013650
v 0.092210 0.006134 -0.015800
v 0.070096 0.006574 -0.023050
v 0.077278 0.007083 -0.021070
v 0.086200 0.007387 -0.018030
v 0.085584 0.002588 -0.019640
v 0.085189 0.003351 -0.017580
v 0.078055 0.002327 -0.020290
v 0.078979 0.001701 -0.021980
v 0.070445 0.001172 -0.022220
v 0.070954 0.000694 -0.024160
v 0.066294 -0.002960 -0.022650
v 0.066310 -0.002821 -0.024290
v 0.063732 -0.007881 -0.021670
v 0.063692 -0.008513 -0.023520
v 0.065957 -0.012714 -0.020640
v 0.063692 -0.008513 -0.023520
v 0.063732 -0.007881 -0.021670
v 0.066071 -0.011910 -0.019470
v 0.069666 -0.015400 -0.018480
v 0.069546 -0.014679 -0.016710
v 0.076615 -0.014714 -0.014460
v 0.077442 -0.015425 -0.016340
v 0.084680 -0.013619 -0.011570
v 0.085191 -0.014354 -0.013560
v 0.090856 -0.012239 -0.012200
v 0.090523 -0.011549 -0.009860
v 0.094881 -0.008451 -0.009640
v 0.094873 -0.009420 -0.011850
v 0.090722 0.002720 -0.015100
v 0.091129 0.001675 -0.017280
v 0.094809 -0.000073 -0.015350
v 0.094905 0.000563 -0.013000
v 0.102528 0.000454 0.000080
v 0.102595 -0.003460 -0.006970
v 0.102576 -0.000448 -0.007910
v 0.102405 0.004082 0.007310
v 0.102481 0.000806 0.008080
v 0.102383 0.006731 0.005300
v 0.102478 0.008012 0.002650
v 0.102500 0.008376 -0.000670
v 0.102514 0.007374 -0.003880
v 0.102541 0.005231 -0.006310
v 0.102566 0.002308 -0.007750
v 0.102594 -0.005457 -0.005450
v 0.102589 -0.007161 -0.002400
v 0.102586 -0.007457 0.001110
v 0.102577 -0.006309 0.004430
v 0.102559 -0.004613 0.006120
v 0.102541 -0.002716 0.007430
v 0.022641 -0.013898 -0.027310
v 0.033869 -0.018889 -0.037380
v 0.033804 -0.026766 -0.032070
v 0.022681 -0.019661 -0.023430
v 0.022586 -0.008915 -0.029410
v 0.033939 -0.011975 -0.040250
v 0.022534 0.009353 -0.029140
v 0.033672 0.013123 -0.039760
v 0.033762 0.003966 -0.041730
v 0.022548 0.002661 -0.030530
v 0.008347 0.008546 -0.027900
v 0.022534 0.009353 -0.029140
v 0.022548 0.002661 -0.030530
v 0.008352 0.002168 -0.029150
v 0.008430 -0.013510 -0.025920
v 0.022641 -0.013898 -0.027310
v 0.022681 -0.019661 -0.023430
v 0.008498 -0.018974 -0.022210
v 0.008359 -0.008803 -0.027950
v 0.022586 -0.008915 -0.029410
v 0.035812 0.014526 -0.037440
v 0.031696 0.012692 -0.032780
v 0.031816 0.003956 -0.035100
v 0.035879 0.004573 -0.040320
v 0.035976 -0.024905 -0.031080
v 0.035963 -0.015923 -0.036840
v 0.031833 -0.013960 -0.032250
v 0.032012 -0.021753 -0.027240
v 0.035938 -0.006580 -0.040700
v 0.032078 -0.005884 -0.036210
v 0.063480 -0.000058 -0.025760
v 0.063505 -0.000327 -0.027630
v 0.063140 0.010705 -0.025420
v 0.063138 0.009785 -0.023910
v 0.063503 -0.004592 -0.025180
v 0.063707 -0.007050 -0.024700
v 0.063718 -0.007316 -0.026560
v 0.063651 -0.005027 -0.027860
v 0.064018 -0.016778 -0.021680
v 0.064000 -0.015702 -0.020230
v 0.063451 -0.002357 -0.025520
v 0.063584 -0.002795 -0.028200
v 0.032093 -0.004762 -0.036340
v 0.035932 -0.005265 -0.040860
v 0.033894 -0.004638 -0.041730
v 0.022543 -0.003610 -0.030470
v 0.022543 -0.003610 -0.030470
v 0.008315 -0.003787 -0.029020
v 0.022524 -0.029802 0.005070
v 0.022554 -0.030282 -0.001910
v 0.033782 -0.041599 -0.002280
v 0.033687 -0.040849 0.007550
v 0.022570 -0.029426 -0.008010
v 0.033904 -0.040361 -0.010800
v 0.033801 -0.033401 -0.025040
v 0.022633 -0.024428 -0.018230
v 0.022633 -0.024428 -0.018230
v 0.008433 -0.023457 -0.017210
v 0.008373 -0.028891 -0.001700
v 0.022554 -0.030282 -0.001910
v 0.022524 -0.029802 0.005070
v 0.008395 -0.028434 0.004880
v 0.008351 -0.028095 -0.007480
v 0.022570 -0.029426 -0.008010
v 0.031949 -0.028071 -0.020870
v 0.035972 -0.032097 -0.023950
v 0.035901 -0.039927 -0.004730
v 0.031795 -0.034789 -0.004270
v 0.031863 -0.034931 0.004960
v 0.035844 -0.040534 0.005800
v 0.035947 -0.038275 -0.014210
v 0.032120 -0.034028 -0.012790
v 0.064262 -0.022035 -0.012850
v 0.064290 -0.023784 -0.013460
v 0.064300 -0.023897 -0.008640
v 0.064438 -0.024711 -0.006280
v 0.064451 -0.026394 -0.006900
v 0.064394 -0.026124 -0.009450
v 0.064668 -0.027066 0.003630
v 0.064662 -0.025222 0.003620
v 0.064243 -0.023125 -0.010540
v 0.064343 -0.025371 -0.011340
v 0.032130 -0.033382 -0.014380
v 0.035955 -0.037408 -0.016300
v 0.022593 -0.027271 -0.013780
v 0.033924 -0.037327 -0.018850
v 0.022593 -0.027271 -0.013780
v 0.008364 -0.026091 -0.012960
v 0.022266 0.030315 0.000570
v 0.033351 0.041655 0.001180
v 0.033306 0.041004 -0.007270
v 0.022332 0.029805 -0.005570
v 0.022190 0.029508 0.006680
v 0.033371 0.040557 0.009570
v 0.022223 0.019377 0.022910
v 0.033163 0.026523 0.031740
v 0.033192 0.033238 0.024740
v 0.022183 0.024213 0.017740
v 0.008062 0.018558 0.021520
v 0.022223 0.019377 0.022910
v 0.022183 0.024213 0.017740
v 0.008007 0.023107 0.016550
v 0.008081 0.028748 0.000170
v 0.022266 0.030315 0.000570
v 0.022332 0.029805 -0.005570
v 0.008166 0.028226 -0.005650
v 0.007984 0.028018 0.005980
v 0.022190 0.029508 0.006680
v 0.061454 0.024545 0.014160
v 0.056617 0.024111 0.013430
v 0.056955 0.016266 0.020670
v 0.061324 0.017375 0.022270
v 0.035362 0.025543 0.031610
v 0.031234 0.022058 0.027370
v 0.031333 0.028449 0.020810
v 0.035366 0.032977 0.024230
v 0.057051 0.028092 -0.004050
v 0.056759 0.027702 0.006520
v 0.059429 0.027720 0.006570
v 0.059441 0.028118 -0.004070
v 0.035509 0.039183 -0.006260
v 0.035446 0.039866 0.004290
v 0.031380 0.034736 0.003720
v 0.031604 0.034226 -0.005460
v 0.035395 0.038548 0.013310
v 0.031400 0.034240 0.012090
v 0.057334 0.030863 0.010080
v 0.060522 0.028650 0.009770
v 0.066087 0.023904 0.013530
v 0.065839 0.016794 0.021750
v 0.065852 0.015878 0.020210
v 0.065606 0.022598 0.012660
v 0.062313 0.024420 0.008720
v 0.061866 0.025285 0.006060
v 0.061851 0.026978 0.006760
v 0.062566 0.025815 0.009500
v 0.062187 0.027346 -0.003820
v 0.062191 0.025550 -0.003660
v 0.064185 0.025163 0.011250
v 0.063500 0.023656 0.010500
v 0.060947 0.027475 0.012080
v 0.057194 0.029078 0.013300
v 0.031372 0.033498 0.013900
v 0.035392 0.037478 0.015880
v 0.022167 0.027458 0.012490
v 0.033316 0.037711 0.017530
v 0.022167 0.027458 0.012490
v 0.007970 0.026131 0.011530
v 0.022488 0.015562 -0.026300
v 0.033615 0.021625 -0.035830
v 0.033672 0.013123 -0.039760
v 0.022534 0.009353 -0.029140
v 0.022398 0.021461 -0.021820
v 0.033666 0.029636 -0.029670
v 0.022334 0.028193 -0.011510
v 0.033458 0.038807 -0.015470
v 0.022334 0.028193 -0.011510
v 0.008152 0.026632 -0.011280
v 0.008293 0.014475 -0.025240
v 0.022488 0.015562 -0.026300
v 0.022534 0.009353 -0.029140
v 0.008347 0.008546 -0.027900
v 0.008180 0.020129 -0.021010
v 0.022398 0.021461 -0.021820
v 0.059707 0.024736 -0.014050
v 0.056673 0.024662 -0.014010
v 0.031512 0.031851 -0.014170
v 0.035580 0.036350 -0.016190
v 0.056995 0.010489 -0.025750
v 0.056962 0.019771 -0.020650
v 0.059961 0.019732 -0.020650
v 0.060095 0.010857 -0.026250
v 0.035737 0.023503 -0.032340
v 0.031751 0.020501 -0.028310
v 0.031696 0.012692 -0.032780
v 0.035812 0.014526 -0.037440
v 0.035400 0.030639 -0.026120
v 0.031537 0.027713 -0.023380
v 0.057460 0.024140 -0.021580
v 0.060214 0.023031 -0.020130
v 0.062535 0.022385 -0.012890
v 0.062546 0.023911 -0.014040
v 0.062586 0.019706 -0.016550
v 0.062785 0.018072 -0.018440
v 0.062792 0.019463 -0.019790
v 0.062713 0.021891 -0.018660
v 0.063140 0.010705 -0.025420
v 0.063138 0.009785 -0.023910
v 0.062526 0.021069 -0.014790
v 0.062638 0.023295 -0.016850
v 0.060080 0.024791 -0.017650
v 0.057306 0.026104 -0.018250
v 0.031252 0.028444 -0.021990
v 0.034805 0.031581 -0.023950
v 0.022335 0.025404 -0.016990
v 0.033611 0.035021 -0.023010
v 0.022335 0.025404 -0.016990
v 0.008125 0.023922 -0.016450
v 0.022363 -0.016683 0.025010
v 0.033482 -0.022953 0.034460
v 0.033336 -0.014505 0.038670
v 0.022347 -0.010500 0.028090
v 0.022369 -0.021496 0.021190
v 0.033632 -0.029499 0.029240
v 0.022450 -0.027797 0.011680
v 0.033652 -0.038166 0.016330
v 0.022450 -0.027797 0.011680
v 0.008288 -0.026435 0.011200
v 0.008161 -0.015708 0.023810
v 0.022363 -0.016683 0.025010
v 0.022347 -0.010500 0.028090
v 0.008180 -0.009809 0.026710
v 0.008152 -0.020321 0.020200
v 0.022369 -0.021496 0.021190
v 0.032071 -0.032187 0.013700
v 0.035771 -0.037529 0.016030
v 0.035531 -0.014820 0.037780
v 0.035608 -0.024305 0.032800
v 0.031816 -0.020912 0.028060
v 0.031705 -0.012844 0.032440
v 0.035680 -0.031115 0.026370
v 0.032038 -0.027654 0.023120
v 0.064864 -0.022067 0.012670
v 0.064875 -0.023521 0.013850
v 0.064835 -0.019306 0.016380
v 0.065008 -0.017702 0.018260
v 0.065008 -0.019177 0.019420
v 0.064964 -0.020892 0.017710
v 0.065207 -0.010295 0.025320
v 0.065211 -0.009544 0.023620
v 0.064810 -0.020667 0.014640
v 0.064920 -0.022246 0.015970
v 0.031944 -0.028943 0.021310
v 0.035701 -0.032849 0.024120
v 0.022394 -0.025367 0.016420
v 0.033694 -0.034799 0.022760
v 0.022394 -0.025367 0.016420
v 0.008190 -0.024058 0.015690
v 0.022199 0.013475 0.026790
v 0.033234 0.018461 0.037060
v 0.022169 0.008566 0.028820
v 0.033364 0.011638 0.039810
v 0.022347 -0.010500 0.028090
v 0.033336 -0.014505 0.038670
v 0.033287 -0.005196 0.040990
v 0.022256 -0.003684 0.029690
v 0.008180 -0.009809 0.026710
v 0.022347 -0.010500 0.028090
v 0.022256 -0.003684 0.029690
v 0.008077 -0.003308 0.028160
v 0.008008 0.012963 0.025240
v 0.022199 0.013475 0.026790
v 0.007962 0.008325 0.027190
v 0.022169 0.008566 0.028820
v 0.061109 -0.000095 0.028130
v 0.056660 0.000250 0.027290
v 0.057001 -0.009717 0.024270
v 0.061016 -0.010494 0.026040
v 0.035467 -0.004614 0.040110
v 0.035531 -0.014820 0.037780
v 0.031705 -0.012844 0.032440
v 0.031757 -0.003999 0.034460
v 0.056781 0.007696 0.026870
v 0.061280 0.008015 0.027210
v 0.035376 0.016488 0.037090
v 0.031249 0.014166 0.032120
v 0.035222 0.007545 0.039640
v 0.031696 0.006427 0.035210
v 0.057350 0.006659 0.031550
v 0.061486 0.005576 0.029180
v 0.065425 -0.000009 0.025560
v 0.065420 0.000299 0.027420
v 0.065207 -0.010295 0.025320
v 0.065211 -0.009544 0.023620
v 0.065478 0.004524 0.025090
v 0.065595 0.007076 0.024670
v 0.065582 0.007356 0.026430
v 0.065524 0.004877 0.027020
v 0.065409 0.002453 0.025350
v 0.065473 0.002814 0.027310
v 0.061385 0.002987 0.029370
v 0.057224 0.002909 0.031530
v 0.030931 0.004115 0.034830
v 0.035411 0.004728 0.040180
v 0.022193 0.002494 0.029910
v 0.033358 0.003296 0.041290
v 0.022193 0.002494 0.029910
v 0.007995 0.002564 0.028300
v 0.033602 -0.028587 0.004040
v 0.033423 -0.028870 -0.003700
v 0.040985 -0.028862 -0.003690
v 0.041420 -0.028459 0.003860
v 0.033990 -0.028944 -0.011060
v 0.041243 -0.030609 -0.010420
v 0.034002 -0.028520 -0.012120
v 0.033648 -0.023396 -0.017340
v 0.041482 -0.023311 -0.017060
v 0.041591 -0.029751 -0.013660
v 0.033761 -0.018090 -0.022790
v 0.041527 -0.017998 -0.022670
v 0.033438 -0.011648 -0.026950
v 0.041226 -0.011251 -0.026910
v 0.033920 -0.005001 -0.030860
v 0.041118 -0.006482 -0.031760
v 0.033955 -0.004094 -0.030950
v 0.033483 0.003306 -0.029130
v 0.040908 0.003067 -0.029260
v 0.041500 -0.003059 -0.032490
v 0.033321 0.010632 -0.027390
v 0.040586 0.010761 -0.027590
v 0.033490 0.017108 -0.023660
v 0.040523 0.017638 -0.023770
v 0.040586 0.010761 -0.027590
v 0.033321 0.010632 -0.027390
v 0.033395 0.024140 -0.020070
v 0.041197 0.024786 -0.021850
v 0.033401 0.024653 -0.019430
v 0.033185 0.026705 -0.011840
v 0.040388 0.026980 -0.012010
v 0.041284 0.026441 -0.019070
v 0.033422 0.028583 -0.004520
v 0.041189 0.028546 -0.004450
v 0.033060 0.028919 0.003080
v 0.040936 0.028788 0.003200
v 0.033142 0.029185 0.010580
v 0.040896 0.030956 0.010160
v 0.033093 0.028765 0.011630
v 0.033045 0.023396 0.016990
v 0.040520 0.023651 0.016960
v 0.041088 0.029680 0.013200
v 0.032861 0.018174 0.022580
v 0.040338 0.018326 0.022700
v 0.032879 0.011611 0.026510
v 0.040372 0.011380 0.026790
v 0.033854 0.005235 0.029990
v 0.040938 0.006517 0.031670
v 0.041080 0.003180 0.032040
v 0.032251 0.003461 0.028780
v 0.033747 -0.003254 0.028160
v 0.040664 -0.002859 0.028760
v 0.033591 -0.010559 0.026480
v 0.041214 -0.010609 0.026520
v 0.033729 -0.017061 0.022800
v 0.041077 -0.017660 0.022650
v 0.041214 -0.010609 0.026520
v 0.033591 -0.010559 0.026480
v 0.034079 -0.023505 0.019390
v 0.041139 -0.024458 0.021350
v 0.033884 -0.024347 0.018040
v 0.034059 -0.026174 0.011130
v 0.041085 -0.026364 0.011680
v 0.041325 -0.026336 0.018620
v 0.062792 0.019463 -0.019790
v 0.063140 0.010705 -0.025420
v 0.062713 0.021891 -0.018660
v 0.062546 0.023911 -0.014040
v 0.062638 0.023295 -0.016850
v 0.062187 0.027346 -0.003820
v 0.061851 0.026978 0.006760
v 0.062566 0.025815 0.009500
v 0.066087 0.023904 0.013530
v 0.064185 0.025163 0.011250
v 0.065839 0.016794 0.021750
v 0.065582 0.007356 0.026430
v 0.065524 0.004877 0.027020
v 0.065420 0.000299 0.027420
v 0.065473 0.002814 0.027310
v 0.065207 -0.010295 0.025320
v 0.057350 0.006659 0.031550
v 0.057224 0.002909 0.031530
v 0.057334 0.030863 0.010080
v 0.057194 0.029078 0.013300
v 0.057460 0.024140 -0.021580
v 0.045881 -0.026990 -0.007030
v 0.045786 -0.026101 0.002590
v 0.046819 -0.030409 -0.010200
v 0.046814 -0.029095 -0.013640
v 0.046819 -0.030409 -0.010200
v 0.045856 -0.024003 -0.013740
v 0.046814 -0.029095 -0.013640
v 0.045893 -0.016432 -0.020720
v 0.045880 -0.007585 -0.026970
v 0.046813 -0.006508 -0.031570
v 0.046759 -0.002732 -0.031950
v 0.046813 -0.006508 -0.031570
v 0.045831 -0.000313 -0.027900
v 0.046759 -0.002732 -0.031950
v 0.045776 0.009712 -0.024720
v 0.045751 0.019697 -0.020260
v 0.045776 0.009712 -0.024720
v 0.046615 0.024111 -0.021650
v 0.046541 0.026100 -0.018390
v 0.046615 0.024111 -0.021650
v 0.045594 0.023801 -0.014140
v 0.045580 0.026117 -0.004060
v 0.045538 0.027189 0.006680
v 0.046411 0.030826 0.010020
v 0.046359 0.029065 0.013240
v 0.046411 0.030826 0.010020
v 0.045101 0.023811 0.013430
v 0.046359 0.029065 0.013240
v 0.045417 0.016270 0.020580
v 0.045553 0.007612 0.026870
v 0.046409 0.006616 0.031460
v 0.046388 0.002889 0.031530
v 0.046409 0.006616 0.031460
v 0.045472 0.000230 0.027250
v 0.046388 0.002889 0.031530
v 0.045607 -0.009673 0.024260
v 0.045711 -0.019508 0.019840
v 0.045607 -0.009673 0.024260
v 0.046610 -0.023838 0.021210
v 0.046608 -0.026008 0.018120
v 0.046610 -0.023838 0.021210
v 0.045682 -0.023649 0.013750
v 0.046608 -0.026008 0.018120
v 0.035888 0.004352 -0.041620
v 0.035937 -0.005001 -0.041940
v 0.035954 -0.009438 -0.041070
v 0.035976 -0.017644 -0.037580
v 0.035986 -0.026190 -0.032010
v 0.035982 -0.033175 -0.024830
v 0.035967 -0.037924 -0.017860
v 0.035946 -0.039899 -0.012660
v 0.035902 -0.041319 -0.003520
v 0.035843 -0.041341 0.006810
v 0.035773 -0.038462 0.016450
v 0.035698 -0.034376 0.023820
v 0.035643 -0.030793 0.028290
v 0.035565 -0.024007 0.034210
v 0.035525 -0.014922 0.038940
v 0.035525 -0.014922 0.038940
v 0.035462 -0.004992 0.041210
v 0.035416 0.004064 0.041370
v 0.035392 0.009770 0.040380
v 0.035366 0.017756 0.037660
v 0.035354 0.026527 0.032290
v 0.035314 0.033667 0.024920
v 0.035381 0.038237 0.017020
v 0.035402 0.040165 0.011600
v 0.035447 0.041336 0.002770
v 0.035505 0.040635 -0.006850
v 0.035571 0.038052 -0.016010
v 0.035321 0.033716 -0.023730
v 0.035653 0.030519 -0.028220
v 0.035723 0.022849 -0.034510
v 0.035824 0.014028 -0.039140
v 0.035824 0.014028 -0.039140
v 0.034902 -0.042144 -0.002290
v 0.034772 -0.041396 0.007690
v 0.034963 -0.040969 -0.010960
v 0.034958 -0.037909 -0.019140
v 0.034889 -0.033853 -0.025380
v 0.034830 -0.027147 -0.032540
v 0.034925 -0.019149 -0.037920
v 0.034976 -0.012145 -0.040880
v 0.034956 -0.004690 -0.042360
v 0.034806 0.004043 -0.042350
v 0.034709 0.013333 -0.040330
v 0.034675 0.021951 -0.036330
v 0.034709 0.013333 -0.040330
v 0.034691 0.030121 -0.030120
v 0.034622 0.035601 -0.023370
v 0.034464 0.039420 -0.015690
v 0.034340 0.041598 -0.007360
v 0.034365 0.042301 0.001220
v 0.034412 0.041185 0.009740
v 0.034355 0.038294 0.017820
v 0.034263 0.033705 0.025100
v 0.034193 0.026903 0.032210
v 0.034305 0.018713 0.037590
v 0.034391 0.011815 0.040460
v 0.034397 0.003344 0.041940
v 0.034367 -0.005269 0.041570
v 0.034363 -0.014720 0.039240
v 0.034533 -0.023292 0.034970
v 0.034363 -0.014720 0.039240
v 0.034664 -0.029961 0.029700
v 0.034740 -0.035334 0.023120
v 0.034736 -0.038697 0.016580
v 0.035545 -0.004865 -0.042370
v 0.035588 0.004244 -0.042350
v 0.035591 -0.010852 -0.041180
v 0.035801 -0.018578 -0.038090
v 0.035837 -0.026972 -0.032630
v 0.035780 -0.033849 -0.025370
v 0.035600 -0.038130 -0.018610
v 0.035601 -0.040679 -0.011880
v 0.035598 -0.042061 -0.002920
v 0.035428 -0.041691 0.007310
v 0.035354 -0.038858 0.016630
v 0.035296 -0.035043 0.023600
v 0.035221 -0.030531 0.029150
v 0.035138 -0.023813 0.034840
v 0.035048 -0.014954 0.039450
v 0.035048 -0.014954 0.039450
v 0.035066 -0.005186 0.041800
v 0.035033 0.003725 0.041940
v 0.035017 0.010861 0.040670
v 0.034967 0.018385 0.037920
v 0.034861 0.026968 0.032560
v 0.034871 0.033975 0.025230
v 0.034949 0.038504 0.017530
v 0.035035 0.040916 0.010730
v 0.035195 0.042166 0.002010
v 0.035366 0.041567 -0.007180
v 0.035458 0.039079 -0.015980
v 0.035499 0.034993 -0.023760
v 0.035503 0.030525 -0.029370
v 0.035631 0.022634 -0.035790
v 0.035608 0.013820 -0.040120
v 0.035608 0.013820 -0.040120
v 0.035545 -0.004865 -0.042370
v 0.035588 0.004244 -0.042350
v 0.035591 -0.010852 -0.041180
v 0.035801 -0.018578 -0.038090
v 0.035837 -0.026972 -0.032630
v 0.035780 -0.033849 -0.025370
v 0.035600 -0.038130 -0.018610
v 0.035601 -0.040679 -0.011880
v 0.035598 -0.042061 -0.002920
v 0.035428 -0.041691 0.007310
v 0.035354 -0.038858 0.016630
v 0.035296 -0.035043 0.023600
v 0.035221 -0.030531 0.029150
v 0.035138 -0.023813 0.034840
v 0.035048 -0.014954 0.039450
v 0.035048 -0.014954 0.039450
v 0.035066 -0.005186 0.041800
v 0.035033 0.003725 0.041940
v 0.035017 0.010861 0.040670
v 0.034967 0.018385 0.037920
v 0.034861 0.026968 0.032560
v 0.034871 0.033975 0.025230
v 0.034949 0.038504 0.017530
v 0.035035 0.040916 0.010730
v 0.035195 0.042166 0.002010
v 0.035366 0.041567 -0.007180
v 0.035458 0.039079 -0.015980
v 0.034622 0.035601 -0.023370
v 0.035499 0.034993 -0.023760
v 0.035503 0.030525 -0.029370
v 0.035631 0.022634 -0.035790
v 0.035608 0.013820 -0.040120
v 0.035608 0.013820 -0.040120
v 0.007862 0.002037 -0.028210
v 0.024010 0.002119 -0.028130
v 0.023959 0.008291 -0.026910
v 0.007810 0.008209 -0.027000
v 0.007914 -0.013099 -0.025100
v 0.007893 -0.018373 -0.021470
v 0.024041 -0.018291 -0.021380
v 0.024062 -0.013018 -0.025000
v 0.007919 -0.003716 -0.028100
v 0.007929 -0.008560 -0.027070
v 0.024076 -0.008477 -0.026980
v 0.024067 -0.003635 -0.028010
v 0.007918 -0.022723 -0.016630
v 0.024067 -0.022641 -0.016540
v 0.007857 -0.027944 -0.001640
v 0.007789 -0.027471 0.004730
v 0.023937 -0.027388 0.004820
v 0.024006 -0.027863 -0.001550
v 0.007935 -0.025277 -0.012530
v 0.007912 -0.027201 -0.007230
v 0.024059 -0.027119 -0.007140
v 0.024084 -0.025195 -0.012440
v 0.007503 0.022372 0.015960
v 0.023652 0.022453 0.016050
v 0.023617 0.018041 0.020860
v 0.007469 0.017959 0.020770
v 0.007556 0.027805 0.000130
v 0.007568 0.027280 -0.005510
v 0.023716 0.027362 -0.005420
v 0.023705 0.027886 0.000220
v 0.007540 0.025301 0.011110
v 0.007562 0.027121 0.005740
v 0.023711 0.027203 0.005840
v 0.023688 0.025383 0.011200
v 0.007636 0.025745 -0.010970
v 0.023785 0.025827 -0.010880
v 0.007773 0.013954 -0.024440
v 0.007810 0.008209 -0.027000
v 0.023959 0.008291 -0.026910
v 0.023921 0.014036 -0.024350
v 0.007713 0.023129 -0.015970
v 0.007751 0.019448 -0.020370
v 0.023899 0.019530 -0.020280
v 0.023862 0.023211 -0.015880
v 0.007781 -0.025551 0.010850
v 0.023930 -0.025469 0.010950
v 0.007651 -0.015185 0.023030
v 0.007583 -0.009465 0.025820
v 0.023731 -0.009383 0.025910
v 0.023798 -0.015104 0.023120
v 0.007770 -0.023268 0.015200
v 0.007719 -0.019654 0.019560
v 0.023867 -0.019572 0.019650
v 0.023917 -0.023186 0.015290
v 0.007568 -0.003168 0.027230
v 0.023717 -0.003085 0.027330
v 0.007509 0.012556 0.024390
v 0.023657 0.012638 0.024490
v 0.007547 0.008083 0.026300
v 0.023694 0.008165 0.026400
v 0.023712 0.002595 0.027470
v 0.007564 0.002513 0.027370
v 0.031816 -0.020912 0.028060
v 0.033729 -0.017061 0.022800
v 0.033591 -0.010559 0.026480
v 0.031705 -0.012844 0.032440
v 0.032038 -0.027654 0.023120
v 0.034079 -0.023505 0.019390
v 0.031944 -0.028943 0.021310
v 0.033884 -0.024347 0.018040
v 0.032071 -0.032187 0.013700
v 0.034059 -0.026174 0.011130
v 0.033602 -0.028587 0.004040
v 0.031863 -0.034931 0.004960
v 0.031795 -0.034789 -0.004270
v 0.033423 -0.028870 -0.003700
v 0.032120 -0.034028 -0.012790
v 0.033990 -0.028944 -0.011060
v 0.032130 -0.033382 -0.014380
v 0.034002 -0.028520 -0.012120
v 0.031949 -0.028071 -0.020870
v 0.033648 -0.023396 -0.017340
v 0.032012 -0.021753 -0.027240
v 0.033761 -0.018090 -0.022790
v 0.031833 -0.013960 -0.032250
v 0.033438 -0.011648 -0.026950
v 0.032078 -0.005884 -0.036210
v 0.033920 -0.005001 -0.030860
v 0.032093 -0.004762 -0.036340
v 0.033955 -0.004094 -0.030950
v 0.031816 0.003956 -0.035100
v 0.033483 0.003306 -0.029130
v 0.031696 0.012692 -0.032780
v 0.033321 0.010632 -0.027390
v 0.031751 0.020501 -0.028310
v 0.033490 0.017108 -0.023660
v 0.033321 0.010632 -0.027390
v 0.031696 0.012692 -0.032780
v 0.031537 0.027713 -0.023380
v 0.033395 0.024140 -0.020070
v 0.031252 0.028444 -0.021990
v 0.033401 0.024653 -0.019430
v 0.031512 0.031851 -0.014170
v 0.033185 0.026705 -0.011840
v 0.031604 0.034226 -0.005460
v 0.033422 0.028583 -0.004520
v 0.031380 0.034736 0.003720
v 0.033060 0.028919 0.003080
v 0.031400 0.034240 0.012090
v 0.033142 0.029185 0.010580
v 0.031372 0.033498 0.013900
v 0.033093 0.028765 0.011630
v 0.031333 0.028449 0.020810
v 0.033045 0.023396 0.016990
v 0.031234 0.022058 0.027370
v 0.032861 0.018174 0.022580
v 0.031249 0.014166 0.032120
v 0.032879 0.011611 0.026510
v 0.031696 0.006427 0.035210
v 0.033854 0.005235 0.029990
v 0.083663 0.014649 0.005790
v 0.082884 0.019438 0.006270
v 0.081233 0.018542 0.007920
v 0.081561 0.014493 0.008520
v 0.080807 0.023753 0.006770
v 0.078983 0.025839 0.007310
v 0.077527 0.023561 0.008810
v 0.079099 0.022023 0.008280
v 0.071892 0.025839 0.008810
v 0.072297 0.028343 0.007400
v 0.067899 0.027915 0.007330
v 0.068002 0.025516 0.008670
v 0.076871 0.017112 -0.005180
v 0.075189 0.018868 -0.005160
v 0.077366 0.019387 -0.004740
v 0.079497 0.016528 -0.003890
v 0.073185 0.020961 -0.005110
v 0.074319 0.022894 -0.004250
v 0.075337 0.021921 -0.004420
v 0.074132 0.020145 -0.005150
v 0.070611 0.021602 -0.005050
v 0.068950 0.021338 -0.005110
v 0.068885 0.023655 -0.003810
v 0.071224 0.023849 -0.003850
v 0.065294 0.020826 -0.004740
v 0.063952 0.021387 -0.003330
v 0.064955 0.022278 -0.003620
v 0.066238 0.021009 -0.005050
v 0.060601 0.022159 0.006230
v 0.061884 0.021091 0.007630
v 0.062818 0.022976 0.007980
v 0.061698 0.024617 0.006590
v 0.059746 0.022972 0.003740
v 0.060998 0.025647 0.004140
v 0.072550 0.030008 0.004950
v 0.067928 0.029630 0.004840
v 0.081948 0.024928 0.004190
v 0.080039 0.027572 0.004520
v 0.058594 0.021252 0.006260
v 0.057872 0.022068 0.003920
v 0.060369 0.020036 0.008040
v 0.064033 0.020892 -0.004070
v 0.061904 0.021460 -0.002410
v 0.066291 0.023034 -0.003870
v 0.067481 0.021172 -0.005190
v 0.063472 0.026925 0.006960
v 0.063282 0.028386 0.004510
v 0.064125 0.024691 0.008290
v 0.075381 0.024884 0.009080
v 0.076350 0.027565 0.007590
v 0.076995 0.029529 0.004860
v 0.072036 0.021441 -0.005070
v 0.073149 0.023598 -0.004000
v 0.077052 0.014525 0.010850
v 0.079499 0.014501 0.009820
v 0.077720 0.016311 0.010610
v 0.075646 0.015011 0.011080
v 0.076235 0.018641 0.010910
v 0.074555 0.016303 0.011320
v 0.075035 0.019501 0.011290
v 0.073485 0.017658 0.011510
v 0.072286 0.018295 0.011610
v 0.073463 0.020357 0.011510
v 0.071008 0.021133 0.011350
v 0.070573 0.018545 0.011650
v 0.068198 0.020922 0.011190
v 0.068834 0.018420 0.011690
v 0.065411 0.020340 0.010740
v 0.067362 0.018188 0.011590
v 0.065928 0.018013 0.011290
v 0.064771 0.019681 0.010450
v 0.064792 0.018060 0.010820
v 0.064231 0.019029 0.010190
v 0.063508 0.018333 0.010180
v 0.062140 0.019017 0.009280
v 0.081142 0.020252 -0.001490
v 0.081998 0.016353 -0.002540
v 0.078695 0.023789 -0.000840
v 0.077243 0.025670 -0.000540
v 0.072040 0.027467 0.000190
v 0.075252 0.027135 0.000010
v 0.068377 0.027055 0.000010
v 0.064633 0.026134 -0.000070
v 0.062940 0.024485 -0.000250
v 0.061769 0.022448 -0.000430
v 0.059870 0.022027 -0.000950
v 0.082925 0.020473 0.000470
v 0.084120 0.016033 -0.000010
v 0.080759 0.024708 0.001300
v 0.078949 0.026957 0.001540
v 0.072438 0.029284 0.002240
v 0.076384 0.028754 0.001990
v 0.068127 0.028840 0.002050
v 0.063793 0.027724 0.001890
v 0.061763 0.025508 0.001580
v 0.060516 0.022976 0.001220
v 0.058202 0.022395 0.001430
v 0.083229 0.020082 0.003390
v 0.084371 0.014931 0.002660
v 0.057872 0.022068 0.003920
v 0.059746 0.022972 0.003740
v 0.060998 0.025647 0.004140
v 0.063282 0.028386 0.004510
v 0.067928 0.029630 0.004840
v 0.072550 0.030008 0.004950
v 0.076995 0.029529 0.004860
v 0.080039 0.027572 0.004520
v 0.081948 0.024928 0.004190
v 0.083229 0.020082 0.003390
v 0.084371 0.014931 0.002660
v 0.058594 0.021252 0.006260
v 0.051559 0.021532 0.003940
v 0.057673 0.018804 0.011980
v 0.060369 0.020036 0.008040
v 0.063508 0.018333 0.010180
v 0.062140 0.019017 0.009280
v 0.057872 0.022068 0.003920
v 0.084371 0.014931 0.002660
v 0.083663 0.014649 0.005790
v 0.088620 0.016127 0.002990
v 0.084120 0.016033 -0.000010
v 0.084371 0.014931 0.002660
v 0.088620 0.016127 0.002990
v 0.072286 0.018295 0.011610
v 0.070573 0.018545 0.011650
v 0.069348 0.015893 0.014800
v 0.068834 0.018420 0.011690
v 0.067362 0.018188 0.011590
v 0.062524 0.017307 0.014710
v 0.082019 0.016328 -0.007690
v 0.081998 0.016353 -0.002540
v 0.081561 0.014493 0.008520
v 0.081861 0.013713 0.013070
v 0.064792 0.018060 0.010820
v 0.079497 0.016528 -0.003890
v 0.079499 0.014501 0.009820
v 0.076871 0.017112 -0.005180
v 0.074381 0.020890 -0.008750
v 0.075189 0.018868 -0.005160
v 0.074891 0.015586 0.014820
v 0.073485 0.017658 0.011510
v 0.074555 0.016303 0.011320
v 0.073485 0.017658 0.011510
v 0.074891 0.015586 0.014820
v 0.073185 0.020961 -0.005110
v 0.074132 0.020145 -0.005150
v 0.075646 0.015011 0.011080
v 0.077052 0.014525 0.010850
v 0.065928 0.018013 0.011290
v 0.078348 -0.005674 -0.027120
v 0.072936 -0.005972 -0.027360
v 0.075157 -0.001251 -0.024650
v 0.079553 -0.000581 -0.024070
v 0.085472 0.000497 -0.022140
v 0.088194 -0.005872 -0.026180
v 0.084708 -0.005598 -0.026850
v 0.083869 0.000234 -0.023140
v 0.075158 -0.014729 -0.019610
v 0.072938 -0.012945 -0.024760
v 0.078340 -0.012916 -0.024480
v 0.079508 -0.014840 -0.018740
v 0.084739 -0.012677 -0.024350
v 0.088303 -0.011972 -0.024120
v 0.085596 -0.014328 -0.016740
v 0.083875 -0.014826 -0.017560
v 0.078348 -0.005674 -0.027120
v 0.077244 -0.009472 -0.026120
v 0.070629 -0.009673 -0.026340
v 0.084573 -0.009246 -0.025880
v 0.084708 -0.005598 -0.026850
v 0.088194 -0.005872 -0.026180
v 0.088251 -0.009029 -0.025530
v 0.073232 -0.014696 -0.019910
v 0.072596 -0.014308 -0.019090
v 0.070038 -0.012316 -0.023180
v 0.071132 -0.013066 -0.024730
v 0.077244 -0.009472 -0.026120
v 0.078340 -0.012916 -0.024480
v 0.070629 -0.009673 -0.026340
v 0.088303 -0.011972 -0.024120
v 0.084739 -0.012677 -0.024350
v 0.084573 -0.009246 -0.025880
v 0.088251 -0.009029 -0.025530
v 0.068412 -0.009714 -0.026430
v 0.067187 -0.008975 -0.024880
v 0.070152 -0.005150 -0.025590
v 0.071151 -0.005858 -0.027410
v 0.068412 -0.009714 -0.026430
v 0.067187 -0.008975 -0.024880
v 0.073217 -0.001463 -0.024830
v 0.072557 -0.001123 -0.023840
v 0.066210 -0.013102 -0.018620
v 0.063788 -0.010901 -0.020150
v 0.069254 -0.011407 -0.021310
v 0.072059 -0.014075 -0.018390
v 0.062601 -0.007697 -0.021560
v 0.066633 -0.008143 -0.023010
v 0.066633 -0.008143 -0.023010
v 0.062601 -0.007697 -0.021560
v 0.063563 -0.004261 -0.022540
v 0.069518 -0.004281 -0.023460
v 0.066918 -0.001385 -0.022720
v 0.071960 -0.000666 -0.023130
v 0.078189 -0.014453 -0.015260
v 0.074634 -0.015021 -0.017010
v 0.075300 -0.015062 -0.017710
v 0.079355 -0.014900 -0.016740
v 0.084248 -0.014105 -0.014280
v 0.082599 -0.013330 -0.012180
v 0.081489 -0.013723 -0.013230
v 0.083079 -0.014480 -0.015280
v 0.078371 0.001354 -0.021340
v 0.079441 0.000760 -0.022640
v 0.075336 0.000255 -0.023420
v 0.074644 0.000696 -0.022840
v 0.084199 0.001847 -0.020160
v 0.083137 0.001436 -0.021250
v 0.081839 0.002101 -0.019450
v 0.083011 0.002514 -0.018350
v 0.073854 0.000968 -0.022360
v 0.072571 0.001525 -0.020830
v 0.074778 0.002250 -0.019350
v 0.077039 0.001816 -0.020160
v 0.075433 -0.013811 -0.012990
v 0.072632 -0.014244 -0.014910
v 0.073883 -0.014917 -0.016470
v 0.076769 -0.013983 -0.013920
v 0.078902 -0.012552 -0.010050
v 0.077249 -0.013266 -0.011460
v 0.079700 -0.013002 -0.011270
v 0.080893 -0.012570 -0.010120
v 0.080312 0.002720 -0.017770
v 0.076848 0.002828 -0.017710
v 0.078784 0.003281 -0.016070
v 0.081709 0.003153 -0.016620
v 0.091830 -0.008418 -0.023570
v 0.090849 -0.005927 -0.024180
v 0.092037 -0.005783 -0.022890
v 0.092871 -0.007773 -0.021700
v 0.092234 -0.009833 -0.021400
v 0.091067 -0.010619 -0.022570
v 0.091830 -0.008418 -0.023570
v 0.092871 -0.007773 -0.021700
v 0.087607 0.001198 -0.019700
v 0.088836 0.001221 -0.018720
v 0.087624 -0.013298 -0.014330
v 0.088763 -0.012720 -0.013430
v 0.085926 -0.012333 -0.009700
v 0.084577 -0.012594 -0.010220
v 0.085983 -0.013093 -0.011570
v 0.087120 -0.012789 -0.010780
v 0.083250 -0.011128 -0.008400
v 0.081760 -0.011218 -0.008520
v 0.083161 -0.011779 -0.008670
v 0.084677 -0.011576 -0.008900
v 0.085988 0.003488 -0.015510
v 0.087363 0.003018 -0.016920
v 0.086082 0.002801 -0.017610
v 0.084914 0.003229 -0.016440
v 0.083667 0.003659 -0.015020
v 0.081662 0.003445 -0.014190
v 0.083182 0.003444 -0.013960
v 0.084661 0.003443 -0.014460
v 0.091797 -0.001009 -0.018450
v 0.091953 -0.010686 -0.014960
v 0.094549 -0.005841 -0.014860
v 0.094216 -0.003143 -0.015860
v 0.094549 -0.005841 -0.014860
v 0.093881 -0.008419 -0.014000
v 0.069518 -0.004281 -0.023460
v 0.066633 -0.008143 -0.023010
v 0.069254 -0.011407 -0.021310
v 0.066633 -0.008143 -0.023010
v 0.082620 0.003426 -0.015880
v 0.080209 0.003449 -0.014930
v 0.083863 0.002849 -0.017460
v 0.085005 0.002294 -0.018960
v 0.089624 -0.005992 -0.025290
v 0.086454 0.000812 -0.021040
v 0.090139 -0.008806 -0.024760
v 0.090139 -0.008806 -0.024760
v 0.089804 -0.011312 -0.023520
v 0.086582 -0.013838 -0.015700
v 0.083478 -0.012990 -0.011270
v 0.085046 -0.013654 -0.013070
v 0.081877 -0.012229 -0.009380
v 0.080352 -0.011836 -0.009040
v 0.092771 -0.000845 -0.016880
v 0.090381 0.001510 -0.017320
v 0.073294 0.000257 -0.023380
v 0.073842 0.000006 -0.023720
v 0.072762 0.000473 -0.023040
v 0.070070 0.000475 -0.022040
v 0.069270 -0.014131 -0.016870
v 0.072888 -0.014953 -0.017420
v 0.073346 -0.015042 -0.017750
v 0.073824 -0.015077 -0.018100
v 0.090035 -0.012200 -0.011980
v 0.092313 -0.010694 -0.012930
v 0.068412 -0.009714 -0.026430
v 0.068412 -0.009714 -0.026430
v 0.070070 0.000475 -0.022040
v 0.066918 -0.001385 -0.022720
v 0.064686 0.001259 -0.023260
v 0.076848 0.002828 -0.017710
v 0.074778 0.002250 -0.019350
v 0.073748 0.005206 -0.021010
v 0.069270 -0.014131 -0.016870
v 0.072632 -0.014244 -0.014910
v 0.074563 -0.016909 -0.011740
v 0.063950 -0.014907 -0.017350
v 0.075433 -0.013811 -0.012990
v 0.077249 -0.013266 -0.011460
v 0.080209 0.003449 -0.014930
v 0.078784 0.003281 -0.016070
v 0.080401 0.005753 -0.018040
v 0.063788 -0.010901 -0.020150
v 0.066210 -0.013102 -0.018620
v 0.059771 -0.007517 -0.021890
v 0.080352 -0.011836 -0.009040
v 0.081760 -0.011218 -0.008520
v 0.080635 -0.015553 -0.009500
v 0.083182 0.003444 -0.013960
v 0.081662 0.003445 -0.014190
v 0.085805 0.005831 -0.016880
v 0.094549 -0.005841 -0.014860
v 0.094216 -0.003143 -0.015860
v 0.096598 -0.004451 -0.010040
v 0.092313 -0.010694 -0.012930
v 0.093881 -0.008419 -0.014000
v 0.096598 -0.004451 -0.010040
v 0.091647 -0.012902 -0.006410
v 0.072571 0.001525 -0.020830
v 0.078902 -0.012552 -0.010050
v 0.083250 -0.011128 -0.008400
v 0.085902 -0.015255 -0.008830
v 0.094549 -0.005841 -0.014860
v 0.063563 -0.004261 -0.022540
v 0.059771 -0.007517 -0.021890
v 0.092771 -0.000845 -0.016880
v 0.091999 0.005123 -0.013580
v 0.087120 -0.012789 -0.010780
v 0.085902 -0.015255 -0.008830
v 0.085926 -0.012333 -0.009700
v 0.087363 0.003018 -0.016920
v 0.085988 0.003488 -0.015510
v 0.085805 0.005831 -0.016880
v 0.090381 0.001510 -0.017320
v 0.090035 -0.012200 -0.011980
v 0.085988 0.003488 -0.015510
v 0.084661 0.003443 -0.014460
v 0.084677 -0.011576 -0.008900
v 0.085926 -0.012333 -0.009700
v 0.062601 -0.007697 -0.021560
v 0.062601 -0.007697 -0.021560
v 0.083879 -0.013950 0.011930
v 0.082990 -0.016424 0.015620
v 0.081401 -0.017499 0.014000
v 0.081808 -0.015798 0.010710
v 0.080930 -0.019007 0.019120
v 0.079190 -0.020645 0.020670
v 0.077724 -0.020828 0.017920
v 0.079286 -0.019576 0.016840
v 0.072048 -0.021925 0.019890
v 0.072443 -0.022104 0.022820
v 0.068014 -0.021881 0.022510
v 0.068136 -0.021851 0.019660
v 0.077766 -0.005860 0.019640
v 0.075913 -0.006133 0.020430
v 0.077325 -0.006839 0.020950
v 0.080479 -0.006612 0.018900
v 0.073129 -0.007238 0.022220
v 0.074288 -0.009000 0.023710
v 0.075290 -0.008354 0.022940
v 0.074273 -0.006560 0.021280
v 0.070453 -0.007771 0.022980
v 0.069092 -0.007685 0.022890
v 0.068874 -0.009898 0.024190
v 0.071211 -0.009905 0.024410
v 0.064616 -0.008127 0.022170
v 0.063940 -0.009265 0.021960
v 0.064943 -0.009441 0.022880
v 0.066047 -0.007688 0.022430
v 0.060637 -0.018088 0.017930
v 0.061959 -0.018787 0.016300
v 0.062886 -0.019990 0.017750
v 0.061709 -0.019578 0.019880
v 0.059758 -0.016272 0.019860
v 0.061010 -0.017892 0.021980
v 0.072668 -0.020677 0.025520
v 0.068039 -0.020452 0.025220
v 0.082042 -0.017332 0.021410
v 0.080181 -0.018976 0.023580
v 0.058178 -0.017370 0.017590
v 0.057775 -0.015704 0.019280
v 0.059727 -0.018471 0.015680
v 0.063226 -0.008921 0.021910
v 0.061802 -0.010096 0.021610
v 0.066276 -0.009575 0.023670
v 0.067581 -0.007598 0.022690
v 0.063504 -0.021095 0.021750
v 0.063302 -0.019604 0.024270
v 0.064211 -0.021144 0.019100
v 0.075538 -0.021646 0.018940
v 0.076548 -0.021822 0.022060
v 0.077150 -0.020305 0.025150
v 0.071824 -0.007652 0.022800
v 0.073135 -0.009586 0.024250
v 0.077657 -0.017651 0.009660
v 0.079594 -0.016708 0.009960
v 0.077877 -0.018788 0.010740
v 0.076234 -0.018632 0.010100
v 0.076396 -0.020240 0.012620
v 0.075118 -0.019504 0.010710
v 0.075208 -0.021021 0.013170
v 0.073850 -0.020256 0.011400
v 0.072258 -0.020721 0.011900
v 0.073645 -0.021659 0.013790
v 0.071184 -0.021944 0.014530
v 0.070374 -0.020910 0.012050
v 0.068363 -0.021729 0.014410
v 0.068782 -0.020903 0.011980
v 0.065541 -0.021072 0.014110
v 0.067576 -0.020793 0.011810
v 0.066443 -0.020488 0.011750
v 0.064886 -0.020479 0.013680
v 0.065268 -0.020186 0.012060
v 0.064388 -0.019872 0.013250
v 0.063557 -0.019447 0.012840
v 0.061736 -0.018960 0.014100
v 0.081150 -0.010094 0.020130
v 0.082576 -0.007553 0.017680
v 0.078710 -0.012433 0.022870
v 0.077260 -0.013644 0.024330
v 0.072089 -0.015215 0.025550
v 0.075295 -0.014864 0.025350
v 0.068422 -0.014910 0.025280
v 0.064670 -0.014427 0.024500
v 0.062977 -0.013493 0.023120
v 0.061782 -0.012334 0.021480
v 0.060229 -0.011566 0.021310
v 0.082959 -0.011889 0.019370
v 0.083832 -0.008919 0.015540
v 0.080815 -0.014720 0.022640
v 0.078988 -0.016071 0.024430
v 0.072517 -0.017899 0.026130
v 0.076460 -0.017383 0.025790
v 0.068203 -0.017624 0.025830
v 0.063847 -0.016933 0.024900
v 0.061807 -0.015604 0.023080
v 0.060541 -0.014052 0.021090
v 0.058640 -0.013552 0.020610
v 0.083300 -0.014230 0.017590
v 0.084528 -0.011141 0.013570
v 0.057775 -0.015704 0.019280
v 0.059758 -0.016272 0.019860
v 0.061010 -0.017892 0.021980
v 0.063302 -0.019604 0.024270
v 0.068039 -0.020452 0.025220
v 0.072668 -0.020677 0.025520
v 0.077150 -0.020305 0.025150
v 0.080181 -0.018976 0.023580
v 0.082042 -0.017332 0.021410
v 0.083300 -0.014230 0.017590
v 0.084528 -0.011141 0.013570
v 0.058178 -0.017370 0.017590
v 0.051269 -0.012834 0.015520
v 0.057462 -0.016888 0.008880
v 0.059727 -0.018471 0.015680
v 0.063557 -0.019447 0.012840
v 0.061736 -0.018960 0.014100
v 0.057775 -0.015704 0.019280
v 0.084528 -0.011141 0.013570
v 0.083879 -0.013950 0.011930
v 0.089994 -0.010610 0.013100
v 0.057775 -0.015704 0.019280
v 0.058640 -0.013552 0.020610
v 0.051269 -0.012834 0.015520
v 0.083832 -0.008919 0.015540
v 0.084528 -0.011141 0.013570
v 0.089994 -0.010610 0.013100
v 0.072258 -0.020721 0.011900
v 0.070374 -0.020910 0.012050
v 0.070791 -0.018330 0.005370
v 0.070453 -0.007771 0.022980
v 0.071824 -0.007652 0.022800
v 0.070914 -0.001925 0.018950
v 0.068782 -0.020903 0.011980
v 0.069092 -0.007685 0.022890
v 0.067576 -0.020793 0.011810
v 0.064773 -0.018748 0.006130
v 0.067581 -0.007598 0.022690
v 0.064155 -0.002659 0.019460
v 0.084114 -0.002599 0.018140
v 0.082576 -0.007553 0.017680
v 0.060229 -0.011566 0.021310
v 0.057545 -0.005462 0.018440
v 0.081808 -0.015798 0.010710
v 0.083416 -0.017988 0.007390
v 0.063226 -0.008921 0.021910
v 0.064616 -0.008127 0.022170
v 0.065268 -0.020186 0.012060
v 0.061802 -0.010096 0.021610
v 0.080479 -0.006612 0.018900
v 0.079594 -0.016708 0.009960
v 0.077766 -0.005860 0.019640
v 0.076168 -0.000253 0.017620
v 0.075913 -0.006133 0.020430
v 0.073850 -0.020256 0.011400
v 0.078147 -0.017440 0.004380
v 0.073129 -0.007238 0.022220
v 0.075118 -0.019504 0.010710
v 0.074273 -0.006560 0.021280
v 0.076234 -0.018632 0.010100
v 0.077657 -0.017651 0.009660
v 0.077657 -0.017651 0.009660
v 0.083416 -0.017988 0.007390
v 0.066047 -0.007688 0.022430
v 0.066443 -0.020488 0.011750
v 0.078292 -0.019742 0.010000
v 0.077781 -0.018402 0.008360
v 0.066901 -0.019963 0.010370
v 0.067122 -0.021387 0.011900
v 0.084906 -0.015525 0.012450
v 0.084631 -0.014370 0.010610
v 0.085048 -0.011161 0.013760
v 0.084631 -0.014370 0.010610
v 0.084906 -0.015525 0.012450
v 0.085050 -0.012516 0.015450
v 0.084868 -0.009067 0.017810
v 0.084861 -0.007822 0.016100
v 0.084868 -0.009067 0.017810
v 0.078254 -0.005964 0.021430
v 0.077835 -0.004511 0.019790
v 0.084861 -0.007822 0.016100
v 0.067136 -0.007530 0.023330
v 0.066646 -0.006395 0.021650
v 0.061328 -0.010886 0.021500
v 0.061197 -0.010330 0.020380
v 0.060836 -0.017788 0.014250
v 0.060827 -0.018815 0.014990
v 0.057968 -0.014539 0.017660
v 0.057979 -0.015659 0.018990
v 0.057968 -0.014539 0.017660
v 0.057979 -0.015659 0.018990
v 0.094873 -0.009420 -0.011850
v 0.094881 -0.008451 -0.009640
v 0.095159 -0.004043 -0.012060
v 0.095176 -0.005001 -0.014190
v 0.094905 0.000563 -0.013000
v 0.094809 -0.000073 -0.015350
v 0.060303 0.000094 -0.028410
v 0.056918 0.000056 -0.028240
v 0.056995 0.010489 -0.025750
v 0.060095 0.010857 -0.026250
v 0.057197 -0.016617 -0.021140
v 0.057147 -0.007904 -0.027150
v 0.060528 -0.007993 -0.027240
v 0.060573 -0.017387 -0.022250
v 0.057655 -0.006466 -0.031440
v 0.060796 -0.005761 -0.029730
v 0.060707 -0.002755 -0.030190
v 0.057548 -0.002645 -0.031830
v 0.045776 0.009712 -0.024720
v 0.056995 0.010489 -0.025750
v 0.056918 0.000056 -0.028240
v 0.045831 -0.000313 -0.027900
v 0.046759 -0.002732 -0.031950
v 0.057548 -0.002645 -0.031830
v 0.046813 -0.006508 -0.031570
v 0.057655 -0.006466 -0.031440
v 0.057147 -0.007904 -0.027150
v 0.045880 -0.007585 -0.026970
v 0.045893 -0.016432 -0.020720
v 0.057197 -0.016617 -0.021140
v 0.007810 0.008209 -0.027000
v 0.008347 0.008546 -0.027900
v 0.008352 0.002168 -0.029150
v 0.007862 0.002037 -0.028210
v 0.007914 -0.013099 -0.025100
v 0.008430 -0.013510 -0.025920
v 0.008498 -0.018974 -0.022210
v 0.007893 -0.018373 -0.021470
v 0.007929 -0.008560 -0.027070
v 0.008359 -0.008803 -0.027950
v 0.008315 -0.003787 -0.029020
v 0.007919 -0.003716 -0.028100
v 0.060732 -0.024313 -0.014280
v 0.056987 -0.024022 -0.013900
v 0.057243 -0.026069 0.003700
v 0.057151 -0.027089 -0.006850
v 0.060897 -0.027405 -0.006710
v 0.060893 -0.027797 0.003850
v 0.057694 -0.030342 -0.010130
v 0.061185 -0.028297 -0.009850
v 0.061108 -0.027249 -0.012340
v 0.057659 -0.028973 -0.013580
v 0.056987 -0.024022 -0.013900
v 0.045856 -0.024003 -0.013740
v 0.046814 -0.029095 -0.013640
v 0.057659 -0.028973 -0.013580
v 0.046819 -0.030409 -0.010200
v 0.057694 -0.030342 -0.010130
v 0.057151 -0.027089 -0.006850
v 0.045881 -0.026990 -0.007030
v 0.045786 -0.026101 0.002590
v 0.057243 -0.026069 0.003700
v 0.008433 -0.023457 -0.017210
v 0.007918 -0.022723 -0.016630
v 0.007857 -0.027944 -0.001640
v 0.008373 -0.028891 -0.001700
v 0.008395 -0.028434 0.004880
v 0.007789 -0.027471 0.004730
v 0.007912 -0.027201 -0.007230
v 0.008351 -0.028095 -0.007480
v 0.008364 -0.026091 -0.012960
v 0.007935 -0.025277 -0.012530
v 0.045417 0.016270 0.020580
v 0.056955 0.016266 0.020670
v 0.056617 0.024111 0.013430
v 0.045101 0.023811 0.013430
v 0.046359 0.029065 0.013240
v 0.057194 0.029078 0.013300
v 0.046411 0.030826 0.010020
v 0.057334 0.030863 0.010080
v 0.056759 0.027702 0.006520
v 0.045538 0.027189 0.006680
v 0.045580 0.026117 -0.004060
v 0.057051 0.028092 -0.004050
v 0.007469 0.017959 0.020770
v 0.008062 0.018558 0.021520
v 0.008007 0.023107 0.016550
v 0.007503 0.022372 0.015960
v 0.007556 0.027805 0.000130
v 0.008081 0.028748 0.000170
v 0.008166 0.028226 -0.005650
v 0.007568 0.027280 -0.005510
v 0.007562 0.027121 0.005740
v 0.007984 0.028018 0.005980
v 0.007970 0.026131 0.011530
v 0.007540 0.025301 0.011110
v 0.056673 0.024662 -0.014010
v 0.045594 0.023801 -0.014140
v 0.046541 0.026100 -0.018390
v 0.057306 0.026104 -0.018250
v 0.046615 0.024111 -0.021650
v 0.057460 0.024140 -0.021580
v 0.056962 0.019771 -0.020650
v 0.045751 0.019697 -0.020260
v 0.056995 0.010489 -0.025750
v 0.045776 0.009712 -0.024720
v 0.008152 0.026632 -0.011280
v 0.007636 0.025745 -0.010970
v 0.007773 0.013954 -0.024440
v 0.008293 0.014475 -0.025240
v 0.008347 0.008546 -0.027900
v 0.007810 0.008209 -0.027000
v 0.007751 0.019448 -0.020370
v 0.008180 0.020129 -0.021010
v 0.008125 0.023922 -0.016450
v 0.007713 0.023129 -0.015970
v 0.060950 -0.024392 0.013870
v 0.056861 -0.023598 0.013770
v 0.057001 -0.009717 0.024270
v 0.056954 -0.019383 0.019900
v 0.061083 -0.019515 0.020380
v 0.061016 -0.010494 0.026040
v 0.057489 -0.023761 0.021260
v 0.061377 -0.022472 0.019510
v 0.061287 -0.024097 0.017200
v 0.057431 -0.025925 0.018130
v 0.056861 -0.023598 0.013770
v 0.045682 -0.023649 0.013750
v 0.046608 -0.026008 0.018120
v 0.057431 -0.025925 0.018130
v 0.046610 -0.023838 0.021210
v 0.057489 -0.023761 0.021260
v 0.056954 -0.019383 0.019900
v 0.045711 -0.019508 0.019840
v 0.045607 -0.009673 0.024260
v 0.057001 -0.009717 0.024270
v 0.008288 -0.026435 0.011200
v 0.007781 -0.025551 0.010850
v 0.007651 -0.015185 0.023030
v 0.008161 -0.015708 0.023810
v 0.008180 -0.009809 0.026710
v 0.007583 -0.009465 0.025820
v 0.007719 -0.019654 0.019560
v 0.008152 -0.020321 0.020200
v 0.008190 -0.024058 0.015690
v 0.007770 -0.023268 0.015200
v 0.045607 -0.009673 0.024260
v 0.057001 -0.009717 0.024270
v 0.056660 0.000250 0.027290
v 0.045472 0.000230 0.027250
v 0.046388 0.002889 0.031530
v 0.057224 0.002909 0.031530
v 0.046409 0.006616 0.031460
v 0.057350 0.006659 0.031550
v 0.056781 0.007696 0.026870
v 0.045553 0.007612 0.026870
v 0.007583 -0.009465 0.025820
v 0.008180 -0.009809 0.026710
v 0.008077 -0.003308 0.028160
v 0.007568 -0.003168 0.027230
v 0.007509 0.012556 0.024390
v 0.008008 0.012963 0.025240
v 0.007547 0.008083 0.026300
v 0.007962 0.008325 0.027190
v 0.007995 0.002564 0.028300
v 0.007564 0.002513 0.027370
v 0.064451 -0.026394 -0.006900
v 0.064668 -0.027066 0.003630
v 0.064394 -0.026124 -0.009450
v 0.064290 -0.023784 -0.013460
v 0.064343 -0.025371 -0.011340
v 0.064018 -0.016778 -0.021680
v 0.063718 -0.007316 -0.026560
v 0.063651 -0.005027 -0.027860
v 0.063505 -0.000327 -0.027630
v 0.063584 -0.002795 -0.028200
v 0.063140 0.010705 -0.025420
v 0.065008 -0.019177 0.019420
v 0.065207 -0.010295 0.025320
v 0.064964 -0.020892 0.017710
v 0.064875 -0.023521 0.013850
v 0.064920 -0.022246 0.015970
v 0.046409 0.006616 0.031460
v 0.046388 0.002889 0.031530
v 0.057224 0.002909 0.031530
v 0.057350 0.006659 0.031550
v 0.046411 0.030826 0.010020
v 0.046359 0.029065 0.013240
v 0.057194 0.029078 0.013300
v 0.057334 0.030863 0.010080
v 0.046615 0.024111 -0.021650
v 0.057460 0.024140 -0.021580
v 0.057655 -0.006466 -0.031440
v 0.057548 -0.002645 -0.031830
v 0.046813 -0.006508 -0.031570
v 0.046759 -0.002732 -0.031950
v 0.057548 -0.002645 -0.031830
v 0.057655 -0.006466 -0.031440
v 0.057694 -0.030342 -0.010130
v 0.057659 -0.028973 -0.013580
v 0.046819 -0.030409 -0.010200
v 0.046814 -0.029095 -0.013640
v 0.057659 -0.028973 -0.013580
v 0.057694 -0.030342 -0.010130
v 0.057489 -0.023761 0.021260
v 0.057431 -0.025925 0.018130
v 0.046610 -0.023838 0.021210
v 0.046608 -0.026008 0.018120
v 0.057431 -0.025925 0.018130
v 0.057489 -0.023761 0.021260
v 0.030931 0.004115 0.034830
v 0.032251 0.003461 0.028780
v 0.033854 0.005235 0.029990
v 0.031696 0.006427 0.035210
v 0.031757 -0.003999 0.034460
v 0.033747 -0.003254 0.028160
v 0.031705 -0.012844 0.032440
v 0.033591 -0.010559 0.026480
v 0.057872 0.022068 0.003920
v 0.058202 0.022395 0.001430
v 0.051559 0.021532 0.003940
v 0.070611 0.021602 -0.005050
v 0.072036 0.021441 -0.005070
v 0.069419 0.020212 -0.008840
v 0.068950 0.021338 -0.005110
v 0.067481 0.021172 -0.005190
v 0.063046 0.021588 -0.008470
v 0.059870 0.022027 -0.000950
v 0.057340 0.022301 -0.004880
v 0.064033 0.020892 -0.004070
v 0.065294 0.020826 -0.004740
v 0.061904 0.021460 -0.002410
v 0.073185 0.020961 -0.005110
v 0.074381 0.020890 -0.008750
v 0.066238 0.021009 -0.005050
vt 3.125320 0.495602
vt 3.125320 0.499744
vt 3.250330 0.499744
vt 3.250330 0.495602
vt 3.750390 0.495602
vt 3.750390 0.499744
vt 3.875400 0.499744
vt 3.875400 0.495602
vt 0.750062 0.495602
vt 0.750062 0.499744
vt 0.875079 0.499744
vt 0.875079 0.495602
vt 3.375350 0.495602
vt 3.375350 0.499744
vt 3.500360 0.499744
vt 3.500360 0.495602
vt 1.000090 0.495602
vt 1.000090 0.499744
vt 1.125110 0.499744
vt 1.125110 0.495602
vt 3.625370 0.495602
vt 3.625370 0.499744
vt 1.250120 0.495602
vt 1.250120 0.499744
vt 1.375130 0.499744
vt 1.375130 0.495602
vt 4.000420 0.499744
vt 4.000420 0.495602
vt 2.000200 0.495602
vt 2.000200 0.499744
vt 2.125210 0.499744
vt 2.125210 0.495602
vt 0.124993 0.495602
vt 0.124993 0.499744
vt 0.250005 0.499744
vt 0.250005 0.495602
vt 1.500150 0.495602
vt 1.500150 0.499744
vt 1.625160 0.499744
vt 1.625160 0.495602
vt 0.375023 0.495602
vt 0.375023 0.499744
vt 0.500036 0.499744
vt 0.500036 0.495602
vt 2.250230 0.495602
vt 2.250230 0.499744
vt 2.375240 0.499744
vt 2.375240 0.495602
vt 0.625046 0.495602
vt 0.625046 0.499744
vt 1.750170 0.495602
vt 1.750170 0.499744
vt 1.875180 0.499744
vt 1.875180 0.495602
vt 2.500250 0.495602
vt 2.500250 0.499744
vt 2.625260 0.499744
vt 2.625260 0.495602
vt 2.750280 0.495602
vt 2.750280 0.499744
vt 2.875290 0.499744
vt 2.875290 0.495602
vt 3.000310 0.495602
vt 3.000310 0.499744
vt -0.000018 0.495602
vt -0.000018 0.499744
vt 3.875400 0.492747
vt 4.000420 0.492747
vt 2.000200 0.492747
vt 2.125210 0.492747
vt 0.124993 0.492747
vt 0.250005 0.492747
vt 1.500150 0.492747
vt 1.625160 0.492747
vt 0.375023 0.492747
vt 0.500036 0.492747
vt 2.250230 0.492747
vt 2.375240 0.492747
vt 0.625046 0.492747
vt 0.750062 0.492747
vt 1.750170 0.492747
vt 1.875180 0.492747
vt 0.875079 0.492747
vt 1.000090 0.492747
vt 2.500250 0.492747
vt 2.625260 0.492747
vt 1.125110 0.492747
vt 1.250120 0.492747
vt 1.375130 0.492747
vt 2.750280 0.492747
vt 2.875290 0.492747
vt 3.000310 0.492747
vt 3.125320 0.492747
vt -0.000018 0.492747
vt 3.250330 0.492747
vt 3.375350 0.492747
vt 3.500360 0.492747
vt 3.625370 0.492747
vt 3.750390 0.492747
vt 1.000090 0.489848
vt 0.875079 0.489848
vt 2.625260 0.489848
vt 2.500250 0.489848
vt 1.250120 0.489848
vt 1.125110 0.489848
vt 2.000200 0.489848
vt 1.875180 0.489848
vt 1.500150 0.489848
vt 1.375130 0.489848
vt 2.875290 0.489848
vt 2.750280 0.489848
vt 1.750170 0.489848
vt 1.625160 0.489848
vt 2.375240 0.489848
vt 3.125320 0.489848
vt 3.000310 0.489848
vt 0.124993 0.489848
vt -0.000018 0.489848
vt 3.375350 0.489848
vt 3.250330 0.489848
vt 0.375023 0.489848
vt 0.250005 0.489848
vt 3.625370 0.489848
vt 3.500360 0.489848
vt 0.625046 0.489848
vt 0.500036 0.489848
vt 3.875400 0.489848
vt 3.750390 0.489848
vt 0.750062 0.489848
vt 4.000420 0.489848
vt 2.125210 0.489848
vt 2.250230 0.489848
vt 0.250005 0.481726
vt 0.375023 0.481726
vt 2.875290 0.481726
vt 3.000310 0.481726
vt 3.500360 0.481726
vt 3.625370 0.481726
vt 0.500036 0.481726
vt 0.625046 0.481726
vt 3.125320 0.481726
vt 3.250330 0.481726
vt 3.750390 0.481726
vt 3.875400 0.481726
vt 0.750062 0.481726
vt 0.875079 0.481726
vt 3.375350 0.481726
vt 1.000090 0.481726
vt 1.125110 0.481726
vt 1.250120 0.481726
vt 1.375130 0.481726
vt 4.000420 0.481726
vt 2.000200 0.481726
vt 2.125210 0.481726
vt 0.124993 0.481727
vt 1.500150 0.481726
vt 1.625160 0.481726
vt 2.250230 0.481726
vt 2.375240 0.481726
vt 1.750170 0.481726
vt 1.875180 0.481726
vt 2.500250 0.481726
vt 2.625260 0.481726
vt 2.750280 0.481726
vt -0.000018 0.481727
vt 1.000090 0.461633
vt 1.125110 0.461633
vt 3.625370 0.461633
vt 3.750390 0.461633
vt 1.250120 0.461633
vt 1.375130 0.461633
vt 3.875400 0.461633
vt 4.000420 0.461633
vt 2.000200 0.461633
vt 2.125210 0.461633
vt 0.124993 0.461633
vt 0.250005 0.461633
vt 1.500150 0.461633
vt 1.625160 0.461633
vt 0.375023 0.461633
vt 0.500036 0.461633
vt 2.250230 0.461633
vt 2.375240 0.461633
vt 0.625046 0.461633
vt 0.750062 0.461633
vt 1.750170 0.461633
vt 1.875180 0.461633
vt 0.875079 0.461633
vt 2.500250 0.461633
vt 2.625260 0.461633
vt 2.750280 0.461633
vt 2.875290 0.461633
vt 3.000310 0.461633
vt 3.125320 0.461633
vt -0.000018 0.461633
vt 3.250330 0.461633
vt 3.375350 0.461633
vt 3.500360 0.461633
vt 1.500150 0.435825
vt 1.625160 0.435825
vt 0.375023 0.435825
vt 0.500036 0.435825
vt 2.250230 0.435825
vt 2.375240 0.435825
vt 0.625046 0.435825
vt 0.750062 0.435825
vt 1.750170 0.435825
vt 1.875180 0.435825
vt 0.875079 0.435825
vt 1.000090 0.435825
vt 2.500250 0.435825
vt 2.625260 0.435827
vt 1.125110 0.435825
vt 1.250120 0.435825
vt 2.000200 0.435825
vt 1.375130 0.435825
vt 2.125210 0.435825
vt 2.750280 0.435827
vt 2.875290 0.435827
vt 3.000310 0.435827
vt 3.125320 0.435827
vt -0.000018 0.435825
vt 0.124993 0.435825
vt 3.250330 0.435827
vt 3.375350 0.435827
vt 0.250005 0.435825
vt 3.500360 0.435827
vt 3.625370 0.435827
vt 3.750390 0.435827
vt 3.875400 0.435827
vt 4.000420 0.435827
vt 2.500250 0.398826
vt 2.625260 0.398826
vt 1.125110 0.398826
vt 1.250120 0.398826
vt 1.875180 0.398826
vt 2.000200 0.398826
vt 1.375130 0.398826
vt 1.500150 0.398826
vt 2.125210 0.398826
vt 2.250230 0.398826
vt 2.750280 0.398826
vt 2.875290 0.398829
vt 1.625160 0.398826
vt 1.750170 0.398826
vt 2.375240 0.398826
vt 3.000310 0.398829
vt 3.125320 0.398829
vt -0.000018 0.398826
vt 0.124993 0.398826
vt 3.250330 0.398829
vt 3.375350 0.398829
vt 0.250005 0.398826
vt 0.375023 0.398826
vt 3.500360 0.398829
vt 3.625370 0.398829
vt 0.500036 0.398826
vt 0.625046 0.398826
vt 3.750390 0.398829
vt 3.875400 0.398829
vt 0.750062 0.398826
vt 0.875079 0.398826
vt 1.000090 0.398826
vt 4.000420 0.398829
vt 3.000310 0.359362
vt 3.125320 0.359362
vt -0.000018 0.359362
vt 0.124993 0.359362
vt 2.625260 0.359362
vt 2.750280 0.359362
vt 3.250330 0.359362
vt 3.375350 0.359362
vt 0.250005 0.359362
vt 0.375023 0.359362
vt 2.875290 0.359362
vt 3.500360 0.359362
vt 3.625370 0.359362
vt 0.500036 0.359362
vt 0.625046 0.359362
vt 3.750390 0.359362
vt 3.875400 0.359362
vt 0.750062 0.359362
vt 0.875079 0.359362
vt 1.000090 0.359362
vt 1.125110 0.359362
vt 1.250120 0.359362
vt 1.375130 0.359362
vt 4.000420 0.359362
vt 2.000200 0.359362
vt 2.125210 0.359362
vt 1.500150 0.359362
vt 1.625160 0.359362
vt 2.250230 0.359362
vt 2.375240 0.359362
vt 1.750170 0.359362
vt 1.875180 0.359362
vt 2.500250 0.359362
vt -0.000018 0.307281
vt 0.124993 0.307281
vt 3.250330 0.307281
vt 3.375350 0.307281
vt 3.500360 0.307281
vt 0.250005 0.307281
vt 0.375023 0.307281
vt 3.625370 0.307281
vt 0.500036 0.307281
vt 0.625046 0.307281
vt 3.750390 0.307281
vt 3.875400 0.307281
vt 0.750062 0.307281
vt 0.875079 0.307281
vt 1.000090 0.307281
vt 1.125110 0.307281
vt 1.250120 0.307281
vt 1.375130 0.307281
vt 4.000420 0.307281
vt 2.000200 0.307281
vt 2.125210 0.307281
vt 1.500150 0.307281
vt 1.625160 0.307281
vt 2.250230 0.307281
vt 2.375240 0.307281
vt 1.750170 0.307281
vt 1.875180 0.307281
vt 2.500250 0.307281
vt 2.625260 0.307281
vt 2.750280 0.307281
vt 2.875290 0.307281
vt 3.000310 0.307281
vt 3.125320 0.307281
vt 0.750062 0.254819
vt 0.875079 0.254819
vt 3.375350 0.254819
vt 3.500360 0.254819
vt 1.000090 0.254819
vt 1.125110 0.254819
vt 3.625370 0.254819
vt 3.750390 0.254819
vt 1.250120 0.254819
vt 1.375130 0.254819
vt 3.875400 0.254819
vt 4.000420 0.254819
vt 2.000200 0.254819
vt 2.125210 0.254819
vt 0.124993 0.254819
vt 0.250005 0.254819
vt 1.500150 0.254819
vt 1.625160 0.254819
vt 0.375023 0.254819
vt 0.500036 0.254819
vt 2.250230 0.254819
vt 2.375240 0.254819
vt 0.625046 0.254819
vt 1.750170 0.254819
vt 1.875180 0.254819
vt 2.500250 0.254819
vt 2.625260 0.254819
vt 2.750280 0.254819
vt 2.875290 0.254819
vt 3.000310 0.254819
vt 3.125320 0.254819
vt -0.000018 0.254819
vt 3.250330 0.254819
vt 2.000200 0.205461
vt 2.125210 0.205461
vt 0.124993 0.205461
vt 0.250005 0.205461
vt 1.500150 0.205461
vt 1.625160 0.205461
vt 0.375023 0.205461
vt 0.500036 0.205461
vt 2.250230 0.205461
vt 2.375240 0.205461
vt 0.625046 0.205461
vt 0.750062 0.205461
vt 1.750170 0.205461
vt 1.875180 0.205461
vt 0.875079 0.205461
vt 1.000090 0.205461
vt 2.500250 0.205461
vt 2.625260 0.205461
vt 1.125110 0.205461
vt 1.250120 0.205461
vt 1.375130 0.205461
vt 2.750280 0.205461
vt 2.875290 0.205461
vt 3.000310 0.205461
vt 3.125320 0.205461
vt -0.000018 0.205461
vt 3.250330 0.205461
vt 3.375350 0.205461
vt 3.500360 0.205461
vt 3.625370 0.205461
vt 3.750390 0.205461
vt 3.875400 0.205461
vt 4.000420 0.205461
vt 1.750170 0.162589
vt 1.875180 0.162589
vt 0.875079 0.162589
vt 1.000090 0.162589
vt 2.500250 0.162589
vt 2.625260 0.162589
vt 1.125110 0.162589
vt 1.250120 0.162589
vt 2.000200 0.162589
vt 1.375130 0.162589
vt 1.500150 0.162589
vt 2.125210 0.162589
vt 2.250230 0.162589
vt 2.750280 0.162589
vt 2.875290 0.162589
vt 1.625160 0.162589
vt 2.375240 0.162589
vt 3.000310 0.162589
vt 3.125320 0.162589
vt -0.000018 0.162589
vt 0.124993 0.162589
vt 3.250330 0.162589
vt 3.375350 0.162589
vt 0.250005 0.162589
vt 0.375023 0.162589
vt 3.500360 0.162589
vt 3.625370 0.162589
vt 0.500036 0.162589
vt 0.625046 0.162589
vt 3.750390 0.162589
vt 3.875400 0.162589
vt 0.750062 0.162589
vt 4.000420 0.162589
vt 2.750280 0.115216
vt 2.875290 0.115216
vt 1.625160 0.115216
vt 1.750170 0.115216
vt 2.375240 0.115216
vt 2.500250 0.115216
vt 3.000310 0.115216
vt 3.125320 0.115216
vt -0.000018 0.115216
vt 0.124993 0.115216
vt 2.625260 0.115216
vt 3.250330 0.115216
vt 3.375350 0.115216
vt 0.250005 0.115216
vt 0.375023 0.115216
vt 3.500360 0.115216
vt 3.625370 0.115216
vt 0.500036 0.115216
vt 0.625046 0.115216
vt 3.750390 0.115216
vt 3.875400 0.115216
vt 0.750062 0.115216
vt 0.875079 0.115216
vt 1.000090 0.115216
vt 1.125110 0.115216
vt 1.250120 0.115216
vt 1.375130 0.115216
vt 4.000420 0.115216
vt 2.000200 0.115216
vt 2.125210 0.115216
vt 1.500150 0.115216
vt 2.250230 0.115216
vt 1.875180 0.115216
vt 3.500360 0.079386
vt 3.625370 0.079386
vt 0.500036 0.079386
vt 0.625046 0.079386
vt 3.125320 0.079386
vt 3.250330 0.079386
vt 3.750390 0.079386
vt 3.875400 0.079386
vt 0.750062 0.079386
vt 0.875079 0.079386
vt 3.375350 0.079386
vt 1.000090 0.079386
vt 1.125110 0.079386
vt 1.250120 0.079386
vt 1.375130 0.079386
vt 4.000420 0.079386
vt 2.000200 0.079386
vt 2.125210 0.079386
vt 0.124993 0.079386
vt 0.250005 0.079386
vt 1.500150 0.079386
vt 1.625160 0.079386
vt 0.375023 0.079386
vt 2.250230 0.079386
vt 2.375240 0.079386
vt 1.750170 0.079386
vt 1.875180 0.079386
vt 2.500250 0.079386
vt 2.625260 0.079386
vt 2.750280 0.079386
vt 2.875290 0.079386
vt 3.000310 0.079386
vt -0.000018 0.079386
vt 1.250120 0.058677
vt 1.375130 0.058677
vt 3.875400 0.058677
vt 4.000420 0.058677
vt 2.000200 0.058677
vt 2.125210 0.058677
vt 0.124993 0.058677
vt 0.250005 0.058677
vt 1.500150 0.058677
vt 1.625160 0.058677
vt 0.375023 0.058677
vt 0.500036 0.058677
vt 2.250230 0.058677
vt 2.375240 0.058677
vt 0.625046 0.058677
vt 0.750062 0.058677
vt 1.750170 0.058677
vt 1.875180 0.058677
vt 0.875079 0.058677
vt 1.000090 0.058677
vt 2.500250 0.058677
vt 2.625260 0.058677
vt 1.125110 0.058677
vt 2.750280 0.058677
vt 2.875290 0.058677
vt 3.000310 0.058677
vt 3.125320 0.058677
vt -0.000018 0.058677
vt 3.250330 0.058677
vt 3.375350 0.058677
vt 3.500360 0.058677
vt 3.625370 0.058677
vt 3.750390 0.058677
vt 2.250230 0.039700
vt 2.375240 0.039700
vt 0.625046 0.039700
vt 0.750062 0.039700
vt 1.750170 0.039700
vt 1.875180 0.039700
vt 0.875079 0.039700
vt 1.000090 0.039700
vt 2.500250 0.039700
vt 2.625260 0.039700
vt 1.125110 0.039700
vt 1.250120 0.039700
vt 2.000200 0.039700
vt 1.375130 0.039700
vt 1.500150 0.039700
vt 2.125210 0.039700
vt 2.750280 0.039700
vt 2.875290 0.039700
vt 1.625160 0.039700
vt 3.000310 0.039700
vt 3.125320 0.039700
vt -0.000018 0.039700
vt 0.124993 0.039700
vt 3.250330 0.039700
vt 3.375350 0.039700
vt 0.250005 0.039700
vt 0.375023 0.039700
vt 3.500360 0.039700
vt 3.625370 0.039700
vt 0.500036 0.039700
vt 3.750390 0.039700
vt 3.875400 0.039700
vt 4.000420 0.039700
vt 1.875180 0.028916
vt 2.000200 0.028916
vt 1.375130 0.028916
vt 1.500150 0.028916
vt 2.125210 0.028916
vt 2.250230 0.028916
vt 2.750280 0.028916
vt 2.875290 0.028916
vt 1.625160 0.028916
vt 1.750170 0.028916
vt 2.375240 0.028916
vt 2.500250 0.028916
vt 3.000310 0.028915
vt 3.125320 0.028915
vt -0.000018 0.028916
vt 0.124993 0.028916
vt 2.625260 0.028916
vt 3.250330 0.028915
vt 3.375350 0.028915
vt 0.250005 0.028916
vt 0.375023 0.028916
vt 3.500360 0.028915
vt 3.625370 0.028915
vt 0.500036 0.028916
vt 0.625046 0.028916
vt 3.750390 0.028915
vt 3.875400 0.028915
vt 0.750062 0.028916
vt 0.875079 0.028916
vt 1.000090 0.028916
vt 1.125110 0.028916
vt 1.250120 0.028916
vt 4.000420 0.028915
vt 2.625260 0.018098
vt 2.750280 0.018098
vt 3.250330 0.018098
vt 3.375350 0.018098
vt 0.250005 0.018098
vt 0.375023 0.018098
vt 2.875290 0.018098
vt 3.000310 0.018098
vt 3.500360 0.018098
vt 3.625370 0.018098
vt 0.500036 0.018098
vt 0.625046 0.018098
vt 3.125320 0.018098
vt 3.750390 0.018101
vt 3.875400 0.018101
vt 0.750062 0.018098
vt 0.875079 0.018098
vt 1.000090 0.018098
vt 1.125110 0.018098
vt 1.250120 0.018098
vt 1.375130 0.018098
vt 4.000420 0.018101
vt 2.000200 0.018098
vt 2.125210 0.018098
vt 0.124993 0.018098
vt 1.500150 0.018098
vt 1.625160 0.018098
vt 2.250230 0.018098
vt 2.375240 0.018098
vt 1.750170 0.018098
vt 1.875180 0.018098
vt 2.500250 0.018098
vt -0.000018 0.018098
vt 3.375350 0.013123
vt 3.500360 0.013123
vt 1.000090 0.013123
vt 1.125110 0.013123
vt 3.625370 0.013123
vt 3.750390 0.013123
vt 1.250120 0.013123
vt 1.375130 0.013123
vt 3.875400 0.013123
vt 4.000420 0.013123
vt 2.000200 0.013123
vt 2.125210 0.013123
vt 0.124993 0.013123
vt 0.250005 0.013123
vt 1.500150 0.013123
vt 1.625160 0.013123
vt 0.375023 0.013123
vt 0.500036 0.013123
vt 2.250230 0.013123
vt 2.375240 0.013123
vt 0.625046 0.013123
vt 0.750062 0.013123
vt 1.750170 0.013123
vt 1.875180 0.013123
vt 0.875079 0.013123
vt 2.500250 0.013123
vt 2.625260 0.013123
vt 2.750280 0.013123
vt 2.875290 0.013123
vt 3.000310 0.013123
vt 3.125320 0.013123
vt -0.000018 0.013123
vt 3.250330 0.013123
vt 0.124993 0.009489
vt 0.250005 0.009489
vt 1.500150 0.009492
vt 1.625160 0.009492
vt 0.375023 0.009489
vt 0.500036 0.009489
vt 2.250230 0.009492
vt 2.375240 0.009492
vt 0.625046 0.009489
vt 0.750062 0.009489
vt 1.750170 0.009492
vt 1.875180 0.009492
vt 0.875079 0.009489
vt 1.000090 0.009489
vt 2.500250 0.009492
vt 2.625260 0.009492
vt 1.125110 0.009489
vt 1.250120 0.009492
vt 2.000200 0.009492
vt 1.375130 0.009492
vt 2.125210 0.009492
vt 2.750280 0.009492
vt 2.875290 0.009492
vt 3.000310 0.009492
vt 3.125320 0.009492
vt -0.000018 0.009489
vt 3.250330 0.009492
vt 3.375350 0.009492
vt 3.500360 0.009492
vt 3.625370 0.009492
vt 3.750390 0.009492
vt 3.875400 0.009492
vt 4.000420 0.009492
vt 0.875079 0.005174
vt 1.000090 0.005174
vt 2.500250 0.005174
vt 2.625260 0.005174
vt 1.125110 0.005174
vt 1.250120 0.005174
vt 1.875180 0.005174
vt 2.000200 0.005174
vt 1.375130 0.005174
vt 1.500150 0.005174
vt 2.125210 0.005174
vt 2.250230 0.005174
vt 2.750280 0.005174
vt 2.875290 0.005174
vt 1.625160 0.005174
vt 1.750170 0.005174
vt 2.375240 0.005174
vt 3.000310 0.005174
vt 3.125320 0.005174
vt -0.000018 0.005174
vt 0.124993 0.005174
vt 3.250330 0.005174
vt 3.375350 0.005174
vt 0.250005 0.005174
vt 0.375023 0.005174
vt 3.500360 0.005174
vt 3.625370 0.005174
vt 0.500036 0.005174
vt 0.625046 0.005174
vt 3.750390 0.005174
vt 3.875400 0.005174
vt 0.750062 0.005174
vt 4.000420 0.005174
vt 1.625160 0.002456
vt 1.750170 0.002456
vt 2.375240 0.002456
vt 2.500250 0.002456
vt 3.000310 0.002456
vt 3.125320 0.002456
vt -0.000018 0.002456
vt 0.124993 0.002456
vt 2.625260 0.002456
vt 2.750280 0.002456
vt 3.250330 0.002456
vt 3.375350 0.002456
vt 0.250005 0.002456
vt 0.375023 0.002456
vt 2.875290 0.002456
vt 3.500360 0.002456
vt 3.625370 0.002456
vt 0.500036 0.002456
vt 0.625046 0.002456
vt 3.750390 0.002456
vt 3.875400 0.002456
vt 0.750062 0.002456
vt 0.875079 0.002456
vt 1.000090 0.002456
vt 1.125110 0.002456
vt 1.250120 0.002456
vt 1.375130 0.002456
vt 4.000420 0.002456
vt 2.000200 0.002456
vt 2.125210 0.002456
vt 1.500150 0.002456
vt 2.250230 0.002456
vt 1.875180 0.002456
vt 0.500036 0.000146
vt 0.625046 0.000146
vt 3.125320 0.000146
vt 3.250330 0.000146
vt 3.750390 0.000146
vt 3.875400 0.000146
vt 0.750062 0.000146
vt 0.875079 0.000146
vt 3.375350 0.000146
vt 3.500360 0.000146
vt 1.000090 0.000146
vt 1.125110 0.000146
vt 3.625370 0.000146
vt 1.250120 0.000146
vt 1.375130 0.000146
vt 4.000420 0.000146
vt 2.000200 0.000146
vt 2.125210 0.000146
vt 0.124993 0.000146
vt 0.250005 0.000146
vt 1.500150 0.000146
vt 1.625160 0.000146
vt 0.375023 0.000146
vt 2.250230 0.000146
vt 2.375240 0.000146
vt 1.750170 0.000146
vt 1.875180 0.000146
vt 2.500250 0.000146
vt 2.625260 0.000146
vt 2.750280 0.000146
vt 2.875290 0.000146
vt 3.000310 0.000146
vt -0.000018 0.000146
vt 0.689263 0.848512
vt 0.683131 0.845320
vt 0.642337 0.861309
vt 0.647104 0.865036
vt 0.232928 0.720550
vt 0.241583 0.721505
vt 0.257697 0.696904
vt 0.249583 0.695126
vt 0.724150 0.828201
vt 0.716887 0.825668
vt 0.226539 0.747106
vt 0.235401 0.747201
vt 0.750425 0.804887
vt 0.742311 0.803109
vt 0.230658 0.773775
vt 0.239386 0.773004
vt 0.767078 0.779465
vt 0.758425 0.778511
vt 0.245129 0.799530
vt 0.253389 0.797925
vt 0.773467 0.752909
vt 0.764607 0.752815
vt 0.269395 0.823382
vt 0.276867 0.821005
vt 0.769348 0.726242
vt 0.760620 0.727012
vt 0.302525 0.844413
vt 0.308922 0.841355
vt 0.754874 0.700488
vt 0.746617 0.702092
vt 0.343244 0.861817
vt 0.348323 0.858195
vt 0.730609 0.676637
vt 0.723137 0.679014
vt 0.389988 0.874924
vt 0.393553 0.870876
vt 0.452357 0.615658
vt 0.453901 0.620010
vt 0.505630 0.618021
vt 0.505819 0.613602
vt 0.697481 0.655606
vt 0.691082 0.658664
vt 0.440960 0.883229
vt 0.442874 0.878912
vt 0.400728 0.622875
vt 0.403944 0.626994
vt 0.656766 0.638203
vt 0.651684 0.641825
vt 0.494201 0.886416
vt 0.494388 0.881996
vt 0.352912 0.634978
vt 0.357678 0.638705
vt 0.610025 0.625096
vt 0.606461 0.629143
vt 0.547663 0.884359
vt 0.546119 0.880007
vt 0.310749 0.651501
vt 0.316882 0.654694
vt 0.559056 0.616789
vt 0.557142 0.621105
vt 0.599291 0.877140
vt 0.596073 0.873021
vt 0.275860 0.671812
vt 0.283122 0.674345
vt 0.450366 0.610022
vt 0.506068 0.607881
vt 0.705770 0.651649
vt 0.740285 0.673562
vt 0.438478 0.888816
vt 0.385366 0.880162
vt 0.396570 0.617542
vt 0.663345 0.633515
vt 0.493949 0.892137
vt 0.346748 0.630151
vt 0.614646 0.619857
vt 0.549654 0.889995
vt 0.302816 0.647368
vt 0.561540 0.611202
vt 0.603450 0.882474
vt 0.266462 0.668529
vt 0.653268 0.869862
vt 0.239081 0.692820
vt 0.697196 0.852645
vt 0.221728 0.719311
vt 0.733548 0.831485
vt 0.215068 0.746982
vt 0.760925 0.807193
vt 0.219360 0.774768
vt 0.778280 0.780703
vt 0.234437 0.801603
vt 0.784938 0.753035
vt 0.259717 0.826457
vt 0.780647 0.725248
vt 0.294236 0.848371
vt 0.765569 0.698414
vt 0.336663 0.866505
vt 0.299867 0.645830
vt 0.344458 0.628357
vt 0.562464 0.609125
vt 0.616367 0.617909
vt 0.604993 0.884458
vt 0.550393 0.892091
vt 0.262968 0.667307
vt 0.506165 0.605754
vt 0.655558 0.871657
vt 0.235176 0.691963
vt 0.700144 0.854183
vt 0.217564 0.718850
vt 0.737041 0.832705
vt 0.210803 0.746934
vt 0.764829 0.808050
vt 0.215158 0.775137
vt 0.782444 0.781165
vt 0.230459 0.802373
vt 0.789203 0.753081
vt 0.256119 0.827599
vt 0.784846 0.724880
vt 0.291154 0.849842
vt 0.769545 0.697644
vt 0.334214 0.868248
vt 0.743885 0.672420
vt 0.383647 0.882110
vt 0.449627 0.607926
vt 0.708852 0.650178
vt 0.437553 0.890893
vt 0.395026 0.615558
vt 0.665794 0.631773
vt 0.493855 0.894264
vt 0.206733 0.717651
vt 0.199713 0.746812
vt 0.746125 0.835880
vt 0.774981 0.810280
vt 0.204233 0.776095
vt 0.793275 0.782365
vt 0.220119 0.804378
vt 0.800293 0.753203
vt 0.246760 0.830571
vt 0.795773 0.723920
vt 0.283138 0.853668
vt 0.779885 0.695639
vt 0.327848 0.872780
vt 0.753242 0.669448
vt 0.379178 0.887174
vt 0.716868 0.646352
vt 0.435149 0.896295
vt 0.447703 0.602477
vt 0.391007 0.610401
vt 0.672160 0.627241
vt 0.493611 0.899796
vt 0.338500 0.623688
vt 0.620836 0.612846
vt 0.552317 0.897540
vt 0.292198 0.641832
vt 0.564869 0.603723
vt 0.609012 0.889615
vt 0.253883 0.664132
vt 0.506409 0.600222
vt 0.661515 0.876325
vt 0.225025 0.689733
vt 0.626275 0.606669
vt 0.567786 0.597137
vt 0.707813 0.858180
vt 0.193531 0.716194
vt 0.186194 0.746669
vt 0.190916 0.777272
vt 0.212644 0.687021
vt 0.809088 0.722745
vt 0.792484 0.693190
vt 0.242802 0.660267
vt 0.282843 0.636963
vt 0.806477 0.783821
vt 0.813813 0.753347
vt 0.386100 0.604116
vt 0.331228 0.618003
vt 0.726629 0.641685
vt 0.679906 0.621715
vt 0.432232 0.902881
vt 0.493326 0.906540
vt 0.757207 0.839745
vt 0.787360 0.812993
vt 0.764641 0.665820
vt 0.506696 0.593478
vt 0.668788 0.882010
vt 0.717171 0.863050
vt 0.320100 0.878308
vt 0.373741 0.893350
vt 0.554675 0.904182
vt 0.613922 0.895899
vt 0.235359 0.834199
vt 0.273376 0.858335
vt 0.445346 0.595835
vt 0.207520 0.806827
vt 0.187657 0.810686
vt 0.169924 0.779123
vt 0.774676 0.845839
vt 0.731919 0.870726
vt 0.164879 0.746442
vt 0.172714 0.713899
vt 0.680252 0.890975
vt 0.621660 0.905807
vt 0.193127 0.682743
vt 0.225333 0.654173
vt 0.558389 0.914653
vt 0.492872 0.917172
vt 0.507148 0.582847
vt 0.572389 0.586755
vt 0.427630 0.913264
vt 0.365165 0.903086
vt 0.268092 0.629285
vt 0.319766 0.609038
vt 0.307881 0.887022
vt 0.257984 0.865694
vt 0.634847 0.596938
vt 0.692130 0.612997
vt 0.217385 0.839919
vt 0.378364 0.594208
vt 0.441635 0.585364
vt 0.742020 0.634327
vt 0.782615 0.660102
vt 0.812349 0.689331
vt 0.830080 0.720893
vt 0.835125 0.753572
vt 0.827295 0.786116
vt 0.806875 0.817269
vt 0.303154 0.596042
vt 0.246719 0.618154
vt 0.235668 0.876356
vt 0.290164 0.899653
vt 0.709843 0.600371
vt 0.647289 0.582825
vt 0.158852 0.816280
vt 0.191337 0.848204
vt 0.436259 0.570187
vt 0.367155 0.579844
vt 0.133983 0.746110
vt 0.139491 0.781805
vt 0.808670 0.651816
vt 0.764334 0.623665
vt 0.164840 0.676539
vt 0.142544 0.710566
vt 0.507813 0.567438
vt 0.200016 0.645335
vt 0.860509 0.718211
vt 0.841146 0.683740
vt 0.857457 0.789444
vt 0.866017 0.753904
vt 0.420955 0.928319
vt 0.492217 0.932576
vt 0.799994 0.854675
vt 0.835168 0.823472
vt 0.352729 0.917198
vt 0.696863 0.903970
vt 0.753295 0.881855
vt 0.563767 0.929832
vt 0.632870 0.920170
vt 0.579066 0.571705
vt 0.169948 0.855007
vt 0.135209 0.820871
vt 0.357954 0.568052
vt 0.431847 0.557726
vt 0.114508 0.784007
vt 0.108620 0.745838
vt 0.782652 0.614911
vt 0.830062 0.645012
vt 0.117773 0.707831
vt 0.141615 0.671446
vt 0.508358 0.554787
vt 0.179230 0.638080
vt 0.229171 0.609016
vt 0.584548 0.559351
vt 0.657499 0.571236
vt 0.864785 0.679150
vt 0.885490 0.716009
vt 0.289519 0.585371
vt 0.724380 0.590006
vt 0.891380 0.754176
vt 0.882227 0.792180
vt 0.491674 0.945224
vt 0.415477 0.940675
vt 0.858391 0.828565
vt 0.820777 0.861929
vt 0.342518 0.928783
vt 0.275620 0.910022
vt 0.770843 0.890993
vt 0.710500 0.914639
vt 0.217347 0.885109
vt 0.642074 0.931961
vt 0.568183 0.942294
vt 0.349120 0.556753
vt 0.276437 0.575148
vt 0.800199 0.606516
vt 0.738304 0.580068
vt 0.905969 0.794794
vt 0.915686 0.754429
vt 0.410229 0.952518
vt 0.491158 0.957346
vt 0.887439 0.674743
vt 0.850556 0.638486
vt 0.840707 0.868876
vt 0.880654 0.833438
vt 0.261692 0.919964
vt 0.332748 0.939891
vt 0.909431 0.713893
vt 0.723585 0.924860
vt 0.787673 0.899745
vt 0.149446 0.861529
vt 0.199799 0.893505
vt 0.572428 0.954239
vt 0.650909 0.943259
vt 0.090565 0.786123
vt 0.112552 0.825274
vt 0.094031 0.705216
vt 0.084310 0.745584
vt 0.159301 0.631133
vt 0.119352 0.666571
vt 0.589787 0.547508
vt 0.508864 0.542663
vt 0.212343 0.600263
vt 0.667273 0.560130
vt 0.427602 0.545785
vt 0.060721 0.745322
vt 0.070999 0.702664
vt 0.736253 0.934786
vt 0.659455 0.954226
vt 0.097760 0.661826
vt 0.139980 0.624378
vt 0.576519 0.965834
vt 0.490637 0.969108
vt 0.509387 0.530898
vt 0.594899 0.536020
vt 0.405117 0.964007
vt 0.323236 0.950661
vt 0.196035 0.591759
vt 0.263769 0.565221
vt 0.248151 0.929602
vt 0.182747 0.901640
vt 0.676760 0.549360
vt 0.751835 0.570419
vt 0.129540 0.867849
vt 0.090559 0.829534
vt 0.340579 0.545784
vt 0.423514 0.534195
vt 0.067327 0.788162
vt 0.817249 0.598380
vt 0.870460 0.632167
vt 0.909431 0.670482
vt 0.932667 0.711854
vt 0.939275 0.754691
vt 0.929001 0.797346
vt 0.902243 0.838182
vt 0.860027 0.875629
vt 0.803979 0.908249
vt 0.178955 0.582843
vt 0.250505 0.554814
vt 0.233949 0.939698
vt 0.164871 0.910160
vt 0.686737 0.538078
vt 0.766035 0.560323
vt 0.108673 0.874467
vt 0.067508 0.833993
vt 0.331641 0.534287
vt 0.419244 0.522049
vt 0.042973 0.790292
vt 0.036004 0.745042
vt 0.835123 0.589858
vt 0.891324 0.625549
vt 0.046866 0.699984
vt 0.075140 0.656849
vt 0.509947 0.518569
vt 0.119742 0.617295
vt 0.600269 0.523982
vt 0.932483 0.666023
vt 0.957019 0.709723
vt 0.963990 0.754970
vt 0.953132 0.800026
vt 0.490110 0.981456
vt 0.399749 0.976048
vt 0.924864 0.843160
vt 0.880266 0.882712
vt 0.313257 0.961947
vt 0.821057 0.917164
vt 0.749516 0.945191
vt 0.668397 0.965720
vt 0.580819 0.977963
vt 0.849754 0.582882
vt 0.908402 0.620132
vt 0.027111 0.697790
vt 0.056622 0.652775
vt 0.415745 0.512107
vt 0.510406 0.508478
vt 0.103174 0.611499
vt 0.164973 0.575545
vt 0.604663 0.514130
vt 0.694902 0.528841
vt 0.951351 0.662372
vt 0.976953 0.707978
vt 0.239645 0.546296
vt 0.324322 0.524876
vt 0.777656 0.552058
vt 0.984223 0.755199
vt 0.972887 0.802218
vt 0.489656 0.991549
vt 0.395356 0.985905
vt 0.943380 0.847232
vt 0.896834 0.888509
vt 0.305092 0.971185
vt 0.222326 0.947964
vt 0.835040 0.924461
vt 0.760376 0.953708
vt 0.150238 0.917135
vt 0.091596 0.879885
vt 0.675718 0.975128
vt 0.584322 0.987904
vt 0.048640 0.837645
vt 0.023039 0.792037
vt 0.015769 0.744813
vt 0.786439 0.545804
vt 0.860812 0.577604
vt 0.999524 0.755369
vt 0.987826 0.803873
vt 0.489321 0.999183
vt 0.392040 0.993360
vt 0.921313 0.616032
vt 0.965619 0.659607
vt 0.957385 0.850309
vt 0.909366 0.892889
vt 0.298921 0.978173
vt 0.213543 0.954216
vt 0.992026 0.706656
vt 0.845617 0.929977
vt 0.768594 0.960146
vt 0.139180 0.922413
vt 0.078684 0.883985
vt 0.681261 0.982242
vt 0.586978 0.995421
vt 0.034373 0.840410
vt 0.007966 0.793360
vt 0.000468 0.744643
vt 0.012169 0.696136
vt 0.042617 0.649698
vt 0.090640 0.607118
vt 0.510744 0.500847
vt 0.607980 0.506678
vt 0.154395 0.570028
vt 0.231427 0.539856
vt 0.701069 0.521855
vt 0.318779 0.517760
vt 0.413093 0.504589
vt 0.693993 0.879530
vt 0.691763 0.871612
vt 0.686963 0.874732
vt 0.689291 0.882829
vt 0.695908 0.684041
vt 0.692783 0.691861
vt 0.698573 0.692227
vt 0.701681 0.684652
vt 0.724381 0.946947
vt 0.720231 0.939817
vt 0.716367 0.944112
vt 0.720605 0.951343
vt 0.724381 0.946947
vt 0.716367 0.944112
vt 0.699358 0.676368
vt 0.705105 0.677203
vt 0.703105 0.668837
vt 0.708830 0.669893
vt 0.689763 0.863672
vt 0.684872 0.866586
vt 0.704711 0.921822
vt 0.708371 0.929369
vt 0.712461 0.925288
vt 0.708875 0.917839
vt 0.704711 0.921822
vt 0.712461 0.925288
vt 0.701151 0.914222
vt 0.708875 0.917839
vt 0.705425 0.910362
vt 0.712835 0.662715
vt 0.717052 0.655619
vt 0.711408 0.654242
vt 0.707150 0.661477
vt 0.687388 0.839548
vt 0.681991 0.841455
vt 0.687508 0.847788
vt 0.715785 0.647099
vt 0.721410 0.648634
vt 0.702232 0.902787
vt 0.699265 0.895099
vt 0.694790 0.898697
vt 0.697839 0.906515
vt 0.702232 0.902787
vt 0.694790 0.898697
vt 0.686584 0.814344
vt 0.686229 0.805956
vt 0.680857 0.807926
vt 0.681213 0.816310
vt 0.720414 0.640107
vt 0.725987 0.641758
vt 0.686911 0.822751
vt 0.681532 0.824701
vt 0.725163 0.633194
vt 0.720414 0.640107
vt 0.725987 0.641758
vt 0.730697 0.634996
vt 0.725163 0.633194
vt 0.687182 0.831157
vt 0.681790 0.833073
vt 0.681790 0.833073
vt 0.681991 0.841455
vt 0.687388 0.839548
vt 0.740767 0.622027
vt 0.746155 0.615836
vt 0.740825 0.613453
vt 0.735359 0.619847
vt 0.685867 0.797584
vt 0.680485 0.799544
vt 0.735604 0.628411
vt 0.730124 0.626416
vt 0.680140 0.791166
vt 0.685521 0.789231
vt 0.735604 0.628411
vt 0.730124 0.626416
vt 0.679836 0.782778
vt 0.685247 0.780909
vt 0.679836 0.782778
vt 0.685521 0.789231
vt 0.746517 0.607271
vt 0.751747 0.609830
vt 0.746517 0.607271
vt 0.746155 0.615836
vt 0.752451 0.601294
vt 0.757536 0.604054
vt 0.685298 0.756115
vt 0.685803 0.747919
vt 0.680188 0.749202
vt 0.679752 0.757599
vt 0.758692 0.595525
vt 0.752451 0.601294
vt 0.757536 0.604054
vt 0.763535 0.598761
vt 0.685082 0.764348
vt 0.679587 0.765996
vt 0.750726 0.991659
vt 0.756531 0.997892
vt 0.759135 0.992598
vt 0.753656 0.986615
vt 0.685082 0.772613
vt 0.679629 0.774393
vt 0.679629 0.774393
vt 0.685247 0.780909
vt 0.686614 0.739765
vt 0.680951 0.740823
vt 0.748325 0.980351
vt 0.743118 0.973942
vt 0.739927 0.978797
vt 0.745237 0.985288
vt 0.682065 0.732486
vt 0.687770 0.731670
vt 0.753656 0.986615
vt 0.745237 0.985288
vt 0.683528 0.724190
vt 0.689272 0.723616
vt 0.734741 0.972199
vt 0.738069 0.967438
vt 0.729785 0.965418
vt 0.733271 0.960774
vt 0.695788 0.699931
vt 0.690000 0.699792
vt 0.725076 0.958458
vt 0.728714 0.953939
vt 0.693310 0.707748
vt 0.687528 0.707843
vt 0.691899 0.890808
vt 0.699265 0.895099
vt 0.696496 0.887354
vt 0.691126 0.715648
vt 0.685350 0.715969
vt 0.716244 0.932598
vt 0.712264 0.936795
vt 0.693993 0.879530
vt 0.689291 0.882829
vt 0.696496 0.887354
vt 0.720231 0.939817
vt 0.688222 0.855776
vt 0.683076 0.858321
vt 0.682114 0.849886
vt 0.699539 0.674225
vt 0.699358 0.676368
vt 0.703105 0.668837
vt 0.702770 0.667905
vt 0.708371 0.929369
vt 0.707237 0.928789
vt 0.710484 0.935072
vt 0.712264 0.936795
vt 0.684872 0.866586
vt 0.680796 0.851912
vt 0.683009 0.862377
vt 0.686963 0.874732
vt 0.704711 0.921822
vt 0.701131 0.916018
vt 0.711408 0.654242
vt 0.713375 0.649513
vt 0.706164 0.661685
vt 0.707150 0.661477
vt 0.715785 0.647099
vt 0.717181 0.643554
vt 0.678511 0.823652
vt 0.678984 0.837806
vt 0.701151 0.914222
vt 0.698301 0.909530
vt 0.694790 0.898697
vt 0.690716 0.889695
vt 0.695604 0.902989
vt 0.697839 0.906515
vt 0.691899 0.890808
vt 0.688533 0.882962
vt 0.681991 0.841455
vt 0.678573 0.816562
vt 0.678511 0.823652
vt 0.682114 0.849886
vt 0.720414 0.640107
vt 0.725179 0.631880
vt 0.681790 0.833073
vt 0.678589 0.809473
vt 0.678518 0.795309
vt 0.681213 0.816310
vt 0.680857 0.807926
vt 0.678466 0.788229
vt 0.678563 0.802396
vt 0.681532 0.824701
vt 0.725163 0.633194
vt 0.729392 0.626186
vt 0.740825 0.613453
vt 0.743066 0.609864
vt 0.738340 0.615161
vt 0.735359 0.619847
vt 0.746517 0.607271
vt 0.747958 0.604716
vt 0.680485 0.799544
vt 0.678440 0.781139
vt 0.733782 0.620603
vt 0.730124 0.626416
vt 0.680140 0.791166
vt 0.678460 0.774063
vt 0.679836 0.782778
vt 0.678550 0.766970
vt 0.752451 0.601294
vt 0.753033 0.599712
vt 0.679629 0.774393
vt 0.678758 0.759887
vt 0.679658 0.745720
vt 0.679752 0.757599
vt 0.680188 0.749202
vt 0.680420 0.738659
vt 0.758692 0.595525
vt 0.758327 0.594853
vt 0.679109 0.752803
vt 0.679587 0.765996
vt 0.756531 0.997892
vt 0.750726 0.991659
vt 0.750962 0.992998
vt 0.755866 0.998273
vt 0.739927 0.978797
vt 0.737300 0.976711
vt 0.746268 0.987667
vt 0.745237 0.985288
vt 0.734741 0.972199
vt 0.732981 0.971096
vt 0.680951 0.740823
vt 0.681416 0.731619
vt 0.682065 0.732486
vt 0.682659 0.724618
vt 0.683528 0.724190
vt 0.684145 0.717664
vt 0.729785 0.965418
vt 0.728827 0.965343
vt 0.685350 0.715969
vt 0.685894 0.710782
vt 0.690000 0.699792
vt 0.691236 0.693856
vt 0.688943 0.700570
vt 0.687528 0.707843
vt 0.725076 0.958458
vt 0.724847 0.959466
vt 0.692783 0.691861
vt 0.693769 0.687217
vt 0.689291 0.882829
vt 0.684578 0.869318
vt 0.720605 0.951343
vt 0.721061 0.953476
vt 0.717401 0.947420
vt 0.716367 0.944112
vt 0.695908 0.684041
vt 0.696544 0.680675
vt 0.711876 0.648759
vt 0.704685 0.660903
vt 0.696800 0.910283
vt 0.699674 0.916841
vt 0.698301 0.909530
vt 0.676838 0.823825
vt 0.677326 0.838039
vt 0.678984 0.837806
vt 0.689185 0.890379
vt 0.694066 0.903651
vt 0.695604 0.902989
vt 0.690716 0.889695
vt 0.701238 0.667199
vt 0.702770 0.667905
vt 0.688533 0.882962
vt 0.686943 0.883497
vt 0.676893 0.816660
vt 0.723745 0.631029
vt 0.715753 0.642666
vt 0.676913 0.809586
vt 0.678466 0.788229
vt 0.676793 0.788336
vt 0.676842 0.795417
vt 0.676887 0.802506
vt 0.729392 0.626186
vt 0.727993 0.625241
vt 0.741761 0.608796
vt 0.737006 0.614134
vt 0.738340 0.615161
vt 0.743066 0.609864
vt 0.747958 0.604716
vt 0.746687 0.603607
vt 0.676760 0.781247
vt 0.678440 0.781139
vt 0.732412 0.619620
vt 0.733782 0.620603
vt 0.678460 0.774063
vt 0.676777 0.774151
vt 0.678550 0.766970
vt 0.676870 0.767039
vt 0.753033 0.599712
vt 0.751799 0.598572
vt 0.678758 0.759887
vt 0.677078 0.759921
vt 0.679658 0.745720
vt 0.680420 0.738659
vt 0.678741 0.738552
vt 0.677975 0.745670
vt 0.758327 0.594853
vt 0.757068 0.593716
vt 0.677429 0.752794
vt 0.679109 0.752803
vt 0.755866 0.998273
vt 0.750962 0.992998
vt 0.749786 0.994190
vt 0.754645 0.999436
vt 0.736079 0.977868
vt 0.745024 0.988792
vt 0.732981 0.971096
vt 0.731698 0.972177
vt 0.679739 0.731452
vt 0.681416 0.731619
vt 0.682659 0.724618
vt 0.680995 0.724398
vt 0.684145 0.717664
vt 0.682491 0.717384
vt 0.728827 0.965343
vt 0.727509 0.966383
vt 0.685894 0.710782
vt 0.684255 0.710407
vt 0.689622 0.693377
vt 0.687312 0.700177
vt 0.688943 0.700570
vt 0.691236 0.693856
vt 0.724847 0.959466
vt 0.723496 0.960459
vt 0.693769 0.687217
vt 0.692176 0.686678
vt 0.684578 0.869318
vt 0.683002 0.869882
vt 0.721061 0.953476
vt 0.719685 0.954440
vt 0.709078 0.935989
vt 0.715982 0.948309
vt 0.705754 0.929583
vt 0.696544 0.680675
vt 0.694968 0.680080
vt 0.683009 0.862377
vt 0.681383 0.862815
vt 0.679161 0.852265
vt 0.680796 0.851912
vt 0.699539 0.674225
vt 0.697991 0.673573
vt 0.149991 0.986399
vt 0.148589 0.985132
vt 0.141762 0.991855
vt 0.144516 0.969442
vt 0.136248 0.964051
vt 0.134650 0.969818
vt 0.144122 0.971287
vt 0.163548 0.957909
vt 0.165363 0.958412
vt 0.165555 0.948536
vt 0.167107 0.959119
vt 0.171228 0.950464
vt 0.148117 0.962884
vt 0.149460 0.961565
vt 0.143145 0.954354
vt 0.157920 0.957699
vt 0.159797 0.957551
vt 0.159595 0.947968
vt 0.154277 0.958646
vt 0.153663 0.948792
vt 0.148082 0.950965
vt 0.152559 0.959430
vt 0.154277 0.958646
vt 0.148082 0.950965
vt 0.161680 0.957621
vt 0.165555 0.948536
vt 0.159797 0.957551
vt 0.161680 0.957621
vt 0.159595 0.947968
vt 0.150952 0.960407
vt 0.152559 0.959430
vt 0.163548 0.957909
vt 0.145937 0.965957
vt 0.146936 0.964354
vt 0.139132 0.958800
vt 0.171695 0.962389
vt 0.172940 0.963806
vt 0.180498 0.957921
vt 0.176299 0.953650
vt 0.171695 0.962389
vt 0.180498 0.957921
vt 0.156070 0.958065
vt 0.153663 0.948792
vt 0.176300 0.972471
vt 0.185921 0.974712
vt 0.185444 0.968744
vt 0.176044 0.970606
vt 0.176300 0.972471
vt 0.185444 0.968744
vt 0.146936 0.964354
vt 0.148117 0.962884
vt 0.139132 0.958800
vt 0.170299 0.961126
vt 0.171695 0.962389
vt 0.176299 0.953650
vt 0.143944 0.973161
vt 0.134430 0.975805
vt 0.143984 0.975045
vt 0.175570 0.968776
vt 0.176044 0.970606
vt 0.183603 0.963040
vt 0.156742 0.989609
vt 0.151839 0.998182
vt 0.157694 0.999436
vt 0.158603 0.989899
vt 0.176346 0.974361
vt 0.176164 0.976234
vt 0.185005 0.980627
vt 0.169340 0.987112
vt 0.167725 0.988088
vt 0.174772 0.995006
vt 0.176346 0.974361
vt 0.185005 0.980627
vt 0.185921 0.974712
vt 0.176300 0.972471
vt 0.176346 0.974361
vt 0.185921 0.974712
vt 0.147350 0.983716
vt 0.138086 0.987128
vt 0.141762 0.991855
vt 0.148589 0.985132
vt 0.172168 0.984633
vt 0.170824 0.985953
vt 0.179276 0.991060
vt 0.160488 0.989969
vt 0.158603 0.989899
vt 0.157694 0.999436
vt 0.175160 0.979862
vt 0.174352 0.981566
vt 0.182748 0.986179
vt 0.170824 0.985953
vt 0.169340 0.987112
vt 0.174772 0.995006
vt 0.174352 0.981566
vt 0.173348 0.983157
vt 0.182748 0.986179
vt 0.175767 0.978076
vt 0.175160 0.979862
vt 0.182748 0.986179
vt 0.173348 0.983157
vt 0.172168 0.984633
vt 0.179276 0.991060
vt 0.174009 0.965358
vt 0.174889 0.967022
vt 0.183603 0.963040
vt 0.180498 0.957921
vt 0.174009 0.965358
vt 0.183603 0.963040
vt 0.164217 0.989452
vt 0.162369 0.989818
vt 0.163684 0.999311
vt 0.175767 0.978076
vt 0.153177 0.988402
vt 0.146432 0.995606
vt 0.154921 0.989109
vt 0.174889 0.967022
vt 0.164217 0.989452
vt 0.163684 0.999311
vt 0.169477 0.997805
vt 0.166008 0.988871
vt 0.164217 0.989452
vt 0.169477 0.997805
vt 0.167107 0.959119
vt 0.168761 0.960031
vt 0.171228 0.950464
vt 0.156070 0.958065
vt 0.157920 0.957699
vt 0.149991 0.986399
vt 0.151526 0.987489
vt 0.149991 0.986399
vt 0.146432 0.995606
vt 0.168761 0.960031
vt 0.170299 0.961126
vt 0.176299 0.953650
vt 0.168761 0.960031
vt 0.153177 0.988402
vt 0.151526 0.987489
vt 0.146432 0.995606
vt 0.172940 0.963806
vt 0.174009 0.965358
vt 0.180498 0.957921
vt 0.144241 0.976911
vt 0.135597 0.981686
vt 0.144715 0.978734
vt 0.166008 0.988871
vt 0.146282 0.982160
vt 0.160488 0.989969
vt 0.162369 0.989818
vt 0.163684 0.999311
vt 0.145400 0.980501
vt 0.146282 0.982160
vt 0.145400 0.980501
vt 0.138086 0.987128
vt 0.143944 0.973161
vt 0.144122 0.971287
vt 0.134650 0.969818
vt 0.145400 0.980501
vt 0.144715 0.978734
vt 0.135597 0.981686
vt 0.145937 0.965957
vt 0.139132 0.958800
vt 0.145124 0.967655
vt 0.136248 0.964051
vt 0.145124 0.967655
vt 0.143145 0.954354
vt 0.149460 0.961565
vt 0.244194 0.997825
vt 0.244014 0.997900
vt 0.244276 0.998122
vt 0.243703 0.997501
vt 0.243821 0.997352
vt 0.243551 0.997200
vt 0.243479 0.997376
vt 0.243703 0.997501
vt 0.243551 0.997200
vt 0.243247 0.999254
vt 0.242996 0.999249
vt 0.242969 0.999436
vt 0.243273 0.999429
vt 0.243247 0.999254
vt 0.242969 0.999436
vt 0.242216 0.997909
vt 0.242331 0.997689
vt 0.242189 0.997578
vt 0.242038 0.997839
vt 0.242216 0.997909
vt 0.242189 0.997578
vt 0.242734 0.997375
vt 0.242984 0.997314
vt 0.242958 0.997129
vt 0.242665 0.997207
vt 0.242734 0.997375
vt 0.242958 0.997129
vt 0.243717 0.999053
vt 0.243498 0.999183
vt 0.243565 0.999349
vt 0.243827 0.999197
vt 0.243717 0.999053
vt 0.243565 0.999349
vt 0.242969 0.999436
vt 0.242996 0.999249
vt 0.242672 0.999356
vt 0.242215 0.998662
vt 0.242148 0.998411
vt 0.241961 0.998440
vt 0.242043 0.998737
vt 0.242215 0.998662
vt 0.241961 0.998440
vt 0.242748 0.999189
vt 0.242532 0.999059
vt 0.242411 0.999206
vt 0.243703 0.997501
vt 0.243891 0.997681
vt 0.244029 0.997562
vt 0.243821 0.997352
vt 0.243703 0.997501
vt 0.244029 0.997562
vt 0.242513 0.997508
vt 0.242734 0.997375
vt 0.242665 0.997207
vt 0.242405 0.997361
vt 0.242513 0.997508
vt 0.242665 0.997207
vt 0.242958 0.997129
vt 0.242984 0.997314
vt 0.243259 0.997128
vt 0.242331 0.997689
vt 0.242513 0.997508
vt 0.242405 0.997361
vt 0.242189 0.997578
vt 0.242331 0.997689
vt 0.242405 0.997361
vt 0.244083 0.998149
vt 0.244086 0.998402
vt 0.244270 0.998425
vt 0.244020 0.998653
vt 0.243893 0.998869
vt 0.244046 0.998985
vt 0.244086 0.998402
vt 0.244020 0.998653
vt 0.244190 0.998715
vt 0.244270 0.998425
vt 0.244086 0.998402
vt 0.244190 0.998715
vt 0.242339 0.998879
vt 0.242215 0.998662
vt 0.242043 0.998737
vt 0.242204 0.998994
vt 0.242339 0.998879
vt 0.242043 0.998737
vt 0.243717 0.999053
vt 0.243827 0.999197
vt 0.244046 0.998985
vt 0.243238 0.997305
vt 0.243479 0.997376
vt 0.243551 0.997200
vt 0.242532 0.999059
vt 0.242339 0.998879
vt 0.242204 0.998994
vt 0.242411 0.999206
vt 0.242532 0.999059
vt 0.242204 0.998994
vt 0.243498 0.999183
vt 0.243247 0.999254
vt 0.243273 0.999429
vt 0.242148 0.998411
vt 0.242144 0.998160
vt 0.241962 0.998134
vt 0.241961 0.998440
vt 0.242148 0.998411
vt 0.241962 0.998134
vt 0.242144 0.998160
vt 0.242216 0.997909
vt 0.242038 0.997839
vt 0.243891 0.997681
vt 0.244014 0.997900
vt 0.244194 0.997825
vt 0.244029 0.997562
vt 0.243891 0.997681
vt 0.244194 0.997825
vt 0.049979 0.998549
vt 0.049863 0.998486
vt 0.049693 0.998942
vt 0.049979 0.998549
vt 0.049693 0.998942
vt 0.050075 0.998627
vt 0.050075 0.998627
vt 0.049693 0.998942
vt 0.050144 0.998742
vt 0.050144 0.998742
vt 0.049693 0.998942
vt 0.050177 0.998860
vt 0.050177 0.998860
vt 0.049693 0.998942
vt 0.050179 0.998986
vt 0.050179 0.998986
vt 0.049693 0.998942
vt 0.050156 0.999116
vt 0.050156 0.999116
vt 0.049693 0.998942
vt 0.050090 0.999223
vt 0.050090 0.999223
vt 0.049693 0.998942
vt 0.050011 0.999321
vt 0.050011 0.999321
vt 0.049693 0.998942
vt 0.049905 0.999393
vt 0.049905 0.999393
vt 0.049693 0.998942
vt 0.049780 0.999425
vt 0.049780 0.999425
vt 0.049693 0.998942
vt 0.049650 0.999436
vt 0.049650 0.999436
vt 0.049693 0.998942
vt 0.049531 0.999405
vt 0.049693 0.998942
vt 0.049324 0.999260
vt 0.049415 0.999344
vt 0.049693 0.998942
vt 0.049255 0.999150
vt 0.049324 0.999260
vt 0.049693 0.998942
vt 0.049212 0.999029
vt 0.049255 0.999150
vt 0.049693 0.998942
vt 0.049216 0.998901
vt 0.049212 0.999029
vt 0.049693 0.998942
vt 0.049238 0.998775
vt 0.049216 0.998901
vt 0.049693 0.998942
vt 0.049296 0.998661
vt 0.049238 0.998775
vt 0.049693 0.998942
vt 0.049492 0.998503
vt 0.049378 0.998569
vt 0.049611 0.998460
vt 0.049492 0.998503
vt 0.049693 0.998942
vt 0.049744 0.998455
vt 0.049611 0.998460
vt 0.049863 0.998486
vt 0.049744 0.998455
vt 0.607569 0.999110
vt 0.607753 0.998414
vt 0.607358 0.998256
vt 0.606279 0.998764
vt 0.607569 0.999110
vt 0.607358 0.998256
vt 0.610394 0.996241
vt 0.609703 0.996433
vt 0.609757 0.996848
vt 0.610739 0.997532
vt 0.609757 0.996848
vt 0.605914 0.997479
vt 0.606279 0.998764
vt 0.606774 0.997671
vt 0.606606 0.997287
vt 0.605914 0.997479
vt 0.606774 0.997671
vt 0.606494 0.995231
vt 0.607010 0.995733
vt 0.607341 0.995477
vt 0.607445 0.994286
vt 0.606494 0.995231
vt 0.607341 0.995477
vt 0.609809 0.998491
vt 0.610739 0.997532
vt 0.609547 0.997654
vt 0.609299 0.997988
vt 0.609809 0.998491
vt 0.609547 0.997654
vt 0.607032 0.998002
vt 0.607358 0.998256
vt 0.610739 0.997532
vt 0.609704 0.997266
vt 0.608737 0.994610
vt 0.608141 0.995258
vt 0.608561 0.995308
vt 0.608737 0.994610
vt 0.608141 0.995258
vt 0.605914 0.997479
vt 0.606606 0.997287
vt 0.606549 0.996873
vt 0.605570 0.996188
vt 0.606549 0.996873
vt 0.607733 0.995313
vt 0.607445 0.994286
vt 0.607341 0.995477
vt 0.609809 0.998491
vt 0.609299 0.997988
vt 0.608962 0.998245
vt 0.608861 0.999436
vt 0.609809 0.998491
vt 0.608962 0.998245
vt 0.608168 0.998463
vt 0.608579 0.998407
vt 0.609275 0.995720
vt 0.610029 0.994957
vt 0.608948 0.995466
vt 0.606494 0.995231
vt 0.606758 0.996068
vt 0.607010 0.995733
vt 0.606758 0.996068
vt 0.608737 0.994610
vt 0.608561 0.995308
vt 0.608948 0.995466
vt 0.606758 0.996068
vt 0.605570 0.996188
vt 0.606603 0.996454
vt 0.607569 0.999110
vt 0.608861 0.999436
vt 0.608168 0.998463
vt 0.610394 0.996241
vt 0.610029 0.994957
vt 0.609537 0.996050
vt 0.609703 0.996433
vt 0.610394 0.996241
vt 0.609537 0.996050
vt 0.609704 0.997266
vt 0.610739 0.997532
vt 0.609757 0.996848
vt 0.606603 0.996454
vt 0.476244 0.129824
vt 0.481215 0.130224
vt 0.482018 0.126787
vt 0.486695 0.127279
vt 0.485871 0.132046
vt 0.488124 0.128238
vt 0.484267 0.116554
vt 0.483824 0.118561
vt 0.486833 0.118748
vt 0.486948 0.116801
vt 0.486246 0.107437
vt 0.488154 0.107824
vt 0.488806 0.104161
vt 0.487059 0.103711
vt 0.489577 0.129364
vt 0.490401 0.128074
vt 0.488997 0.126995
vt 0.486800 0.122615
vt 0.486761 0.120523
vt 0.483261 0.121135
vt 0.482813 0.123168
vt 0.487990 0.125883
vt 0.487265 0.124423
vt 0.488174 0.098591
vt 0.489963 0.099027
vt 0.491048 0.094141
vt 0.489241 0.093701
vt 0.492197 0.088651
vt 0.490417 0.088310
vt 0.632582 0.873196
vt 0.632200 0.875247
vt 0.632709 0.875307
vt 0.633031 0.873259
vt 0.485234 0.112108
vt 0.487318 0.112283
vt 0.621712 0.849175
vt 0.622241 0.836710
vt 0.617627 0.836690
vt 0.616179 0.849575
vt 0.627312 0.849459
vt 0.628020 0.836741
vt 0.494119 0.085706
vt 0.488336 0.084445
vt 0.621259 0.851312
vt 0.615962 0.850963
vt 0.615909 0.851577
vt 0.621175 0.852121
vt 0.626096 0.852385
vt 0.627312 0.849459
vt 0.625277 0.853694
vt 0.633931 0.878130
vt 0.632272 0.877225
vt 0.631904 0.878554
vt 0.633476 0.879508
vt 0.632835 0.871422
vt 0.633269 0.871481
vt 0.634810 0.873711
vt 0.634528 0.876084
vt 0.631302 0.878427
vt 0.631754 0.876993
vt 0.631281 0.879783
vt 0.630875 0.879617
vt 0.632856 0.880854
vt 0.633392 0.869411
vt 0.632952 0.869462
vt 0.631052 0.860500
vt 0.631552 0.860238
vt 0.629086 0.857258
vt 0.628778 0.857447
vt 0.632874 0.864779
vt 0.632464 0.864906
vt 0.635169 0.869625
vt 0.635064 0.871720
vt 0.632808 0.860371
vt 0.634440 0.864369
vt 0.632173 0.858481
vt 0.646281 0.860065
vt 0.647618 0.857061
vt 0.648726 0.836828
vt 0.649211 0.851048
vt 0.647940 0.875544
vt 0.645922 0.873395
vt 0.649211 0.851048
vt 0.649449 0.852801
vt 0.654863 0.860344
vt 0.653993 0.857047
vt 0.654764 0.853821
vt 0.658769 0.850420
vt 0.655653 0.862271
vt 0.648157 0.861930
vt 0.649337 0.864036
vt 0.656426 0.864267
vt 0.651599 0.873223
vt 0.650485 0.870805
vt 0.658829 0.870213
vt 0.652689 0.870070
vt 0.653800 0.872125
vt 0.659633 0.872199
vt 0.646039 0.861891
vt 0.646715 0.864639
vt 0.647991 0.866885
vt 0.660600 0.875105
vt 0.655625 0.875141
vt 0.657754 0.878162
vt 0.661798 0.878036
vt 0.644634 0.872666
vt 0.655625 0.875141
vt 0.653258 0.876704
vt 0.655520 0.879454
vt 0.657754 0.878162
vt 0.649289 0.877811
vt 0.650816 0.881402
vt 0.658516 0.882968
vt 0.660199 0.881769
vt 0.660199 0.881769
vt 0.664144 0.880740
vt 0.650816 0.881402
vt 0.641956 0.888093
vt 0.651921 0.884799
vt 0.653644 0.890616
vt 0.651921 0.884799
vt 0.657218 0.866261
vt 0.650424 0.866133
vt 0.653800 0.872125
vt 0.661167 0.980883
vt 0.659468 0.984303
vt 0.670747 0.986699
vt 0.671945 0.983947
vt 0.661898 0.884471
vt 0.661064 0.883173
vt 0.659549 0.884564
vt 0.660422 0.886290
vt 0.661064 0.883173
vt 0.665792 0.882363
vt 0.653644 0.890616
vt 0.632140 0.881839
vt 0.642047 0.889847
vt 0.630281 0.880983
vt 0.630875 0.881212
vt 0.614728 0.836680
vt 0.612795 0.850250
vt 0.244516 0.399045
vt 0.243523 0.410744
vt 0.259781 0.411856
vt 0.264653 0.397724
vt 0.658769 0.850420
vt 0.661196 0.836842
vt 0.661898 0.884471
vt 0.666683 0.884145
vt 0.371820 0.220258
vt 0.371667 0.223992
vt 0.377899 0.222259
vt 0.377055 0.219002
vt 0.372038 0.212196
vt 0.372082 0.214287
vt 0.375599 0.213388
vt 0.375091 0.211415
vt 0.371957 0.217213
vt 0.376295 0.216071
vt 0.371705 0.205770
vt 0.373538 0.205418
vt 0.372997 0.203312
vt 0.371254 0.203628
vt 0.372485 0.201345
vt 0.370715 0.201585
vt 0.371846 0.207941
vt 0.374094 0.207560
vt 0.371544 0.197689
vt 0.369785 0.198213
vt 0.368493 0.194901
vt 0.370611 0.194090
vt 0.369484 0.189722
vt 0.364388 0.191113
vt 0.375057 0.225365
vt 0.371020 0.226381
vt 0.371358 0.226726
vt 0.378416 0.224257
vt 0.376042 0.226810
vt 0.381790 0.225341
vt 0.265709 0.411349
vt 0.966781 0.862929
vt 0.966639 0.856547
vt 0.963081 0.856586
vt 0.963145 0.862955
vt 0.653572 0.892403
vt 0.370767 0.229534
vt 0.966527 0.850163
vt 0.962999 0.850224
vt 0.976928 0.880746
vt 0.991244 0.882279
vt 0.991999 0.874858
vt 0.977668 0.873472
vt 0.976115 0.888017
vt 0.990419 0.889685
vt 0.992688 0.867430
vt 0.978335 0.866182
vt 0.369772 0.228137
vt 0.653572 0.892403
vt 0.475858 0.125443
vt 0.477556 0.125217
vt 0.481717 0.115660
vt 0.481010 0.117470
vt 0.485287 0.103395
vt 0.484354 0.106997
vt 0.475622 0.123955
vt 0.473896 0.124284
vt 0.474072 0.125809
vt 0.480343 0.119112
vt 0.479437 0.120979
vt 0.478257 0.122411
vt 0.476992 0.123405
vt 0.476512 0.137229
vt 0.479524 0.137544
vt 0.487415 0.093349
vt 0.486367 0.098240
vt 0.488658 0.087878
vt 0.680083 0.981319
vt 0.679633 0.981361
vt 0.679885 0.983410
vt 0.680394 0.983368
vt 0.483259 0.111398
vt 0.691603 0.958857
vt 0.697084 0.959114
vt 0.695827 0.945487
vt 0.691094 0.945408
vt 0.686088 0.959021
vt 0.685252 0.945344
vt 0.691867 0.960687
vt 0.697198 0.960418
vt 0.686088 0.959021
vt 0.687701 0.962127
vt 0.678596 0.986206
vt 0.679079 0.987564
vt 0.680636 0.986651
vt 0.680279 0.985325
vt 0.679885 0.979527
vt 0.679454 0.979572
vt 0.677838 0.981759
vt 0.678031 0.984141
vt 0.681242 0.986536
vt 0.680799 0.985109
vt 0.681236 0.987890
vt 0.681652 0.987733
vt 0.679636 0.988928
vt 0.679816 0.977542
vt 0.679379 0.977489
vt 0.681853 0.968596
vt 0.684112 0.965595
vt 0.683812 0.965396
vt 0.681357 0.968325
vt 0.679935 0.972829
vt 0.680344 0.972963
vt 0.677610 0.977669
vt 0.677652 0.979765
vt 0.680266 0.968036
vt 0.678373 0.972391
vt 0.681059 0.965782
vt 0.682533 0.963156
vt 0.680794 0.964959
vt 0.665394 0.964828
vt 0.666651 0.967840
vt 0.664337 0.945095
vt 0.663681 0.960568
vt 0.672656 0.981358
vt 0.663681 0.960568
vt 0.658059 0.967899
vt 0.659007 0.964589
vt 0.658387 0.961238
vt 0.656344 0.944995
vt 0.658387 0.961238
vt 0.653662 0.958526
vt 0.657236 0.969803
vt 0.656432 0.971801
vt 0.663503 0.971725
vt 0.664730 0.969656
vt 0.653985 0.977713
vt 0.653177 0.979665
vt 0.658979 0.979726
vt 0.660088 0.977700
vt 0.666102 0.972394
vt 0.666846 0.969665
vt 0.664766 0.974608
vt 0.652193 0.982514
vt 0.650937 0.985334
vt 0.655005 0.985639
vt 0.657139 0.982690
vt 0.673023 0.979594
vt 0.657139 0.982690
vt 0.655005 0.985639
vt 0.657298 0.987001
vt 0.659468 0.984303
vt 0.669197 0.989398
vt 0.652366 0.989087
vt 0.654013 0.990358
vt 0.648460 0.987853
vt 0.652366 0.989087
vt 0.662271 0.978483
vt 0.657741 0.994688
vt 0.662383 0.973803
vt 0.655622 0.973789
vt 0.658979 0.979726
vt 0.650465 0.991656
vt 0.651709 0.993532
vt 0.652757 0.991881
vt 0.651397 0.990419
vt 0.651397 0.990419
vt 0.646722 0.989354
vt 0.656620 0.997511
vt 0.656093 0.999436
vt 0.666895 0.999207
vt 0.667316 0.995696
vt 0.656620 0.997511
vt 0.657741 0.994688
vt 0.680315 0.989936
vt 0.681607 0.989345
vt 0.682202 0.989121
vt 0.700403 0.959394
vt 0.698550 0.945501
vt 0.286815 0.396096
vt 0.271667 0.411005
vt 0.287416 0.412266
vt 0.650465 0.991656
vt 0.645734 0.991089
vt 0.382240 0.217570
vt 0.384186 0.220768
vt 0.378139 0.210620
vt 0.379118 0.212468
vt 0.380647 0.214968
vt 0.375322 0.204842
vt 0.374672 0.202743
vt 0.374151 0.200691
vt 0.376243 0.206806
vt 0.373328 0.197293
vt 0.372861 0.193773
vt 0.374609 0.188466
vt 0.381893 0.223600
vt 0.385785 0.223018
vt 0.385913 0.222550
vt 0.965721 0.818268
vt 0.965301 0.811900
vt 0.961974 0.812030
vt 0.962193 0.818392
vt 0.387716 0.225183
vt 0.965181 0.805521
vt 0.964959 0.799147
vt 0.961457 0.799302
vt 0.961724 0.805664
vt 0.993835 0.852567
vt 0.979465 0.851595
vt 0.978932 0.858896
vt 0.993294 0.860003
vt 0.994302 0.845130
vt 0.979925 0.844296
vt 0.387862 0.223497
vt 0.656093 0.999436
vt 0.470554 0.126046
vt 0.470515 0.130850
vt 0.472253 0.125860
vt 0.461858 0.119292
vt 0.462786 0.121124
vt 0.465243 0.119362
vt 0.464096 0.117787
vt 0.459358 0.110089
vt 0.456394 0.104508
vt 0.454823 0.105431
vt 0.457626 0.110961
vt 0.472140 0.124353
vt 0.467664 0.122375
vt 0.466310 0.120787
vt 0.463878 0.123268
vt 0.464928 0.125339
vt 0.466615 0.128648
vt 0.470660 0.124141
vt 0.469177 0.123474
vt 0.453537 0.102909
vt 0.455208 0.102119
vt 0.452951 0.097642
vt 0.451271 0.098449
vt 0.450369 0.092668
vt 0.448771 0.093528
vt 0.466094 0.133075
vt 0.680758 0.909226
vt 0.681094 0.907183
vt 0.680585 0.907133
vt 0.680309 0.909176
vt 0.459792 0.115236
vt 0.461518 0.114058
vt 0.697415 0.931846
vt 0.691925 0.931971
vt 0.686419 0.931672
vt 0.449953 0.089216
vt 0.692234 0.930149
vt 0.697564 0.930555
vt 0.688041 0.928579
vt 0.686419 0.931672
vt 0.679289 0.904331
vt 0.680964 0.905212
vt 0.681288 0.903882
vt 0.679687 0.902947
vt 0.680534 0.911004
vt 0.680102 0.910954
vt 0.678522 0.908737
vt 0.678756 0.906374
vt 0.681892 0.904012
vt 0.681485 0.905427
vt 0.681888 0.902661
vt 0.682300 0.902832
vt 0.680311 0.901592
vt 0.680007 0.913023
vt 0.680445 0.912978
vt 0.684361 0.925140
vt 0.685438 0.927982
vt 0.686388 0.926854
vt 0.682393 0.921983
vt 0.681897 0.922249
vt 0.680551 0.917691
vt 0.680963 0.917569
vt 0.678236 0.912815
vt 0.678304 0.910724
vt 0.680806 0.922518
vt 0.678991 0.918101
vt 0.681567 0.924802
vt 0.681291 0.925628
vt 0.667220 0.922372
vt 0.664613 0.927938
vt 0.664073 0.929608
vt 0.664073 0.929608
vt 0.663750 0.908039
vt 0.666369 0.910397
vt 0.658657 0.922155
vt 0.659152 0.927167
vt 0.654007 0.931409
vt 0.658800 0.928817
vt 0.302970 0.409711
vt 0.308637 0.395777
vt 0.657888 0.920251
vt 0.665348 0.920521
vt 0.664172 0.918433
vt 0.657137 0.918276
vt 0.654797 0.912452
vt 0.660873 0.912426
vt 0.659778 0.910403
vt 0.654001 0.910540
vt 0.667454 0.920553
vt 0.666771 0.917813
vt 0.665490 0.915567
vt 0.652987 0.907774
vt 0.657941 0.907460
vt 0.655681 0.904591
vt 0.651649 0.905058
vt 0.668301 0.911469
vt 0.657941 0.907460
vt 0.660300 0.905800
vt 0.657888 0.903172
vt 0.655681 0.904591
vt 0.659805 0.901942
vt 0.661432 0.905249
vt 0.654465 0.899902
vt 0.652895 0.901251
vt 0.652895 0.901251
vt 0.649073 0.902704
vt 0.666247 0.896198
vt 0.658402 0.897875
vt 0.656373 0.916303
vt 0.663097 0.916342
vt 0.663047 0.911662
vt 0.661970 0.909229
vt 0.659778 0.910403
vt 0.657111 0.892726
vt 0.659805 0.901942
vt 0.658402 0.897875
vt 0.650874 0.898780
vt 0.651870 0.899966
vt 0.653195 0.898432
vt 0.652120 0.896813
vt 0.651870 0.899966
vt 0.647257 0.901309
vt 0.667620 0.890387
vt 0.656496 0.890817
vt 0.657111 0.892726
vt 0.681017 0.900587
vt 0.682890 0.901459
vt 0.682298 0.901221
vt 0.700721 0.931809
vt 0.650874 0.898780
vt 0.646160 0.899642
vt 0.394484 0.218785
vt 0.391947 0.221552
vt 0.397867 0.224214
vt 0.399317 0.221185
vt 0.399858 0.212755
vt 0.398539 0.214382
vt 0.401816 0.215954
vt 0.402698 0.214115
vt 0.396555 0.216533
vt 0.400621 0.218461
vt 0.403736 0.207622
vt 0.405373 0.208534
vt 0.406316 0.206566
vt 0.404777 0.205694
vt 0.407200 0.204724
vt 0.405665 0.203787
vt 0.402452 0.209376
vt 0.404416 0.210529
vt 0.409564 0.199793
vt 0.407665 0.198990
vt 0.308931 0.409517
vt 0.408225 0.197338
vt 0.410376 0.198078
vt 0.412324 0.194016
vt 0.407535 0.191790
vt 0.398861 0.229030
vt 0.393517 0.226477
vt 0.964687 0.792762
vt 0.961174 0.792947
vt 0.389929 0.222973
vt 0.966404 0.843784
vt 0.966267 0.837406
vt 0.962751 0.837494
vt 0.962892 0.843852
vt 0.995020 0.830236
vt 0.980631 0.829678
vt 0.980318 0.836985
vt 0.994700 0.837685
vt 0.995273 0.822784
vt 0.980881 0.822364
vt 0.656496 0.890817
vt 0.658800 0.928817
vt 0.461020 0.131558
vt 0.462175 0.130285
vt 0.459323 0.120208
vt 0.459924 0.122065
vt 0.018709 0.609496
vt 0.031558 0.612154
vt 0.032262 0.606901
vt 0.453146 0.106152
vt 0.455901 0.111845
vt 0.459867 0.130569
vt 0.458785 0.131955
vt 0.459913 0.133000
vt 0.461909 0.137111
vt 0.460437 0.123766
vt 0.460916 0.125804
vt 0.467748 0.141685
vt 0.470353 0.139296
vt 0.460576 0.129263
vt 0.460907 0.127672
vt 0.449633 0.099329
vt 0.451917 0.103783
vt 0.447145 0.094307
vt 0.034164 0.615719
vt 0.033716 0.615784
vt 0.034048 0.617826
vt 0.034551 0.617764
vt 0.457833 0.115937
vt 0.044869 0.591806
vt 0.050387 0.592259
vt 0.049060 0.579376
vt 0.044434 0.579354
vt 0.039299 0.592001
vt 0.038644 0.579353
vt 0.444679 0.091896
vt 0.045385 0.594758
vt 0.050644 0.594265
vt 0.050482 0.592973
vt 0.045063 0.592937
vt 0.039619 0.593283
vt 0.041219 0.596362
vt 0.032837 0.620665
vt 0.033304 0.622031
vt 0.034864 0.621068
vt 0.034491 0.619737
vt 0.033896 0.613950
vt 0.033471 0.614003
vt 0.031940 0.616243
vt 0.032229 0.618620
vt 0.035472 0.620933
vt 0.035010 0.619515
vt 0.035498 0.622294
vt 0.035907 0.622125
vt 0.033931 0.623378
vt 0.033772 0.611985
vt 0.033334 0.611940
vt 0.039549 0.598063
vt 0.038574 0.596950
vt 0.037559 0.599819
vt 0.035647 0.603016
vt 0.035143 0.602756
vt 0.033831 0.607304
vt 0.034242 0.607424
vt 0.031672 0.614258
vt 0.034044 0.602501
vt 0.034781 0.600228
vt 0.037586 0.595442
vt 0.034495 0.599412
vt 0.017166 0.595397
vt 0.017722 0.597079
vt 0.020381 0.602673
vt 0.017924 0.579426
vt 0.017424 0.593641
vt 0.020813 0.615989
vt 0.018813 0.618155
vt 0.011784 0.602988
vt 0.012229 0.597976
vt 0.011816 0.596356
vt 0.007723 0.592834
vt 0.314914 0.409496
vt 0.330690 0.411543
vt 0.330723 0.395480
vt 0.011012 0.604912
vt 0.010252 0.606918
vt 0.017341 0.606656
vt 0.018511 0.604546
vt 0.016236 0.613428
vt 0.015133 0.615854
vt 0.007882 0.612885
vt 0.007093 0.614884
vt 0.012928 0.614773
vt 0.014020 0.612708
vt 0.019971 0.607247
vt 0.020632 0.604496
vt 0.006144 0.617795
vt 0.004966 0.620734
vt 0.009007 0.620837
vt 0.011120 0.617801
vt 0.022102 0.615258
vt 0.011120 0.617801
vt 0.009007 0.620837
vt 0.011251 0.622109
vt 0.013496 0.619346
vt 0.015968 0.624033
vt 0.017473 0.620434
vt 0.006587 0.624458
vt 0.008280 0.625648
vt 0.002638 0.623456
vt 0.006587 0.624458
vt 0.015968 0.624033
vt 0.024875 0.630674
vt 0.014883 0.627438
vt 0.013197 0.633264
vt 0.014883 0.627438
vt 0.016269 0.608755
vt 0.009474 0.608921
vt 0.012928 0.614773
vt 0.024649 0.537562
vt 0.017287 0.538550
vt 0.018632 0.540840
vt 0.025634 0.540320
vt 0.004899 0.627171
vt 0.006392 0.628980
vt 0.007250 0.627246
vt 0.005733 0.625865
vt 0.005733 0.625865
vt 0.001002 0.625085
vt 0.013197 0.633264
vt 0.024796 0.632424
vt 0.034655 0.624352
vt 0.035916 0.623726
vt 0.036507 0.623484
vt 0.053735 0.593124
vt 0.051937 0.578054
vt 0.010183 0.579438
vt 0.007723 0.592834
vt 0.013285 0.635054
vt 0.004899 0.627171
vt 0.000122 0.626873
vt 0.404213 0.223436
vt 0.403651 0.227152
vt 0.405541 0.215477
vt 0.405098 0.217515
vt 0.404664 0.220410
vt 0.407104 0.209233
vt 0.407957 0.207218
vt 0.408885 0.205336
vt 0.406548 0.211339
vt 0.411369 0.200764
vt 0.412304 0.199292
vt 0.417061 0.196351
vt 0.963699 0.787961
vt 0.960888 0.786627
vt 0.403487 0.232752
vt 0.403805 0.229623
vt 0.995559 0.807880
vt 0.981161 0.807742
vt 0.981058 0.815053
vt 0.995456 0.815329
vt 0.995593 0.800422
vt 0.981194 0.800422
vt 0.404694 0.231574
vt 0.013285 0.635054
vt 0.458047 0.146184
vt 0.459305 0.141365
vt 0.456059 0.139979
vt 0.458552 0.134227
vt 0.457369 0.135461
vt 0.446366 0.135951
vt 0.448267 0.136740
vt 0.448986 0.133811
vt 0.447090 0.133352
vt 0.018605 0.549490
vt 0.032197 0.552115
vt 0.031544 0.546868
vt 0.028206 0.545835
vt 0.020649 0.543027
vt 0.437752 0.132375
vt 0.438474 0.130568
vt 0.434980 0.129274
vt 0.434231 0.130916
vt 0.457481 0.133150
vt 0.452792 0.134525
vt 0.450723 0.134193
vt 0.450485 0.137663
vt 0.452638 0.138548
vt 0.456219 0.133938
vt 0.454660 0.134385
vt 0.429390 0.128910
vt 0.430133 0.127222
vt 0.425517 0.125292
vt 0.424768 0.126991
vt 0.420321 0.123189
vt 0.419669 0.124875
vt 0.034300 0.543179
vt 0.034739 0.541066
vt 0.034229 0.541001
vt 0.033858 0.543111
vt 0.442171 0.134204
vt 0.442711 0.132188
vt 0.044878 0.566863
vt 0.050398 0.566422
vt 0.039291 0.566658
vt 0.417734 0.120914
vt 0.415460 0.126380
vt 0.045321 0.564712
vt 0.050610 0.565032
vt 0.050668 0.564422
vt 0.045396 0.563896
vt 0.040463 0.563606
vt 0.039291 0.566658
vt 0.041254 0.562281
vt 0.033085 0.538080
vt 0.034728 0.539052
vt 0.035145 0.537710
vt 0.033641 0.536696
vt 0.033967 0.545013
vt 0.033535 0.544951
vt 0.032102 0.542605
vt 0.032419 0.540163
vt 0.035754 0.537850
vt 0.035238 0.539293
vt 0.035804 0.536476
vt 0.036215 0.536649
vt 0.034255 0.535356
vt 0.033321 0.547070
vt 0.033758 0.547028
vt 0.035548 0.556003
vt 0.035044 0.556264
vt 0.037392 0.559172
vt 0.037698 0.558977
vt 0.033764 0.551718
vt 0.034180 0.551599
vt 0.031757 0.544653
vt 0.033952 0.556529
vt 0.034690 0.558808
vt 0.036128 0.561490
vt 0.034407 0.559624
vt 0.017342 0.565245
vt 0.017071 0.563493
vt 0.018924 0.559290
vt 0.026241 0.542335
vt 0.020283 0.556313
vt 0.017342 0.565245
vt 0.011655 0.555953
vt 0.012516 0.559278
vt 0.011726 0.562536
vt 0.007652 0.566050
vt 0.346511 0.409529
vt 0.352769 0.395783
vt 0.010875 0.554020
vt 0.018404 0.554430
vt 0.017223 0.552317
vt 0.010104 0.552000
vt 0.014975 0.543089
vt 0.016087 0.545528
vt 0.007716 0.545962
vt 0.013868 0.546223
vt 0.012769 0.544138
vt 0.006935 0.543930
vt 0.020531 0.554492
vt 0.019873 0.551747
vt 0.006015 0.540958
vt 0.010984 0.541057
vt 0.008927 0.537956
vt 0.004887 0.537959
vt 0.010984 0.541057
vt 0.013360 0.539543
vt 0.011188 0.536715
vt 0.008927 0.537956
vt 0.015922 0.534876
vt 0.008319 0.533097
vt 0.006605 0.534254
vt 0.006605 0.534254
vt 0.002623 0.535154
vt 0.023057 0.534678
vt 0.021348 0.531323
vt 0.013406 0.525562
vt 0.014995 0.531423
vt 0.014995 0.531423
vt 0.009312 0.549985
vt 0.016146 0.550201
vt 0.012769 0.544138
vt 0.004991 0.531500
vt 0.005781 0.532831
vt 0.007337 0.531476
vt 0.006517 0.529722
vt 0.005781 0.532831
vt 0.001033 0.533480
vt 0.013406 0.525562
vt 0.034979 0.534386
vt 0.024955 0.526339
vt 0.025047 0.528087
vt 0.036824 0.535275
vt 0.036239 0.535036
vt 0.053765 0.565603
vt 0.007652 0.566050
vt 0.013501 0.523767
vt 0.004991 0.531500
vt 0.000202 0.531668
vt 0.412807 0.232233
vt 0.409088 0.232719
vt 0.411905 0.238561
vt 0.414968 0.237181
vt 0.420798 0.231075
vt 0.418745 0.231466
vt 0.420243 0.234786
vt 0.422099 0.233944
vt 0.415842 0.231845
vt 0.417718 0.235931
vt 0.427074 0.229642
vt 0.427735 0.231386
vt 0.429721 0.230490
vt 0.429105 0.228828
vt 0.431570 0.229653
vt 0.431035 0.227949
vt 0.424957 0.230154
vt 0.425723 0.232302
vt 0.435006 0.228098
vt 0.434197 0.226453
vt 0.352548 0.409535
vt 0.437229 0.224609
vt 0.438397 0.226555
vt 0.442504 0.224698
vt 0.440262 0.219914
vt 0.409555 0.242864
vt 0.407114 0.237472
vt 0.964078 0.957070
vt 0.964792 0.951925
vt 0.961097 0.952058
vt 0.960788 0.958378
vt 0.406619 0.232511
vt 0.966100 0.831028
vt 0.962591 0.831128
vt 0.981161 0.793108
vt 0.995559 0.792970
vt 0.995456 0.785515
vt 0.981058 0.785791
vt 0.995273 0.778057
vt 0.980881 0.778480
vt 0.013501 0.523767
vt 0.453667 0.145794
vt 0.453740 0.144092
vt 0.445038 0.138296
vt 0.446697 0.139321
vt 0.433604 0.132604
vt 0.436988 0.134162
vt 0.452151 0.145775
vt 0.452191 0.147527
vt 0.453722 0.147617
vt 0.448198 0.140273
vt 0.449885 0.141499
vt 0.465389 0.147223
vt 0.466229 0.144310
vt 0.451844 0.144332
vt 0.451089 0.142917
vt 0.424095 0.128725
vt 0.428726 0.130626
vt 0.418932 0.126529
vt 0.039434 0.455261
vt 0.039881 0.455200
vt 0.039522 0.453167
vt 0.039016 0.453238
vt 0.054902 0.452769
vt 0.056253 0.450458
vt 0.052461 0.450069
vt 0.051278 0.452467
vt 0.441125 0.136022
vt 0.028664 0.478436
vt 0.023135 0.477976
vt 0.024448 0.490860
vt 0.029050 0.490880
vt 0.034249 0.478291
vt 0.034779 0.490906
vt 0.049143 0.490978
vt 0.049741 0.477337
vt 0.028238 0.476288
vt 0.028167 0.475473
vt 0.022876 0.475971
vt 0.022929 0.476587
vt 0.033110 0.475244
vt 0.032344 0.473914
vt 0.040661 0.450303
vt 0.040084 0.448954
vt 0.038592 0.449964
vt 0.039025 0.451277
vt 0.039717 0.457023
vt 0.040143 0.456969
vt 0.041645 0.454730
vt 0.041324 0.452349
vt 0.037994 0.450120
vt 0.038518 0.451517
vt 0.037921 0.448760
vt 0.037514 0.448946
vt 0.039443 0.447617
vt 0.039854 0.458978
vt 0.040296 0.459026
vt 0.038129 0.467873
vt 0.035980 0.470742
vt 0.036269 0.470944
vt 0.038627 0.468137
vt 0.039875 0.463646
vt 0.039463 0.463524
vt 0.042060 0.458802
vt 0.041939 0.456712
vt 0.039710 0.468421
vt 0.041436 0.464055
vt 0.038968 0.470664
vt 0.037502 0.473274
vt 0.039239 0.471479
vt 0.048923 0.472284
vt 0.047762 0.469963
vt 0.048911 0.463724
vt 0.047374 0.466821
vt 0.055246 0.464478
vt 0.056527 0.462093
vt 0.054605 0.471293
vt 0.053256 0.468347
vt 0.055767 0.490991
vt 0.056341 0.477019
vt 0.049926 0.475930
vt 0.056574 0.475311
vt 0.061837 0.467830
vt 0.061040 0.471096
vt 0.061897 0.474276
vt 0.056341 0.477019
vt 0.066015 0.477725
vt 0.358579 0.409705
vt 0.374279 0.412187
vt 0.378013 0.396409
vt 0.062588 0.465912
vt 0.063324 0.463909
vt 0.056253 0.464315
vt 0.055105 0.466439
vt 0.052920 0.455030
vt 0.058464 0.458080
vt 0.059483 0.455925
vt 0.065579 0.457960
vt 0.066327 0.455978
vt 0.060543 0.456131
vt 0.059483 0.458210
vt 0.053930 0.466476
vt 0.047456 0.468370
vt 0.067248 0.453117
vt 0.068447 0.450269
vt 0.064426 0.450039
vt 0.062297 0.453052
vt 0.049638 0.455928
vt 0.050327 0.454524
vt 0.063207 0.449569
vt 0.061293 0.452758
vt 0.062297 0.453052
vt 0.064426 0.450039
vt 0.050548 0.446519
vt 0.065450 0.445845
vt 0.066872 0.446562
vt 0.070799 0.447631
vt 0.066872 0.446562
vt 0.054737 0.446217
vt 0.056638 0.442574
vt 0.048478 0.440060
vt 0.058005 0.437436
vt 0.058906 0.443466
vt 0.060683 0.438005
vt 0.057301 0.462204
vt 0.064072 0.461916
vt 0.051610 0.455807
vt 0.057578 0.446778
vt 0.067449 0.443198
vt 0.066563 0.444363
vt 0.067719 0.445218
vt 0.068538 0.443914
vt 0.067719 0.445218
vt 0.072439 0.446025
vt 0.061626 0.436521
vt 0.060683 0.438005
vt 0.047816 0.438806
vt 0.038703 0.446657
vt 0.037455 0.447334
vt 0.036867 0.447603
vt 0.019773 0.477225
vt 0.021714 0.490851
vt 0.063590 0.491008
vt 0.066015 0.477725
vt 0.061626 0.436521
vt 0.057746 0.435742
vt 0.060683 0.438005
vt 0.068538 0.443914
vt 0.073337 0.444244
vt 0.417264 0.242057
vt 0.414440 0.244539
vt 0.423399 0.236814
vt 0.421751 0.238095
vt 0.419550 0.240030
vt 0.428611 0.233040
vt 0.430564 0.232053
vt 0.432499 0.231180
vt 0.426834 0.234290
vt 0.435711 0.229789
vt 0.439094 0.228718
vt 0.444620 0.229533
vt 0.965312 0.945878
vt 0.961387 0.945699
vt 0.410712 0.248706
vt 0.412969 0.246528
vt 0.965100 0.939486
vt 0.961655 0.939344
vt 0.994700 0.763163
vt 0.980317 0.763856
vt 0.980631 0.771170
vt 0.995020 0.770608
vt 0.994302 0.755717
vt 0.979925 0.756554
vt 0.412396 0.248595
vt 0.458062 0.151993
vt 0.453446 0.149416
vt 0.453334 0.151117
vt 0.445153 0.158476
vt 0.447127 0.157887
vt 0.445826 0.155158
vt 0.444070 0.156008
vt 0.436216 0.161156
vt 0.435645 0.159303
vt 0.432115 0.160505
vt 0.432570 0.162251
vt 0.451942 0.149267
vt 0.449222 0.153307
vt 0.447420 0.154360
vt 0.449426 0.157191
vt 0.451649 0.156522
vt 0.455203 0.155451
vt 0.451478 0.150668
vt 0.450571 0.152012
vt 0.427548 0.163754
vt 0.427063 0.161983
vt 0.422268 0.163405
vt 0.422756 0.165193
vt 0.416909 0.165060
vt 0.417471 0.166784
vt 0.459480 0.156737
vt 0.039389 0.526905
vt 0.038992 0.528934
vt 0.039489 0.528999
vt 0.039837 0.526965
vt 0.052464 0.532005
vt 0.056252 0.531592
vt 0.054893 0.529287
vt 0.051262 0.529614
vt 0.440801 0.159782
vt 0.439945 0.157875
vt 0.028585 0.503307
vt 0.023047 0.503736
vt 0.034175 0.503522
vt 0.049629 0.504635
vt 0.413458 0.165004
vt 0.028146 0.505450
vt 0.022841 0.505133
vt 0.022791 0.505744
vt 0.028075 0.506262
vt 0.033004 0.506465
vt 0.032212 0.507787
vt 0.040649 0.531857
vt 0.039015 0.530898
vt 0.038591 0.532211
vt 0.040090 0.533212
vt 0.039666 0.525133
vt 0.040090 0.525192
vt 0.041606 0.527436
vt 0.041303 0.529811
vt 0.037994 0.532055
vt 0.038506 0.530659
vt 0.037923 0.533415
vt 0.037513 0.533232
vt 0.039454 0.534549
vt 0.040234 0.523099
vt 0.039798 0.523146
vt 0.038064 0.514246
vt 0.038559 0.513978
vt 0.036110 0.511108
vt 0.035806 0.511302
vt 0.039810 0.518453
vt 0.039401 0.518583
vt 0.041997 0.523302
vt 0.041883 0.525457
vt 0.041373 0.518041
vt 0.048842 0.509733
vt 0.049805 0.506043
vt 0.047683 0.512062
vt 0.056179 0.517711
vt 0.056474 0.519930
vt 0.057242 0.519825
vt 0.053176 0.513670
vt 0.054515 0.510710
vt 0.056252 0.504987
vt 0.056479 0.506692
vt 0.061737 0.514178
vt 0.060951 0.510907
vt 0.061811 0.507735
vt 0.065938 0.504295
vt 0.056252 0.504987
vt 0.390288 0.410744
vt 0.059459 0.526100
vt 0.058420 0.523942
vt 0.052891 0.527044
vt 0.065541 0.524023
vt 0.059444 0.523803
vt 0.060507 0.525884
vt 0.066303 0.526008
vt 0.047309 0.515222
vt 0.048863 0.518289
vt 0.067233 0.528872
vt 0.062279 0.528957
vt 0.064428 0.531957
vt 0.068446 0.531717
vt 0.050297 0.527571
vt 0.049605 0.526174
vt 0.046964 0.525142
vt 0.063259 0.518073
vt 0.062279 0.528957
vt 0.061284 0.529258
vt 0.063218 0.532431
vt 0.064428 0.531957
vt 0.050561 0.535566
vt 0.054757 0.535843
vt 0.065476 0.536149
vt 0.066889 0.535431
vt 0.066889 0.535431
vt 0.070813 0.534339
vt 0.048533 0.542037
vt 0.056682 0.539471
vt 0.058072 0.544599
vt 0.060742 0.544023
vt 0.058952 0.538566
vt 0.064013 0.520070
vt 0.051574 0.526279
vt 0.057601 0.535263
vt 0.424862 0.456340
vt 0.423933 0.459139
vt 0.430933 0.459445
vt 0.432232 0.457122
vt 0.067742 0.536771
vt 0.066597 0.537634
vt 0.067486 0.538794
vt 0.068570 0.538075
vt 0.067742 0.536771
vt 0.072462 0.535941
vt 0.060742 0.544023
vt 0.061699 0.545507
vt 0.038721 0.535512
vt 0.047880 0.543292
vt 0.036878 0.534586
vt 0.037464 0.534846
vt 0.019673 0.504615
vt 0.065938 0.504295
vt 0.061699 0.545507
vt 0.060742 0.544023
vt 0.057825 0.546301
vt 0.068570 0.538075
vt 0.073369 0.537719
vt 0.418190 0.254307
vt 0.415027 0.252290
vt 0.413429 0.258583
vt 0.416667 0.259481
vt 0.425059 0.258541
vt 0.423228 0.257530
vt 0.422251 0.261030
vt 0.424216 0.261578
vt 0.420761 0.255955
vt 0.419577 0.260288
vt 0.430791 0.261467
vt 0.430177 0.263230
vt 0.434236 0.264360
vt 0.434915 0.262706
vt 0.428838 0.260505
vt 0.428045 0.262642
vt 0.437866 0.265364
vt 0.438304 0.263585
vt 0.441811 0.264119
vt 0.441458 0.266361
vt 0.445803 0.267563
vt 0.447146 0.262461
vt 0.408856 0.260346
vt 0.410458 0.254643
vt 0.413275 0.250547
vt 0.979465 0.749249
vt 0.993835 0.748274
vt 0.993294 0.740841
vt 0.978932 0.741951
vt 0.992682 0.733411
vt 0.978335 0.734659
vt 0.456047 0.160110
vt 0.457084 0.161458
vt 0.462716 0.161551
vt 0.445605 0.161133
vt 0.447540 0.160874
vt 0.421873 0.470985
vt 0.422420 0.464622
vt 0.418072 0.465562
vt 0.417605 0.470859
vt 0.433150 0.163960
vt 0.436758 0.163030
vt 0.455920 0.162418
vt 0.457091 0.163727
vt 0.458313 0.162800
vt 0.449311 0.160670
vt 0.451401 0.160551
vt 0.468256 0.156610
vt 0.466357 0.153636
vt 0.454752 0.161498
vt 0.453242 0.160885
vt 0.423333 0.166961
vt 0.428118 0.165511
vt 0.417950 0.168528
vt 0.415333 0.462011
vt 0.415781 0.461946
vt 0.415388 0.459877
vt 0.414879 0.459945
vt 0.441138 0.161845
vt 0.404943 0.485232
vt 0.399414 0.484775
vt 0.400802 0.497640
vt 0.405407 0.497634
vt 0.410531 0.485065
vt 0.411139 0.497615
vt 0.419820 0.497591
vt 0.420392 0.484441
vt 0.415151 0.170671
vt 0.404528 0.483086
vt 0.404459 0.482273
vt 0.399159 0.482769
vt 0.399214 0.483380
vt 0.409408 0.482117
vt 0.408645 0.480784
vt 0.416489 0.456976
vt 0.415918 0.455611
vt 0.414426 0.456632
vt 0.414865 0.457960
vt 0.415664 0.463806
vt 0.416093 0.463741
vt 0.417542 0.461457
vt 0.417196 0.459036
vt 0.413826 0.456781
vt 0.414360 0.458205
vt 0.413748 0.455408
vt 0.413339 0.455589
vt 0.415289 0.454262
vt 0.415874 0.465788
vt 0.416315 0.465818
vt 0.414426 0.474714
vt 0.412300 0.477554
vt 0.412599 0.477756
vt 0.414932 0.474976
vt 0.416035 0.470489
vt 0.415623 0.470371
vt 0.417879 0.463460
vt 0.416023 0.475258
vt 0.420058 0.479924
vt 0.430958 0.477843
vt 0.429559 0.474916
vt 0.419029 0.478159
vt 0.432210 0.497552
vt 0.432744 0.483576
vt 0.420494 0.483182
vt 0.432973 0.481860
vt 0.423372 0.461208
vt 0.429912 0.470327
vt 0.431163 0.468053
vt 0.419477 0.474829
vt 0.438176 0.474308
vt 0.437405 0.477604
vt 0.438292 0.480793
vt 0.442425 0.484230
vt 0.428953 0.461678
vt 0.433578 0.464065
vt 0.434638 0.461602
vt 0.441959 0.464315
vt 0.442696 0.462270
vt 0.436868 0.462596
vt 0.435807 0.464707
vt 0.432544 0.470845
vt 0.443557 0.459278
vt 0.444620 0.456250
vt 0.440587 0.456334
vt 0.438591 0.459480
vt 0.423142 0.462315
vt 0.439680 0.470389
vt 0.438591 0.459480
vt 0.440587 0.456334
vt 0.438301 0.455143
vt 0.436188 0.458028
vt 0.433523 0.453418
vt 0.442832 0.452583
vt 0.441087 0.451457
vt 0.446827 0.453405
vt 0.442832 0.452583
vt 0.427660 0.462439
vt 0.426382 0.453405
vt 0.428022 0.450017
vt 0.424256 0.446848
vt 0.435809 0.444044
vt 0.434375 0.449942
vt 0.442036 0.449810
vt 0.435809 0.444044
vt 0.434375 0.449942
vt 0.433612 0.468717
vt 0.440438 0.468360
vt 0.436868 0.462596
vt 0.425163 0.538809
vt 0.432525 0.537946
vt 0.431193 0.535636
vt 0.424204 0.536016
vt 0.444388 0.449791
vt 0.442810 0.448030
vt 0.443614 0.451134
vt 0.443614 0.451134
vt 0.448383 0.451701
vt 0.435646 0.442223
vt 0.423787 0.445561
vt 0.414545 0.453300
vt 0.413295 0.453972
vt 0.412714 0.454231
vt 0.396033 0.484082
vt 0.398042 0.497661
vt 0.409650 0.397691
vt 0.402301 0.411367
vt 0.418095 0.414483
vt 0.418693 0.398234
vt 0.440057 0.497526
vt 0.442425 0.484230
vt 0.444388 0.449791
vt 0.449180 0.449867
vt 0.415294 0.264702
vt 0.411537 0.264782
vt 0.423371 0.264613
vt 0.421283 0.264536
vt 0.418355 0.264611
vt 0.429792 0.265058
vt 0.433965 0.266132
vt 0.427627 0.264879
vt 0.437325 0.267114
vt 0.440603 0.268461
vt 0.444325 0.272633
vt 0.965175 0.933099
vt 0.961915 0.932975
vt 0.406002 0.265581
vt 0.409135 0.265370
vt 0.965710 0.926733
vt 0.962149 0.926610
vt 0.991244 0.718571
vt 0.976928 0.720098
vt 0.977668 0.727379
vt 0.991999 0.725989
vt 0.990419 0.711165
vt 0.976115 0.712828
vt 0.407369 0.266596
vt 0.470972 0.166940
vt 0.466453 0.164854
vt 0.464513 0.167808
vt 0.459286 0.164348
vt 0.460294 0.165732
vt 0.458831 0.176635
vt 0.459940 0.174909
vt 0.457186 0.173677
vt 0.456404 0.175464
vt 0.422025 0.524190
vt 0.417760 0.524356
vt 0.418283 0.529650
vt 0.422647 0.530561
vt 0.453781 0.184483
vt 0.452132 0.183452
vt 0.450243 0.186655
vt 0.451720 0.187687
vt 0.458037 0.165216
vt 0.458568 0.170061
vt 0.457871 0.172037
vt 0.461238 0.172883
vt 0.462502 0.170932
vt 0.458589 0.166597
vt 0.458756 0.168204
vt 0.448888 0.192092
vt 0.447359 0.191063
vt 0.444645 0.195264
vt 0.446181 0.196311
vt 0.441653 0.200008
vt 0.443197 0.200951
vt 0.415574 0.533249
vt 0.415141 0.535320
vt 0.415642 0.535387
vt 0.416016 0.533310
vt 0.456368 0.180461
vt 0.454479 0.179564
vt 0.405017 0.510040
vt 0.399491 0.510498
vt 0.410597 0.510191
vt 0.420466 0.510734
vt 0.439397 0.201918
vt 0.443965 0.205452
vt 0.404595 0.512187
vt 0.399272 0.511893
vt 0.399214 0.512501
vt 0.404528 0.513003
vt 0.409491 0.513154
vt 0.410597 0.510191
vt 0.408722 0.514483
vt 0.416778 0.538284
vt 0.415145 0.537312
vt 0.414716 0.538649
vt 0.416223 0.539654
vt 0.415880 0.531445
vt 0.416315 0.531504
vt 0.417788 0.533781
vt 0.417453 0.536209
vt 0.414111 0.538508
vt 0.414633 0.537079
vt 0.414047 0.539877
vt 0.413643 0.539708
vt 0.415598 0.540997
vt 0.416516 0.529416
vt 0.416074 0.529456
vt 0.414539 0.520533
vt 0.415045 0.520263
vt 0.412682 0.517536
vt 0.412374 0.517734
vt 0.416189 0.524753
vt 0.415780 0.524871
vt 0.418103 0.531768
vt 0.416123 0.519974
vt 0.415673 0.516946
vt 0.429683 0.520188
vt 0.431057 0.517256
vt 0.420115 0.515252
vt 0.419096 0.517033
vt 0.432818 0.511516
vt 0.420575 0.511992
vt 0.433050 0.513233
vt 0.423618 0.533960
vt 0.413953 0.515268
vt 0.430076 0.524772
vt 0.419590 0.520362
vt 0.431356 0.527034
vt 0.438312 0.520722
vt 0.437515 0.517446
vt 0.438381 0.514263
vt 0.442492 0.510802
vt 0.428656 0.398908
vt 0.434113 0.413383
vt 0.434886 0.533451
vt 0.433800 0.530995
vt 0.429192 0.533424
vt 0.442182 0.530673
vt 0.436028 0.530341
vt 0.437106 0.532435
vt 0.442937 0.532711
vt 0.432710 0.524238
vt 0.443822 0.535686
vt 0.438856 0.535528
vt 0.440880 0.538660
vt 0.444916 0.538700
vt 0.423380 0.532854
vt 0.439849 0.524631
vt 0.438856 0.535528
vt 0.436465 0.537008
vt 0.438613 0.539862
vt 0.440880 0.538660
vt 0.433852 0.541638
vt 0.441436 0.543527
vt 0.443164 0.542386
vt 0.443164 0.542386
vt 0.447153 0.541526
vt 0.426723 0.541720
vt 0.428390 0.545085
vt 0.436227 0.550985
vt 0.434734 0.545105
vt 0.434734 0.545105
vt 0.427884 0.532677
vt 0.440623 0.526646
vt 0.433797 0.526346
vt 0.437106 0.532435
vt 0.904685 0.801968
vt 0.905701 0.799214
vt 0.898691 0.798627
vt 0.897309 0.800920
vt 0.444751 0.545166
vt 0.443966 0.543828
vt 0.442404 0.545168
vt 0.443194 0.546934
vt 0.443966 0.543828
vt 0.448726 0.543214
vt 0.436227 0.550985
vt 0.436083 0.552814
vt 0.424649 0.548279
vt 0.414868 0.541973
vt 0.424198 0.549577
vt 0.413024 0.541076
vt 0.413616 0.541318
vt 0.396735 0.509555
vt 0.442492 0.510802
vt 0.444751 0.545166
vt 0.449542 0.545038
vt 0.408127 0.274696
vt 0.407000 0.271118
vt 0.401731 0.274897
vt 0.403630 0.277672
vt 0.410654 0.282358
vt 0.409908 0.280405
vt 0.406905 0.282455
vt 0.408054 0.284138
vt 0.409036 0.277614
vt 0.405336 0.280166
vt 0.413157 0.288288
vt 0.411550 0.289245
vt 0.413928 0.292725
vt 0.415514 0.291891
vt 0.412284 0.286299
vt 0.410300 0.287421
vt 0.416056 0.295834
vt 0.417533 0.294748
vt 0.419876 0.297414
vt 0.418159 0.298905
vt 0.420704 0.302626
vt 0.425025 0.299592
vt 0.406783 0.268654
vt 0.401989 0.269956
vt 0.440093 0.413754
vt 0.441242 0.399874
vt 0.966008 0.920358
vt 0.962365 0.920254
vt 0.396497 0.511553
vt 0.966695 0.882079
vt 0.966810 0.875695
vt 0.963167 0.875685
vt 0.963138 0.882057
vt 0.974278 0.698313
vt 0.988549 0.696366
vt 0.987504 0.688987
vt 0.973261 0.691064
vt 0.975229 0.705566
vt 0.989517 0.703762
vt 0.469815 0.171182
vt 0.468146 0.170814
vt 0.460902 0.178359
vt 0.462203 0.176906
vt 0.453273 0.188606
vt 0.455407 0.185554
vt 0.469530 0.172672
vt 0.471255 0.172936
vt 0.471616 0.171450
vt 0.463406 0.175600
vt 0.464917 0.174158
vt 0.473285 0.159899
vt 0.470571 0.158556
vt 0.468055 0.172718
vt 0.466527 0.173218
vt 0.447767 0.197274
vt 0.450459 0.193054
vt 0.444695 0.201965
vt 0.914399 0.796514
vt 0.913953 0.796576
vt 0.914294 0.798671
vt 0.914803 0.798613
vt 0.457967 0.181811
vt 0.925277 0.772454
vt 0.930819 0.772873
vt 0.929404 0.760005
vt 0.924798 0.759999
vt 0.919669 0.772701
vt 0.919083 0.759999
vt 0.925724 0.774592
vt 0.925804 0.775404
vt 0.931084 0.774876
vt 0.931028 0.774265
vt 0.919669 0.772701
vt 0.920883 0.775640
vt 0.921685 0.776944
vt 0.913119 0.801574
vt 0.913653 0.802962
vt 0.915172 0.801962
vt 0.914765 0.800618
vt 0.914110 0.794697
vt 0.913678 0.794752
vt 0.912182 0.797036
vt 0.912472 0.799481
vt 0.915776 0.801829
vt 0.915280 0.800389
vt 0.915819 0.803194
vt 0.916228 0.803029
vt 0.914258 0.804302
vt 0.913955 0.792697
vt 0.913515 0.792645
vt 0.915395 0.783469
vt 0.915896 0.783737
vt 0.918174 0.780705
vt 0.917177 0.779530
vt 0.914048 0.788004
vt 0.914457 0.788125
vt 0.911734 0.792833
vt 0.911887 0.795002
vt 0.914299 0.783199
vt 0.912485 0.787582
vt 0.915052 0.780939
vt 0.898287 0.759974
vt 0.897774 0.774165
vt 0.906337 0.797190
vt 0.899310 0.780172
vt 0.900627 0.783180
vt 0.897513 0.775918
vt 0.897774 0.774165
vt 0.892033 0.783436
vt 0.892913 0.780115
vt 0.892148 0.776864
vt 0.888071 0.773342
vt 0.888033 0.793368
vt 0.887245 0.795378
vt 0.893052 0.795283
vt 0.894160 0.793202
vt 0.897545 0.787139
vt 0.900166 0.787746
vt 0.898862 0.789976
vt 0.886269 0.798272
vt 0.884999 0.801174
vt 0.889076 0.801396
vt 0.891252 0.798369
vt 0.908992 0.794626
vt 0.890439 0.787361
vt 0.889076 0.801396
vt 0.895912 0.804588
vt 0.891252 0.798369
vt 0.903068 0.804839
vt 0.886550 0.804915
vt 0.895030 0.808072
vt 0.882600 0.803925
vt 0.886550 0.804915
vt 0.904996 0.811505
vt 0.901341 0.808170
vt 0.895030 0.808072
vt 0.891321 0.813214
vt 0.896440 0.789240
vt 0.889642 0.789372
vt 0.900556 0.793069
vt 0.900763 0.796438
vt 0.904881 0.717983
vt 0.897498 0.719017
vt 0.898869 0.721332
vt 0.905883 0.720736
vt 0.884841 0.807575
vt 0.890948 0.815208
vt 0.891321 0.813214
vt 0.885775 0.806325
vt 0.885775 0.806325
vt 0.880975 0.805569
vt 0.904900 0.813239
vt 0.914976 0.805290
vt 0.916350 0.804591
vt 0.916827 0.804398
vt 0.934227 0.773546
vt 0.932142 0.759996
vt 0.460073 0.401551
vt 0.446035 0.414316
vt 0.462015 0.413344
vt 0.461559 0.417772
vt 0.890485 0.759955
vt 0.888071 0.773342
vt 0.890948 0.815208
vt 0.884841 0.807575
vt 0.880135 0.807376
vt 0.399229 0.280787
vt 0.396300 0.278440
vt 0.405453 0.285916
vt 0.403908 0.284509
vt 0.401618 0.282690
vt 0.410077 0.290397
vt 0.412584 0.293900
vt 0.408539 0.288862
vt 0.414514 0.296818
vt 0.416149 0.299964
vt 0.416313 0.305558
vt 0.397083 0.273308
vt 0.391549 0.275481
vt 0.394086 0.277349
vt 0.966495 0.913993
vt 0.962558 0.913886
vt 0.985208 0.674256
vt 0.971004 0.676611
vt 0.972165 0.683836
vt 0.986393 0.681615
vt 0.983953 0.666905
vt 0.969771 0.669401
vt 0.391943 0.277151
vt 0.473339 0.172032
vt 0.474992 0.172440
vt 0.476695 0.167934
vt 0.480792 0.181780
vt 0.480567 0.179737
vt 0.477649 0.180534
vt 0.478177 0.182412
vt 0.481854 0.191050
vt 0.479925 0.191293
vt 0.480496 0.194976
vt 0.482291 0.194834
vt 0.472929 0.173484
vt 0.476424 0.176870
vt 0.477143 0.178830
vt 0.480291 0.177349
vt 0.480017 0.175042
vt 0.479589 0.171353
vt 0.474228 0.174183
vt 0.475392 0.175316
vt 0.482884 0.200039
vt 0.481055 0.200212
vt 0.481608 0.205179
vt 0.483454 0.205015
vt 0.482294 0.210748
vt 0.484086 0.210503
vt 0.914565 0.723507
vt 0.914982 0.721412
vt 0.914474 0.721344
vt 0.914120 0.723439
vt 0.481314 0.186297
vt 0.479282 0.186800
vt 0.925294 0.747559
vt 0.930828 0.747146
vt 0.919691 0.747292
vt 0.481751 0.213649
vt 0.487068 0.213041
vt 0.925745 0.745421
vt 0.931043 0.745761
vt 0.931105 0.745151
vt 0.925826 0.744609
vt 0.920910 0.744365
vt 0.919691 0.747292
vt 0.921723 0.743052
vt 0.913316 0.718442
vt 0.914954 0.719408
vt 0.915369 0.718068
vt 0.913855 0.717070
vt 0.914264 0.725322
vt 0.913835 0.725257
vt 0.912355 0.722959
vt 0.912659 0.720524
vt 0.915969 0.718205
vt 0.915467 0.719646
vt 0.916018 0.716835
vt 0.916428 0.717003
vt 0.914463 0.715702
vt 0.913647 0.727361
vt 0.914088 0.727316
vt 0.915943 0.736271
vt 0.915439 0.736535
vt 0.917912 0.739512
vt 0.918221 0.739321
vt 0.914119 0.732003
vt 0.914530 0.731880
vt 0.911870 0.727145
vt 0.912047 0.724998
vt 0.912548 0.732413
vt 0.897805 0.745783
vt 0.906524 0.722737
vt 0.899354 0.739774
vt 0.900680 0.736767
vt 0.897548 0.744036
vt 0.897805 0.745783
vt 0.892093 0.736481
vt 0.892959 0.739802
vt 0.892185 0.743060
vt 0.888103 0.746572
vt 0.888152 0.726513
vt 0.894268 0.726712
vt 0.893180 0.724622
vt 0.887380 0.724499
vt 0.900233 0.732197
vt 0.897616 0.732787
vt 0.898936 0.729965
vt 0.886426 0.721596
vt 0.891413 0.721529
vt 0.889257 0.718490
vt 0.885179 0.718691
vt 0.906789 0.723807
vt 0.890514 0.732543
vt 0.889257 0.718490
vt 0.891413 0.721529
vt 0.896116 0.715335
vt 0.903284 0.715101
vt 0.886750 0.714960
vt 0.895248 0.711842
vt 0.886750 0.714960
vt 0.882794 0.715927
vt 0.901561 0.711764
vt 0.895248 0.711842
vt 0.905227 0.708435
vt 0.891561 0.706684
vt 0.889727 0.730520
vt 0.896520 0.730691
vt 0.902288 0.724223
vt 0.900929 0.723543
vt 0.885053 0.712294
vt 0.885983 0.713548
vt 0.891561 0.706684
vt 0.891195 0.704690
vt 0.885983 0.713548
vt 0.881174 0.714280
vt 0.915188 0.714724
vt 0.905137 0.706698
vt 0.917037 0.715632
vt 0.916562 0.715438
vt 0.933755 0.746125
vt 0.477183 0.417377
vt 0.485004 0.404320
vt 0.888103 0.746572
vt 0.891195 0.704690
vt 0.885053 0.712294
vt 0.880344 0.712462
vt 0.387287 0.283837
vt 0.388741 0.280380
vt 0.382275 0.279866
vt 0.381933 0.283210
vt 0.384270 0.291324
vt 0.384961 0.289352
vt 0.381343 0.288978
vt 0.381137 0.291006
vt 0.386100 0.286658
vt 0.381626 0.286220
vt 0.382353 0.297469
vt 0.380505 0.297159
vt 0.380079 0.301346
vt 0.381824 0.301747
vt 0.382969 0.295386
vt 0.380732 0.294961
vt 0.379693 0.305101
vt 0.381523 0.305231
vt 0.381584 0.308783
vt 0.379317 0.308805
vt 0.378857 0.313292
vt 0.384117 0.313761
vt 0.385648 0.276237
vt 0.379742 0.275653
vt 0.483017 0.418021
vt 0.966242 0.907605
vt 0.962725 0.907517
vt 0.966383 0.901227
vt 0.962866 0.901152
vt 0.981234 0.652246
vt 0.967103 0.655013
vt 0.968474 0.662201
vt 0.982635 0.659573
vt 0.979769 0.644936
vt 0.965663 0.647840
vt 0.390162 0.278354
vt 0.481608 0.167375
vt 0.484317 0.171346
vt 0.485831 0.170553
vt 0.486918 0.165020
vt 0.483491 0.181806
vt 0.483578 0.179855
vt 0.484078 0.194567
vt 0.483793 0.190848
vt 0.486565 0.171871
vt 0.488060 0.170939
vt 0.487365 0.169573
vt 0.483685 0.178075
vt 0.483942 0.175998
vt 0.483048 0.158708
vt 0.479785 0.160056
vt 0.485458 0.172861
vt 0.484590 0.174239
vt 0.485296 0.204753
vt 0.484712 0.199787
vt 0.485888 0.210337
vt 0.545628 0.897589
vt 0.546075 0.897537
vt 0.545736 0.895506
vt 0.545227 0.895561
vt 0.483407 0.186333
vt 0.534820 0.921211
vt 0.529279 0.920799
vt 0.530686 0.933738
vt 0.535302 0.933729
vt 0.540420 0.920986
vt 0.541037 0.933710
vt 0.534372 0.919056
vt 0.534291 0.918243
vt 0.529002 0.918799
vt 0.529064 0.919410
vt 0.540420 0.920986
vt 0.539237 0.917919
vt 0.538447 0.916593
vt 0.546958 0.892727
vt 0.546490 0.891379
vt 0.544920 0.892266
vt 0.545285 0.893600
vt 0.545898 0.899348
vt 0.546331 0.899297
vt 0.547859 0.897083
vt 0.547570 0.894741
vt 0.544311 0.892380
vt 0.544766 0.893824
vt 0.544329 0.891002
vt 0.543909 0.891147
vt 0.545940 0.890014
vt 0.546036 0.901304
vt 0.546474 0.901352
vt 0.544188 0.910270
vt 0.542025 0.913264
vt 0.542326 0.913469
vt 0.544690 0.910535
vt 0.545981 0.905977
vt 0.545572 0.905856
vt 0.548250 0.901139
vt 0.548131 0.899051
vt 0.545776 0.910807
vt 0.547548 0.906390
vt 0.543584 0.915786
vt 0.545311 0.913913
vt 0.561910 0.933635
vt 0.562403 0.919457
vt 0.559057 0.897240
vt 0.561034 0.895030
vt 0.560801 0.913508
vt 0.559440 0.910535
vt 0.562403 0.919457
vt 0.562666 0.917708
vt 0.568038 0.910135
vt 0.567213 0.913466
vt 0.568017 0.916724
vt 0.572117 0.920222
vt 0.488784 0.418829
vt 0.503389 0.423193
vt 0.505767 0.407327
vt 0.571864 0.900087
vt 0.572610 0.898039
vt 0.566792 0.898269
vt 0.565742 0.900378
vt 0.562466 0.906514
vt 0.561726 0.906252
vt 0.559836 0.905961
vt 0.561093 0.903698
vt 0.573520 0.895073
vt 0.574703 0.892087
vt 0.570629 0.892010
vt 0.568527 0.895129
vt 0.557745 0.897977
vt 0.569571 0.906175
vt 0.569381 0.891584
vt 0.567509 0.894859
vt 0.568527 0.895129
vt 0.570629 0.892010
vt 0.562338 0.892727
vt 0.571626 0.887704
vt 0.573046 0.888361
vt 0.577009 0.889252
vt 0.573046 0.888361
vt 0.563541 0.904386
vt 0.570335 0.904144
vt 0.562769 0.904271
vt 0.564713 0.900245
vt 0.565722 0.898080
vt 0.563736 0.889127
vt 0.562338 0.892727
vt 0.564607 0.885692
vt 0.563736 0.889127
vt 0.564607 0.885692
vt 0.573458 0.884794
vt 0.572646 0.886085
vt 0.573823 0.886926
vt 0.574579 0.885570
vt 0.573823 0.886926
vt 0.578582 0.887538
vt 0.565151 0.877921
vt 0.565628 0.879663
vt 0.565628 0.879663
vt 0.565151 0.877921
vt 0.545348 0.888966
vt 0.544011 0.889521
vt 0.543405 0.889720
vt 0.526347 0.919761
vt 0.527944 0.933738
vt 0.569735 0.933604
vt 0.572117 0.920222
vt 0.574579 0.885570
vt 0.579395 0.885711
vt 0.376561 0.282751
vt 0.375835 0.279070
vt 0.378004 0.290688
vt 0.377725 0.288612
vt 0.377157 0.285746
vt 0.378640 0.297087
vt 0.378291 0.301379
vt 0.378455 0.294922
vt 0.377879 0.304856
vt 0.377099 0.308321
vt 0.373613 0.312688
vt 0.374114 0.273730
vt 0.374849 0.276808
vt 0.976623 0.630360
vt 0.962578 0.633534
vt 0.964152 0.640679
vt 0.978231 0.637643
vt 0.974939 0.623095
vt 0.960931 0.626410
vt 0.373356 0.275284
vt 0.489057 0.168890
vt 0.490595 0.168138
vt 0.501013 0.171565
vt 0.499521 0.170147
vt 0.497795 0.172629
vt 0.499408 0.173728
vt 0.507771 0.177990
vt 0.506449 0.179415
vt 0.509245 0.181877
vt 0.510535 0.180613
vt 0.489682 0.170267
vt 0.494519 0.170601
vt 0.496321 0.171646
vt 0.497770 0.168492
vt 0.496084 0.166891
vt 0.493381 0.164332
vt 0.490843 0.161930
vt 0.491129 0.169963
vt 0.492739 0.170078
vt 0.514335 0.184226
vt 0.513034 0.185528
vt 0.516649 0.188989
vt 0.517966 0.187667
vt 0.520754 0.192815
vt 0.521966 0.191475
vt 0.545644 0.970150
vt 0.545249 0.972370
vt 0.545758 0.972412
vt 0.546094 0.970203
vt 0.504307 0.174697
vt 0.503076 0.176386
vt 0.534870 0.946249
vt 0.529320 0.946690
vt 0.540479 0.946451
vt 0.522413 0.195982
vt 0.526494 0.191689
vt 0.534436 0.948408
vt 0.529125 0.948095
vt 0.529076 0.948704
vt 0.534364 0.949225
vt 0.539310 0.949523
vt 0.540479 0.946451
vt 0.538529 0.950847
vt 0.547004 0.975393
vt 0.545323 0.974487
vt 0.544957 0.975927
vt 0.546513 0.976883
vt 0.545955 0.968252
vt 0.546389 0.968300
vt 0.547868 0.970639
vt 0.547603 0.973169
vt 0.544345 0.975828
vt 0.544801 0.974267
vt 0.544367 0.977270
vt 0.543944 0.977127
vt 0.545957 0.978369
vt 0.546597 0.966138
vt 0.546157 0.966186
vt 0.544307 0.957159
vt 0.544806 0.956895
vt 0.542421 0.953973
vt 0.542120 0.954178
vt 0.546147 0.961446
vt 0.545736 0.961573
vt 0.548382 0.966338
vt 0.548177 0.968544
vt 0.545898 0.956614
vt 0.547719 0.961025
vt 0.545133 0.954330
vt 0.543674 0.951643
vt 0.545410 0.953506
vt 0.562496 0.947791
vt 0.552066 0.973129
vt 0.551458 0.970534
vt 0.560942 0.953738
vt 0.559610 0.956711
vt 0.562773 0.949532
vt 0.562496 0.947791
vt 0.568209 0.957054
vt 0.567353 0.953735
vt 0.568131 0.950480
vt 0.572206 0.946963
vt 0.518272 0.423962
vt 0.527622 0.411713
vt 0.568984 0.958981
vt 0.561475 0.958586
vt 0.562635 0.960700
vt 0.569740 0.960998
vt 0.572093 0.967027
vt 0.565958 0.966779
vt 0.567058 0.968870
vt 0.572866 0.969053
vt 0.561057 0.958966
vt 0.561890 0.960956
vt 0.573808 0.971993
vt 0.568845 0.972014
vt 0.570980 0.975111
vt 0.575022 0.974921
vt 0.551404 0.969013
vt 0.568845 0.972014
vt 0.567846 0.972286
vt 0.569748 0.975583
vt 0.570980 0.975111
vt 0.554806 0.978068
vt 0.553237 0.975670
vt 0.566371 0.985898
vt 0.572077 0.979430
vt 0.573479 0.978710
vt 0.573479 0.978710
vt 0.577401 0.977610
vt 0.559380 0.969989
vt 0.558032 0.969283
vt 0.564156 0.978179
vt 0.562822 0.974453
vt 0.564911 0.981718
vt 0.561443 0.972162
vt 0.570516 0.963012
vt 0.563685 0.962807
vt 0.564927 0.966910
vt 0.562898 0.962921
vt 0.565997 0.969069
vt 0.564156 0.978179
vt 0.564911 0.981718
vt 0.574330 0.980084
vt 0.573184 0.981001
vt 0.574127 0.982230
vt 0.575180 0.981388
vt 0.574330 0.980084
vt 0.579066 0.979205
vt 0.566371 0.985898
vt 0.565826 0.989617
vt 0.566371 0.985898
vt 0.565826 0.989617
vt 0.545388 0.979424
vt 0.543438 0.978595
vt 0.544045 0.978794
vt 0.525877 0.947507
vt 0.572206 0.946963
vt 0.575180 0.981388
vt 0.579985 0.980981
vt 0.365449 0.277439
vt 0.368784 0.275717
vt 0.364173 0.271175
vt 0.361753 0.273519
vt 0.358320 0.281233
vt 0.360120 0.280166
vt 0.357594 0.277550
vt 0.356124 0.278973
vt 0.362725 0.278835
vt 0.359585 0.275624
vt 0.352897 0.284697
vt 0.351684 0.283273
vt 0.350118 0.284789
vt 0.351254 0.286146
vt 0.354711 0.283500
vt 0.353273 0.281737
vt 0.348656 0.286205
vt 0.349736 0.287626
vt 0.345948 0.288820
vt 0.347263 0.290096
vt 0.345026 0.292854
vt 0.343273 0.291417
vt 0.340030 0.294550
vt 0.343751 0.298298
vt 0.368283 0.272095
vt 0.371194 0.275085
vt 0.371324 0.274612
vt 0.365645 0.269740
vt 0.369097 0.270512
vt 0.364957 0.266286
vt 0.523439 0.425298
vt 0.966506 0.894842
vt 0.962989 0.894784
vt 0.959210 0.619296
vt 0.973194 0.615855
vt 0.971373 0.608624
vt 0.957431 0.612206
vt 0.969491 0.601411
vt 0.955577 0.605125
vt 0.497657 0.159731
vt 0.493678 0.157821
vt 0.497008 0.161314
vt 0.503093 0.169847
vt 0.501907 0.168304
vt 0.511729 0.179265
vt 0.509133 0.176595
vt 0.499070 0.160280
vt 0.499635 0.158617
vt 0.498233 0.157994
vt 0.500845 0.166874
vt 0.499705 0.165115
vt 0.487166 0.154314
vt 0.485374 0.156763
vt 0.498858 0.161755
vt 0.499074 0.163360
vt 0.519212 0.186295
vt 0.515572 0.182857
vt 0.523243 0.190197
vt 0.106495 0.465151
vt 0.106943 0.465087
vt 0.106568 0.463070
vt 0.106051 0.463134
vt 0.505932 0.173375
vt 0.096238 0.488220
vt 0.090697 0.487789
vt 0.092172 0.500702
vt 0.096785 0.500671
vt 0.101817 0.488025
vt 0.102524 0.500618
vt 0.095805 0.486070
vt 0.095736 0.485256
vt 0.090446 0.485780
vt 0.090497 0.486392
vt 0.100671 0.485005
vt 0.099906 0.483682
vt 0.107729 0.460287
vt 0.107240 0.458944
vt 0.105689 0.459851
vt 0.106070 0.461182
vt 0.106810 0.466903
vt 0.107236 0.466842
vt 0.108717 0.464597
vt 0.108372 0.462276
vt 0.105078 0.459968
vt 0.105553 0.461402
vt 0.105087 0.458591
vt 0.104668 0.458736
vt 0.106692 0.457603
vt 0.107007 0.468861
vt 0.107451 0.468895
vt 0.105598 0.477775
vt 0.103539 0.480595
vt 0.103833 0.480804
vt 0.106103 0.478035
vt 0.107179 0.473523
vt 0.106759 0.473415
vt 0.109204 0.468636
vt 0.109025 0.466562
vt 0.107185 0.478299
vt 0.108750 0.473894
vt 0.106511 0.480541
vt 0.105078 0.483119
vt 0.106786 0.481359
vt 0.111139 0.500511
vt 0.111691 0.487366
vt 0.111265 0.482896
vt 0.122165 0.480640
vt 0.120732 0.477736
vt 0.110220 0.481152
vt 0.123552 0.500330
vt 0.124014 0.486349
vt 0.111800 0.486115
vt 0.124220 0.484626
vt 0.121025 0.473145
vt 0.122237 0.470840
vt 0.113012 0.473958
vt 0.110652 0.477832
vt 0.129359 0.477003
vt 0.128623 0.480324
vt 0.129539 0.483518
vt 0.133705 0.486934
vt 0.152313 0.410319
vt 0.134244 0.414416
vt 0.143843 0.426549
vt 0.158827 0.425565
vt 0.130075 0.475049
vt 0.130773 0.472993
vt 0.123679 0.473610
vt 0.122557 0.475776
vt 0.121747 0.462258
vt 0.119837 0.464503
vt 0.124534 0.466782
vt 0.125523 0.464301
vt 0.132907 0.466805
vt 0.133593 0.464712
vt 0.127780 0.465222
vt 0.126780 0.467368
vt 0.120439 0.475925
vt 0.110135 0.479649
vt 0.134355 0.461644
vt 0.135291 0.458507
vt 0.131275 0.458774
vt 0.129412 0.462039
vt 0.113512 0.467616
vt 0.129412 0.462039
vt 0.131275 0.458774
vt 0.128953 0.457682
vt 0.126958 0.460685
vt 0.124317 0.456295
vt 0.122978 0.459921
vt 0.124317 0.456295
vt 0.133321 0.454867
vt 0.131501 0.453809
vt 0.137353 0.455502
vt 0.133321 0.454867
vt 0.127799 0.447382
vt 0.124692 0.471455
vt 0.131490 0.470939
vt 0.127780 0.465222
vt 0.134748 0.451973
vt 0.133106 0.450217
vt 0.132375 0.452080
vt 0.134034 0.453358
vt 0.134034 0.453358
vt 0.138828 0.453728
vt 0.127799 0.447382
vt 0.127418 0.445373
vt 0.106109 0.456544
vt 0.104770 0.457107
vt 0.104168 0.457316
vt 0.087252 0.486997
vt 0.089430 0.500730
vt 0.131332 0.500218
vt 0.133705 0.486934
vt 0.134748 0.451973
vt 0.139547 0.451857
vt 0.357939 0.269712
vt 0.359749 0.266436
vt 0.353934 0.276710
vt 0.355059 0.274944
vt 0.356472 0.272387
vt 0.350297 0.282012
vt 0.348794 0.283610
vt 0.351552 0.280240
vt 0.347270 0.285076
vt 0.344715 0.287469
vt 0.341889 0.289613
vt 0.336410 0.290708
vt 0.363353 0.267046
vt 0.360918 0.263940
vt 0.360447 0.264058
vt 0.138695 0.427959
vt 0.966606 0.888461
vt 0.963078 0.888422
vt 0.361881 0.261190
vt 0.957431 0.988644
vt 0.971373 0.992223
vt 0.973194 0.984989
vt 0.959210 0.981548
vt 0.974939 0.977745
vt 0.960931 0.974437
vt 0.955577 0.995716
vt 0.969491 0.999436
vt 0.360302 0.261913
vt 0.127418 0.445373
vt 0.495682 0.152351
vt 0.499103 0.156396
vt 0.499789 0.154834
vt 0.509975 0.150778
vt 0.507916 0.150642
vt 0.508210 0.153654
vt 0.510145 0.153465
vt 0.500468 0.157056
vt 0.504416 0.154233
vt 0.503269 0.150349
vt 0.499563 0.150107
vt 0.501393 0.155889
vt 0.528293 0.151946
vt 0.528148 0.153780
vt 0.533134 0.154115
vt 0.533301 0.152268
vt 0.538739 0.154420
vt 0.538802 0.152616
vt 0.495966 0.147405
vt 0.107881 0.538233
vt 0.108403 0.534403
vt 0.107965 0.534355
vt 0.107372 0.538184
vt 0.514524 0.151065
vt 0.514655 0.153151
vt 0.519310 0.151377
vt 0.519168 0.153314
vt 0.096479 0.513121
vt 0.090939 0.513625
vt 0.102077 0.513258
vt 0.542017 0.155863
vt 0.542390 0.149955
vt 0.096083 0.515279
vt 0.090755 0.515025
vt 0.090709 0.515637
vt 0.096016 0.516092
vt 0.100997 0.516272
vt 0.100242 0.517585
vt 0.109736 0.538940
vt 0.110199 0.534615
vt 0.107171 0.541482
vt 0.106550 0.541423
vt 0.106641 0.542788
vt 0.106215 0.542667
vt 0.108301 0.543686
vt 0.108772 0.542301
vt 0.108512 0.532338
vt 0.108077 0.532390
vt 0.108026 0.527689
vt 0.106786 0.523165
vt 0.106305 0.523444
vt 0.107623 0.527823
vt 0.104220 0.520613
vt 0.110274 0.532531
vt 0.107838 0.522863
vt 0.109579 0.527260
vt 0.107236 0.519847
vt 0.105441 0.518166
vt 0.111997 0.513650
vt 0.121367 0.522926
vt 0.122691 0.519985
vt 0.111698 0.518137
vt 0.110712 0.519915
vt 0.124362 0.514245
vt 0.112127 0.514904
vt 0.124625 0.515948
vt 0.123105 0.538329
vt 0.119774 0.535445
vt 0.121832 0.527496
vt 0.111299 0.523225
vt 0.113820 0.527026
vt 0.123138 0.529739
vt 0.129987 0.523334
vt 0.129147 0.520084
vt 0.129969 0.516906
vt 0.134041 0.513399
vt 0.173344 0.420918
vt 0.179123 0.420022
vt 0.176924 0.406377
vt 0.126717 0.536084
vt 0.124446 0.526925
vt 0.131580 0.527210
vt 0.125968 0.544190
vt 0.135005 0.544985
vt 0.132753 0.541216
vt 0.130565 0.542447
vt 0.134243 0.547735
vt 0.135005 0.544985
vt 0.138977 0.544021
vt 0.136761 0.541213
vt 0.132753 0.541216
vt 0.129936 0.552950
vt 0.132375 0.529207
vt 0.125563 0.529026
vt 0.128905 0.535056
vt 0.134696 0.535274
vt 0.125968 0.544190
vt 0.036931 0.766867
vt 0.040157 0.760969
vt 0.032966 0.760328
vt 0.030035 0.766017
vt 0.136637 0.547732
vt 0.135809 0.546411
vt 0.135096 0.549573
vt 0.135809 0.546411
vt 0.140582 0.545662
vt 0.129679 0.554971
vt 0.107775 0.544762
vt 0.105795 0.544126
vt 0.106417 0.544284
vt 0.087512 0.514394
vt 0.134041 0.513399
vt 0.136637 0.547732
vt 0.141455 0.547458
vt 0.352875 0.258514
vt 0.356536 0.259332
vt 0.355906 0.252890
vt 0.352551 0.253145
vt 0.340761 0.256314
vt 0.347045 0.257204
vt 0.346780 0.253581
vt 0.340784 0.254031
vt 0.338600 0.256070
vt 0.338576 0.254202
vt 0.334380 0.254521
vt 0.334302 0.256305
vt 0.330619 0.254810
vt 0.330816 0.256633
vt 0.327335 0.257321
vt 0.326902 0.255090
vt 0.322407 0.255433
vt 0.322877 0.260690
vt 0.358464 0.256232
vt 0.358786 0.260385
vt 0.359185 0.260112
vt 0.357960 0.252736
vt 0.360094 0.255518
vt 0.359651 0.249623
vt 0.962578 0.967307
vt 0.976623 0.970481
vt 0.978225 0.963204
vt 0.964152 0.960165
vt 0.979769 0.955905
vt 0.965663 0.953007
vt 0.129936 0.552950
vt 0.129679 0.554971
vt 0.500364 0.145444
vt 0.499862 0.143799
vt 0.495162 0.143323
vt 0.510487 0.148128
vt 0.508586 0.147699
vt 0.501300 0.143324
vt 0.500657 0.141666
vt 0.499189 0.142096
vt 0.504885 0.146639
vt 0.488490 0.147939
vt 0.487993 0.145474
vt 0.502074 0.144614
vt 0.533367 0.150409
vt 0.528384 0.150110
vt 0.538963 0.150813
vt 0.021435 0.766424
vt 0.020931 0.766472
vt 0.021432 0.770395
vt 0.021866 0.770347
vt 0.514919 0.149019
vt 0.519416 0.149437
vt 0.009330 0.791075
vt 0.003865 0.790802
vt 0.005197 0.802258
vt 0.009776 0.802724
vt 0.014836 0.790870
vt 0.015529 0.802984
vt 0.009076 0.789245
vt 0.003768 0.789505
vt 0.014836 0.790870
vt 0.013176 0.787861
vt 0.023660 0.770148
vt 0.023295 0.765678
vt 0.020724 0.763147
vt 0.020102 0.763217
vt 0.020201 0.761872
vt 0.019781 0.761975
vt 0.022300 0.762267
vt 0.021758 0.760913
vt 0.021490 0.772394
vt 0.021924 0.772453
vt 0.021202 0.777112
vt 0.020796 0.776972
vt 0.019198 0.781397
vt 0.019696 0.781642
vt 0.017097 0.784506
vt 0.023713 0.772310
vt 0.022751 0.777578
vt 0.036384 0.803521
vt 0.037171 0.789625
vt 0.028982 0.769143
vt 0.035551 0.785352
vt 0.034354 0.782321
vt 0.037171 0.789625
vt 0.042900 0.782464
vt 0.041904 0.785708
vt 0.042460 0.789012
vt 0.044633 0.803558
vt 0.047122 0.791767
vt 0.042460 0.789012
vt 0.184969 0.419278
vt 0.198709 0.419327
vt 0.201804 0.403124
vt 0.042402 0.770735
vt 0.038744 0.776480
vt 0.045512 0.776783
vt 0.048147 0.771075
vt 0.037559 0.778506
vt 0.034990 0.777777
vt 0.036372 0.775591
vt 0.044636 0.778705
vt 0.046654 0.765123
vt 0.049305 0.761946
vt 0.047815 0.760486
vt 0.044564 0.763554
vt 0.050691 0.765669
vt 0.053206 0.763109
vt 0.049305 0.761946
vt 0.046654 0.765123
vt 0.041506 0.757461
vt 0.044191 0.751589
vt 0.031515 0.754406
vt 0.034957 0.757176
vt 0.041506 0.757461
vt 0.033431 0.769634
vt 0.040303 0.769481
vt 0.047902 0.854367
vt 0.045720 0.855719
vt 0.046690 0.857140
vt 0.048028 0.855942
vt 0.050204 0.760752
vt 0.054829 0.761401
vt 0.049090 0.759124
vt 0.044191 0.751589
vt 0.038313 0.859876
vt 0.027075 0.857463
vt 0.038682 0.861722
vt 0.016659 0.850011
vt 0.017545 0.848756
vt 0.016941 0.848507
vt 0.016251 0.849845
vt 0.000492 0.790525
vt 0.002281 0.803070
vt 0.050204 0.760752
vt 0.047902 0.854367
vt 0.048028 0.855942
vt 0.052355 0.855667
vt 0.052834 0.853825
vt 0.352066 0.247778
vt 0.355562 0.246429
vt 0.340417 0.251788
vt 0.346497 0.249954
vt 0.338318 0.252351
vt 0.334027 0.252761
vt 0.330539 0.252980
vt 0.326993 0.252820
vt 0.322078 0.250162
vt 0.357938 0.249204
vt 0.358063 0.245256
vt 0.357624 0.245043
vt 0.360565 0.243743
vt 0.967097 0.869310
vt 0.963175 0.869320
vt 0.982635 0.941274
vt 0.968474 0.938643
vt 0.967104 0.945835
vt 0.981234 0.948597
vt 0.983954 0.933942
vt 0.969771 0.931446
vt 0.358895 0.243302
vt 0.038682 0.861722
vt 0.038313 0.859876
vt 0.018380 0.850480
vt 0.018933 0.849400
vt 0.493536 0.139468
vt 0.498807 0.140302
vt 0.498321 0.138658
vt 0.503415 0.128890
vt 0.501781 0.130133
vt 0.503940 0.132230
vt 0.505299 0.130830
vt 0.510857 0.123261
vt 0.512055 0.124803
vt 0.514927 0.122442
vt 0.513898 0.120959
vt 0.500272 0.139919
vt 0.501405 0.135159
vt 0.502736 0.133541
vt 0.499861 0.131584
vt 0.498008 0.132987
vt 0.495045 0.135227
vt 0.500211 0.138427
vt 0.500599 0.136850
vt 0.518080 0.117805
vt 0.519157 0.119299
vt 0.523154 0.116293
vt 0.522071 0.114784
vt 0.527593 0.112866
vt 0.526471 0.111452
vt 0.490590 0.135472
vt 0.019408 0.840699
vt 0.018944 0.842728
vt 0.019455 0.842790
vt 0.019850 0.840761
vt 0.507042 0.126150
vt 0.508516 0.127639
vt 0.009088 0.817043
vt 0.003536 0.817399
vt 0.014692 0.817335
vt 0.531017 0.111873
vt 0.527444 0.107152
vt 0.008615 0.819190
vt 0.003306 0.818783
vt 0.003242 0.819397
vt 0.008523 0.820003
vt 0.013467 0.820374
vt 0.014692 0.817335
vt 0.012660 0.821683
vt 0.020594 0.845603
vt 0.018949 0.844688
vt 0.018548 0.846027
vt 0.020086 0.846946
vt 0.019734 0.838937
vt 0.020163 0.839005
vt 0.021628 0.841249
vt 0.021263 0.843590
vt 0.017945 0.845908
vt 0.018435 0.844468
vt 0.017937 0.847292
vt 0.017523 0.847129
vt 0.019538 0.848333
vt 0.020364 0.836955
vt 0.019927 0.836995
vt 0.018294 0.828045
vt 0.018800 0.827795
vt 0.016491 0.824850
vt 0.016187 0.825045
vt 0.020000 0.832341
vt 0.019588 0.832464
vt 0.022137 0.837200
vt 0.021954 0.839281
vt 0.019897 0.827539
vt 0.021575 0.831966
vt 0.019192 0.825257
vt 0.017788 0.822558
vt 0.019488 0.824447
vt 0.036693 0.819136
vt 0.034755 0.843450
vt 0.032815 0.841264
vt 0.034996 0.825073
vt 0.033580 0.828027
vt 0.036931 0.820899
vt 0.036693 0.819136
vt 0.042214 0.828586
vt 0.041412 0.825229
vt 0.042264 0.821989
vt 0.046433 0.818584
vt 0.042953 0.830570
vt 0.035427 0.829950
vt 0.036561 0.832106
vt 0.043682 0.832630
vt 0.038542 0.841390
vt 0.037509 0.838915
vt 0.045924 0.838869
vt 0.039762 0.838327
vt 0.040799 0.840475
vt 0.046646 0.840997
vt 0.033295 0.829844
vt 0.033898 0.832605
vt 0.035120 0.834889
vt 0.047445 0.844131
vt 0.042486 0.843680
vt 0.044390 0.847012
vt 0.048390 0.847382
vt 0.031543 0.840506
vt 0.042587 0.829520
vt 0.042486 0.843680
vt 0.040030 0.845001
vt 0.042051 0.848036
vt 0.044390 0.847012
vt 0.036008 0.845721
vt 0.037385 0.849248
vt 0.037385 0.849248
vt 0.044628 0.851989
vt 0.046453 0.851112
vt 0.046453 0.851112
vt 0.050420 0.850458
vt 0.038947 0.858209
vt 0.044434 0.834696
vt 0.037592 0.834250
vt 0.040799 0.840475
vt 0.038947 0.858209
vt 0.633792 0.795723
vt 0.634434 0.797762
vt 0.647907 0.798201
vt 0.649255 0.795927
vt 0.047902 0.854367
vt 0.047153 0.852784
vt 0.045291 0.853795
vt 0.047153 0.852784
vt 0.051929 0.852139
vt 0.038313 0.859876
vt 0.000122 0.818042
vt 0.215986 0.415649
vt 0.220588 0.401196
vt 0.046433 0.818584
vt 0.355393 0.235938
vt 0.357668 0.238906
vt 0.361337 0.233578
vt 0.358601 0.231615
vt 0.350397 0.229612
vt 0.351767 0.231191
vt 0.353891 0.228238
vt 0.352230 0.227049
vt 0.353543 0.233519
vt 0.356144 0.229853
vt 0.346017 0.224898
vt 0.347199 0.223444
vt 0.345430 0.222177
vt 0.344296 0.223543
vt 0.344578 0.221570
vt 0.343391 0.222886
vt 0.347517 0.226466
vt 0.349000 0.224737
vt 0.343779 0.220991
vt 0.342569 0.222316
vt 0.340710 0.218797
vt 0.339694 0.220321
vt 0.336578 0.218616
vt 0.337683 0.216627
vt 0.334017 0.214002
vt 0.331001 0.218340
vt 0.361140 0.237784
vt 0.358714 0.241154
vt 0.359196 0.241207
vt 0.363010 0.234780
vt 0.362842 0.238270
vt 0.366306 0.233463
vt 0.221909 0.414960
vt 0.965921 0.824646
vt 0.962401 0.824757
vt 0.971004 0.924240
vt 0.985208 0.926588
vt 0.986393 0.919232
vt 0.972165 0.917008
vt 0.987504 0.911860
vt 0.973256 0.909780
vt 0.492646 0.131125
vt 0.491193 0.130209
vt 0.502065 0.126559
vt 0.500349 0.127478
vt 0.512758 0.119570
vt 0.509701 0.121698
vt 0.491960 0.128901
vt 0.498760 0.128282
vt 0.496840 0.129118
vt 0.482378 0.138584
vt 0.485199 0.140723
vt 0.493376 0.129370
vt 0.495002 0.129437
vt 0.520912 0.113329
vt 0.516934 0.116362
vt 0.525416 0.109982
vt 0.632534 0.800679
vt 0.632979 0.800617
vt 0.632624 0.798581
vt 0.632121 0.798657
vt 0.506010 0.124330
vt 0.621796 0.824231
vt 0.616266 0.823776
vt 0.627381 0.824040
vt 0.621358 0.822081
vt 0.621287 0.821266
vt 0.616023 0.821771
vt 0.616067 0.822382
vt 0.627381 0.824040
vt 0.626213 0.820977
vt 0.625427 0.819657
vt 0.633217 0.794360
vt 0.631721 0.795374
vt 0.632145 0.796687
vt 0.632808 0.802447
vt 0.633241 0.802396
vt 0.634750 0.800138
vt 0.631121 0.795534
vt 0.631637 0.796928
vt 0.631040 0.794172
vt 0.630628 0.794355
vt 0.632555 0.793015
vt 0.632952 0.804409
vt 0.633386 0.804449
vt 0.631130 0.813372
vt 0.628980 0.816348
vt 0.629281 0.816550
vt 0.631630 0.813636
vt 0.632913 0.809091
vt 0.632504 0.808962
vt 0.635157 0.804227
vt 0.635030 0.802126
vt 0.632717 0.813900
vt 0.634476 0.809487
vt 0.631982 0.816182
vt 0.630546 0.818865
vt 0.632266 0.817004
vt 0.647696 0.816655
vt 0.646340 0.813673
vt 0.649304 0.822618
vt 0.649566 0.820859
vt 0.645901 0.800361
vt 0.649304 0.822618
vt 0.654941 0.813320
vt 0.654083 0.816630
vt 0.654857 0.819844
vt 0.658841 0.823254
vt 0.655709 0.811390
vt 0.656465 0.809382
vt 0.649382 0.809678
vt 0.648217 0.811795
vt 0.650485 0.802906
vt 0.651584 0.800474
vt 0.658823 0.803405
vt 0.659603 0.801406
vt 0.653788 0.801544
vt 0.652695 0.803610
vt 0.646753 0.809103
vt 0.646091 0.811856
vt 0.646076 0.813161
vt 0.648012 0.806847
vt 0.660545 0.798479
vt 0.661708 0.795528
vt 0.657675 0.795442
vt 0.655577 0.798494
vt 0.644609 0.801101
vt 0.647344 0.812909
vt 0.655327 0.812417
vt 0.655577 0.798494
vt 0.657675 0.795442
vt 0.655432 0.794167
vt 0.653203 0.796956
vt 0.650725 0.792235
vt 0.660069 0.791812
vt 0.658371 0.790616
vt 0.664021 0.792814
vt 0.660069 0.791812
vt 0.651698 0.788794
vt 0.653453 0.782971
vt 0.641685 0.785274
vt 0.643688 0.791706
vt 0.650451 0.807579
vt 0.657241 0.807380
vt 0.653788 0.801544
vt 0.661753 0.789095
vt 0.660256 0.787285
vt 0.659395 0.789023
vt 0.660922 0.790399
vt 0.660922 0.790399
vt 0.665652 0.791189
vt 0.653453 0.782971
vt 0.641763 0.783515
vt 0.631802 0.792062
vt 0.630558 0.792750
vt 0.629977 0.793015
vt 0.612867 0.822858
vt 0.227839 0.414449
vt 0.658841 0.823254
vt 0.661753 0.789095
vt 0.666538 0.789397
vt 0.361667 0.227192
vt 0.365213 0.228401
vt 0.354068 0.224490
vt 0.356000 0.225281
vt 0.358776 0.226214
vt 0.348195 0.221862
vt 0.346354 0.220667
vt 0.345441 0.220019
vt 0.350163 0.222778
vt 0.344638 0.219428
vt 0.341825 0.217345
vt 0.339207 0.214948
vt 0.337147 0.209756
vt 0.365263 0.232053
vt 0.367880 0.229102
vt 0.367679 0.228661
vt 0.653390 0.781175
vt 0.988549 0.904478
vt 0.974278 0.902534
vt 0.989517 0.897085
vt 0.975235 0.895278
vt 0.653390 0.781175
vt 0.611399 0.724775
vt 0.608059 0.726593
vt 0.616622 0.740013
vt 0.618355 0.739097
vt 0.599580 0.734188
vt 0.597406 0.737314
vt 0.611074 0.745466
vt 0.612216 0.743866
vt 0.622375 0.721786
vt 0.618610 0.722355
vt 0.622083 0.737894
vt 0.624021 0.737629
vt 0.614934 0.723359
vt 0.620185 0.738389
vt 0.604939 0.728793
vt 0.602108 0.731335
vt 0.613532 0.742413
vt 0.615009 0.741124
vt 0.637332 0.723910
vt 0.633711 0.722737
vt 0.629846 0.738183
vt 0.631703 0.738810
vt 0.593243 0.747911
vt 0.592702 0.751685
vt 0.608568 0.752836
vt 0.608871 0.750892
vt 0.656986 0.745786
vt 0.655768 0.742177
vt 0.641089 0.748310
vt 0.641691 0.750177
vt 0.657777 0.749518
vt 0.642075 0.752108
vt 0.629976 0.721977
vt 0.627930 0.737772
vt 0.652125 0.735495
vt 0.649745 0.732519
vt 0.638043 0.743310
vt 0.639250 0.744853
vt 0.644041 0.727491
vt 0.640789 0.725504
vt 0.633470 0.739650
vt 0.635135 0.740689
vt 0.654139 0.738728
vt 0.640270 0.746527
vt 0.626179 0.721663
vt 0.625980 0.737586
vt 0.656530 0.764586
vt 0.657498 0.760896
vt 0.641864 0.757958
vt 0.641341 0.759849
vt 0.647041 0.729838
vt 0.636661 0.741912
vt 0.645813 0.780038
vt 0.648651 0.777493
vt 0.637209 0.766441
vt 0.635737 0.767740
vt 0.658031 0.757124
vt 0.642164 0.756018
vt 0.651175 0.774635
vt 0.638527 0.764986
vt 0.594947 0.766636
vt 0.596573 0.770090
vt 0.610456 0.762324
vt 0.609636 0.760537
vt 0.639352 0.784068
vt 0.642704 0.782241
vt 0.634119 0.768850
vt 0.632390 0.769767
vt 0.609927 0.783339
vt 0.613389 0.784936
vt 0.619021 0.770064
vt 0.617250 0.769222
vt 0.594216 0.744227
vt 0.609389 0.749005
vt 0.617016 0.786120
vt 0.620753 0.786876
vt 0.622800 0.771104
vt 0.620879 0.770687
vt 0.598588 0.773324
vt 0.611471 0.764000
vt 0.628365 0.787061
vt 0.632138 0.786496
vt 0.628656 0.770974
vt 0.626716 0.771246
vt 0.624556 0.787189
vt 0.624750 0.771287
vt 0.635815 0.785492
vt 0.630553 0.770478
vt 0.653347 0.771497
vt 0.655137 0.768137
vt 0.640606 0.761669
vt 0.639663 0.763389
vt 0.600967 0.776310
vt 0.603673 0.778996
vt 0.614052 0.766953
vt 0.612673 0.765547
vt 0.592953 0.759295
vt 0.593735 0.763027
vt 0.609034 0.758678
vt 0.608648 0.756752
vt 0.606674 0.781347
vt 0.615584 0.768180
vt 0.658129 0.753311
vt 0.642233 0.754059
vt 0.592606 0.755498
vt 0.608496 0.754788
vt 0.595608 0.740679
vt 0.610130 0.747185
vt 0.488324 0.150965
vt 0.488027 0.150909
vt 0.486890 0.154165
vt 0.482878 0.158441
vt 0.479718 0.159769
vt 0.473039 0.137911
vt 0.473140 0.138194
vt 0.476516 0.137538
vt 0.470737 0.158310
vt 0.473386 0.159596
vt 0.465698 0.147265
vt 0.465457 0.150753
vt 0.465760 0.150700
vt 0.482232 0.138857
vt 0.479466 0.137836
vt 0.470516 0.139542
vt 0.487695 0.145561
vt 0.488193 0.147963
vt 0.466511 0.144428
vt 0.487040 0.143127
vt 0.486776 0.143275
vt 0.485158 0.156560
vt 0.468487 0.156401
vt 0.466636 0.153514
vt 0.476782 0.160439
vt 0.476785 0.160139
vt 0.484986 0.140932
vt 0.467993 0.141886
vt 0.617816 0.762750
vt 0.617270 0.763347
vt 0.619862 0.765134
vt 0.620232 0.764395
vt 0.620585 0.744307
vt 0.623364 0.743424
vt 0.623219 0.742612
vt 0.620234 0.743568
vt 0.635932 0.758213
vt 0.634304 0.761211
vt 0.634959 0.761702
vt 0.636704 0.758488
vt 0.617751 0.746208
vt 0.617197 0.745611
vt 0.615931 0.760502
vt 0.615243 0.760941
vt 0.632253 0.763303
vt 0.632742 0.763941
vt 0.625786 0.743317
vt 0.625814 0.742514
vt 0.614532 0.757386
vt 0.614140 0.754493
vt 0.613324 0.754495
vt 0.613751 0.757604
vt 0.629712 0.764765
vt 0.630031 0.765522
vt 0.635293 0.749207
vt 0.636003 0.748823
vt 0.634190 0.746259
vt 0.633594 0.746821
vt 0.628206 0.743611
vt 0.630917 0.744709
vt 0.631319 0.743996
vt 0.628413 0.742824
vt 0.614656 0.751104
vt 0.613873 0.750868
vt 0.626398 0.765614
vt 0.623474 0.765487
vt 0.623333 0.766296
vt 0.626474 0.766419
vt 0.636303 0.751947
vt 0.637102 0.751765
vt 0.615874 0.748450
vt 0.615187 0.748019
vt 0.636556 0.755358
vt 0.637360 0.755421
vt 0.626270 0.742397
vt 0.624777 0.742352
vt 0.623983 0.742413
vt 0.623191 0.742491
vt 0.613196 0.754498
vt 0.613253 0.755285
vt 0.613484 0.756857
vt 0.613634 0.757631
vt 0.632828 0.764044
vt 0.633414 0.763519
vt 0.634525 0.762375
vt 0.635060 0.761778
vt 0.614208 0.759113
vt 0.615138 0.761015
vt 0.613914 0.758375
vt 0.632155 0.764476
vt 0.630784 0.765292
vt 0.630079 0.765644
vt 0.620187 0.743442
vt 0.620913 0.743159
vt 0.622432 0.742693
vt 0.636122 0.748760
vt 0.635707 0.748094
vt 0.634774 0.746802
vt 0.634281 0.746175
vt 0.631375 0.743879
vt 0.630671 0.743541
vt 0.629190 0.742962
vt 0.628454 0.742701
vt 0.627666 0.742562
vt 0.613747 0.750825
vt 0.613367 0.752912
vt 0.613269 0.753702
vt 0.626484 0.766538
vt 0.625696 0.766547
vt 0.624102 0.766504
vt 0.623321 0.766422
vt 0.628047 0.766223
vt 0.627263 0.766391
vt 0.637229 0.751741
vt 0.636984 0.750982
vt 0.636439 0.749479
vt 0.632669 0.744810
vt 0.632027 0.744341
vt 0.614030 0.750094
vt 0.614715 0.748660
vt 0.615079 0.747941
vt 0.619806 0.765248
vt 0.621786 0.765985
vt 0.622548 0.766205
vt 0.637494 0.755436
vt 0.637376 0.756210
vt 0.637026 0.757765
vt 0.636822 0.758527
vt 0.637448 0.753838
vt 0.637473 0.754637
vt 0.615541 0.747316
vt 0.616574 0.746100
vt 0.617112 0.745517
vt 0.617188 0.763454
vt 0.617801 0.763935
vt 0.619128 0.764824
vt 0.636135 0.759953
vt 0.636482 0.759243
vt 0.618823 0.744280
vt 0.619502 0.743859
vt 0.615605 0.761648
vt 0.616646 0.762860
vt 0.637151 0.758461
vt 0.636566 0.759781
vt 0.615699 0.746639
vt 0.616653 0.745553
vt 0.619350 0.765328
vt 0.618142 0.764542
vt 0.613580 0.750399
vt 0.614162 0.749085
vt 0.616000 0.762602
vt 0.615089 0.761476
vt 0.614832 0.747788
vt 0.618953 0.743822
vt 0.620219 0.743108
vt 0.622965 0.742231
vt 0.624403 0.742065
vt 0.621574 0.742624
vt 0.617770 0.744644
vt 0.628698 0.742456
vt 0.630046 0.742953
vt 0.613008 0.753227
vt 0.613240 0.751810
vt 0.636951 0.749949
vt 0.637423 0.751323
vt 0.637654 0.752744
vt 0.627276 0.742178
vt 0.634737 0.746254
vt 0.635605 0.747405
vt 0.631373 0.743541
vt 0.632570 0.744346
vt 0.636392 0.748622
vt 0.625841 0.742029
vt 0.637512 0.757053
vt 0.633687 0.745252
vt 0.634076 0.763295
vt 0.633003 0.764278
vt 0.637765 0.755636
vt 0.635062 0.762242
vt 0.614388 0.760213
vt 0.613787 0.758902
vt 0.631791 0.765062
vt 0.630526 0.765768
vt 0.620678 0.765912
vt 0.623439 0.766742
vt 0.622032 0.766391
vt 0.627763 0.766603
vt 0.626338 0.766846
vt 0.624889 0.766841
vt 0.629163 0.766239
vt 0.635867 0.761038
vt 0.616980 0.763665
vt 0.613308 0.757541
vt 0.613053 0.756116
vt 0.637778 0.754179
vt 0.612903 0.754668
vt 0.454557 0.385050
vt 0.446957 0.384342
vt 0.150924 0.394411
vt 0.158548 0.393120
vt 0.462144 0.385731
vt 0.143275 0.395817
vt 0.135576 0.397265
vt 0.507824 0.391464
vt 0.515488 0.392673
vt 0.348270 0.379362
vt 0.340689 0.379279
vt 0.477353 0.387395
vt 0.484955 0.388269
vt 0.492552 0.389253
vt 0.500179 0.390353
vt 0.166163 0.391820
vt 0.127807 0.398751
vt 0.173738 0.390663
vt 0.295161 0.379705
vt 0.287537 0.380036
vt 0.393849 0.396849
vt 0.401388 0.381278
vt 0.393801 0.380871
vt 0.371039 0.379920
vt 0.378620 0.380197
vt 0.257102 0.381955
vt 0.249503 0.382578
vt 0.241928 0.383143
vt 0.181308 0.389591
vt 0.279862 0.380689
vt 0.272253 0.381096
vt 0.363415 0.379766
vt 0.386198 0.380549
vt 0.355839 0.379535
vt 0.264678 0.381475
vt 0.234356 0.383802
vt 0.226741 0.384409
vt 0.219165 0.385150
vt 0.317914 0.379322
vt 0.325496 0.379298
vt 0.211608 0.385980
vt 0.204027 0.386772
vt 0.333050 0.379377
vt 0.424177 0.382636
vt 0.416581 0.382138
vt 0.408997 0.381667
vt 0.431768 0.383149
vt 0.310278 0.379547
vt 0.196473 0.387656
vt 0.302736 0.379571
vt 0.188910 0.388640
vt 0.469738 0.386496
vt 0.439367 0.383750
vt 0.523211 0.394037
vt 0.530981 0.395385
vt 0.251529 0.322054
vt 0.243557 0.322649
vt 0.179912 0.329240
vt 0.171976 0.330306
vt 0.442993 0.323663
vt 0.435044 0.323044
vt 0.267497 0.321025
vt 0.259509 0.321513
vt 0.450950 0.324341
vt 0.203742 0.326355
vt 0.195794 0.327260
vt 0.466853 0.325826
vt 0.458904 0.325057
vt 0.474811 0.326649
vt 0.275475 0.320584
vt 0.211699 0.325507
vt 0.227633 0.323974
vt 0.219663 0.324708
vt 0.283463 0.320198
vt 0.482759 0.327530
vt 0.315481 0.319229
vt 0.307496 0.319372
vt 0.490701 0.328459
vt 0.299484 0.319576
vt 0.514486 0.331533
vt 0.506571 0.330464
vt 0.291475 0.319855
vt 0.522398 0.332629
vt 0.323484 0.319135
vt 0.498638 0.329437
vt 0.331478 0.319096
vt 0.339466 0.319114
vt 0.530298 0.333737
vt 0.538188 0.334843
vt 0.371381 0.319694
vt 0.363411 0.319472
vt 0.124636 0.337638
vt 0.116791 0.338886
vt 0.355436 0.319293
vt 0.140358 0.335086
vt 0.132491 0.336365
vt 0.347451 0.319181
vt 0.148239 0.333838
vt 0.379354 0.319955
vt 0.387318 0.320262
vt 0.395275 0.320623
vt 0.156136 0.332617
vt 0.164054 0.331433
vt 0.419139 0.321944
vt 0.411185 0.321458
vt 0.235590 0.323284
vt 0.187854 0.328222
vt 0.403233 0.321021
vt 0.427090 0.322473
vt 0.816621 0.852957
vt 0.818699 0.846147
vt 0.791271 0.841526
vt 0.789402 0.847199
vt 0.820492 0.839261
vt 0.792889 0.835777
vt 0.821990 0.832297
vt 0.794248 0.830068
vt 0.823201 0.825286
vt 0.795388 0.824207
vt 0.824121 0.818224
vt 0.796290 0.818306
vt 0.824748 0.811137
vt 0.796947 0.812277
vt 0.825077 0.804022
vt 0.797351 0.806321
vt 0.825101 0.796902
vt 0.797501 0.800349
vt 0.824840 0.789785
vt 0.797409 0.794479
vt 0.824275 0.782695
vt 0.797068 0.788526
vt 0.823410 0.775626
vt 0.796471 0.782579
vt 0.822267 0.768603
vt 0.795616 0.776580
vt 0.820827 0.761635
vt 0.794531 0.770707
vt 0.819102 0.754729
vt 0.793193 0.764885
vt 0.817091 0.747901
vt 0.791653 0.759212
vt 0.814804 0.741164
vt 0.789860 0.753515
vt 0.812233 0.734532
vt 0.787825 0.747898
vt 0.809395 0.728006
vt 0.785521 0.742289
vt 0.806286 0.721608
vt 0.783024 0.736861
vt 0.802922 0.715338
vt 0.780297 0.731545
vt 0.799297 0.709214
vt 0.777412 0.726424
vt 0.795416 0.703249
vt 0.774276 0.721340
vt 0.791302 0.697443
vt 0.770928 0.716392
vt 0.786945 0.691816
vt 0.767312 0.711522
vt 0.782367 0.686378
vt 0.763557 0.706870
vt 0.777569 0.681123
vt 0.759609 0.702383
vt 0.772551 0.676075
vt 0.755559 0.698131
vt 0.767327 0.671238
vt 0.751270 0.693974
vt 0.761909 0.666626
vt 0.746815 0.690002
vt 0.756300 0.662243
vt 0.742119 0.686164
vt 0.750523 0.658082
vt 0.737344 0.682583
vt 0.744576 0.654178
vt 0.732409 0.679209
vt 0.738466 0.650523
vt 0.727433 0.676088
vt 0.732212 0.647121
vt 0.722259 0.673116
vt 0.725819 0.643988
vt 0.716967 0.670360
vt 0.730880 0.952998
vt 0.737159 0.949642
vt 0.721018 0.926989
vt 0.715622 0.929744
vt 0.743297 0.946030
vt 0.726225 0.924057
vt 0.749268 0.942168
vt 0.731305 0.920917
vt 0.755080 0.938063
vt 0.736175 0.917628
vt 0.760719 0.933728
vt 0.740984 0.914086
vt 0.766174 0.929162
vt 0.745658 0.910352
vt 0.771438 0.924377
vt 0.750230 0.906363
vt 0.776499 0.919378
vt 0.754566 0.902254
vt 0.781358 0.914172
vt 0.758733 0.897977
vt 0.785979 0.908767
vt 0.762650 0.893597
vt 0.790386 0.903171
vt 0.766441 0.888982
vt 0.794549 0.897407
vt 0.770042 0.884212
vt 0.798476 0.891472
vt 0.773492 0.879225
vt 0.802150 0.885385
vt 0.776690 0.874171
vt 0.805573 0.879149
vt 0.779663 0.868993
vt 0.808743 0.872776
vt 0.782388 0.863780
vt 0.811639 0.866283
vt 0.784943 0.858385
vt 0.814265 0.859669
vt 0.787277 0.852874
vt 0.396322 0.410951
vt 0.782809 0.851213
vt 0.775681 0.863585
vt 0.784879 0.845711
vt 0.787625 0.831510
vt 0.791539 0.817727
vt 0.792175 0.811880
vt 0.791345 0.796155
vt 0.791717 0.783128
vt 0.790894 0.777300
vt 0.786478 0.763663
vt 0.783338 0.749525
vt 0.781103 0.744088
vt 0.773489 0.732008
vt 0.766503 0.719209
vt 0.767598 0.720977
vt 0.763490 0.714332
vt 0.753118 0.704505
vt 0.743220 0.693803
vt 0.739106 0.690438
vt 0.726649 0.682866
vt 0.714839 0.674557
vt 0.718774 0.922837
vt 0.713525 0.925529
vt 0.730296 0.914172
vt 0.742571 0.906774
vt 0.746995 0.902918
vt 0.755258 0.892746
vt 0.766128 0.881536
vt 0.769473 0.876704
vt 0.957182 0.824890
vt 0.956973 0.818541
vt 0.956747 0.812195
vt 0.956498 0.805856
vt 0.956227 0.799513
vt 0.955936 0.793158
vt 0.955672 0.786773
vt 0.955863 0.951834
vt 0.955577 0.958215
vt 0.956160 0.945488
vt 0.956435 0.939146
vt 0.956696 0.932800
vt 0.956929 0.926457
vt 0.957145 0.920112
vt 0.957335 0.913759
vt 0.957506 0.907414
vt 0.957647 0.901068
vt 0.957769 0.894716
vt 0.957859 0.888370
vt 0.957926 0.882024
vt 0.957970 0.875678
vt 0.957955 0.869329
vt 0.957926 0.862977
vt 0.957862 0.856628
vt 0.957773 0.850279
vt 0.957665 0.843927
vt 0.957531 0.837578
vt 0.957372 0.831236
vt 0.027075 0.857463
vt 0.018380 0.850480
vt 0.436083 0.552814
vt 0.435646 0.442223
vt 0.680311 0.901592
vt 0.244014 0.997900
vt 0.244083 0.998149
vt 0.244276 0.998122
vt 0.242996 0.999249
vt 0.242748 0.999189
vt 0.242672 0.999356
vt 0.242411 0.999206
vt 0.242984 0.997314
vt 0.243238 0.997305
vt 0.243259 0.997128
vt 0.244270 0.998425
vt 0.244190 0.998715
vt 0.244020 0.998653
vt 0.244046 0.998985
vt 0.243893 0.998869
vt 0.243717 0.999053
vt 0.244046 0.998985
vt 0.243551 0.997200
vt 0.243565 0.999349
vt 0.243498 0.999183
vt 0.243273 0.999429
vt 0.241962 0.998134
vt 0.242144 0.998160
vt 0.242038 0.997839
vt 0.742209 0.992468
vt 0.742209 0.992121
vt 0.741364 0.992121
vt 0.741364 0.992468
vt 0.742209 0.991767
vt 0.742209 0.991423
vt 0.741364 0.991423
vt 0.741364 0.991767
vt 0.742209 0.997349
vt 0.742209 0.996999
vt 0.741364 0.996999
vt 0.741364 0.997349
vt 0.742209 0.991076
vt 0.741364 0.991076
vt 0.742209 0.994207
vt 0.742209 0.993862
vt 0.741364 0.993862
vt 0.741364 0.994207
vt 0.742209 0.997693
vt 0.741364 0.997693
vt 0.742209 0.999088
vt 0.742209 0.998738
vt 0.741364 0.998738
vt 0.741364 0.999088
vt 0.742209 0.996647
vt 0.742209 0.996296
vt 0.741364 0.996296
vt 0.741364 0.996647
vt 0.742209 0.995953
vt 0.741364 0.995953
vt 0.742209 0.993166
vt 0.742209 0.992823
vt 0.741364 0.992823
vt 0.741364 0.993166
vt 0.742209 0.993514
vt 0.741364 0.993514
vt 0.742209 0.998394
vt 0.741364 0.998394
vt 0.742209 0.995605
vt 0.741364 0.995605
vt 0.742209 0.994908
vt 0.742209 0.994557
vt 0.741364 0.994557
vt 0.741364 0.994908
vt 0.742209 0.999436
vt 0.741364 0.999436
vt 0.742209 0.998044
vt 0.741364 0.998044
vt 0.742209 0.995255
vt 0.741364 0.995255
vt 0.373714 0.999040
vt 0.373497 0.998821
vt 0.373360 0.998932
vt 0.373612 0.999180
vt 0.373259 0.998271
vt 0.373256 0.997973
vt 0.373081 0.997949
vt 0.373085 0.998297
vt 0.373343 0.998565
vt 0.373181 0.998634
vt 0.373479 0.997412
vt 0.373693 0.997194
vt 0.373581 0.997058
vt 0.373337 0.997306
vt 0.375491 0.998535
vt 0.375343 0.998799
vt 0.375484 0.998905
vt 0.375655 0.998605
vt 0.374871 0.999177
vt 0.374578 0.999259
vt 0.374603 0.999431
vt 0.374940 0.999336
vt 0.375565 0.998244
vt 0.375740 0.998265
vt 0.375324 0.997382
vt 0.375479 0.997643
vt 0.375639 0.997575
vt 0.375459 0.997274
vt 0.373979 0.999185
vt 0.373916 0.999353
vt 0.375562 0.997940
vt 0.375736 0.997907
vt 0.373167 0.997613
vt 0.373330 0.997678
vt 0.373950 0.997035
vt 0.374241 0.996948
vt 0.374219 0.996786
vt 0.373880 0.996872
vt 0.374275 0.999264
vt 0.374256 0.999436
vt 0.375133 0.999022
vt 0.375240 0.999159
vt 0.375107 0.997177
vt 0.375213 0.997032
vt 0.374547 0.996949
vt 0.374841 0.997021
vt 0.374905 0.996857
vt 0.374568 0.996775
vt 0.679948 0.998223
vt 0.679948 0.998528
vt 0.681154 0.998528
vt 0.681154 0.998223
vt 0.679948 0.998831
vt 0.679948 0.999134
vt 0.681154 0.999134
vt 0.681154 0.998831
vt 0.679948 0.993965
vt 0.679948 0.994271
vt 0.681154 0.994271
vt 0.681154 0.993965
vt 0.679948 0.999436
vt 0.681154 0.999436
vt 0.679948 0.996700
vt 0.679948 0.997002
vt 0.681154 0.997002
vt 0.681154 0.996700
vt 0.679948 0.993663
vt 0.681154 0.993663
vt 0.679948 0.992446
vt 0.679948 0.992751
vt 0.681154 0.992751
vt 0.681154 0.992446
vt 0.679948 0.994570
vt 0.679948 0.994880
vt 0.681154 0.994880
vt 0.681154 0.994570
vt 0.679948 0.995179
vt 0.681154 0.995179
vt 0.679948 0.997610
vt 0.679948 0.997917
vt 0.681154 0.997917
vt 0.681154 0.997610
vt 0.679948 0.997304
vt 0.681154 0.997304
vt 0.679948 0.993051
vt 0.681154 0.993051
vt 0.679948 0.995482
vt 0.681154 0.995482
vt 0.679948 0.996091
vt 0.679948 0.996399
vt 0.681154 0.996399
vt 0.681154 0.996091
vt 0.679948 0.992143
vt 0.681154 0.992143
vt 0.679948 0.993357
vt 0.681154 0.993357
vt 0.679948 0.995785
vt 0.681154 0.995785
vt 0.141230 0.998094
vt 0.141292 0.998433
vt 0.141395 0.998389
vt 0.141347 0.998073
vt 0.141284 0.997734
vt 0.141382 0.997762
vt 0.143739 0.997412
vt 0.143526 0.997108
vt 0.143449 0.997197
vt 0.143648 0.997454
vt 0.143882 0.997721
vt 0.143766 0.997765
vt 0.142580 0.999436
vt 0.142943 0.999372
vt 0.142911 0.999268
vt 0.142594 0.999316
vt 0.143738 0.998764
vt 0.143877 0.998421
vt 0.143780 0.998393
vt 0.143661 0.998699
vt 0.141630 0.997137
vt 0.141707 0.997214
vt 0.141963 0.997004
vt 0.141910 0.996926
vt 0.141913 0.999251
vt 0.142244 0.999391
vt 0.142260 0.999283
vt 0.141964 0.999151
vt 0.143921 0.998074
vt 0.143826 0.998069
vt 0.141434 0.998742
vt 0.141635 0.999035
vt 0.141702 0.998970
vt 0.141516 0.998724
vt 0.143260 0.996903
vt 0.142931 0.996787
vt 0.142903 0.996884
vt 0.143198 0.997015
vt 0.142219 0.996783
vt 0.142251 0.996887
vt 0.142570 0.996720
vt 0.142579 0.996838
vt 0.141415 0.997427
vt 0.141513 0.997467
vt 0.143545 0.999028
vt 0.143467 0.998951
vt 0.143265 0.999240
vt 0.143211 0.999161
vt 0.342697 0.996609
vt 0.342697 0.996738
vt 0.342920 0.996738
vt 0.342920 0.996608
vt 0.342697 0.997383
vt 0.342697 0.997505
vt 0.342920 0.997505
vt 0.342920 0.997383
vt 0.342697 0.997124
vt 0.342697 0.997256
vt 0.342920 0.997256
vt 0.342920 0.997124
vt 0.342697 0.996995
vt 0.342920 0.996995
vt 0.143012 0.997824
vt 0.143056 0.997939
vt 0.142714 0.998559
vt 0.142595 0.998569
vt 0.143064 0.998188
vt 0.143003 0.998311
vt 0.142233 0.997731
vt 0.142346 0.997651
vt 0.142463 0.998543
vt 0.142341 0.998505
vt 0.143066 0.998069
vt 0.142241 0.998430
vt 0.142161 0.998330
vt 0.142105 0.998215
vt 0.142699 0.997612
vt 0.142820 0.997649
vt 0.142448 0.997595
vt 0.142578 0.997585
vt 0.142110 0.997978
vt 0.142169 0.997819
vt 0.142926 0.998400
vt 0.142828 0.998515
vt 0.142923 0.997748
vt 0.142083 0.998086
vt 0.342697 0.996868
vt 0.342920 0.996868
vt 0.342697 0.997640
vt 0.342697 0.997769
vt 0.342920 0.997769
vt 0.342920 0.997640
vt 0.342697 0.996479
vt 0.342920 0.996479
vt 0.342697 0.998277
vt 0.342692 0.998410
vt 0.342920 0.998410
vt 0.342920 0.998277
vt 0.342697 0.999050
vt 0.342697 0.999182
vt 0.342921 0.999182
vt 0.342920 0.999050
vt 0.342691 0.996352
vt 0.342920 0.996352
vt 0.342697 0.997891
vt 0.342920 0.997891
vt 0.342697 0.999304
vt 0.342697 0.999436
vt 0.342921 0.999436
vt 0.342921 0.999304
vt 0.342697 0.998023
vt 0.342920 0.998024
vt 0.342697 0.998151
vt 0.342920 0.998151
vt 0.342692 0.998923
vt 0.342920 0.998923
vt 0.342697 0.998796
vt 0.342920 0.998796
vt 0.342692 0.998658
vt 0.342920 0.998658
vt 0.342692 0.998537
vt 0.342920 0.998536
vt 0.049693 0.998942
vt 0.049415 0.999344
vt 0.049531 0.999405
vt 0.049693 0.998942
vt 0.049378 0.998569
vt 0.049296 0.998661
vt 0.222096 0.997752
vt 0.222331 0.997653
vt 0.222052 0.996529
vt 0.221626 0.996470
vt 0.265762 0.972553
vt 0.265762 0.973890
vt 0.267042 0.973890
vt 0.267042 0.972553
vt 0.265762 0.977902
vt 0.265762 0.979236
vt 0.267041 0.979240
vt 0.267042 0.977902
vt 0.265762 0.980572
vt 0.265762 0.981910
vt 0.267041 0.981910
vt 0.267041 0.980572
vt 0.265762 0.969883
vt 0.265762 0.971213
vt 0.267042 0.971213
vt 0.267042 0.969883
vt 0.265762 0.975222
vt 0.265762 0.976560
vt 0.267042 0.976560
vt 0.267042 0.975222
vt 0.223641 0.997726
vt 0.223279 0.998188
vt 0.223886 0.997873
vt 0.225217 0.996179
vt 0.225361 0.996430
vt 0.225901 0.996205
vt 0.225368 0.995510
vt 0.265762 0.984579
vt 0.265762 0.985917
vt 0.267042 0.985917
vt 0.267042 0.984579
vt 0.223217 0.996986
vt 0.222641 0.996611
vt 0.222745 0.997482
vt 0.223292 0.997261
vt 0.224088 0.998531
vt 0.224170 0.997949
vt 0.265762 0.983245
vt 0.267041 0.983249
vt 0.223650 0.995952
vt 0.223686 0.995271
vt 0.222984 0.995798
vt 0.223443 0.996161
vt 0.226215 0.998323
vt 0.226015 0.998170
vt 0.225183 0.998974
vt 0.225344 0.999375
vt 0.265762 0.980572
vt 0.267041 0.980572
vt 0.225432 0.996710
vt 0.226007 0.997084
vt 0.265762 0.983245
vt 0.267041 0.983249
vt 0.265762 0.977902
vt 0.267042 0.977902
vt 0.225665 0.997898
vt 0.225350 0.997283
vt 0.225203 0.997535
vt 0.224762 0.995816
vt 0.224560 0.995161
vt 0.224477 0.995740
vt 0.265762 0.975222
vt 0.267042 0.975222
vt 0.265762 0.972553
vt 0.267042 0.972553
vt 0.224189 0.995742
vt 0.224996 0.997732
vt 0.224742 0.997882
vt 0.224959 0.998419
vt 0.223435 0.997518
vt 0.223906 0.995814
vt 0.225013 0.995971
vt 0.225429 0.997000
vt 0.223219 0.996691
vt 0.224461 0.997950
vt 0.223296 0.996410
vt 0.224657 0.994461
vt 0.223304 0.994319
vt 0.223463 0.994718
vt 0.224623 0.994717
vt 0.222428 0.995370
vt 0.222628 0.995521
vt 0.223990 0.999225
vt 0.224026 0.998976
vt 0.226551 0.995949
vt 0.226006 0.994702
vt 0.225734 0.995037
vt 0.226315 0.996040
vt 0.227022 0.997224
vt 0.226597 0.997170
vt 0.222649 0.998997
vt 0.222914 0.998655
vt 0.412270 0.998738
vt 0.412348 0.998447
vt 0.412169 0.998415
vt 0.412109 0.998682
vt 0.411363 0.997129
vt 0.411061 0.997141
vt 0.411082 0.997314
vt 0.411338 0.997300
vt 0.411352 0.999436
vt 0.411637 0.999350
vt 0.411575 0.999175
vt 0.411325 0.999238
vt 0.412355 0.998153
vt 0.412179 0.998170
vt 0.410285 0.998999
vt 0.410499 0.999179
vt 0.410606 0.999061
vt 0.410428 0.998882
vt 0.410760 0.999337
vt 0.411049 0.999423
vt 0.411071 0.999252
vt 0.410822 0.999168
vt 0.410139 0.997839
vt 0.410059 0.998130
vt 0.410238 0.998162
vt 0.410305 0.997895
vt 0.410295 0.997576
vt 0.410433 0.997680
vt 0.410058 0.998449
vt 0.410236 0.998407
vt 0.410766 0.997203
vt 0.410838 0.997378
vt 0.412272 0.997855
vt 0.412110 0.997921
vt 0.412121 0.997578
vt 0.411911 0.997373
vt 0.411803 0.997492
vt 0.411979 0.997695
vt 0.411906 0.999189
vt 0.411795 0.999062
vt 0.410137 0.998722
vt 0.410297 0.998656
vt 0.410508 0.997364
vt 0.410615 0.997491
vt 0.411650 0.997215
vt 0.411586 0.997360
vt 0.412114 0.998977
vt 0.411978 0.998898
vt 0.763090 0.997139
vt 0.763090 0.996887
vt 0.762190 0.996887
vt 0.762190 0.997139
vt 0.763090 0.994077
vt 0.763090 0.993825
vt 0.762190 0.993825
vt 0.762190 0.994077
vt 0.763090 0.999184
vt 0.763090 0.998927
vt 0.762190 0.998927
vt 0.762190 0.999184
vt 0.763090 0.997904
vt 0.763090 0.997652
vt 0.762190 0.997652
vt 0.762190 0.997904
vt 0.763090 0.995607
vt 0.763090 0.995355
vt 0.762190 0.995355
vt 0.762190 0.995607
vt 0.763090 0.994842
vt 0.763090 0.994590
vt 0.762190 0.994590
vt 0.762190 0.994842
vt 0.763090 0.998162
vt 0.762190 0.998162
vt 0.763090 0.995099
vt 0.762190 0.995099
vt 0.763090 0.997395
vt 0.762190 0.997395
vt 0.763090 0.999436
vt 0.762190 0.999436
vt 0.763090 0.994332
vt 0.762190 0.994332
vt 0.763090 0.996630
vt 0.762190 0.996630
vt 0.763090 0.996372
vt 0.763090 0.996122
vt 0.762190 0.996122
vt 0.762190 0.996372
vt 0.763090 0.998419
vt 0.762190 0.998419
vt 0.763090 0.995864
vt 0.762190 0.995864
vt 0.763090 0.998669
vt 0.762190 0.998669
vt 0.763090 0.993567
vt 0.762190 0.993567
vt 0.763090 0.993309
vt 0.762190 0.993309
vt 0.223981 0.999297
vt 0.225367 0.999436
vt 0.225367 0.999436
vt 0.226276 0.998371
vt 0.222029 0.997774
vt 0.222606 0.999051
vt 0.222606 0.999051
vt 0.222377 0.995327
vt 0.221560 0.996458
vt 0.221560 0.996458
vt 0.224668 0.994396
vt 0.223275 0.994257
vt 0.223275 0.994257
vt 0.226618 0.995924
vt 0.226047 0.994646
vt 0.226047 0.994646
vt 0.227094 0.997237
vt 0.227094 0.997237
vt 0.609537 0.996050
vt 0.610029 0.994957
vt 0.609275 0.995720
vt 0.740834 0.997757
vt 0.740834 0.997341
vt 0.738814 0.997341
vt 0.738814 0.997757
vt 0.740834 0.993994
vt 0.740834 0.993571
vt 0.738814 0.993571
vt 0.738814 0.993994
vt 0.740834 0.999436
vt 0.740834 0.999015
vt 0.738814 0.999015
vt 0.738814 0.999436
vt 0.740834 0.991057
vt 0.740834 0.990643
vt 0.738814 0.990643
vt 0.738814 0.991057
vt 0.740834 0.995251
vt 0.740834 0.994831
vt 0.738814 0.994831
vt 0.738814 0.995251
vt 0.740834 0.998602
vt 0.738814 0.998602
vt 0.740834 0.991479
vt 0.738814 0.991479
vt 0.740834 0.992316
vt 0.740834 0.991895
vt 0.738814 0.991895
vt 0.738814 0.992316
vt 0.740834 0.990224
vt 0.740834 0.989802
vt 0.738814 0.989802
vt 0.738814 0.990224
vt 0.740834 0.993152
vt 0.740834 0.992736
vt 0.738814 0.992736
vt 0.738814 0.993152
vt 0.740834 0.996921
vt 0.738814 0.996921
vt 0.740834 0.996083
vt 0.740834 0.995664
vt 0.738814 0.995664
vt 0.738814 0.996083
vt 0.740834 0.998179
vt 0.738814 0.998179
vt 0.740834 0.994410
vt 0.738814 0.994410
vt 0.740834 0.996500
vt 0.738814 0.996500
vt 0.740834 0.989386
vt 0.738814 0.989386
vt 0.842710 0.873677
vt 0.842763 0.875349
vt 0.849883 0.875518
vt 0.850019 0.873852
vt 0.857262 0.874875
vt 0.856936 0.876518
vt 0.863822 0.878324
vt 0.864340 0.876734
vt 0.835417 0.874352
vt 0.835670 0.876002
vt 0.828261 0.875866
vt 0.828698 0.877477
vt 0.821330 0.878206
vt 0.821953 0.879753
vt 0.802785 0.889766
vt 0.803906 0.891013
vt 0.809474 0.886565
vt 0.808501 0.885201
vt 0.814715 0.881329
vt 0.815516 0.882792
vt 0.797642 0.894968
vt 0.798891 0.896070
vt 0.793127 0.900725
vt 0.794508 0.901680
vt 0.789319 0.906976
vt 0.790798 0.907765
vt 0.782553 0.927752
vt 0.784209 0.927985
vt 0.785616 0.921003
vt 0.783997 0.920579
vt 0.786264 0.913624
vt 0.787822 0.914233
vt 0.781954 0.935041
vt 0.783622 0.935081
vt 0.782202 0.942356
vt 0.783870 0.942205
vt 0.783295 0.949586
vt 0.784935 0.949241
vt 0.791469 0.969857
vt 0.792890 0.968971
vt 0.789472 0.962717
vt 0.787961 0.963432
vt 0.785226 0.956645
vt 0.786812 0.956113
vt 0.795698 0.975826
vt 0.796998 0.974782
vt 0.800584 0.981267
vt 0.801764 0.980077
vt 0.806078 0.986104
vt 0.807108 0.984788
vt 0.825358 0.996377
vt 0.825882 0.994788
vt 0.819246 0.992190
vt 0.818550 0.993713
vt 0.812092 0.990268
vt 0.812962 0.988843
vt 0.832440 0.998235
vt 0.832771 0.996597
vt 0.839684 0.999264
vt 0.839824 0.997593
vt 0.846995 0.999436
vt 0.846942 0.997767
vt 0.868373 0.994910
vt 0.867749 0.993357
vt 0.861000 0.995631
vt 0.861441 0.997250
vt 0.854281 0.998760
vt 0.854032 0.997110
vt 0.874990 0.991786
vt 0.874189 0.990320
vt 0.881196 0.987912
vt 0.880233 0.986549
vt 0.886911 0.983346
vt 0.885794 0.982098
vt 0.900375 0.966137
vt 0.898904 0.965353
vt 0.895198 0.971432
vt 0.896569 0.972381
vt 0.892063 0.978148
vt 0.890805 0.977042
vt 0.903439 0.959489
vt 0.901879 0.958881
vt 0.905707 0.952533
vt 0.904086 0.952111
vt 0.907146 0.945363
vt 0.905493 0.945125
vt 0.906399 0.923524
vt 0.904766 0.923865
vt 0.905834 0.930910
vt 0.907496 0.930755
vt 0.907747 0.938069
vt 0.906080 0.938033
vt 0.904472 0.916467
vt 0.902888 0.916998
vt 0.901739 0.909674
vt 0.900228 0.910393
vt 0.898236 0.903260
vt 0.896815 0.904142
vt 0.883626 0.887008
vt 0.882593 0.888326
vt 0.887935 0.893030
vt 0.889118 0.891846
vt 0.894006 0.897287
vt 0.892701 0.898328
vt 0.877607 0.882839
vt 0.876740 0.884266
vt 0.871150 0.879402
vt 0.870452 0.880918
vt 0.173084 0.240004
vt 0.172257 0.248206
vt 0.179044 0.248492
vt 0.179794 0.241083
vt 0.173084 0.240004
vt 0.179044 0.248492
vt 0.307151 0.253927
vt 0.306399 0.261345
vt 0.313115 0.262419
vt 0.313947 0.254220
vt 0.275920 0.314063
vt 0.282999 0.309833
vt 0.279164 0.304213
vt 0.272765 0.308047
vt 0.191079 0.213744
vt 0.195784 0.207963
vt 0.190763 0.203371
vt 0.185555 0.209772
vt 0.299119 0.282386
vt 0.295119 0.288676
vt 0.300637 0.292648
vt 0.305060 0.285691
vt 0.311343 0.270475
vt 0.313115 0.262419
vt 0.306399 0.261345
vt 0.304795 0.268627
vt 0.311343 0.270475
vt 0.306399 0.261345
vt 0.201117 0.202757
vt 0.196671 0.197620
vt 0.190763 0.203371
vt 0.195784 0.207963
vt 0.196671 0.197620
vt 0.183844 0.226750
vt 0.187080 0.220040
vt 0.181139 0.216734
vt 0.177556 0.224156
vt 0.304795 0.268627
vt 0.302357 0.275667
vt 0.308647 0.278269
vt 0.311343 0.270475
vt 0.304795 0.268627
vt 0.308647 0.278269
vt 0.233758 0.180920
vt 0.225662 0.182484
vt 0.227332 0.189071
vt 0.234653 0.187664
vt 0.201117 0.202757
vt 0.207030 0.198217
vt 0.203205 0.192591
vt 0.196671 0.197620
vt 0.201117 0.202757
vt 0.203205 0.192591
vt 0.307033 0.246472
vt 0.307151 0.253927
vt 0.313947 0.254220
vt 0.313814 0.245973
vt 0.185555 0.209772
vt 0.181139 0.216734
vt 0.187080 0.220040
vt 0.191079 0.213744
vt 0.305060 0.285691
vt 0.299119 0.282386
vt 0.181404 0.233793
vt 0.183844 0.226750
vt 0.177556 0.224156
vt 0.174859 0.231950
vt 0.285082 0.299663
vt 0.279164 0.304213
vt 0.282999 0.309833
vt 0.289527 0.304807
vt 0.289527 0.304807
vt 0.295436 0.299052
vt 0.290420 0.294465
vt 0.285082 0.299663
vt 0.295436 0.299052
vt 0.300637 0.292648
vt 0.295119 0.288676
vt 0.290420 0.294465
vt 0.260538 0.319943
vt 0.268402 0.317455
vt 0.265978 0.311099
vt 0.258869 0.313355
vt 0.260538 0.319943
vt 0.265978 0.311099
vt 0.217798 0.184973
vt 0.210279 0.188357
vt 0.213427 0.194384
vt 0.220225 0.191328
vt 0.225662 0.182484
vt 0.217798 0.184973
vt 0.220225 0.191328
vt 0.227332 0.189071
vt 0.268402 0.317455
vt 0.275920 0.314063
vt 0.272765 0.308047
vt 0.265978 0.311099
vt 0.268402 0.317455
vt 0.272765 0.308047
vt 0.210279 0.188357
vt 0.213427 0.194384
vt 0.210279 0.188357
vt 0.207030 0.198217
vt 0.250218 0.180659
vt 0.241980 0.180312
vt 0.242089 0.187113
vt 0.249536 0.187423
vt 0.250218 0.180659
vt 0.242089 0.187113
vt 0.241980 0.180312
vt 0.233758 0.180920
vt 0.234653 0.187664
vt 0.242089 0.187113
vt 0.251547 0.314762
vt 0.244110 0.315310
vt 0.244220 0.322112
vt 0.252438 0.321504
vt 0.251547 0.314762
vt 0.244220 0.322112
vt 0.222128 0.311790
vt 0.215235 0.308944
vt 0.212284 0.315074
vt 0.219903 0.318220
vt 0.235982 0.321765
vt 0.244220 0.322112
vt 0.244110 0.315310
vt 0.236661 0.314997
vt 0.256901 0.188609
vt 0.264071 0.190633
vt 0.266297 0.184203
vt 0.258364 0.181965
vt 0.236661 0.314997
vt 0.229302 0.313816
vt 0.227836 0.320459
vt 0.235982 0.321765
vt 0.236661 0.314997
vt 0.227836 0.320459
vt 0.283528 0.201457
vt 0.289028 0.206487
vt 0.293903 0.201743
vt 0.287817 0.196179
vt 0.283528 0.201457
vt 0.293903 0.201743
vt 0.258869 0.313355
vt 0.251547 0.314762
vt 0.252438 0.321504
vt 0.260538 0.319943
vt 0.273917 0.187353
vt 0.270967 0.193475
vt 0.219903 0.318220
vt 0.227836 0.320459
vt 0.229302 0.313816
vt 0.222128 0.311790
vt 0.219903 0.318220
vt 0.229302 0.313816
vt 0.270967 0.193475
vt 0.277473 0.197102
vt 0.281126 0.191360
vt 0.273917 0.187353
vt 0.249536 0.187423
vt 0.256901 0.188609
vt 0.258364 0.181965
vt 0.250218 0.180659
vt 0.287817 0.196179
vt 0.281126 0.191360
vt 0.277473 0.197102
vt 0.198385 0.306243
vt 0.205074 0.311063
vt 0.208726 0.305321
vt 0.202672 0.300966
vt 0.192299 0.300682
vt 0.198385 0.306243
vt 0.202672 0.300966
vt 0.197169 0.295936
vt 0.205074 0.311063
vt 0.212284 0.315074
vt 0.215235 0.308944
vt 0.208726 0.305321
vt 0.178444 0.280320
vt 0.182264 0.287629
vt 0.188092 0.284140
vt 0.184644 0.277525
vt 0.303938 0.214793
vt 0.299298 0.207977
vt 0.293910 0.212124
vt 0.298110 0.218282
vt 0.303938 0.214793
vt 0.293910 0.212124
vt 0.182264 0.287629
vt 0.186902 0.294449
vt 0.192287 0.290303
vt 0.188092 0.284140
vt 0.186902 0.294449
vt 0.192299 0.300682
vt 0.197169 0.295936
vt 0.192287 0.290303
vt 0.307757 0.222100
vt 0.298110 0.218282
vt 0.301551 0.224892
vt 0.299298 0.207977
vt 0.293903 0.201743
vt 0.289028 0.206487
vt 0.293910 0.212124
vt 0.299298 0.207977
vt 0.289028 0.206487
vt 0.313814 0.245973
vt 0.312728 0.237796
vt 0.306053 0.239084
vt 0.307033 0.246472
vt 0.313814 0.245973
vt 0.306053 0.239084
vt 0.173471 0.264624
vt 0.175497 0.272620
vt 0.181980 0.270568
vt 0.180155 0.263337
vt 0.310694 0.229811
vt 0.307757 0.222100
vt 0.301551 0.224892
vt 0.304214 0.231862
vt 0.310694 0.229811
vt 0.301551 0.224892
vt 0.172387 0.256452
vt 0.173471 0.264624
vt 0.180155 0.263337
vt 0.179166 0.255951
vt 0.312728 0.237796
vt 0.310694 0.229811
vt 0.304214 0.231862
vt 0.312728 0.237796
vt 0.304214 0.231862
vt 0.175497 0.272620
vt 0.178444 0.280320
vt 0.184644 0.277525
vt 0.181980 0.270568
vt 0.174859 0.231950
vt 0.181404 0.233793
vt 0.174859 0.231950
vt 0.179794 0.241083
vt 0.172257 0.248206
vt 0.172387 0.256452
vt 0.179166 0.255951
vt 0.179044 0.248492
vt 0.172257 0.248206
vt 0.179166 0.255951
vt 0.426982 0.299398
vt 0.428168 0.300840
vt 0.433924 0.295504
vt 0.432570 0.294208
vt 0.426982 0.299398
vt 0.433924 0.295504
vt 0.336577 0.202097
vt 0.337921 0.203389
vt 0.343517 0.198205
vt 0.342329 0.196768
vt 0.414189 0.307657
vt 0.415016 0.309331
vt 0.421839 0.305465
vt 0.420830 0.303899
vt 0.414189 0.307657
vt 0.421839 0.305465
vt 0.348660 0.192131
vt 0.349669 0.193704
vt 0.356308 0.189945
vt 0.355489 0.188267
vt 0.348660 0.192131
vt 0.356308 0.189945
vt 0.349669 0.193704
vt 0.432570 0.294208
vt 0.439017 0.289534
vt 0.437527 0.288411
vt 0.439017 0.289534
vt 0.441767 0.282072
vt 0.443378 0.283020
vt 0.446956 0.276035
vt 0.445248 0.275288
vt 0.441767 0.282072
vt 0.446956 0.276035
vt 0.437527 0.288411
vt 0.443378 0.283020
vt 0.328721 0.215530
vt 0.327114 0.214583
vt 0.323540 0.221560
vt 0.325249 0.222314
vt 0.328721 0.215530
vt 0.323540 0.221560
vt 0.337921 0.203389
vt 0.336577 0.202097
vt 0.331488 0.208064
vt 0.332973 0.209189
vt 0.331488 0.208064
vt 0.331488 0.208064
vt 0.327114 0.214583
vt 0.325249 0.222314
vt 0.320797 0.228908
vt 0.322581 0.229460
vt 0.320797 0.228908
vt 0.320757 0.236868
vt 0.318916 0.236529
vt 0.317946 0.244314
vt 0.319806 0.244435
vt 0.320757 0.236868
vt 0.317946 0.244314
vt 0.318916 0.236529
vt 0.322581 0.229460
vt 0.449702 0.268688
vt 0.447919 0.268140
vt 0.445248 0.275288
vt 0.449702 0.268688
vt 0.449736 0.260730
vt 0.451579 0.261076
vt 0.452548 0.253294
vt 0.450686 0.253171
vt 0.447919 0.268140
vt 0.451579 0.261076
vt 0.450027 0.229996
vt 0.448235 0.230527
vt 0.449932 0.237961
vt 0.451774 0.237647
vt 0.450027 0.229996
vt 0.449932 0.237961
vt 0.450750 0.245536
vt 0.452620 0.245447
vt 0.317878 0.252156
vt 0.319744 0.252055
vt 0.320560 0.259642
vt 0.318720 0.259954
vt 0.320467 0.267599
vt 0.322259 0.267081
vt 0.319744 0.252055
vt 0.318720 0.259954
vt 0.330808 0.288621
vt 0.332308 0.287519
vt 0.328176 0.281117
vt 0.326545 0.282030
vt 0.330808 0.288621
vt 0.328176 0.281117
vt 0.324814 0.274267
vt 0.323092 0.274992
vt 0.328176 0.281117
vt 0.324814 0.274267
vt 0.326545 0.282030
vt 0.442321 0.216490
vt 0.443943 0.215569
vt 0.439694 0.208978
vt 0.438189 0.210078
vt 0.447408 0.222604
vt 0.445683 0.223328
vt 0.448235 0.230527
vt 0.447408 0.222604
vt 0.323092 0.274992
vt 0.320467 0.267599
vt 0.323092 0.274992
vt 0.322259 0.267081
vt 0.443943 0.215569
vt 0.445683 0.223328
vt 0.434704 0.202925
vt 0.433336 0.204192
vt 0.427835 0.198915
vt 0.429041 0.197496
vt 0.422793 0.192759
vt 0.421750 0.194307
vt 0.427835 0.198915
vt 0.422793 0.192759
vt 0.429041 0.197496
vt 0.433336 0.204192
vt 0.342669 0.298684
vt 0.341455 0.300102
vt 0.347703 0.304839
vt 0.348746 0.303291
vt 0.342669 0.298684
vt 0.347703 0.304839
vt 0.335795 0.294673
vt 0.337162 0.293399
vt 0.341455 0.300102
vt 0.337162 0.293399
vt 0.354466 0.308824
vt 0.355320 0.307156
vt 0.362298 0.310240
vt 0.361646 0.311986
vt 0.369142 0.314304
vt 0.369583 0.312488
vt 0.362298 0.310240
vt 0.369142 0.314304
vt 0.361646 0.311986
vt 0.362298 0.310240
vt 0.355320 0.307156
vt 0.361646 0.311986
vt 0.408195 0.187353
vt 0.408854 0.185611
vt 0.401358 0.183299
vt 0.400911 0.185112
vt 0.408195 0.187353
vt 0.401358 0.183299
vt 0.416030 0.188776
vt 0.415177 0.190441
vt 0.408854 0.185611
vt 0.408195 0.187353
vt 0.415177 0.190441
vt 0.408854 0.185611
vt 0.400911 0.185112
vt 0.401358 0.183299
vt 0.393640 0.181867
vt 0.393410 0.183720
vt 0.393640 0.181867
vt 0.385798 0.183214
vt 0.385821 0.181350
vt 0.377988 0.181741
vt 0.378186 0.183597
vt 0.393410 0.183720
vt 0.376857 0.315729
vt 0.377085 0.313876
vt 0.369583 0.312488
vt 0.369142 0.314304
vt 0.384695 0.314386
vt 0.384675 0.316254
vt 0.392512 0.315858
vt 0.392310 0.314004
vt 0.384695 0.314386
vt 0.392512 0.315858
vt 0.384675 0.316254
vt 0.377085 0.313876
vt 0.376857 0.315729
vt 0.384675 0.316254
vt 0.377085 0.313876
vt 0.415016 0.309331
vt 0.407158 0.310623
vt 0.407783 0.312372
vt 0.399833 0.312747
vt 0.400250 0.314562
vt 0.370247 0.183040
vt 0.370663 0.184851
vt 0.363334 0.186978
vt 0.362714 0.185226
vt 0.363334 0.186978
vt 0.355489 0.188267
vt 0.362714 0.185226
vt 0.370663 0.184851
vt 0.400250 0.314562
vt 0.399833 0.312747
vt 0.392310 0.314004
vt 0.377613 0.178302
vt 0.369479 0.179662
vt 0.407783 0.312372
vt 0.401016 0.317933
vt 0.408938 0.315635
vt 0.401016 0.317933
vt 0.361559 0.181965
vt 0.353962 0.185165
vt 0.368312 0.317656
vt 0.376421 0.319156
vt 0.368312 0.317656
vt 0.340129 0.194096
vt 0.334084 0.199704
vt 0.342329 0.196768
vt 0.320380 0.220163
vt 0.317492 0.227888
vt 0.392886 0.319297
vt 0.392886 0.319297
vt 0.346786 0.189224
vt 0.346786 0.189224
vt 0.384675 0.316254
vt 0.384648 0.319701
vt 0.416534 0.312433
vt 0.408938 0.315635
vt 0.436411 0.297894
vt 0.441760 0.291620
vt 0.436411 0.297894
vt 0.376421 0.319156
vt 0.384648 0.319701
vt 0.384675 0.316254
vt 0.394077 0.178438
vt 0.385849 0.177897
vt 0.402184 0.179944
vt 0.424713 0.189883
vt 0.417607 0.185708
vt 0.352890 0.311890
vt 0.360434 0.315217
vt 0.410058 0.182371
vt 0.354466 0.308824
vt 0.347703 0.304839
vt 0.345790 0.307711
vt 0.345790 0.307711
vt 0.335795 0.294673
vt 0.330808 0.288621
vt 0.328015 0.290662
vt 0.333262 0.297024
vt 0.328015 0.290662
vt 0.341455 0.300102
vt 0.339213 0.302734
vt 0.345790 0.307711
vt 0.347703 0.304839
vt 0.339213 0.302734
vt 0.442483 0.206938
vt 0.437236 0.200579
vt 0.429041 0.197496
vt 0.434704 0.202925
vt 0.437236 0.200579
vt 0.431282 0.194864
vt 0.333262 0.297024
vt 0.447408 0.222604
vt 0.453348 0.229037
vt 0.450593 0.221262
vt 0.446952 0.213864
vt 0.443943 0.215569
vt 0.447408 0.222604
vt 0.450593 0.221262
vt 0.319897 0.276335
vt 0.323544 0.283734
vt 0.314502 0.244079
vt 0.314427 0.252324
vt 0.317878 0.252156
vt 0.317151 0.268565
vt 0.456066 0.245270
vt 0.455174 0.237078
vt 0.320467 0.267599
vt 0.315317 0.260522
vt 0.317151 0.268565
vt 0.450117 0.277432
vt 0.453006 0.269715
vt 0.450117 0.277432
vt 0.449702 0.268688
vt 0.323544 0.283734
vt 0.328015 0.290662
vt 0.456000 0.253522
vt 0.315317 0.260522
vt 0.454974 0.261705
vt 0.453006 0.269715
vt 0.315524 0.235894
vt 0.317492 0.227888
vt 0.315524 0.235894
vt 0.328733 0.205981
vt 0.446353 0.284769
vt 0.441760 0.291620
vt 0.324146 0.212831
vt 0.320380 0.220163
vt 0.324146 0.212831
vt 0.327114 0.214583
vt 0.328733 0.205981
vt 0.423714 0.308372
vt 0.416534 0.312433
vt 0.430367 0.303499
vt 0.428168 0.300840
vt 0.430367 0.303499
vt 0.283528 0.201457
vt 0.287817 0.196179
vt 0.277473 0.197102
vt 0.958743 0.262801
vt 0.955580 0.262801
vt 0.955580 0.271052
vt 0.958743 0.271052
vt 0.955585 0.097773
vt 0.958742 0.097773
vt 0.958742 0.089520
vt 0.955585 0.089520
vt 0.955585 0.064767
vt 0.958748 0.064767
vt 0.958748 0.056513
vt 0.955585 0.056513
vt 0.955585 0.081269
vt 0.958748 0.081269
vt 0.958748 0.073018
vt 0.955585 0.073018
vt 0.955580 0.246300
vt 0.958743 0.246300
vt 0.958743 0.238049
vt 0.955580 0.238049
vt 0.955585 0.106028
vt 0.958742 0.106028
vt 0.955580 0.213293
vt 0.958743 0.213293
vt 0.958743 0.205039
vt 0.955580 0.205039
vt 0.958743 0.229791
vt 0.955580 0.229791
vt 0.958743 0.221540
vt 0.955580 0.221540
vt 0.955580 0.254547
vt 0.958743 0.254547
vt 0.958748 0.040014
vt 0.955585 0.040014
vt 0.955585 0.048265
vt 0.958748 0.048265
vt 0.958747 0.031763
vt 0.955584 0.031763
vt 0.958747 0.452585
vt 0.955584 0.452585
vt 0.955584 0.460833
vt 0.958747 0.460833
vt 0.958747 0.469081
vt 0.955584 0.469081
vt 0.955585 0.477335
vt 0.958747 0.477335
vt 0.958743 0.188537
vt 0.955579 0.188537
vt 0.955579 0.196784
vt 0.958743 0.196784
vt 0.958743 0.180283
vt 0.955579 0.180283
vt 0.958743 0.155530
vt 0.955579 0.155530
vt 0.955579 0.163784
vt 0.958743 0.163784
vt 0.958743 0.172038
vt 0.955579 0.172038
vt 0.955584 0.444331
vt 0.958747 0.444331
vt 0.958747 0.436080
vt 0.955584 0.436080
vt 0.955584 0.411324
vt 0.958741 0.411324
vt 0.958747 0.403073
vt 0.955584 0.403076
vt 0.958747 0.427829
vt 0.955584 0.427829
vt 0.958747 0.419578
vt 0.955584 0.419578
vt 0.955576 0.312313
vt 0.958740 0.312310
vt 0.958740 0.304056
vt 0.955576 0.304056
vt 0.958741 0.386572
vt 0.955584 0.386572
vt 0.955584 0.394822
vt 0.958741 0.394822
vt 0.955576 0.328809
vt 0.958740 0.328809
vt 0.958740 0.320558
vt 0.955576 0.320561
vt 0.958741 0.378324
vt 0.955583 0.378324
vt 0.955583 0.353565
vt 0.958740 0.353565
vt 0.958740 0.345310
vt 0.955583 0.345314
vt 0.955583 0.361822
vt 0.958740 0.361822
vt 0.958742 0.139031
vt 0.955579 0.139031
vt 0.955579 0.147282
vt 0.958743 0.147282
vt 0.958741 0.370070
vt 0.955583 0.370070
vt 0.958742 0.130780
vt 0.955579 0.130780
vt 0.955580 0.279306
vt 0.958743 0.279303
vt 0.955583 0.337063
vt 0.958740 0.337063
vt 0.955585 0.114275
vt 0.958742 0.114275
vt 0.958742 0.122526
vt 0.955585 0.122526
vt 0.958740 0.287557
vt 0.955576 0.287557
vt 0.955576 0.295808
vt 0.958740 0.295808
vt 0.941506 0.879388
vt 0.948149 0.880226
vt 0.949063 0.872678
vt 0.942406 0.871908
vt 0.929586 0.647433
vt 0.936108 0.645920
vt 0.934345 0.638518
vt 0.927839 0.640101
vt 0.931243 0.654777
vt 0.937786 0.653339
vt 0.944599 0.849424
vt 0.951269 0.849956
vt 0.951833 0.842370
vt 0.945151 0.841909
vt 0.943223 0.864425
vt 0.949881 0.865105
vt 0.922104 0.618250
vt 0.924096 0.625514
vt 0.930570 0.623773
vt 0.928548 0.616448
vt 0.940519 0.886859
vt 0.947153 0.887772
vt 0.926016 0.632797
vt 0.932495 0.631133
vt 0.932821 0.662140
vt 0.939380 0.660776
vt 0.943954 0.856926
vt 0.950620 0.857538
vt 0.946014 0.826874
vt 0.952700 0.827184
vt 0.953004 0.819580
vt 0.946313 0.819345
vt 0.952313 0.834779
vt 0.945628 0.834395
vt 0.953221 0.811970
vt 0.946527 0.811827
vt 0.946657 0.804294
vt 0.953351 0.804369
vt 0.953396 0.796761
vt 0.946696 0.796761
vt 0.917864 0.603797
vt 0.924274 0.601843
vt 0.922011 0.594585
vt 0.915624 0.596589
vt 0.926450 0.609131
vt 0.920025 0.611011
vt 0.915624 0.996925
vt 0.922010 0.998929
vt 0.924268 0.991680
vt 0.917863 0.989723
vt 0.920024 0.982508
vt 0.926449 0.984385
vt 0.928553 0.977078
vt 0.922098 0.975266
vt 0.946657 0.789229
vt 0.953351 0.789154
vt 0.946527 0.781693
vt 0.953221 0.781538
vt 0.953010 0.773937
vt 0.946313 0.774166
vt 0.945157 0.751604
vt 0.945621 0.759122
vt 0.952312 0.758738
vt 0.951839 0.751149
vt 0.946014 0.766648
vt 0.952699 0.766336
vt 0.924101 0.968002
vt 0.930566 0.969743
vt 0.926015 0.960717
vt 0.932501 0.962380
vt 0.934345 0.955002
vt 0.927838 0.953409
vt 0.932829 0.931380
vt 0.931242 0.938746
vt 0.937791 0.940180
vt 0.939384 0.932743
vt 0.929591 0.946087
vt 0.936107 0.947602
vt 0.943953 0.736585
vt 0.950619 0.735979
vt 0.949883 0.728402
vt 0.943228 0.729095
vt 0.951274 0.743564
vt 0.944598 0.744096
vt 0.949062 0.720845
vt 0.942410 0.721609
vt 0.941511 0.714128
vt 0.948147 0.713290
vt 0.947155 0.705748
vt 0.940524 0.706660
vt 0.935727 0.916595
vt 0.942315 0.917814
vt 0.943652 0.910324
vt 0.937057 0.909180
vt 0.940893 0.925285
vt 0.934318 0.923989
vt 0.944907 0.902816
vt 0.938295 0.901755
vt 0.939450 0.894315
vt 0.946066 0.895302
vt 0.938296 0.691761
vt 0.944903 0.690701
vt 0.943647 0.683199
vt 0.937053 0.684333
vt 0.946074 0.698218
vt 0.939453 0.699211
vt 0.942316 0.675706
vt 0.935722 0.676924
vt 0.934319 0.669524
vt 0.940889 0.668235
vt 0.948788 0.887994
vt 0.949788 0.880437
vt 0.937714 0.645546
vt 0.935951 0.638122
vt 0.952265 0.857690
vt 0.952914 0.850089
vt 0.943943 0.675406
vt 0.942510 0.667916
vt 0.953484 0.842488
vt 0.945280 0.682911
vt 0.951529 0.865275
vt 0.941000 0.660436
vt 0.950705 0.872860
vt 0.948790 0.705525
vt 0.947707 0.697971
vt 0.946537 0.903076
vt 0.947705 0.895543
vt 0.946539 0.690435
vt 0.945285 0.910602
vt 0.940999 0.933074
vt 0.942514 0.925606
vt 0.943942 0.918114
vt 0.951528 0.728245
vt 0.950704 0.720650
vt 0.949792 0.713080
vt 0.953484 0.751035
vt 0.952919 0.743428
vt 0.952271 0.735827
vt 0.937718 0.947976
vt 0.939405 0.940536
vt 0.930144 0.977527
vt 0.932163 0.970173
vt 0.935950 0.955392
vt 0.954353 0.766268
vt 0.953967 0.758645
vt 0.934097 0.962792
vt 0.955050 0.796758
vt 0.955005 0.789139
vt 0.954659 0.773884
vt 0.954873 0.781507
vt 0.925852 0.992160
vt 0.928037 0.984855
vt 0.923580 0.999436
vt 0.930141 0.615990
vt 0.928038 0.608664
vt 0.954872 0.812013
vt 0.955005 0.804387
vt 0.925853 0.601357
vt 0.923586 0.594072
vt 0.954658 0.819632
vt 0.953961 0.834871
vt 0.954353 0.827255
vt 0.934098 0.630728
vt 0.932164 0.623350
vt 0.939401 0.652983
vt 0.641391 0.985829
vt 0.640540 0.983482
vt 0.630651 0.988437
vt 0.636384 0.978975
vt 0.634071 0.977923
vt 0.639325 0.981549
vt 0.637983 0.980114
vt 0.631538 0.977433
vt 0.625373 0.978725
vt 0.623303 0.980190
vt 0.629622 0.977405
vt 0.627426 0.977834
vt 0.627146 0.998916
vt 0.629682 0.999433
vt 0.636177 0.998041
vt 0.637987 0.996709
vt 0.631932 0.999436
vt 0.634128 0.998958
vt 0.639527 0.995071
vt 0.641695 0.988306
vt 0.640693 0.993158
vt 0.641437 0.991006
vt 0.621614 0.982096
vt 0.619595 0.988111
vt 0.619817 0.990626
vt 0.620605 0.983761
vt 0.619863 0.985881
vt 0.620625 0.993057
vt 0.624806 0.997822
vt 0.621739 0.995017
vt 0.623242 0.996692
vt 0.110835 0.915566
vt 0.106975 0.915409
vt 0.106943 0.918995
vt 0.110879 0.918962
vt 0.114800 0.918869
vt 0.114669 0.915248
vt 0.118580 0.915068
vt 0.118694 0.918721
vt 0.058450 0.936583
vt 0.062366 0.936816
vt 0.062467 0.933145
vt 0.058532 0.932993
vt 0.054541 0.932849
vt 0.054404 0.936413
vt 0.050524 0.932797
vt 0.050463 0.936376
vt 0.048502 0.932838
vt 0.046475 0.932904
vt 0.046747 0.936491
vt 0.048613 0.936355
vt 0.042747 0.936675
vt 0.042462 0.933105
vt 0.038781 0.936918
vt 0.038587 0.933340
vt 0.791732 0.925460
vt 0.791730 0.929039
vt 0.795567 0.929084
vt 0.795584 0.925495
vt 0.799500 0.925581
vt 0.799531 0.929092
vt 0.801692 0.925691
vt 0.801513 0.929069
vt 0.803512 0.929029
vt 0.803884 0.925485
vt 0.807500 0.928877
vt 0.807620 0.925236
vt 0.811383 0.928692
vt 0.811366 0.925009
vt 0.099306 0.915202
vt 0.099152 0.918876
vt 0.102993 0.918947
vt 0.103014 0.915293
vt 0.108564 0.890143
vt 0.108147 0.892316
vt 0.110103 0.892237
vt 0.109829 0.890078
vt 0.111110 0.889939
vt 0.111963 0.892092
vt 0.112768 0.889243
vt 0.113958 0.891428
vt 0.055253 0.962955
vt 0.056994 0.961108
vt 0.055153 0.960043
vt 0.053745 0.962020
vt 0.052624 0.960433
vt 0.051959 0.961636
vt 0.050230 0.960570
vt 0.050486 0.961591
vt 0.048778 0.961703
vt 0.047802 0.960708
vt 0.047365 0.961920
vt 0.045767 0.960116
vt 0.045955 0.962732
vt 0.044109 0.961056
vt 0.798906 0.899847
vt 0.797549 0.899072
vt 0.796498 0.901237
vt 0.798124 0.901952
vt 0.800157 0.902308
vt 0.800546 0.900229
vt 0.802519 0.902279
vt 0.802296 0.900243
vt 0.803805 0.900048
vt 0.804552 0.902102
vt 0.805320 0.899302
vt 0.806587 0.901299
vt 0.105194 0.889113
vt 0.103827 0.891071
vt 0.105912 0.891920
vt 0.106756 0.889822
vt 0.110795 0.912191
vt 0.107007 0.911841
vt 0.114549 0.911630
vt 0.118463 0.911380
vt 0.058430 0.940195
vt 0.062321 0.940542
vt 0.054448 0.939953
vt 0.050702 0.939870
vt 0.048715 0.939836
vt 0.046656 0.940019
vt 0.042830 0.940261
vt 0.038913 0.940554
vt 0.791736 0.921839
vt 0.795583 0.921913
vt 0.799204 0.922139
vt 0.801839 0.922333
vt 0.804631 0.921917
vt 0.807802 0.921612
vt 0.811426 0.921293
vt 0.099511 0.911504
vt 0.103115 0.911637
vt 0.105163 0.894104
vt 0.107754 0.894536
vt 0.102700 0.893248
vt 0.805188 0.904245
vt 0.807652 0.903490
vt 0.802645 0.904358
vt 0.800014 0.904432
vt 0.797573 0.904184
vt 0.795730 0.903636
vt 0.058509 0.958978
vt 0.056532 0.957946
vt 0.112766 0.894335
vt 0.114920 0.893820
vt 0.110314 0.894440
vt 0.104625 0.895936
vt 0.107571 0.896591
vt 0.101956 0.895013
vt 0.805647 0.906288
vt 0.808428 0.905231
vt 0.802633 0.905327
vt 0.800146 0.905424
vt 0.797336 0.906290
vt 0.795076 0.905856
vt 0.059541 0.957049
vt 0.057580 0.955860
vt 0.113355 0.896353
vt 0.115671 0.895875
vt 0.110364 0.895679
vt 0.101138 0.899487
vt 0.102886 0.899753
vt 0.808608 0.909766
vt 0.810311 0.909319
vt 0.792954 0.909993
vt 0.794547 0.910102
vt 0.059684 0.952422
vt 0.057957 0.951609
vt 0.099846 0.908433
vt 0.103289 0.908592
vt 0.102294 0.904396
vt 0.100235 0.904223
vt 0.811553 0.918188
vt 0.811224 0.913985
vt 0.809207 0.914500
vt 0.808124 0.918587
vt 0.793863 0.915214
vt 0.791835 0.915032
vt 0.791860 0.918816
vt 0.795467 0.918984
vt 0.042272 0.946677
vt 0.042601 0.943211
vt 0.038972 0.943605
vt 0.039558 0.947378
vt 0.044993 0.945576
vt 0.045967 0.942847
vt 0.049054 0.943918
vt 0.048805 0.942624
vt 0.052320 0.944629
vt 0.055100 0.946646
vt 0.054775 0.942861
vt 0.051848 0.942879
vt 0.057967 0.946973
vt 0.058469 0.943230
vt 0.060355 0.947428
vt 0.062171 0.943653
vt 0.107080 0.908715
vt 0.805335 0.918746
vt 0.801946 0.919874
vt 0.798435 0.918522
vt 0.118411 0.908292
vt 0.114385 0.908423
vt 0.110694 0.909840
vt 0.792349 0.912486
vt 0.794174 0.912795
vt 0.107167 0.888842
vt 0.105904 0.888261
vt 0.804641 0.898445
vt 0.803429 0.899064
vt 0.802170 0.899263
vt 0.800722 0.899228
vt 0.799339 0.898879
vt 0.798217 0.898206
vt 0.046781 0.963504
vt 0.047957 0.962840
vt 0.049148 0.962527
vt 0.050578 0.962417
vt 0.051718 0.962519
vt 0.053184 0.962960
vt 0.054400 0.963755
vt 0.112080 0.888316
vt 0.110765 0.888919
vt 0.109724 0.889058
vt 0.108697 0.889105
vt 0.114027 0.899947
vt 0.114955 0.899692
vt 0.112733 0.896902
vt 0.112072 0.897418
vt 0.114133 0.904406
vt 0.115314 0.904311
vt 0.110402 0.896578
vt 0.108277 0.897071
vt 0.108814 0.897554
vt 0.110423 0.897340
vt 0.106197 0.899966
vt 0.107034 0.900164
vt 0.106164 0.904494
vt 0.107153 0.904558
vt 0.107753 0.907781
vt 0.108623 0.906819
vt 0.112683 0.906936
vt 0.113539 0.907541
vt 0.110735 0.908135
vt 0.110723 0.908804
vt 0.104625 0.904584
vt 0.104772 0.899858
vt 0.116698 0.904378
vt 0.116379 0.899579
vt 0.118301 0.899550
vt 0.119553 0.904220
vt 0.044209 0.958185
vt 0.042409 0.959136
vt 0.043065 0.956032
vt 0.041198 0.957188
vt 0.042260 0.951857
vt 0.040380 0.952577
vt 0.039828 0.950029
vt 0.042003 0.949410
vt 0.805817 0.910177
vt 0.805330 0.910215
vt 0.805294 0.914899
vt 0.805820 0.915133
vt 0.803998 0.916771
vt 0.804627 0.917590
vt 0.803914 0.907264
vt 0.803492 0.907640
vt 0.801929 0.918221
vt 0.801942 0.918694
vt 0.799844 0.916796
vt 0.799420 0.917618
vt 0.798525 0.915118
vt 0.797851 0.915327
vt 0.798356 0.912716
vt 0.797669 0.912946
vt 0.798297 0.910293
vt 0.797662 0.910160
vt 0.800065 0.907722
vt 0.799584 0.907353
vt 0.802369 0.907104
vt 0.802345 0.907545
vt 0.807500 0.915009
vt 0.795934 0.915378
vt 0.795984 0.912997
vt 0.796152 0.910130
vt 0.798509 0.906801
vt 0.807220 0.910014
vt 0.804741 0.906762
vt 0.802528 0.906291
vt 0.800879 0.907156
vt 0.801095 0.907568
vt 0.800465 0.906373
vt 0.436245 0.979676
vt 0.435418 0.979848
vt 0.435328 0.984713
vt 0.436090 0.984866
vt 0.434078 0.976558
vt 0.433542 0.977181
vt 0.432390 0.977001
vt 0.433542 0.977181
vt 0.434078 0.976558
vt 0.432467 0.976267
vt 0.431138 0.977023
vt 0.430923 0.976341
vt 0.429534 0.976634
vt 0.430101 0.977249
vt 0.429534 0.976634
vt 0.427484 0.979666
vt 0.428280 0.979895
vt 0.430101 0.977249
vt 0.428261 0.982609
vt 0.427485 0.982543
vt 0.427875 0.985295
vt 0.428602 0.984952
vt 0.429586 0.987064
vt 0.429948 0.986651
vt 0.432031 0.987907
vt 0.432055 0.988517
vt 0.434400 0.986930
vt 0.434049 0.986524
vt 0.432031 0.987907
vt 0.432055 0.988517
vt 0.046134 0.954756
vt 0.046044 0.952029
vt 0.045361 0.951877
vt 0.045534 0.955061
vt 0.046021 0.948802
vt 0.045316 0.948593
vt 0.054312 0.950955
vt 0.053409 0.947291
vt 0.052622 0.948074
vt 0.053016 0.951129
vt 0.052684 0.956620
vt 0.053655 0.957060
vt 0.054217 0.954528
vt 0.053164 0.954302
vt 0.046211 0.957577
vt 0.047679 0.959243
vt 0.047872 0.958434
vt 0.046880 0.956983
vt 0.051774 0.958273
vt 0.052256 0.958865
vt 0.049911 0.959159
vt 0.049837 0.958376
vt 0.051685 0.945841
vt 0.051310 0.946628
vt 0.047221 0.946901
vt 0.049359 0.945723
vt 0.049326 0.945215
vt 0.046445 0.946525
vt 0.056091 0.951068
vt 0.055931 0.955098
vt 0.055084 0.957508
vt 0.052838 0.959351
vt 0.049966 0.959540
vt 0.047272 0.959744
vt 0.045266 0.957950
vt 0.043668 0.948826
vt 0.043804 0.951791
vt 0.044286 0.955537
vt 0.726774 0.994502
vt 0.727653 0.994528
vt 0.727507 0.991469
vt 0.726701 0.991571
vt 0.727723 0.988349
vt 0.726973 0.988070
vt 0.729164 0.986508
vt 0.728656 0.986067
vt 0.731096 0.985436
vt 0.731014 0.984665
vt 0.733241 0.985792
vt 0.731014 0.984665
vt 0.731096 0.985436
vt 0.732945 0.986295
vt 0.734957 0.987324
vt 0.734379 0.987791
vt 0.734805 0.990724
vt 0.735690 0.990712
vt 0.734819 0.994200
vt 0.735683 0.994182
vt 0.735204 0.996924
vt 0.734298 0.996685
vt 0.733206 0.998323
vt 0.733747 0.998989
vt 0.728301 0.996821
vt 0.727427 0.997160
vt 0.728831 0.998998
vt 0.729399 0.998356
vt 0.104589 0.996286
vt 0.102833 0.998958
vt 0.103997 0.999422
vt 0.106238 0.993531
vt 0.104964 0.993129
vt 0.107227 0.994404
vt 0.107656 0.995489
vt 0.107703 0.996815
vt 0.107211 0.998055
vt 0.106292 0.998954
vt 0.105093 0.999436
vt 0.102087 0.998300
vt 0.101503 0.997044
vt 0.101490 0.995643
vt 0.102041 0.994364
vt 0.102762 0.993746
vt 0.103551 0.993284
vt 0.908422 0.967628
vt 0.902622 0.965085
vt 0.901419 0.968525
vt 0.907441 0.970327
vt 0.909388 0.965612
vt 0.903857 0.962492
vt 0.914021 0.959727
vt 0.910000 0.954780
vt 0.907401 0.957392
vt 0.912086 0.961675
vt 0.273398 0.894499
vt 0.278797 0.896229
vt 0.279560 0.893615
vt 0.274141 0.892041
vt 0.275489 0.885876
vt 0.281061 0.886869
vt 0.281461 0.884076
vt 0.275861 0.883337
vt 0.275122 0.887832
vt 0.280659 0.889026
vt 0.299785 0.926160
vt 0.300254 0.923626
vt 0.296796 0.922713
vt 0.295784 0.925147
vt 0.286739 0.916525
vt 0.289043 0.920131
vt 0.290986 0.918457
vt 0.289006 0.915392
vt 0.291783 0.923124
vt 0.293183 0.921227
vt 0.718508 0.973319
vt 0.719030 0.972776
vt 0.714952 0.970977
vt 0.714902 0.971677
vt 0.719800 0.974569
vt 0.720487 0.975260
vt 0.721017 0.974717
vt 0.720551 0.973809
vt 0.722800 0.978475
vt 0.722166 0.978760
vt 0.719161 0.973941
vt 0.719922 0.973195
vt 0.293549 0.921474
vt 0.292230 0.923424
vt 0.905325 0.960018
vt 0.910547 0.963708
vt 0.280183 0.891164
vt 0.274690 0.889780
vt 0.907427 0.983307
vt 0.906804 0.980475
vt 0.900592 0.981462
vt 0.901362 0.985157
vt 0.906579 0.977921
vt 0.900232 0.978196
vt 0.900613 0.972146
vt 0.906827 0.973176
vt 0.281698 0.881217
vt 0.276057 0.880741
vt 0.276086 0.874289
vt 0.281730 0.874055
vt 0.281507 0.871216
vt 0.275902 0.871739
vt 0.276153 0.876546
vt 0.281815 0.876563
vt 0.287727 0.912096
vt 0.285248 0.912749
vt 0.285093 0.904367
vt 0.287635 0.904995
vt 0.288721 0.901530
vt 0.286266 0.900319
vt 0.284454 0.908173
vt 0.286786 0.908256
vt 0.723440 0.982405
vt 0.724185 0.982441
vt 0.723498 0.984169
vt 0.723427 0.985119
vt 0.724150 0.985160
vt 0.724441 0.984214
vt 0.722655 0.988984
vt 0.721973 0.988784
vt 0.723499 0.983383
vt 0.724447 0.983427
vt 0.286799 0.908926
vt 0.284479 0.909088
vt 0.906617 0.975359
vt 0.900229 0.974923
vt 0.281793 0.879070
vt 0.276133 0.878804
vt 0.410352 0.972691
vt 0.416565 0.971635
vt 0.415781 0.968490
vt 0.409775 0.970198
vt 0.410654 0.975232
vt 0.417005 0.974836
vt 0.409897 0.983134
vt 0.415902 0.984986
vt 0.416734 0.981323
vt 0.410510 0.980307
vt 0.872568 0.911247
vt 0.878166 0.911998
vt 0.878410 0.909126
vt 0.872771 0.908646
vt 0.872778 0.901843
vt 0.878434 0.901601
vt 0.878232 0.899102
vt 0.872597 0.899583
vt 0.872851 0.904110
vt 0.878521 0.904107
vt 0.639299 0.973277
vt 0.637460 0.973855
vt 0.638970 0.978002
vt 0.640727 0.977351
vt 0.043785 0.909010
vt 0.041348 0.910215
vt 0.042634 0.913592
vt 0.045308 0.912910
vt 0.639475 0.965057
vt 0.637875 0.968945
vt 0.638830 0.969407
vt 0.640335 0.965441
vt 0.043522 0.925336
vt 0.045110 0.921401
vt 0.042571 0.920801
vt 0.041263 0.924184
vt 0.045799 0.917802
vt 0.043434 0.917628
vt 0.637047 0.970557
vt 0.638597 0.970812
vt 0.641096 0.972853
vt 0.642383 0.976745
vt 0.642996 0.976402
vt 0.641660 0.972621
vt 0.640570 0.970824
vt 0.640500 0.969814
vt 0.639754 0.969850
vt 0.639982 0.971094
vt 0.641330 0.965955
vt 0.641978 0.966226
vt 0.640384 0.971974
vt 0.640933 0.971539
vt 0.638736 0.971884
vt 0.637021 0.971956
vt 0.043407 0.916870
vt 0.045768 0.916676
vt 0.410706 0.977780
vt 0.417106 0.978072
vt 0.878515 0.906616
vt 0.872855 0.906377
vt 0.404563 0.960881
vt 0.409230 0.956683
vt 0.406648 0.954059
vt 0.402619 0.958941
vt 0.406424 0.963294
vt 0.411679 0.959708
vt 0.408893 0.967799
vt 0.414758 0.965409
vt 0.877909 0.896619
vt 0.872297 0.897334
vt 0.870717 0.890199
vt 0.876208 0.888773
vt 0.875390 0.886158
vt 0.869915 0.887775
vt 0.871417 0.892858
vt 0.876961 0.891675
vt 0.642418 0.961803
vt 0.641332 0.961262
vt 0.039344 0.927194
vt 0.041287 0.928809
vt 0.649025 0.956840
vt 0.645053 0.958184
vt 0.645414 0.959327
vt 0.649405 0.958030
vt 0.034613 0.933843
vt 0.033594 0.931496
vt 0.030190 0.932564
vt 0.030683 0.935078
vt 0.037964 0.932051
vt 0.036782 0.930194
vt 0.643352 0.958653
vt 0.644102 0.959736
vt 0.643993 0.962903
vt 0.643501 0.962310
vt 0.645390 0.961761
vt 0.646152 0.961139
vt 0.645740 0.960481
vt 0.644735 0.960764
vt 0.649689 0.959246
vt 0.649885 0.959921
vt 0.644695 0.962324
vt 0.644053 0.961338
vt 0.643167 0.960540
vt 0.642243 0.959714
vt 0.037187 0.929741
vt 0.038535 0.931246
vt 0.407754 0.965518
vt 0.413414 0.962475
vt 0.877483 0.894158
vt 0.871896 0.895108
vt 0.912120 0.992129
vt 0.907404 0.996313
vt 0.910057 0.998919
vt 0.914081 0.994083
vt 0.910596 0.990143
vt 0.905378 0.993769
vt 0.908375 0.985986
vt 0.902499 0.988496
vt 0.281139 0.868435
vt 0.275539 0.869196
vt 0.274160 0.862815
vt 0.279667 0.861448
vt 0.278886 0.858790
vt 0.273402 0.860346
vt 0.274720 0.865029
vt 0.280268 0.863858
vt 0.290750 0.898534
vt 0.288630 0.896779
vt 0.299490 0.890381
vt 0.295404 0.891589
vt 0.296515 0.894116
vt 0.299993 0.893061
vt 0.292179 0.893465
vt 0.293489 0.895443
vt 0.720250 0.992164
vt 0.720757 0.992723
vt 0.719015 0.993438
vt 0.718310 0.994063
vt 0.718823 0.994605
vt 0.719568 0.994051
vt 0.714993 0.996351
vt 0.714800 0.995637
vt 0.719618 0.992844
vt 0.720167 0.993460
vt 0.292822 0.896010
vt 0.291282 0.894161
vt 0.909308 0.987969
vt 0.903666 0.991039
vt 0.280772 0.866300
vt 0.275191 0.867255
vt 0.408867 0.985833
vt 0.414610 0.988492
vt 0.407876 0.987774
vt 0.413331 0.991029
vt 0.402818 0.993723
vt 0.406572 0.998810
vt 0.409357 0.996257
vt 0.404883 0.991818
vt 0.869978 0.922706
vt 0.875357 0.924481
vt 0.876155 0.921807
vt 0.870750 0.920190
vt 0.872183 0.913825
vt 0.877753 0.914838
vt 0.871818 0.915743
vt 0.877351 0.916959
vt 0.645015 0.983962
vt 0.644165 0.985545
vt 0.647803 0.987470
vt 0.648759 0.986003
vt 0.034599 0.900308
vt 0.030695 0.898854
vt 0.030038 0.901485
vt 0.033424 0.902735
vt 0.640782 0.981931
vt 0.642423 0.981217
vt 0.041436 0.905485
vt 0.039327 0.907196
vt 0.038676 0.902963
vt 0.037126 0.904718
vt 0.641498 0.983613
vt 0.643072 0.982380
vt 0.646405 0.981956
vt 0.645832 0.982438
vt 0.649539 0.984525
vt 0.649758 0.983818
vt 0.645179 0.980733
vt 0.644553 0.979981
vt 0.644020 0.980462
vt 0.644580 0.981242
vt 0.645724 0.981302
vt 0.645118 0.981815
vt 0.643837 0.983184
vt 0.642542 0.984561
vt 0.036202 0.904408
vt 0.037813 0.902206
vt 0.406479 0.989881
vt 0.411543 0.993768
vt 0.876798 0.919398
vt 0.871325 0.917969
vt 0.521934 0.947453
vt 0.521557 0.944421
vt 0.518555 0.944816
vt 0.518878 0.947814
vt 0.521008 0.941565
vt 0.518102 0.942079
vt 0.521001 0.941106
vt 0.521468 0.938267
vt 0.518345 0.937883
vt 0.517953 0.940762
vt 0.521892 0.935278
vt 0.518868 0.934860
vt 0.522404 0.932297
vt 0.519336 0.931720
vt 0.522698 0.929275
vt 0.519787 0.929032
vt 0.522782 0.928923
vt 0.524038 0.926205
vt 0.521255 0.925158
vt 0.520011 0.927653
vt 0.525298 0.923512
vt 0.522671 0.922345
vt 0.054717 0.927778
vt 0.052043 0.928681
vt 0.053277 0.931570
vt 0.055935 0.930471
vt 0.053663 0.924853
vt 0.050739 0.926018
vt 0.053576 0.924536
vt 0.053137 0.921460
vt 0.050296 0.921942
vt 0.050390 0.924788
vt 0.052630 0.918519
vt 0.049607 0.918932
vt 0.052320 0.915540
vt 0.049184 0.915907
vt 0.051950 0.912614
vt 0.048841 0.913008
vt 0.051971 0.912164
vt 0.052320 0.909207
vt 0.049336 0.908895
vt 0.048778 0.911699
vt 0.052845 0.906214
vt 0.049931 0.905842
vt 0.053192 0.903193
vt 0.050231 0.902658
vt 0.053256 0.900315
vt 0.050378 0.899902
vt 0.050700 0.898616
vt 0.054204 0.899834
vt 0.054538 0.897106
vt 0.051928 0.896167
vt 0.055858 0.894450
vt 0.053127 0.893170
vt 0.523970 0.956442
vt 0.521198 0.957463
vt 0.522576 0.960363
vt 0.525306 0.959075
vt 0.522722 0.953848
vt 0.520061 0.954965
vt 0.522632 0.953207
vt 0.522109 0.950431
vt 0.519337 0.950999
vt 0.519648 0.953742
vt 0.645740 0.960481
vt 0.649689 0.959246
vt 0.644735 0.960764
vt 0.643501 0.962310
vt 0.644053 0.961338
vt 0.641330 0.965955
vt 0.639754 0.969850
vt 0.639982 0.971094
vt 0.641096 0.972853
vt 0.640384 0.971974
vt 0.642383 0.976745
vt 0.644020 0.980462
vt 0.644580 0.981242
vt 0.645832 0.982438
vt 0.645118 0.981815
vt 0.649539 0.984525
vt 0.641498 0.983613
vt 0.642542 0.984561
vt 0.637047 0.970557
vt 0.637021 0.971956
vt 0.643352 0.958653
vt 0.516221 0.943968
vt 0.516872 0.947729
vt 0.515889 0.942107
vt 0.515903 0.940627
vt 0.515889 0.942107
vt 0.516235 0.938583
vt 0.515903 0.940627
vt 0.516922 0.934579
vt 0.517429 0.930328
vt 0.517612 0.928435
vt 0.518033 0.926989
vt 0.517612 0.928435
vt 0.518806 0.925252
vt 0.518033 0.926989
vt 0.520476 0.921484
vt 0.049402 0.928397
vt 0.051052 0.932361
vt 0.048696 0.926660
vt 0.048328 0.925189
vt 0.048696 0.926660
vt 0.048077 0.923254
vt 0.047651 0.919192
vt 0.046982 0.914984
vt 0.046663 0.913024
vt 0.046685 0.911571
vt 0.046663 0.913024
vt 0.047099 0.909478
vt 0.046685 0.911571
vt 0.047675 0.905424
vt 0.048102 0.901226
vt 0.048294 0.899341
vt 0.048718 0.897917
vt 0.048294 0.899341
vt 0.049566 0.896076
vt 0.048718 0.897917
vt 0.051306 0.892409
vt 0.518891 0.957351
vt 0.520768 0.961154
vt 0.518043 0.955686
vt 0.517624 0.954216
vt 0.518043 0.955686
vt 0.517384 0.952210
vt 0.517624 0.954216
vt 0.295451 0.925554
vt 0.292122 0.923851
vt 0.290687 0.922760
vt 0.288297 0.920107
vt 0.286123 0.916650
vt 0.284716 0.912899
vt 0.284058 0.909588
vt 0.284058 0.907365
vt 0.284733 0.903729
vt 0.286090 0.899834
vt 0.288322 0.896514
vt 0.290664 0.894121
vt 0.292485 0.892756
vt 0.295638 0.891069
vt 0.299537 0.889922
vt 0.030911 0.898449
vt 0.034704 0.899856
vt 0.037823 0.901665
vt 0.039609 0.903115
vt 0.041991 0.905507
vt 0.044250 0.908931
vt 0.045667 0.912763
vt 0.046209 0.916360
vt 0.046173 0.918665
vt 0.045468 0.922167
vt 0.044003 0.925732
vt 0.041955 0.928934
vt 0.039402 0.931404
vt 0.037720 0.932862
vt 0.034167 0.934631
vt 0.030346 0.935695
vt 0.299274 0.926640
vt 0.900102 0.981532
vt 0.900895 0.985292
vt 0.899746 0.978219
vt 0.899745 0.974900
vt 0.900128 0.972071
vt 0.900966 0.968388
vt 0.902180 0.964886
vt 0.903435 0.962262
vt 0.904912 0.959746
vt 0.907034 0.957079
vt 0.909673 0.954426
vt 0.409599 0.956377
vt 0.406988 0.953712
vt 0.412081 0.959441
vt 0.413838 0.962241
vt 0.415199 0.965225
vt 0.416240 0.968362
vt 0.417035 0.971559
vt 0.417488 0.974799
vt 0.417593 0.978083
vt 0.417217 0.981397
vt 0.416356 0.985127
vt 0.415049 0.988703
vt 0.413746 0.991276
vt 0.411936 0.994054
vt 0.409714 0.996590
vt 0.406876 0.999176
vt 0.907032 0.996620
vt 0.909728 0.999264
vt 0.904977 0.994041
vt 0.903241 0.991277
vt 0.902048 0.988691
vt 0.292059 0.924080
vt 0.295262 0.925808
vt 0.290129 0.922590
vt 0.287870 0.920135
vt 0.285734 0.916752
vt 0.284377 0.912993
vt 0.283826 0.909839
vt 0.283835 0.906959
vt 0.284511 0.903397
vt 0.285961 0.899572
vt 0.288140 0.896358
vt 0.290345 0.894088
vt 0.292630 0.892390
vt 0.295738 0.890774
vt 0.299543 0.889644
vt 0.031039 0.898201
vt 0.034784 0.899576
vt 0.037848 0.901362
vt 0.040081 0.903182
vt 0.042305 0.905488
vt 0.044528 0.908870
vt 0.045898 0.912676
vt 0.046448 0.916200
vt 0.046384 0.919098
vt 0.045699 0.922565
vt 0.044319 0.925969
vt 0.042351 0.929041
vt 0.039893 0.931552
vt 0.037619 0.933312
vt 0.033973 0.935112
vt 0.030185 0.936071
vt 0.299004 0.926946
vt 0.904677 0.959673
vt 0.906847 0.956820
vt 0.903457 0.961700
vt 0.901940 0.964542
vt 0.900602 0.968205
vt 0.899776 0.972013
vt 0.899477 0.975109
vt 0.899473 0.977867
vt 0.899790 0.981330
vt 0.900586 0.985200
vt 0.901808 0.988781
vt 0.903148 0.991571
vt 0.904619 0.993913
vt 0.906709 0.996632
vt 0.909479 0.999436
vt 0.407024 0.999436
vt 0.409957 0.996758
vt 0.412229 0.994086
vt 0.413769 0.991726
vt 0.415226 0.988972
vt 0.416617 0.985275
vt 0.417486 0.981415
vt 0.417835 0.977952
vt 0.417769 0.975168
vt 0.417419 0.971796
vt 0.416653 0.968309
vt 0.415515 0.964929
vt 0.413838 0.962241
vt 0.414032 0.961841
vt 0.412540 0.959500
vt 0.410113 0.956379
vt 0.407399 0.953616
vt 0.909554 0.954032
vt 0.059882 0.852376
vt 0.053474 0.852376
vt 0.053480 0.854873
vt 0.059887 0.854873
vt 0.059885 0.846164
vt 0.059896 0.843625
vt 0.053488 0.843625
vt 0.053477 0.846164
vt 0.059871 0.850093
vt 0.059875 0.848129
vt 0.053467 0.848129
vt 0.053463 0.850093
vt 0.059884 0.841044
vt 0.053476 0.841044
vt 0.059885 0.834653
vt 0.059896 0.832117
vt 0.053489 0.832117
vt 0.053477 0.834653
vt 0.059872 0.839127
vt 0.059875 0.836890
vt 0.053467 0.836890
vt 0.053465 0.839127
vt 0.059884 0.806439
vt 0.053476 0.806440
vt 0.053488 0.809029
vt 0.059896 0.809029
vt 0.059887 0.799698
vt 0.059896 0.797451
vt 0.053488 0.797451
vt 0.053479 0.799698
vt 0.059875 0.804190
vt 0.059874 0.801944
vt 0.053466 0.801944
vt 0.053467 0.804190
vt 0.059885 0.795202
vt 0.053477 0.795203
vt 0.059884 0.787973
vt 0.059886 0.785478
vt 0.053478 0.785478
vt 0.053476 0.787973
vt 0.059870 0.792962
vt 0.059873 0.790685
vt 0.053465 0.790685
vt 0.053463 0.792962
vt 0.059882 0.829571
vt 0.053474 0.829571
vt 0.059885 0.823131
vt 0.059895 0.820606
vt 0.053487 0.820607
vt 0.053478 0.823131
vt 0.059872 0.827624
vt 0.059875 0.825377
vt 0.053468 0.825377
vt 0.053465 0.827624
vt 0.059885 0.818045
vt 0.053477 0.818045
vt 0.059883 0.811611
vt 0.053475 0.811611
vt 0.059872 0.813541
vt 0.053465 0.813541
vt 0.053467 0.815791
vt 0.059875 0.815791
vt 0.296515 0.894116
vt 0.297597 0.896580
vt 0.300424 0.895673
vt 0.299993 0.893061
vt 0.293489 0.895443
vt 0.294810 0.897406
vt 0.292822 0.896010
vt 0.294323 0.897828
vt 0.290750 0.898534
vt 0.292851 0.900259
vt 0.291097 0.902672
vt 0.288721 0.901530
vt 0.287635 0.904995
vt 0.290003 0.905562
vt 0.286786 0.908256
vt 0.289050 0.908340
vt 0.286799 0.908926
vt 0.289051 0.908796
vt 0.287727 0.912096
vt 0.290074 0.911508
vt 0.289006 0.915392
vt 0.291144 0.914321
vt 0.290986 0.918457
vt 0.292770 0.916890
vt 0.293183 0.921227
vt 0.294535 0.919399
vt 0.293549 0.921474
vt 0.294840 0.919595
vt 0.296796 0.922713
vt 0.297747 0.920434
vt 0.300254 0.923626
vt 0.300613 0.921273
vt 0.033594 0.931496
vt 0.032624 0.929306
vt 0.029815 0.930222
vt 0.030190 0.932564
vt 0.036782 0.930194
vt 0.035619 0.928472
vt 0.037187 0.929741
vt 0.035876 0.928260
vt 0.039344 0.927194
vt 0.037588 0.925650
vt 0.041263 0.924184
vt 0.039137 0.923100
vt 0.042571 0.920801
vt 0.040213 0.920292
vt 0.043434 0.917628
vt 0.041231 0.917490
vt 0.043407 0.916870
vt 0.041228 0.917033
vt 0.042634 0.913592
vt 0.040111 0.914226
vt 0.041348 0.910215
vt 0.039094 0.911356
vt 0.039327 0.907196
vt 0.037404 0.908832
vt 0.037126 0.904718
vt 0.035669 0.906550
vt 0.916174 0.980931
vt 0.914644 0.982095
vt 0.915361 0.982771
vt 0.916865 0.982157
vt 0.913341 0.983451
vt 0.912847 0.984433
vt 0.913992 0.984830
vt 0.914336 0.984017
vt 0.913551 0.987193
vt 0.912403 0.987204
vt 0.912793 0.988888
vt 0.913869 0.988688
vt 0.891610 0.990005
vt 0.891994 0.990943
vt 0.892517 0.990198
vt 0.891989 0.988831
vt 0.892540 0.992025
vt 0.893456 0.991779
vt 0.893193 0.991289
vt 0.892336 0.991537
vt 0.892604 0.993145
vt 0.892431 0.993819
vt 0.893474 0.993960
vt 0.893641 0.993051
vt 0.892228 0.995343
vt 0.892701 0.996030
vt 0.892946 0.995542
vt 0.892242 0.994929
vt 0.915060 0.991966
vt 0.915627 0.991252
vt 0.914940 0.990775
vt 0.914168 0.991342
vt 0.914327 0.992812
vt 0.913360 0.992093
vt 0.911222 0.987255
vt 0.911617 0.989137
vt 0.912329 0.982781
vt 0.911582 0.983930
vt 0.915601 0.992664
vt 0.914898 0.993407
vt 0.916184 0.991737
vt 0.892359 0.995916
vt 0.892844 0.996923
vt 0.893164 0.994968
vt 0.892303 0.994412
vt 0.913344 0.990563
vt 0.912311 0.991003
vt 0.914311 0.990192
vt 0.913721 0.985786
vt 0.912473 0.985599
vt 0.911161 0.985391
vt 0.892625 0.992545
vt 0.893649 0.992288
vt 0.917604 0.984101
vt 0.917231 0.983080
vt 0.916844 0.984071
vt 0.917603 0.984716
vt 0.916168 0.984939
vt 0.917258 0.985321
vt 0.915996 0.985517
vt 0.916872 0.985926
vt 0.916733 0.986491
vt 0.915835 0.986207
vt 0.915699 0.987213
vt 0.916748 0.987223
vt 0.915909 0.988307
vt 0.916881 0.987937
vt 0.916183 0.989416
vt 0.917025 0.988541
vt 0.917106 0.989146
vt 0.916421 0.989711
vt 0.917076 0.989652
vt 0.916656 0.989967
vt 0.916950 0.990236
vt 0.916637 0.990886
vt 0.893866 0.988721
vt 0.892523 0.987791
vt 0.894892 0.990088
vt 0.895408 0.990874
vt 0.895813 0.993031
vt 0.895843 0.991766
vt 0.895459 0.994434
vt 0.894991 0.995878
vt 0.894398 0.996607
vt 0.893694 0.997206
vt 0.893254 0.997857
vt 0.894572 0.987949
vt 0.893283 0.986672
vt 0.895875 0.989331
vt 0.896430 0.990317
vt 0.896913 0.993014
vt 0.896892 0.991455
vt 0.896510 0.994667
vt 0.895934 0.996316
vt 0.895144 0.997189
vt 0.894252 0.997903
vt 0.893884 0.998796
vt 0.913784 0.981281
vt 0.915416 0.979890
vt 0.894652 0.999436
vt 0.894987 0.998684
vt 0.895905 0.997926
vt 0.896885 0.996811
vt 0.897640 0.994971
vt 0.898025 0.993089
vt 0.898050 0.991220
vt 0.897593 0.989763
vt 0.896874 0.988604
vt 0.895409 0.987124
vt 0.893843 0.985662
vt 0.156776 0.962263
vt 0.157215 0.959354
vt 0.154278 0.962291
vt 0.156059 0.963107
vt 0.155219 0.964532
vt 0.155566 0.963917
vt 0.157700 0.961821
vt 0.157639 0.974047
vt 0.156464 0.973541
vt 0.157213 0.975751
vt 0.648468 0.968850
vt 0.649609 0.968688
vt 0.649449 0.966939
vt 0.155154 0.968073
vt 0.155107 0.967387
vt 0.153420 0.967142
vt 0.154965 0.966710
vt 0.154851 0.966129
vt 0.153343 0.964378
vt 0.645535 0.970021
vt 0.647568 0.969806
vt 0.155567 0.972510
vt 0.153745 0.972278
vt 0.155015 0.965073
vt 0.647143 0.970854
vt 0.155223 0.971605
vt 0.646746 0.971969
vt 0.645091 0.973549
vt 0.646636 0.972928
vt 0.153650 0.969333
vt 0.155132 0.968613
vt 0.155076 0.969299
vt 0.155132 0.968613
vt 0.153650 0.969333
vt 0.646517 0.974075
vt 0.646552 0.973580
vt 0.155042 0.969976
vt 0.155015 0.970573
vt 0.154889 0.965544
vt 0.889542 0.990687
vt 0.889080 0.988654
vt 0.887220 0.989993
vt 0.887354 0.991731
vt 0.887229 0.994204
vt 0.890334 0.994437
vt 0.890056 0.993106
vt 0.887364 0.993476
vt 0.340029 0.990283
vt 0.338188 0.988910
vt 0.337652 0.990929
vt 0.339875 0.992001
vt 0.337048 0.993348
vt 0.336712 0.994695
vt 0.339890 0.994517
vt 0.339818 0.993757
vt 0.889542 0.990687
vt 0.890970 0.989890
vt 0.890152 0.987240
vt 0.891554 0.992884
vt 0.890056 0.993106
vt 0.890334 0.994437
vt 0.891563 0.994505
vt 0.340127 0.989524
vt 0.340492 0.989280
vt 0.339054 0.987805
vt 0.338440 0.988276
vt 0.336275 0.990135
vt 0.337652 0.990929
vt 0.337196 0.987522
vt 0.336712 0.994695
vt 0.337048 0.993348
vt 0.335554 0.993107
vt 0.335467 0.994734
vt 0.337651 0.986708
vt 0.338301 0.986133
vt 0.888127 0.987605
vt 0.888839 0.988030
vt 0.889707 0.986416
vt 0.888999 0.985904
vt 0.887127 0.989228
vt 0.886701 0.988976
vt 0.341484 0.986826
vt 0.340979 0.985474
vt 0.339816 0.987380
vt 0.340805 0.989099
vt 0.340046 0.984337
vt 0.339050 0.985729
vt 0.888198 0.985562
vt 0.887333 0.984084
vt 0.886263 0.985102
vt 0.887260 0.987275
vt 0.885759 0.986814
vt 0.886327 0.988800
vt 0.341386 0.991952
vt 0.341096 0.990370
vt 0.340755 0.990545
vt 0.340658 0.992189
vt 0.340968 0.994377
vt 0.342018 0.994087
vt 0.341767 0.993502
vt 0.340753 0.993785
vt 0.885924 0.991689
vt 0.886591 0.991917
vt 0.886489 0.990258
vt 0.886136 0.990070
vt 0.886186 0.994066
vt 0.886462 0.993503
vt 0.885589 0.993277
vt 0.885319 0.993889
vt 0.885841 0.989824
vt 0.885089 0.989494
vt 0.884679 0.990570
vt 0.885284 0.991339
vt 0.342614 0.991199
vt 0.342166 0.989844
vt 0.341388 0.990144
vt 0.342099 0.991599
vt 0.343382 0.993014
vt 0.343006 0.992140
vt 0.342784 0.993122
vt 0.343068 0.993761
vt 0.884725 0.992940
vt 0.884253 0.991618
vt 0.883853 0.992610
vt 0.884459 0.993650
vt 0.891154 0.996286
vt 0.890248 0.995705
vt 0.890065 0.996357
vt 0.890652 0.997126
vt 0.336988 0.996686
vt 0.336789 0.996011
vt 0.335940 0.996521
vt 0.336464 0.997363
vt 0.886690 0.995391
vt 0.886603 0.996008
vt 0.340463 0.995686
vt 0.340612 0.996290
vt 0.342483 0.995742
vt 0.342482 0.995148
vt 0.341734 0.995470
vt 0.341857 0.996027
vt 0.343570 0.995007
vt 0.343732 0.994414
vt 0.343330 0.994864
vt 0.343082 0.995432
vt 0.884658 0.995451
vt 0.885426 0.995767
vt 0.885486 0.995175
vt 0.884851 0.994906
vt 0.884125 0.994633
vt 0.883535 0.993989
vt 0.883660 0.994602
vt 0.884069 0.995095
vt 0.887596 0.997131
vt 0.339449 0.997455
vt 0.888899 0.999436
vt 0.887976 0.998745
vt 0.338499 0.999436
vt 0.339336 0.998702
vt 0.887260 0.987275
vt 0.888198 0.985562
vt 0.339816 0.987380
vt 0.339050 0.985729
vt 0.884297 0.994112
vt 0.883613 0.993327
vt 0.885094 0.994350
vt 0.885847 0.994556
vt 0.890355 0.995078
vt 0.886987 0.994742
vt 0.891429 0.995408
vt 0.335633 0.995641
vt 0.336678 0.995358
vt 0.340122 0.995062
vt 0.342239 0.994564
vt 0.341304 0.994871
vt 0.343223 0.994257
vt 0.343632 0.993757
vt 0.887296 0.997812
vt 0.886378 0.996813
vt 0.886266 0.989470
vt 0.886483 0.989638
vt 0.886058 0.989306
vt 0.885478 0.988312
vt 0.341763 0.988284
vt 0.341130 0.989647
vt 0.340952 0.989789
vt 0.340769 0.989935
vt 0.340945 0.997005
vt 0.340163 0.997868
vt 0.889707 0.986416
vt 0.337651 0.986708
vt 0.109526 0.965684
vt 0.109286 0.967141
vt 0.110588 0.967625
vt 0.109140 0.962373
vt 0.109358 0.963423
vt 0.110751 0.963606
vt 0.402942 0.978880
vt 0.402955 0.980426
vt 0.404200 0.981741
vt 0.403824 0.976928
vt 0.402831 0.981777
vt 0.402700 0.982734
vt 0.108523 0.960735
vt 0.108796 0.961410
vt 0.110060 0.960790
vt 0.402038 0.976167
vt 0.402682 0.977447
vt 0.401225 0.974127
vt 0.402104 0.984288
vt 0.401876 0.984890
vt 0.403595 0.984293
vt 0.108323 0.959506
vt 0.108337 0.960115
vt 0.109904 0.958603
vt 0.107758 0.952797
vt 0.108188 0.953863
vt 0.109648 0.951776
vt 0.401871 0.989594
vt 0.401380 0.990662
vt 0.402828 0.992665
vt 0.404522 0.988883
vt 0.109507 0.964505
vt 0.402394 0.983590
vt 0.401883 0.985484
vt 0.403606 0.986403
vt 0.400921 0.991673
vt 0.108652 0.968778
vt 0.107914 0.970637
vt 0.108454 0.954982
vt 0.110970 0.956016
vt 0.402602 0.987287
vt 0.403606 0.986403
vt 0.402422 0.986650
vt 0.109134 0.957585
vt 0.108860 0.958338
vt 0.109904 0.958603
vt 0.108827 0.956272
vt 0.402235 0.988506
vt 0.108860 0.958338
vt 0.108517 0.958918
vt 0.402105 0.986069
vt 0.402422 0.986650
vt 0.107440 0.969607
vt 0.400920 0.975218
vt 0.877032 0.975958
vt 0.875599 0.977033
vt 0.876312 0.977720
vt 0.877618 0.977048
vt 0.874286 0.978395
vt 0.873784 0.979382
vt 0.874938 0.979786
vt 0.875280 0.978966
vt 0.874495 0.982161
vt 0.873323 0.982176
vt 0.873693 0.983868
vt 0.874810 0.983662
vt 0.051550 0.971320
vt 0.051588 0.972159
vt 0.052086 0.971721
vt 0.051967 0.970211
vt 0.052048 0.973522
vt 0.053037 0.973287
vt 0.052766 0.972802
vt 0.051728 0.972924
vt 0.052211 0.974708
vt 0.052104 0.975264
vt 0.053107 0.975469
vt 0.053263 0.974559
vt 0.051986 0.977136
vt 0.052351 0.977541
vt 0.052586 0.977051
vt 0.051911 0.976517
vt 0.875990 0.986982
vt 0.876566 0.986254
vt 0.875889 0.985784
vt 0.875109 0.986370
vt 0.875241 0.987844
vt 0.874293 0.987130
vt 0.872109 0.982226
vt 0.872503 0.984116
vt 0.873276 0.977718
vt 0.872503 0.978866
vt 0.876405 0.987939
vt 0.875685 0.988562
vt 0.876987 0.987068
vt 0.052146 0.977780
vt 0.052472 0.978461
vt 0.052802 0.976477
vt 0.051973 0.975877
vt 0.874273 0.985566
vt 0.873210 0.986020
vt 0.875256 0.985183
vt 0.874666 0.980751
vt 0.873394 0.980557
vt 0.872059 0.980339
vt 0.052209 0.974127
vt 0.053248 0.973794
vt 0.878353 0.978821
vt 0.878086 0.977962
vt 0.877775 0.979038
vt 0.878244 0.979562
vt 0.877103 0.979914
vt 0.878032 0.980164
vt 0.876935 0.980491
vt 0.877820 0.980814
vt 0.877714 0.981545
vt 0.876780 0.981180
vt 0.876646 0.982188
vt 0.877749 0.982346
vt 0.876854 0.983286
vt 0.877846 0.983006
vt 0.877129 0.984407
vt 0.877972 0.983498
vt 0.878063 0.983976
vt 0.877370 0.984710
vt 0.878008 0.984490
vt 0.877606 0.984969
vt 0.877836 0.985304
vt 0.877452 0.986141
vt 0.053456 0.970227
vt 0.052336 0.969212
vt 0.054491 0.971589
vt 0.055017 0.972370
vt 0.055441 0.974524
vt 0.055461 0.973257
vt 0.055096 0.975931
vt 0.054635 0.977380
vt 0.054044 0.978112
vt 0.053342 0.978709
vt 0.052890 0.979219
vt 0.054164 0.969453
vt 0.052746 0.968137
vt 0.055470 0.970828
vt 0.056037 0.971808
vt 0.056541 0.974501
vt 0.056515 0.972939
vt 0.056172 0.976163
vt 0.055580 0.977823
vt 0.054787 0.978708
vt 0.053897 0.979409
vt 0.053442 0.980082
vt 0.874735 0.976224
vt 0.876319 0.974843
vt 0.054129 0.980886
vt 0.054626 0.980201
vt 0.055538 0.979454
vt 0.056549 0.978328
vt 0.057298 0.976454
vt 0.057671 0.974572
vt 0.057685 0.972694
vt 0.057202 0.971243
vt 0.056466 0.970093
vt 0.055001 0.968626
vt 0.053490 0.967177
vt 0.316710 0.958940
vt 0.315204 0.955913
vt 0.313258 0.959347
vt 0.316129 0.959839
vt 0.315328 0.961597
vt 0.315674 0.960765
vt 0.317374 0.958255
vt 0.317358 0.970710
vt 0.316108 0.970295
vt 0.317173 0.972889
vt 0.542760 0.978213
vt 0.542126 0.977363
vt 0.540651 0.980608
vt 0.541670 0.965974
vt 0.542766 0.965465
vt 0.542284 0.963332
vt 0.315490 0.965181
vt 0.315490 0.964427
vt 0.312684 0.964904
vt 0.541128 0.972041
vt 0.541120 0.971491
vt 0.538355 0.971502
vt 0.315396 0.963802
vt 0.541010 0.972570
vt 0.315265 0.963335
vt 0.312762 0.962493
vt 0.540860 0.973158
vt 0.538365 0.974207
vt 0.538971 0.966257
vt 0.540952 0.966840
vt 0.541607 0.976454
vt 0.538790 0.977053
vt 0.315316 0.969389
vt 0.313712 0.969963
vt 0.540941 0.974995
vt 0.540788 0.974370
vt 0.315186 0.962386
vt 0.541225 0.975681
vt 0.540518 0.967777
vt 0.314901 0.968484
vt 0.540185 0.968883
vt 0.537778 0.969327
vt 0.540342 0.969675
vt 0.315314 0.965844
vt 0.312515 0.967865
vt 0.540922 0.970935
vt 0.315035 0.966427
vt 0.540571 0.970390
vt 0.314789 0.966988
vt 0.314608 0.967673
vt 0.314608 0.967673
vt 0.313712 0.969963
vt 0.540760 0.973768
vt 0.315154 0.962882
vt 0.702322 0.984635
vt 0.701485 0.984911
vt 0.701480 0.989343
vt 0.702257 0.989636
vt 0.700073 0.981513
vt 0.699703 0.982227
vt 0.697921 0.981975
vt 0.699703 0.982227
vt 0.700073 0.981513
vt 0.697896 0.981134
vt 0.695741 0.981545
vt 0.696282 0.982158
vt 0.695741 0.981545
vt 0.693549 0.984657
vt 0.694371 0.984894
vt 0.696282 0.982158
vt 0.693641 0.989594
vt 0.694434 0.989424
vt 0.695564 0.992067
vt 0.695959 0.991717
vt 0.699834 0.991880
vt 0.700195 0.992249
vt 0.697948 0.992971
vt 0.697928 0.993636
vt 0.697948 0.992971
vt 0.697928 0.993636
vt 0.733747 0.998989
vt 0.733206 0.998323
vt 0.731250 0.998518
vt 0.731307 0.999436
vt 0.729399 0.998356
vt 0.728831 0.998998
vt 0.719468 0.971519
vt 0.719927 0.970247
vt 0.715976 0.968702
vt 0.715423 0.969821
vt 0.725396 0.977423
vt 0.723472 0.973591
vt 0.722251 0.974166
vt 0.724077 0.977965
vt 0.722694 0.971974
vt 0.721615 0.972949
vt 0.720719 0.972099
vt 0.721560 0.970964
vt 0.382596 0.883430
vt 0.387074 0.883261
vt 0.386689 0.879022
vt 0.382292 0.879267
vt 0.382572 0.877380
vt 0.386852 0.877229
vt 0.382530 0.875874
vt 0.386829 0.875704
vt 0.386575 0.873915
vt 0.382103 0.874011
vt 0.382075 0.869714
vt 0.386564 0.869714
vt 0.273002 0.894304
vt 0.273398 0.894499
vt 0.274141 0.892041
vt 0.273742 0.891906
vt 0.275078 0.885793
vt 0.275489 0.885876
vt 0.275861 0.883337
vt 0.275420 0.883275
vt 0.274732 0.887741
vt 0.275122 0.887832
vt 0.274690 0.889780
vt 0.274309 0.889677
vt 0.725559 0.981879
vt 0.726948 0.981311
vt 0.725440 0.990269
vt 0.726937 0.986242
vt 0.725543 0.985703
vt 0.724002 0.989610
vt 0.727577 0.984567
vt 0.725966 0.984407
vt 0.725977 0.983285
vt 0.727601 0.983135
vt 0.386423 0.865608
vt 0.382006 0.865627
vt 0.382380 0.863605
vt 0.386683 0.863639
vt 0.382395 0.862144
vt 0.386710 0.862166
vt 0.386521 0.860329
vt 0.382049 0.860288
vt 0.382104 0.856455
vt 0.386661 0.856128
vt 0.276057 0.880741
vt 0.275635 0.880708
vt 0.275659 0.874301
vt 0.276086 0.874289
vt 0.275902 0.871739
vt 0.275449 0.871774
vt 0.275748 0.876541
vt 0.276153 0.876546
vt 0.276133 0.878804
vt 0.275733 0.878781
vt 0.818903 0.916970
vt 0.823482 0.916931
vt 0.823287 0.912698
vt 0.818719 0.912849
vt 0.819204 0.910759
vt 0.823503 0.910725
vt 0.819207 0.909304
vt 0.823540 0.909264
vt 0.823283 0.907378
vt 0.818826 0.907350
vt 0.818910 0.903068
vt 0.823527 0.903188
vt 0.872128 0.911185
vt 0.872568 0.911247
vt 0.872771 0.908646
vt 0.872350 0.908609
vt 0.872351 0.901860
vt 0.872778 0.901843
vt 0.872597 0.899583
vt 0.872153 0.899620
vt 0.872449 0.904108
vt 0.872851 0.904110
vt 0.872855 0.906377
vt 0.872450 0.906357
vt 0.823251 0.899016
vt 0.818842 0.898968
vt 0.819288 0.897063
vt 0.823555 0.897245
vt 0.819364 0.895552
vt 0.823665 0.895716
vt 0.823533 0.893938
vt 0.819087 0.893705
vt 0.823811 0.889744
vt 0.819345 0.889373
vt 0.872297 0.897334
vt 0.871875 0.897384
vt 0.870304 0.890315
vt 0.870717 0.890199
vt 0.869915 0.887775
vt 0.869510 0.887948
vt 0.871019 0.892933
vt 0.871417 0.892858
vt 0.871896 0.895108
vt 0.871500 0.895169
vt 0.722210 0.993400
vt 0.723705 0.994097
vt 0.716461 0.999436
vt 0.720199 0.997561
vt 0.719495 0.996066
vt 0.715633 0.997894
vt 0.721779 0.996808
vt 0.720620 0.995420
vt 0.721473 0.994591
vt 0.722777 0.995758
vt 0.386602 0.852011
vt 0.382168 0.851922
vt 0.382573 0.849960
vt 0.386867 0.850054
vt 0.382615 0.848461
vt 0.386931 0.848544
vt 0.386763 0.846720
vt 0.382303 0.846651
vt 0.382380 0.842374
vt 0.386900 0.842515
vt 0.275539 0.869196
vt 0.275117 0.869252
vt 0.273754 0.862924
vt 0.274160 0.862815
vt 0.273402 0.860346
vt 0.272988 0.860520
vt 0.274324 0.865111
vt 0.274720 0.865029
vt 0.275191 0.867255
vt 0.274792 0.867318
vt 0.819130 0.930657
vt 0.823651 0.930633
vt 0.823480 0.926502
vt 0.819040 0.926552
vt 0.819388 0.924551
vt 0.823688 0.924515
vt 0.819387 0.923072
vt 0.823729 0.923026
vt 0.823469 0.921129
vt 0.819015 0.921215
vt 0.869573 0.922509
vt 0.869978 0.922706
vt 0.870750 0.920190
vt 0.870348 0.920057
vt 0.871773 0.913740
vt 0.872183 0.913825
vt 0.871429 0.915655
vt 0.871818 0.915743
vt 0.871325 0.917969
vt 0.870937 0.917862
vt 0.724150 0.985160
vt 0.722655 0.988984
vt 0.724441 0.984214
vt 0.724185 0.982441
vt 0.724447 0.983427
vt 0.722800 0.978475
vt 0.721017 0.974717
vt 0.720551 0.973809
vt 0.719030 0.972776
vt 0.719922 0.973195
vt 0.714952 0.970977
vt 0.718823 0.994605
vt 0.714993 0.996351
vt 0.719568 0.994051
vt 0.720757 0.992723
vt 0.720167 0.993460
vt 0.819387 0.923072
vt 0.819388 0.924551
vt 0.823688 0.924515
vt 0.823729 0.923026
vt 0.819207 0.909304
vt 0.819204 0.910759
vt 0.823503 0.910725
vt 0.823540 0.909264
vt 0.819364 0.895552
vt 0.823665 0.895716
vt 0.722694 0.971974
vt 0.721560 0.970964
vt 0.382530 0.875874
vt 0.382572 0.877380
vt 0.386852 0.877229
vt 0.386829 0.875704
vt 0.727577 0.984567
vt 0.727601 0.983135
vt 0.382395 0.862144
vt 0.382380 0.863605
vt 0.386683 0.863639
vt 0.386710 0.862166
vt 0.721779 0.996808
vt 0.722777 0.995758
vt 0.382615 0.848461
vt 0.382573 0.849960
vt 0.386867 0.850054
vt 0.386931 0.848544
vt 0.036202 0.904408
vt 0.034647 0.906270
vt 0.035669 0.906550
vt 0.037126 0.904718
vt 0.033424 0.902735
vt 0.032207 0.905097
vt 0.030038 0.901485
vt 0.029449 0.904044
vt 0.649800 0.980477
vt 0.648815 0.980272
vt 0.649648 0.982986
vt 0.646507 0.975139
vt 0.646507 0.974569
vt 0.644884 0.975526
vt 0.646416 0.975800
vt 0.646335 0.976382
vt 0.644985 0.978115
vt 0.647913 0.979544
vt 0.646297 0.980463
vt 0.646764 0.977770
vt 0.646516 0.977259
vt 0.647377 0.978678
vt 0.646517 0.974075
vt 0.645091 0.973549
vt 0.646390 0.976879
usemtl tread_png
f 1/1/ 2/2/ 3/3/
f 4/4/ 1/1/ 3/3/
f 5/5/ 6/6/ 7/7/
f 8/8/ 5/5/ 7/7/
f 9/9/ 10/10/ 11/11/
f 12/12/ 9/9/ 11/11/
f 13/13/ 14/14/ 15/15/
f 16/16/ 13/13/ 15/15/
f 17/17/ 18/18/ 19/19/
f 20/20/ 17/17/ 19/19/
f 21/21/ 22/22/ 6/6/
f 5/5/ 21/21/ 6/6/
f 23/23/ 24/24/ 25/25/
f 26/26/ 23/23/ 25/25/
f 8/8/ 7/7/ 27/27/
f 28/28/ 8/8/ 27/27/
f 29/29/ 30/30/ 31/31/
f 32/32/ 29/29/ 31/31/
f 33/33/ 34/34/ 35/35/
f 36/36/ 33/33/ 35/35/
f 37/37/ 38/38/ 39/39/
f 40/40/ 37/37/ 39/39/
f 41/41/ 42/42/ 43/43/
f 44/44/ 41/41/ 43/43/
f 45/45/ 46/46/ 47/47/
f 48/48/ 45/45/ 47/47/
f 49/49/ 50/50/ 10/10/
f 9/9/ 49/49/ 10/10/
f 51/51/ 52/52/ 53/53/
f 54/54/ 51/51/ 53/53/
f 12/12/ 11/11/ 18/18/
f 17/17/ 12/12/ 18/18/
f 55/55/ 56/56/ 57/57/
f 58/58/ 55/55/ 57/57/
f 20/20/ 19/19/ 24/24/
f 23/23/ 20/20/ 24/24/
f 54/54/ 53/53/ 30/30/
f 29/29/ 54/54/ 30/30/
f 26/26/ 25/25/ 38/38/
f 37/37/ 26/26/ 38/38/
f 32/32/ 31/31/ 46/46/
f 45/45/ 32/32/ 46/46/
f 59/59/ 60/60/ 61/61/
f 62/62/ 59/59/ 61/61/
f 40/40/ 39/39/ 52/52/
f 51/51/ 40/40/ 52/52/
f 48/48/ 47/47/ 56/56/
f 55/55/ 48/48/ 56/56/
f 63/63/ 64/64/ 2/2/
f 1/1/ 63/63/ 2/2/
f 65/65/ 66/66/ 34/34/
f 33/33/ 65/65/ 34/34/
f 58/58/ 57/57/ 60/60/
f 59/59/ 58/58/ 60/60/
f 4/4/ 3/3/ 14/14/
f 13/13/ 4/4/ 14/14/
f 36/36/ 35/35/ 42/42/
f 41/41/ 36/36/ 42/42/
f 62/62/ 61/61/ 64/64/
f 63/63/ 62/62/ 64/64/
f 16/16/ 15/15/ 22/22/
f 21/21/ 16/16/ 22/22/
f 44/44/ 43/43/ 50/50/
f 49/49/ 44/44/ 50/50/
f 67/67/ 8/8/ 28/28/
f 68/68/ 67/67/ 28/28/
f 69/69/ 29/29/ 32/32/
f 70/70/ 69/69/ 32/32/
f 71/71/ 33/33/ 36/36/
f 72/72/ 71/71/ 36/36/
f 73/73/ 37/37/ 40/40/
f 74/74/ 73/73/ 40/40/
f 75/75/ 41/41/ 44/44/
f 76/76/ 75/75/ 44/44/
f 77/77/ 45/45/ 48/48/
f 78/78/ 77/77/ 48/48/
f 79/79/ 49/49/ 9/9/
f 80/80/ 79/79/ 9/9/
f 81/81/ 51/51/ 54/54/
f 82/82/ 81/81/ 54/54/
f 83/83/ 12/12/ 17/17/
f 84/84/ 83/83/ 17/17/
f 85/85/ 55/55/ 58/58/
f 86/86/ 85/85/ 58/58/
f 87/87/ 20/20/ 23/23/
f 88/88/ 87/87/ 23/23/
f 82/82/ 54/54/ 29/29/
f 69/69/ 82/82/ 29/29/
f 89/89/ 26/26/ 37/37/
f 73/73/ 89/89/ 37/37/
f 70/70/ 32/32/ 45/45/
f 77/77/ 70/70/ 45/45/
f 90/90/ 59/59/ 62/62/
f 91/91/ 90/90/ 62/62/
f 74/74/ 40/40/ 51/51/
f 81/81/ 74/74/ 51/51/
f 78/78/ 48/48/ 55/55/
f 85/85/ 78/78/ 55/55/
f 92/92/ 63/63/ 1/1/
f 93/93/ 92/92/ 1/1/
f 94/94/ 65/65/ 33/33/
f 71/71/ 94/94/ 33/33/
f 86/86/ 58/58/ 59/59/
f 90/90/ 86/86/ 59/59/
f 95/95/ 4/4/ 13/13/
f 96/96/ 95/95/ 13/13/
f 72/72/ 36/36/ 41/41/
f 75/75/ 72/72/ 41/41/
f 91/91/ 62/62/ 63/63/
f 92/92/ 91/91/ 63/63/
f 97/97/ 16/16/ 21/21/
f 98/98/ 97/97/ 21/21/
f 76/76/ 44/44/ 49/49/
f 79/79/ 76/76/ 49/49/
f 93/93/ 1/1/ 4/4/
f 95/95/ 93/93/ 4/4/
f 99/99/ 5/5/ 8/8/
f 67/67/ 99/99/ 8/8/
f 80/80/ 9/9/ 12/12/
f 83/83/ 80/80/ 12/12/
f 96/96/ 13/13/ 16/16/
f 97/97/ 96/96/ 16/16/
f 84/84/ 17/17/ 20/20/
f 87/87/ 84/84/ 20/20/
f 98/98/ 21/21/ 5/5/
f 99/99/ 98/98/ 5/5/
f 88/88/ 23/23/ 26/26/
f 89/89/ 88/88/ 26/26/
f 83/83/ 84/84/ 100/100/
f 101/101/ 83/83/ 100/100/
f 85/85/ 86/86/ 102/102/
f 103/103/ 85/85/ 102/102/
f 87/87/ 88/88/ 104/104/
f 105/105/ 87/87/ 104/104/
f 82/82/ 69/69/ 106/106/
f 107/107/ 82/82/ 106/106/
f 89/89/ 73/73/ 108/108/
f 109/109/ 89/89/ 108/108/
f 90/90/ 91/91/ 110/110/
f 111/111/ 90/90/ 110/110/
f 74/74/ 81/81/ 112/112/
f 113/113/ 74/74/ 112/112/
f 78/78/ 85/85/ 103/103/
f 114/114/ 78/78/ 103/103/
f 92/92/ 93/93/ 115/115/
f 116/116/ 92/92/ 115/115/
f 94/94/ 71/71/ 117/117/
f 118/118/ 94/94/ 117/117/
f 86/86/ 90/90/ 111/111/
f 102/102/ 86/86/ 111/111/
f 95/95/ 96/96/ 119/119/
f 120/120/ 95/95/ 119/119/
f 72/72/ 75/75/ 121/121/
f 122/122/ 72/72/ 121/121/
f 91/91/ 92/92/ 116/116/
f 110/110/ 91/91/ 116/116/
f 97/97/ 98/98/ 123/123/
f 124/124/ 97/97/ 123/123/
f 76/76/ 79/79/ 125/125/
f 126/126/ 76/76/ 125/125/
f 93/93/ 95/95/ 120/120/
f 115/115/ 93/93/ 120/120/
f 99/99/ 67/67/ 127/127/
f 128/128/ 99/99/ 127/127/
f 80/80/ 83/83/ 101/101/
f 129/129/ 80/80/ 101/101/
f 96/96/ 97/97/ 124/124/
f 119/119/ 96/96/ 124/124/
f 84/84/ 87/87/ 105/105/
f 100/100/ 84/84/ 105/105/
f 98/98/ 99/99/ 128/128/
f 123/123/ 98/98/ 128/128/
f 88/88/ 89/89/ 109/109/
f 104/104/ 88/88/ 109/109/
f 67/67/ 68/68/ 130/130/
f 127/127/ 67/67/ 130/130/
f 69/69/ 70/70/ 131/131/
f 106/106/ 69/69/ 131/131/
f 71/71/ 72/72/ 122/122/
f 117/117/ 71/71/ 122/122/
f 73/73/ 74/74/ 113/113/
f 108/108/ 73/73/ 113/113/
f 75/75/ 76/76/ 126/126/
f 121/121/ 75/75/ 126/126/
f 77/77/ 78/78/ 114/114/
f 132/132/ 77/77/ 114/114/
f 79/79/ 80/80/ 129/129/
f 125/125/ 79/79/ 129/129/
f 81/81/ 82/82/ 107/107/
f 112/112/ 81/81/ 107/107/
f 133/133/ 122/122/ 121/121/
f 134/134/ 133/133/ 121/121/
f 135/135/ 110/110/ 116/116/
f 136/136/ 135/135/ 116/116/
f 137/137/ 124/124/ 123/123/
f 138/138/ 137/137/ 123/123/
f 139/139/ 126/126/ 125/125/
f 140/140/ 139/139/ 125/125/
f 141/141/ 115/115/ 120/120/
f 142/142/ 141/141/ 120/120/
f 143/143/ 128/128/ 127/127/
f 144/144/ 143/143/ 127/127/
f 145/145/ 129/129/ 101/101/
f 146/146/ 145/145/ 101/101/
f 147/147/ 119/119/ 124/124/
f 137/137/ 147/147/ 124/124/
f 148/148/ 100/100/ 105/105/
f 149/149/ 148/148/ 105/105/
f 138/138/ 123/123/ 128/128/
f 143/143/ 138/138/ 128/128/
f 150/150/ 104/104/ 109/109/
f 151/151/ 150/150/ 109/109/
f 144/144/ 127/127/ 130/130/
f 152/152/ 144/144/ 130/130/
f 153/153/ 106/106/ 131/131/
f 154/154/ 153/153/ 131/131/
f 155/155/ 117/117/ 122/122/
f 133/133/ 155/155/ 122/122/
f 156/156/ 108/108/ 113/113/
f 157/157/ 156/156/ 113/113/
f 134/134/ 121/121/ 126/126/
f 139/139/ 134/134/ 126/126/
f 158/158/ 132/132/ 114/114/
f 159/159/ 158/158/ 114/114/
f 140/140/ 125/125/ 129/129/
f 145/145/ 140/140/ 129/129/
f 160/160/ 112/112/ 107/107/
f 161/161/ 160/160/ 107/107/
f 146/146/ 101/101/ 100/100/
f 148/148/ 146/146/ 100/100/
f 162/162/ 103/103/ 102/102/
f 163/163/ 162/162/ 102/102/
f 149/149/ 105/105/ 104/104/
f 150/150/ 149/149/ 104/104/
f 161/161/ 107/107/ 106/106/
f 153/153/ 161/161/ 106/106/
f 151/151/ 109/109/ 108/108/
f 156/156/ 151/151/ 108/108/
f 154/154/ 131/131/ 132/132/
f 158/158/ 154/154/ 132/132/
f 164/164/ 111/111/ 110/110/
f 135/135/ 164/164/ 110/110/
f 157/157/ 113/113/ 112/112/
f 160/160/ 157/157/ 112/112/
f 159/159/ 114/114/ 103/103/
f 162/162/ 159/159/ 103/103/
f 136/136/ 116/116/ 115/115/
f 141/141/ 136/136/ 115/115/
f 165/165/ 118/118/ 117/117/
f 155/155/ 165/165/ 117/117/
f 163/163/ 102/102/ 111/111/
f 164/164/ 163/163/ 111/111/
f 142/142/ 120/120/ 119/119/
f 147/147/ 142/142/ 119/119/
f 166/166/ 148/148/ 149/149/
f 167/167/ 166/166/ 149/149/
f 168/168/ 138/138/ 143/143/
f 169/169/ 168/168/ 143/143/
f 170/170/ 150/150/ 151/151/
f 171/171/ 170/170/ 151/151/
f 172/172/ 144/144/ 152/152/
f 173/173/ 172/172/ 152/152/
f 174/174/ 153/153/ 154/154/
f 175/175/ 174/174/ 154/154/
f 176/176/ 155/155/ 133/133/
f 177/177/ 176/176/ 133/133/
f 178/178/ 156/156/ 157/157/
f 179/179/ 178/178/ 157/157/
f 180/180/ 134/134/ 139/139/
f 181/181/ 180/180/ 139/139/
f 182/182/ 158/158/ 159/159/
f 183/183/ 182/182/ 159/159/
f 184/184/ 140/140/ 145/145/
f 185/185/ 184/184/ 145/145/
f 186/186/ 160/160/ 161/161/
f 187/187/ 186/186/ 161/161/
f 188/188/ 146/146/ 148/148/
f 166/166/ 188/188/ 148/148/
f 189/189/ 162/162/ 163/163/
f 190/190/ 189/189/ 163/163/
f 167/167/ 149/149/ 150/150/
f 170/170/ 167/167/ 150/150/
f 187/187/ 161/161/ 153/153/
f 174/174/ 187/187/ 153/153/
f 171/171/ 151/151/ 156/156/
f 178/178/ 171/171/ 156/156/
f 175/175/ 154/154/ 158/158/
f 182/182/ 175/175/ 158/158/
f 191/191/ 164/164/ 135/135/
f 192/192/ 191/191/ 135/135/
f 179/179/ 157/157/ 160/160/
f 186/186/ 179/179/ 160/160/
f 183/183/ 159/159/ 162/162/
f 189/189/ 183/183/ 162/162/
f 193/193/ 136/136/ 141/141/
f 194/194/ 193/193/ 141/141/
f 195/195/ 165/165/ 155/155/
f 176/176/ 195/195/ 155/155/
f 190/190/ 163/163/ 164/164/
f 191/191/ 190/190/ 164/164/
f 196/196/ 142/142/ 147/147/
f 197/197/ 196/196/ 147/147/
f 177/177/ 133/133/ 134/134/
f 180/180/ 177/177/ 134/134/
f 192/192/ 135/135/ 136/136/
f 193/193/ 192/192/ 136/136/
f 198/198/ 137/137/ 138/138/
f 168/168/ 198/198/ 138/138/
f 181/181/ 139/139/ 140/140/
f 184/184/ 181/181/ 140/140/
f 194/194/ 141/141/ 142/142/
f 196/196/ 194/194/ 142/142/
f 169/169/ 143/143/ 144/144/
f 172/172/ 169/169/ 144/144/
f 185/185/ 145/145/ 146/146/
f 188/188/ 185/185/ 146/146/
f 197/197/ 147/147/ 137/137/
f 198/198/ 197/197/ 137/137/
f 199/199/ 178/178/ 179/179/
f 200/200/ 199/199/ 179/179/
f 201/201/ 180/180/ 181/181/
f 202/202/ 201/201/ 181/181/
f 203/203/ 182/182/ 183/183/
f 204/204/ 203/203/ 183/183/
f 205/205/ 184/184/ 185/185/
f 206/206/ 205/205/ 185/185/
f 207/207/ 186/186/ 187/187/
f 208/208/ 207/207/ 187/187/
f 209/209/ 188/188/ 166/166/
f 210/210/ 209/209/ 166/166/
f 211/211/ 189/189/ 190/190/
f 212/212/ 211/211/ 190/190/
f 213/213/ 167/167/ 170/170/
f 214/214/ 213/213/ 170/170/
f 208/208/ 187/187/ 174/174/
f 215/215/ 208/208/ 174/174/
f 216/216/ 171/171/ 178/178/
f 199/199/ 216/216/ 178/178/
f 217/217/ 175/175/ 182/182/
f 203/203/ 217/217/ 182/182/
f 218/218/ 191/191/ 192/192/
f 219/219/ 218/218/ 192/192/
f 200/200/ 179/179/ 186/186/
f 207/207/ 200/200/ 186/186/
f 204/204/ 183/183/ 189/189/
f 211/211/ 204/204/ 189/189/
f 220/220/ 193/193/ 194/194/
f 221/221/ 220/220/ 194/194/
f 222/222/ 195/195/ 176/176/
f 223/223/ 222/222/ 176/176/
f 212/212/ 190/190/ 191/191/
f 218/218/ 212/212/ 191/191/
f 224/224/ 196/196/ 197/197/
f 225/225/ 224/224/ 197/197/
f 226/226/ 177/177/ 180/180/
f 201/201/ 226/226/ 180/180/
f 219/219/ 192/192/ 193/193/
f 220/220/ 219/219/ 193/193/
f 227/227/ 198/198/ 168/168/
f 228/228/ 227/227/ 168/168/
f 202/202/ 181/181/ 184/184/
f 205/205/ 202/202/ 184/184/
f 221/221/ 194/194/ 196/196/
f 224/224/ 221/221/ 196/196/
f 229/229/ 169/169/ 172/172/
f 230/230/ 229/229/ 172/172/
f 206/206/ 185/185/ 188/188/
f 209/209/ 206/206/ 188/188/
f 225/225/ 197/197/ 198/198/
f 227/227/ 225/225/ 198/198/
f 210/210/ 166/166/ 167/167/
f 213/213/ 210/210/ 167/167/
f 228/228/ 168/168/ 169/169/
f 229/229/ 228/228/ 169/169/
f 214/214/ 170/170/ 171/171/
f 216/216/ 214/214/ 171/171/
f 230/230/ 172/172/ 173/173/
f 231/231/ 230/230/ 173/173/
f 215/215/ 174/174/ 175/175/
f 217/217/ 215/215/ 175/175/
f 223/223/ 176/176/ 177/177/
f 226/226/ 223/223/ 177/177/
f 232/232/ 211/211/ 212/212/
f 233/233/ 232/232/ 212/212/
f 234/234/ 213/213/ 214/214/
f 235/235/ 234/234/ 214/214/
f 236/236/ 208/208/ 215/215/
f 237/237/ 236/236/ 215/215/
f 238/238/ 216/216/ 199/199/
f 239/239/ 238/238/ 199/199/
f 240/240/ 217/217/ 203/203/
f 241/241/ 240/240/ 203/203/
f 242/242/ 218/218/ 219/219/
f 243/243/ 242/242/ 219/219/
f 244/244/ 200/200/ 207/207/
f 245/245/ 244/244/ 207/207/
f 246/246/ 204/204/ 211/211/
f 232/232/ 246/246/ 211/211/
f 247/247/ 220/220/ 221/221/
f 248/248/ 247/247/ 221/221/
f 249/249/ 222/222/ 223/223/
f 250/250/ 249/249/ 223/223/
f 233/233/ 212/212/ 218/218/
f 242/242/ 233/233/ 218/218/
f 251/251/ 224/224/ 225/225/
f 252/252/ 251/251/ 225/225/
f 253/253/ 226/226/ 201/201/
f 254/254/ 253/253/ 201/201/
f 243/243/ 219/219/ 220/220/
f 247/247/ 243/243/ 220/220/
f 255/255/ 227/227/ 228/228/
f 256/256/ 255/255/ 228/228/
f 257/257/ 202/202/ 205/205/
f 258/258/ 257/257/ 205/205/
f 248/248/ 221/221/ 224/224/
f 251/251/ 248/248/ 224/224/
f 259/259/ 229/229/ 230/230/
f 260/260/ 259/259/ 230/230/
f 261/261/ 206/206/ 209/209/
f 262/262/ 261/261/ 209/209/
f 252/252/ 225/225/ 227/227/
f 255/255/ 252/252/ 227/227/
f 263/263/ 210/210/ 213/213/
f 234/234/ 263/263/ 213/213/
f 256/256/ 228/228/ 229/229/
f 259/259/ 256/256/ 229/229/
f 235/235/ 214/214/ 216/216/
f 238/238/ 235/235/ 216/216/
f 260/260/ 230/230/ 231/231/
f 264/264/ 260/260/ 231/231/
f 237/237/ 215/215/ 217/217/
f 240/240/ 237/237/ 217/217/
f 250/250/ 223/223/ 226/226/
f 253/253/ 250/250/ 226/226/
f 239/239/ 199/199/ 200/200/
f 244/244/ 239/239/ 200/200/
f 254/254/ 201/201/ 202/202/
f 257/257/ 254/254/ 202/202/
f 241/241/ 203/203/ 204/204/
f 246/246/ 241/241/ 204/204/
f 258/258/ 205/205/ 206/206/
f 261/261/ 258/258/ 206/206/
f 245/245/ 207/207/ 208/208/
f 236/236/ 245/245/ 208/208/
f 262/262/ 209/209/ 210/210/
f 263/263/ 262/262/ 210/210/
f 265/265/ 247/247/ 248/248/
f 266/266/ 265/265/ 248/248/
f 267/267/ 249/249/ 250/250/
f 268/268/ 267/267/ 250/250/
f 269/269/ 233/233/ 242/242/
f 270/270/ 269/269/ 242/242/
f 271/271/ 251/251/ 252/252/
f 272/272/ 271/271/ 252/252/
f 273/273/ 253/253/ 254/254/
f 274/274/ 273/273/ 254/254/
f 275/275/ 243/243/ 247/247/
f 265/265/ 275/275/ 247/247/
f 276/276/ 255/255/ 256/256/
f 277/277/ 276/276/ 256/256/
f 278/278/ 257/257/ 258/258/
f 279/279/ 278/278/ 258/258/
f 266/266/ 248/248/ 251/251/
f 271/271/ 266/266/ 251/251/
f 280/280/ 259/259/ 260/260/
f 281/281/ 280/280/ 260/260/
f 282/282/ 261/261/ 262/262/
f 283/283/ 282/282/ 262/262/
f 272/272/ 252/252/ 255/255/
f 276/276/ 272/272/ 255/255/
f 284/284/ 263/263/ 234/234/
f 285/285/ 284/284/ 234/234/
f 277/277/ 256/256/ 259/259/
f 280/280/ 277/277/ 259/259/
f 286/286/ 235/235/ 238/238/
f 287/287/ 286/286/ 238/238/
f 281/281/ 260/260/ 264/264/
f 288/288/ 281/281/ 264/264/
f 289/289/ 237/237/ 240/240/
f 290/290/ 289/289/ 240/240/
f 268/268/ 250/250/ 253/253/
f 273/273/ 268/268/ 253/253/
f 291/291/ 239/239/ 244/244/
f 292/292/ 291/291/ 244/244/
f 274/274/ 254/254/ 257/257/
f 278/278/ 274/274/ 257/257/
f 293/293/ 241/241/ 246/246/
f 294/294/ 293/293/ 246/246/
f 279/279/ 258/258/ 261/261/
f 282/282/ 279/279/ 261/261/
f 295/295/ 245/245/ 236/236/
f 296/296/ 295/295/ 236/236/
f 283/283/ 262/262/ 263/263/
f 284/284/ 283/283/ 263/263/
f 297/297/ 232/232/ 233/233/
f 269/269/ 297/297/ 233/233/
f 285/285/ 234/234/ 235/235/
f 286/286/ 285/285/ 235/235/
f 296/296/ 236/236/ 237/237/
f 289/289/ 296/296/ 237/237/
f 287/287/ 238/238/ 239/239/
f 291/291/ 287/287/ 239/239/
f 290/290/ 240/240/ 241/241/
f 293/293/ 290/290/ 241/241/
f 270/270/ 242/242/ 243/243/
f 275/275/ 270/270/ 243/243/
f 292/292/ 244/244/ 245/245/
f 295/295/ 292/292/ 245/245/
f 294/294/ 246/246/ 232/232/
f 297/297/ 294/294/ 232/232/
f 298/298/ 267/267/ 268/268/
f 299/299/ 298/298/ 268/268/
f 300/300/ 271/271/ 272/272/
f 301/301/ 300/300/ 272/272/
f 301/301/ 272/272/ 276/276/
f 302/302/ 301/301/ 276/276/
f 303/303/ 273/273/ 274/274/
f 304/304/ 303/303/ 274/274/
f 302/302/ 276/276/ 277/277/
f 305/305/ 302/302/ 277/277/
f 306/306/ 278/278/ 279/279/
f 307/307/ 306/306/ 279/279/
f 308/308/ 280/280/ 281/281/
f 309/309/ 308/308/ 281/281/
f 310/310/ 282/282/ 283/283/
f 311/311/ 310/310/ 283/283/
f 312/312/ 284/284/ 285/285/
f 313/313/ 312/312/ 285/285/
f 305/305/ 277/277/ 280/280/
f 308/308/ 305/305/ 280/280/
f 314/314/ 286/286/ 287/287/
f 315/315/ 314/314/ 287/287/
f 309/309/ 281/281/ 288/288/
f 316/316/ 309/309/ 288/288/
f 317/317/ 289/289/ 290/290/
f 318/318/ 317/317/ 290/290/
f 299/299/ 268/268/ 273/273/
f 303/303/ 299/299/ 273/273/
f 319/319/ 291/291/ 292/292/
f 320/320/ 319/319/ 292/292/
f 304/304/ 274/274/ 278/278/
f 306/306/ 304/304/ 278/278/
f 321/321/ 293/293/ 294/294/
f 322/322/ 321/321/ 294/294/
f 307/307/ 279/279/ 282/282/
f 310/310/ 307/307/ 282/282/
f 323/323/ 295/295/ 296/296/
f 324/324/ 323/323/ 296/296/
f 318/318/ 290/290/ 293/293/
f 321/321/ 318/318/ 293/293/
f 311/311/ 283/283/ 284/284/
f 312/312/ 311/311/ 284/284/
f 325/325/ 297/297/ 269/269/
f 326/326/ 325/325/ 269/269/
f 322/322/ 294/294/ 297/297/
f 325/325/ 322/322/ 297/297/
f 313/313/ 285/285/ 286/286/
f 314/314/ 313/313/ 286/286/
f 324/324/ 296/296/ 289/289/
f 317/317/ 324/324/ 289/289/
f 326/326/ 269/269/ 270/270/
f 327/327/ 326/326/ 270/270/
f 315/315/ 287/287/ 291/291/
f 319/319/ 315/315/ 291/291/
f 327/327/ 270/270/ 275/275/
f 328/328/ 327/327/ 275/275/
f 328/328/ 275/275/ 265/265/
f 329/329/ 328/328/ 265/265/
f 320/320/ 292/292/ 295/295/
f 323/323/ 320/320/ 295/295/
f 329/329/ 265/265/ 266/266/
f 330/330/ 329/329/ 266/266/
f 330/330/ 266/266/ 271/271/
f 300/300/ 330/330/ 271/271/
f 331/331/ 310/310/ 311/311/
f 332/332/ 331/331/ 311/311/
f 333/333/ 301/301/ 302/302/
f 334/334/ 333/333/ 302/302/
f 335/335/ 312/312/ 313/313/
f 336/336/ 335/335/ 313/313/
f 337/337/ 305/305/ 308/308/
f 338/338/ 337/337/ 308/308/
f 339/339/ 314/314/ 315/315/
f 340/340/ 339/339/ 315/315/
f 341/341/ 309/309/ 316/316/
f 342/342/ 341/341/ 316/316/
f 343/343/ 317/317/ 318/318/
f 344/344/ 343/343/ 318/318/
f 345/345/ 299/299/ 303/303/
f 346/346/ 345/345/ 303/303/
f 347/347/ 319/319/ 320/320/
f 348/348/ 347/347/ 320/320/
f 349/349/ 304/304/ 306/306/
f 350/350/ 349/349/ 306/306/
f 351/351/ 321/321/ 322/322/
f 352/352/ 351/351/ 322/322/
f 353/353/ 307/307/ 310/310/
f 331/331/ 353/353/ 310/310/
f 354/354/ 323/323/ 324/324/
f 355/355/ 354/354/ 324/324/
f 332/332/ 311/311/ 312/312/
f 335/335/ 332/332/ 312/312/
f 356/356/ 325/325/ 326/326/
f 357/357/ 356/356/ 326/326/
f 336/336/ 313/313/ 314/314/
f 339/339/ 336/336/ 314/314/
f 355/355/ 324/324/ 317/317/
f 343/343/ 355/355/ 317/317/
f 340/340/ 315/315/ 319/319/
f 347/347/ 340/340/ 319/319/
f 344/344/ 318/318/ 321/321/
f 351/351/ 344/344/ 321/321/
f 358/358/ 327/327/ 328/328/
f 359/359/ 358/358/ 328/328/
f 348/348/ 320/320/ 323/323/
f 354/354/ 348/348/ 323/323/
f 352/352/ 322/322/ 325/325/
f 356/356/ 352/352/ 325/325/
f 360/360/ 329/329/ 330/330/
f 361/361/ 360/360/ 330/330/
f 362/362/ 298/298/ 299/299/
f 345/345/ 362/362/ 299/299/
f 357/357/ 326/326/ 327/327/
f 358/358/ 357/357/ 327/327/
f 363/363/ 300/300/ 301/301/
f 333/333/ 363/363/ 301/301/
f 346/346/ 303/303/ 304/304/
f 349/349/ 346/346/ 304/304/
f 359/359/ 328/328/ 329/329/
f 360/360/ 359/359/ 329/329/
f 334/334/ 302/302/ 305/305/
f 337/337/ 334/334/ 305/305/
f 350/350/ 306/306/ 307/307/
f 353/353/ 350/350/ 307/307/
f 361/361/ 330/330/ 300/300/
f 363/363/ 361/361/ 300/300/
f 338/338/ 308/308/ 309/309/
f 341/341/ 338/338/ 309/309/
f 364/364/ 343/343/ 344/344/
f 365/365/ 364/364/ 344/344/
f 366/366/ 345/345/ 346/346/
f 367/367/ 366/366/ 346/346/
f 368/368/ 347/347/ 348/348/
f 369/369/ 368/368/ 348/348/
f 370/370/ 349/349/ 350/350/
f 371/371/ 370/370/ 350/350/
f 372/372/ 351/351/ 352/352/
f 373/373/ 372/372/ 352/352/
f 374/374/ 353/353/ 331/331/
f 375/375/ 374/374/ 331/331/
f 376/376/ 354/354/ 355/355/
f 377/377/ 376/376/ 355/355/
f 378/378/ 332/332/ 335/335/
f 379/379/ 378/378/ 335/335/
f 380/380/ 356/356/ 357/357/
f 381/381/ 380/380/ 357/357/
f 382/382/ 336/336/ 339/339/
f 383/383/ 382/382/ 339/339/
f 377/377/ 355/355/ 343/343/
f 364/364/ 377/377/ 343/343/
f 384/384/ 340/340/ 347/347/
f 368/368/ 384/384/ 347/347/
f 365/365/ 344/344/ 351/351/
f 372/372/ 365/365/ 351/351/
f 385/385/ 358/358/ 359/359/
f 386/386/ 385/385/ 359/359/
f 369/369/ 348/348/ 354/354/
f 376/376/ 369/369/ 354/354/
f 373/373/ 352/352/ 356/356/
f 380/380/ 373/373/ 356/356/
f 387/387/ 360/360/ 361/361/
f 388/388/ 387/387/ 361/361/
f 389/389/ 362/362/ 345/345/
f 366/366/ 389/389/ 345/345/
f 381/381/ 357/357/ 358/358/
f 385/385/ 381/381/ 358/358/
f 390/390/ 363/363/ 333/333/
f 391/391/ 390/390/ 333/333/
f 367/367/ 346/346/ 349/349/
f 370/370/ 367/367/ 349/349/
f 386/386/ 359/359/ 360/360/
f 387/387/ 386/386/ 360/360/
f 392/392/ 334/334/ 337/337/
f 393/393/ 392/392/ 337/337/
f 371/371/ 350/350/ 353/353/
f 374/374/ 371/371/ 353/353/
f 388/388/ 361/361/ 363/363/
f 390/390/ 388/388/ 363/363/
f 394/394/ 338/338/ 341/341/
f 395/395/ 394/394/ 341/341/
f 375/375/ 331/331/ 332/332/
f 378/378/ 375/375/ 332/332/
f 391/391/ 333/333/ 334/334/
f 392/392/ 391/391/ 334/334/
f 379/379/ 335/335/ 336/336/
f 382/382/ 379/379/ 336/336/
f 393/393/ 337/337/ 338/338/
f 394/394/ 393/393/ 338/338/
f 383/383/ 339/339/ 340/340/
f 384/384/ 383/383/ 340/340/
f 395/395/ 341/341/ 342/342/
f 396/396/ 395/395/ 342/342/
f 397/397/ 376/376/ 377/377/
f 398/398/ 397/397/ 377/377/
f 399/399/ 378/378/ 379/379/
f 400/400/ 399/399/ 379/379/
f 401/401/ 380/380/ 381/381/
f 402/402/ 401/401/ 381/381/
f 403/403/ 382/382/ 383/383/
f 404/404/ 403/403/ 383/383/
f 398/398/ 377/377/ 364/364/
f 405/405/ 398/398/ 364/364/
f 406/406/ 384/384/ 368/368/
f 407/407/ 406/406/ 368/368/
f 408/408/ 365/365/ 372/372/
f 409/409/ 408/408/ 372/372/
f 410/410/ 385/385/ 386/386/
f 411/411/ 410/410/ 386/386/
f 412/412/ 369/369/ 376/376/
f 397/397/ 412/412/ 376/376/
f 413/413/ 373/373/ 380/380/
f 401/401/ 413/413/ 380/380/
f 414/414/ 387/387/ 388/388/
f 415/415/ 414/414/ 388/388/
f 416/416/ 389/389/ 366/366/
f 417/417/ 416/416/ 366/366/
f 402/402/ 381/381/ 385/385/
f 410/410/ 402/402/ 385/385/
f 418/418/ 390/390/ 391/391/
f 419/419/ 418/418/ 391/391/
f 420/420/ 367/367/ 370/370/
f 421/421/ 420/420/ 370/370/
f 411/411/ 386/386/ 387/387/
f 414/414/ 411/411/ 387/387/
f 422/422/ 392/392/ 393/393/
f 423/423/ 422/422/ 393/393/
f 424/424/ 371/371/ 374/374/
f 425/425/ 424/424/ 374/374/
f 415/415/ 388/388/ 390/390/
f 418/418/ 415/415/ 390/390/
f 426/426/ 394/394/ 395/395/
f 427/427/ 426/426/ 395/395/
f 428/428/ 375/375/ 378/378/
f 399/399/ 428/428/ 378/378/
f 419/419/ 391/391/ 392/392/
f 422/422/ 419/419/ 392/392/
f 400/400/ 379/379/ 382/382/
f 403/403/ 400/400/ 382/382/
f 423/423/ 393/393/ 394/394/
f 426/426/ 423/423/ 394/394/
f 404/404/ 383/383/ 384/384/
f 406/406/ 404/404/ 384/384/
f 427/427/ 395/395/ 396/396/
f 429/429/ 427/427/ 396/396/
f 405/405/ 364/364/ 365/365/
f 408/408/ 405/405/ 365/365/
f 417/417/ 366/366/ 367/367/
f 420/420/ 417/417/ 367/367/
f 407/407/ 368/368/ 369/369/
f 412/412/ 407/407/ 369/369/
f 421/421/ 370/370/ 371/371/
f 424/424/ 421/421/ 371/371/
f 409/409/ 372/372/ 373/373/
f 413/413/ 409/409/ 373/373/
f 425/425/ 374/374/ 375/375/
f 428/428/ 425/425/ 375/375/
f 430/430/ 410/410/ 411/411/
f 431/431/ 430/430/ 411/411/
f 432/432/ 412/412/ 397/397/
f 433/433/ 432/432/ 397/397/
f 434/434/ 413/413/ 401/401/
f 435/435/ 434/434/ 401/401/
f 436/436/ 414/414/ 415/415/
f 437/437/ 436/436/ 415/415/
f 438/438/ 416/416/ 417/417/
f 439/439/ 438/438/ 417/417/
f 440/440/ 402/402/ 410/410/
f 430/430/ 440/440/ 410/410/
f 441/441/ 418/418/ 419/419/
f 442/442/ 441/441/ 419/419/
f 443/443/ 420/420/ 421/421/
f 444/444/ 443/443/ 421/421/
f 431/431/ 411/411/ 414/414/
f 436/436/ 431/431/ 414/414/
f 445/445/ 422/422/ 423/423/
f 446/446/ 445/445/ 423/423/
f 447/447/ 424/424/ 425/425/
f 448/448/ 447/447/ 425/425/
f 437/437/ 415/415/ 418/418/
f 441/441/ 437/437/ 418/418/
f 449/449/ 426/426/ 427/427/
f 450/450/ 449/449/ 427/427/
f 451/451/ 428/428/ 399/399/
f 452/452/ 451/451/ 399/399/
f 442/442/ 419/419/ 422/422/
f 445/445/ 442/442/ 422/422/
f 453/453/ 400/400/ 403/403/
f 454/454/ 453/453/ 403/403/
f 446/446/ 423/423/ 426/426/
f 449/449/ 446/446/ 426/426/
f 455/455/ 404/404/ 406/406/
f 456/456/ 455/455/ 406/406/
f 450/450/ 427/427/ 429/429/
f 457/457/ 450/450/ 429/429/
f 458/458/ 405/405/ 408/408/
f 459/459/ 458/458/ 408/408/
f 439/439/ 417/417/ 420/420/
f 443/443/ 439/439/ 420/420/
f 460/460/ 407/407/ 412/412/
f 432/432/ 460/460/ 412/412/
f 444/444/ 421/421/ 424/424/
f 447/447/ 444/444/ 424/424/
f 461/461/ 409/409/ 413/413/
f 434/434/ 461/461/ 413/413/
f 448/448/ 425/425/ 428/428/
f 451/451/ 448/448/ 428/428/
f 433/433/ 397/397/ 398/398/
f 462/462/ 433/433/ 398/398/
f 452/452/ 399/399/ 400/400/
f 453/453/ 452/452/ 400/400/
f 435/435/ 401/401/ 402/402/
f 440/440/ 435/435/ 402/402/
f 454/454/ 403/403/ 404/404/
f 455/455/ 454/454/ 404/404/
f 462/462/ 398/398/ 405/405/
f 458/458/ 462/462/ 405/405/
f 456/456/ 406/406/ 407/407/
f 460/460/ 456/456/ 407/407/
f 459/459/ 408/408/ 409/409/
f 461/461/ 459/459/ 409/409/
f 463/463/ 445/445/ 446/446/
f 464/464/ 463/463/ 446/446/
f 465/465/ 447/447/ 448/448/
f 466/466/ 465/465/ 448/448/
f 467/467/ 437/437/ 441/441/
f 468/468/ 467/467/ 441/441/
f 469/469/ 449/449/ 450/450/
f 470/470/ 469/469/ 450/450/
f 471/471/ 451/451/ 452/452/
f 472/472/ 471/471/ 452/452/
f 473/473/ 442/442/ 445/445/
f 463/463/ 473/473/ 445/445/
f 474/474/ 453/453/ 454/454/
f 475/475/ 474/474/ 454/454/
f 464/464/ 446/446/ 449/449/
f 469/469/ 464/464/ 449/449/
f 476/476/ 455/455/ 456/456/
f 477/477/ 476/476/ 456/456/
f 470/470/ 450/450/ 457/457/
f 478/478/ 470/470/ 457/457/
f 479/479/ 458/458/ 459/459/
f 480/480/ 479/479/ 459/459/
f 481/481/ 439/439/ 443/443/
f 482/482/ 481/481/ 443/443/
f 483/483/ 460/460/ 432/432/
f 484/484/ 483/483/ 432/432/
f 485/485/ 444/444/ 447/447/
f 465/465/ 485/485/ 447/447/
f 486/486/ 461/461/ 434/434/
f 487/487/ 486/486/ 434/434/
f 466/466/ 448/448/ 451/451/
f 471/471/ 466/466/ 451/451/
f 488/488/ 433/433/ 462/462/
f 489/489/ 488/488/ 462/462/
f 472/472/ 452/452/ 453/453/
f 474/474/ 472/472/ 453/453/
f 490/490/ 435/435/ 440/440/
f 491/491/ 490/490/ 440/440/
f 475/475/ 454/454/ 455/455/
f 476/476/ 475/475/ 455/455/
f 489/489/ 462/462/ 458/458/
f 479/479/ 489/489/ 458/458/
f 477/477/ 456/456/ 460/460/
f 483/483/ 477/477/ 460/460/
f 480/480/ 459/459/ 461/461/
f 486/486/ 480/480/ 461/461/
f 492/492/ 430/430/ 431/431/
f 493/493/ 492/492/ 431/431/
f 484/484/ 432/432/ 433/433/
f 488/488/ 484/484/ 433/433/
f 487/487/ 434/434/ 435/435/
f 490/490/ 487/487/ 435/435/
f 494/494/ 436/436/ 437/437/
f 467/467/ 494/494/ 437/437/
f 495/495/ 438/438/ 439/439/
f 481/481/ 495/495/ 439/439/
f 491/491/ 440/440/ 430/430/
f 492/492/ 491/491/ 430/430/
f 468/468/ 441/441/ 442/442/
f 473/473/ 468/468/ 442/442/
f 482/482/ 443/443/ 444/444/
f 485/485/ 482/482/ 444/444/
f 493/493/ 431/431/ 436/436/
f 494/494/ 493/493/ 436/436/
f 496/496/ 476/476/ 477/477/
f 497/497/ 496/496/ 477/477/
f 498/498/ 470/470/ 478/478/
f 499/499/ 498/498/ 478/478/
f 500/500/ 479/479/ 480/480/
f 501/501/ 500/500/ 480/480/
f 502/502/ 481/481/ 482/482/
f 503/503/ 502/502/ 482/482/
f 504/504/ 483/483/ 484/484/
f 505/505/ 504/504/ 484/484/
f 506/506/ 485/485/ 465/465/
f 507/507/ 506/506/ 465/465/
f 508/508/ 486/486/ 487/487/
f 509/509/ 508/508/ 487/487/
f 510/510/ 466/466/ 471/471/
f 511/511/ 510/510/ 471/471/
f 512/512/ 488/488/ 489/489/
f 513/513/ 512/512/ 489/489/
f 514/514/ 472/472/ 474/474/
f 515/515/ 514/514/ 474/474/
f 516/516/ 490/490/ 491/491/
f 517/517/ 516/516/ 491/491/
f 518/518/ 475/475/ 476/476/
f 496/496/ 518/518/ 476/476/
f 513/513/ 489/489/ 479/479/
f 500/500/ 513/513/ 479/479/
f 497/497/ 477/477/ 483/483/
f 504/504/ 497/497/ 483/483/
f 501/501/ 480/480/ 486/486/
f 508/508/ 501/501/ 486/486/
f 519/519/ 492/492/ 493/493/
f 520/520/ 519/519/ 493/493/
f 505/505/ 484/484/ 488/488/
f 512/512/ 505/505/ 488/488/
f 509/509/ 487/487/ 490/490/
f 516/516/ 509/509/ 490/490/
f 521/521/ 494/494/ 467/467/
f 522/522/ 521/521/ 467/467/
f 523/523/ 495/495/ 481/481/
f 502/502/ 523/523/ 481/481/
f 517/517/ 491/491/ 492/492/
f 519/519/ 517/517/ 492/492/
f 524/524/ 468/468/ 473/473/
f 525/525/ 524/524/ 473/473/
f 503/503/ 482/482/ 485/485/
f 506/506/ 503/503/ 485/485/
f 520/520/ 493/493/ 494/494/
f 521/521/ 520/520/ 494/494/
f 526/526/ 463/463/ 464/464/
f 527/527/ 526/526/ 464/464/
f 507/507/ 465/465/ 466/466/
f 510/510/ 507/507/ 466/466/
f 522/522/ 467/467/ 468/468/
f 524/524/ 522/522/ 468/468/
f 528/528/ 469/469/ 470/470/
f 498/498/ 528/528/ 470/470/
f 511/511/ 471/471/ 472/472/
f 514/514/ 511/511/ 472/472/
f 525/525/ 473/473/ 463/463/
f 526/526/ 525/525/ 463/463/
f 515/515/ 474/474/ 475/475/
f 518/518/ 515/515/ 475/475/
f 527/527/ 464/464/ 469/469/
f 528/528/ 527/527/ 469/469/
f 529/529/ 508/508/ 509/509/
f 530/530/ 529/529/ 509/509/
f 531/531/ 510/510/ 511/511/
f 532/532/ 531/531/ 511/511/
f 533/533/ 512/512/ 513/513/
f 534/534/ 533/533/ 513/513/
f 535/535/ 514/514/ 515/515/
f 536/536/ 535/535/ 515/515/
f 537/537/ 516/516/ 517/517/
f 538/538/ 537/537/ 517/517/
f 539/539/ 518/518/ 496/496/
f 540/540/ 539/539/ 496/496/
f 534/534/ 513/513/ 500/500/
f 541/541/ 534/534/ 500/500/
f 542/542/ 497/497/ 504/504/
f 543/543/ 542/542/ 504/504/
f 544/544/ 501/501/ 508/508/
f 529/529/ 544/544/ 508/508/
f 545/545/ 519/519/ 520/520/
f 546/546/ 545/545/ 520/520/
f 547/547/ 505/505/ 512/512/
f 533/533/ 547/547/ 512/512/
f 530/530/ 509/509/ 516/516/
f 537/537/ 530/530/ 516/516/
f 548/548/ 521/521/ 522/522/
f 549/549/ 548/548/ 522/522/
f 550/550/ 523/523/ 502/502/
f 551/551/ 550/550/ 502/502/
f 538/538/ 517/517/ 519/519/
f 545/545/ 538/538/ 519/519/
f 552/552/ 524/524/ 525/525/
f 553/553/ 552/552/ 525/525/
f 554/554/ 503/503/ 506/506/
f 555/555/ 554/554/ 506/506/
f 546/546/ 520/520/ 521/521/
f 548/548/ 546/546/ 521/521/
f 556/556/ 526/526/ 527/527/
f 557/557/ 556/556/ 527/527/
f 558/558/ 507/507/ 510/510/
f 531/531/ 558/558/ 510/510/
f 549/549/ 522/522/ 524/524/
f 552/552/ 549/549/ 524/524/
f 559/559/ 528/528/ 498/498/
f 560/560/ 559/559/ 498/498/
f 532/532/ 511/511/ 514/514/
f 535/535/ 532/532/ 514/514/
f 553/553/ 525/525/ 526/526/
f 556/556/ 553/553/ 526/526/
f 536/536/ 515/515/ 518/518/
f 539/539/ 536/536/ 518/518/
f 557/557/ 527/527/ 528/528/
f 559/559/ 557/557/ 528/528/
f 540/540/ 496/496/ 497/497/
f 542/542/ 540/540/ 497/497/
f 560/560/ 498/498/ 499/499/
f 561/561/ 560/560/ 499/499/
f 541/541/ 500/500/ 501/501/
f 544/544/ 541/541/ 501/501/
f 551/551/ 502/502/ 503/503/
f 554/554/ 551/551/ 503/503/
f 543/543/ 504/504/ 505/505/
f 547/547/ 543/543/ 505/505/
f 555/555/ 506/506/ 507/507/
f 558/558/ 555/555/ 507/507/
f 562/562/ 534/534/ 541/541/
f 563/563/ 562/562/ 541/541/
f 564/564/ 542/542/ 543/543/
f 565/565/ 564/564/ 543/543/
f 566/566/ 544/544/ 529/529/
f 567/567/ 566/566/ 529/529/
f 568/568/ 545/545/ 546/546/
f 569/569/ 568/568/ 546/546/
f 570/570/ 547/547/ 533/533/
f 571/571/ 570/570/ 533/533/
f 572/572/ 530/530/ 537/537/
f 573/573/ 572/572/ 537/537/
f 574/574/ 548/548/ 549/549/
f 575/575/ 574/574/ 549/549/
f 576/576/ 550/550/ 551/551/
f 577/577/ 576/576/ 551/551/
f 578/578/ 538/538/ 545/545/
f 568/568/ 578/578/ 545/545/
f 579/579/ 552/552/ 553/553/
f 580/580/ 579/579/ 553/553/
f 581/581/ 554/554/ 555/555/
f 582/582/ 581/581/ 555/555/
f 569/569/ 546/546/ 548/548/
f 574/574/ 569/569/ 548/548/
f 583/583/ 556/556/ 557/557/
f 584/584/ 583/583/ 557/557/
f 585/585/ 558/558/ 531/531/
f 586/586/ 585/585/ 531/531/
f 575/575/ 549/549/ 552/552/
f 579/579/ 575/575/ 552/552/
f 587/587/ 559/559/ 560/560/
f 588/588/ 587/587/ 560/560/
f 589/589/ 532/532/ 535/535/
f 590/590/ 589/589/ 535/535/
f 580/580/ 553/553/ 556/556/
f 583/583/ 580/580/ 556/556/
f 591/591/ 536/536/ 539/539/
f 592/592/ 591/591/ 539/539/
f 584/584/ 557/557/ 559/559/
f 587/587/ 584/584/ 559/559/
f 593/593/ 540/540/ 542/542/
f 564/564/ 593/593/ 542/542/
f 588/588/ 560/560/ 561/561/
f 594/594/ 588/588/ 561/561/
f 563/563/ 541/541/ 544/544/
f 566/566/ 563/563/ 544/544/
f 577/577/ 551/551/ 554/554/
f 581/581/ 577/577/ 554/554/
f 565/565/ 543/543/ 547/547/
f 570/570/ 565/565/ 547/547/
f 582/582/ 555/555/ 558/558/
f 585/585/ 582/582/ 558/558/
f 567/567/ 529/529/ 530/530/
f 572/572/ 567/567/ 530/530/
f 586/586/ 531/531/ 532/532/
f 589/589/ 586/586/ 532/532/
f 571/571/ 533/533/ 534/534/
f 562/562/ 571/571/ 534/534/
f 590/590/ 535/535/ 536/536/
f 591/591/ 590/590/ 536/536/
f 573/573/ 537/537/ 538/538/
f 578/578/ 573/573/ 538/538/
f 592/592/ 539/539/ 540/540/
f 593/593/ 592/592/ 540/540/
f 595/595/ 578/578/ 568/568/
f 596/596/ 595/595/ 568/568/
f 597/597/ 579/579/ 580/580/
f 598/598/ 597/597/ 580/580/
f 599/599/ 581/581/ 582/582/
f 600/600/ 599/599/ 582/582/
f 601/601/ 569/569/ 574/574/
f 602/602/ 601/601/ 574/574/
f 603/603/ 583/583/ 584/584/
f 604/604/ 603/603/ 584/584/
f 605/605/ 585/585/ 586/586/
f 606/606/ 605/605/ 586/586/
f 607/607/ 575/575/ 579/579/
f 597/597/ 607/607/ 579/579/
f 608/608/ 587/587/ 588/588/
f 609/609/ 608/608/ 588/588/
f 610/610/ 589/589/ 590/590/
f 611/611/ 610/610/ 590/590/
f 598/598/ 580/580/ 583/583/
f 603/603/ 598/598/ 583/583/
f 612/612/ 591/591/ 592/592/
f 613/613/ 612/612/ 592/592/
f 604/604/ 584/584/ 587/587/
f 608/608/ 604/604/ 587/587/
f 614/614/ 593/593/ 564/564/
f 615/615/ 614/614/ 564/564/
f 609/609/ 588/588/ 594/594/
f 616/616/ 609/609/ 594/594/
f 617/617/ 563/563/ 566/566/
f 618/618/ 617/617/ 566/566/
f 619/619/ 577/577/ 581/581/
f 599/599/ 619/619/ 581/581/
f 620/620/ 565/565/ 570/570/
f 621/621/ 620/620/ 570/570/
f 600/600/ 582/582/ 585/585/
f 605/605/ 600/600/ 585/585/
f 622/622/ 567/567/ 572/572/
f 623/623/ 622/622/ 572/572/
f 606/606/ 586/586/ 589/589/
f 610/610/ 606/606/ 589/589/
f 624/624/ 571/571/ 562/562/
f 625/625/ 624/624/ 562/562/
f 611/611/ 590/590/ 591/591/
f 612/612/ 611/611/ 591/591/
f 626/626/ 573/573/ 578/578/
f 595/595/ 626/626/ 578/578/
f 613/613/ 592/592/ 593/593/
f 614/614/ 613/613/ 593/593/
f 625/625/ 562/562/ 563/563/
f 617/617/ 625/625/ 563/563/
f 615/615/ 564/564/ 565/565/
f 620/620/ 615/615/ 565/565/
f 618/618/ 566/566/ 567/567/
f 622/622/ 618/618/ 567/567/
f 596/596/ 568/568/ 569/569/
f 601/601/ 596/596/ 569/569/
f 621/621/ 570/570/ 571/571/
f 624/624/ 621/621/ 571/571/
f 623/623/ 572/572/ 573/573/
f 626/626/ 623/623/ 573/573/
f 602/602/ 574/574/ 575/575/
f 607/607/ 602/602/ 575/575/
f 627/627/ 576/576/ 577/577/
f 619/619/ 627/627/ 577/577/
f 628/628/ 598/598/ 603/603/
f 629/629/ 628/628/ 603/603/
f 630/630/ 612/612/ 613/613/
f 631/631/ 630/630/ 613/613/
f 632/632/ 604/604/ 608/608/
f 633/633/ 632/632/ 608/608/
f 634/634/ 614/614/ 615/615/
f 635/635/ 634/634/ 615/615/
f 636/636/ 609/609/ 616/616/
f 637/637/ 636/636/ 616/616/
f 638/638/ 617/617/ 618/618/
f 639/639/ 638/638/ 618/618/
f 640/640/ 619/619/ 599/599/
f 641/641/ 640/640/ 599/599/
f 642/642/ 620/620/ 621/621/
f 643/643/ 642/642/ 621/621/
f 644/644/ 600/600/ 605/605/
f 645/645/ 644/644/ 605/605/
f 646/646/ 622/622/ 623/623/
f 647/647/ 646/646/ 623/623/
f 648/648/ 606/606/ 610/610/
f 649/649/ 648/648/ 610/610/
f 650/650/ 624/624/ 625/625/
f 651/651/ 650/650/ 625/625/
f 652/652/ 611/611/ 612/612/
f 630/630/ 652/652/ 612/612/
f 653/653/ 626/626/ 595/595/
f 654/654/ 653/653/ 595/595/
f 631/631/ 613/613/ 614/614/
f 634/634/ 631/631/ 614/614/
f 651/651/ 625/625/ 617/617/
f 638/638/ 651/651/ 617/617/
f 635/635/ 615/615/ 620/620/
f 642/642/ 635/635/ 620/620/
f 639/639/ 618/618/ 622/622/
f 646/646/ 639/639/ 622/622/
f 655/655/ 596/596/ 601/601/
f 656/656/ 655/655/ 601/601/
f 643/643/ 621/621/ 624/624/
f 650/650/ 643/643/ 624/624/
f 647/647/ 623/623/ 626/626/
f 653/653/ 647/647/ 626/626/
f 657/657/ 602/602/ 607/607/
f 658/658/ 657/657/ 607/607/
f 659/659/ 627/627/ 619/619/
f 640/640/ 659/659/ 619/619/
f 654/654/ 595/595/ 596/596/
f 655/655/ 654/654/ 596/596/
f 660/660/ 597/597/ 598/598/
f 628/628/ 660/660/ 598/598/
f 641/641/ 599/599/ 600/600/
f 644/644/ 641/641/ 600/600/
f 656/656/ 601/601/ 602/602/
f 657/657/ 656/656/ 602/602/
f 629/629/ 603/603/ 604/604/
f 632/632/ 629/629/ 604/604/
f 645/645/ 605/605/ 606/606/
f 648/648/ 645/645/ 606/606/
f 658/658/ 607/607/ 597/597/
f 660/660/ 658/658/ 597/597/
f 633/633/ 608/608/ 609/609/
f 636/636/ 633/633/ 609/609/
f 649/649/ 610/610/ 611/611/
f 652/652/ 649/649/ 611/611/
f 661/661/ 640/640/ 641/641/
f 662/662/ 661/661/ 641/641/
f 663/663/ 642/642/ 643/643/
f 664/664/ 663/663/ 643/643/
f 665/665/ 644/644/ 645/645/
f 666/666/ 665/665/ 645/645/
f 667/667/ 646/646/ 647/647/
f 668/668/ 667/667/ 647/647/
f 669/669/ 648/648/ 649/649/
f 670/670/ 669/669/ 649/649/
f 671/671/ 650/650/ 651/651/
f 672/672/ 671/671/ 651/651/
f 673/673/ 652/652/ 630/630/
f 674/674/ 673/673/ 630/630/
f 675/675/ 653/653/ 654/654/
f 676/676/ 675/675/ 654/654/
f 677/677/ 631/631/ 634/634/
f 678/678/ 677/677/ 634/634/
f 672/672/ 651/651/ 638/638/
f 679/679/ 672/672/ 638/638/
f 680/680/ 635/635/ 642/642/
f 663/663/ 680/680/ 642/642/
f 681/681/ 639/639/ 646/646/
f 667/667/ 681/681/ 646/646/
f 682/682/ 655/655/ 656/656/
f 683/683/ 682/682/ 656/656/
f 664/664/ 643/643/ 650/650/
f 671/671/ 664/664/ 650/650/
f 668/668/ 647/647/ 653/653/
f 675/675/ 668/668/ 653/653/
f 684/684/ 657/657/ 658/658/
f 685/685/ 684/684/ 658/658/
f 686/686/ 659/659/ 640/640/
f 661/661/ 686/686/ 640/640/
f 676/676/ 654/654/ 655/655/
f 682/682/ 676/676/ 655/655/
f 687/687/ 660/660/ 628/628/
f 688/688/ 687/687/ 628/628/
f 662/662/ 641/641/ 644/644/
f 665/665/ 662/662/ 644/644/
f 683/683/ 656/656/ 657/657/
f 684/684/ 683/683/ 657/657/
f 689/689/ 629/629/ 632/632/
f 690/690/ 689/689/ 632/632/
f 666/666/ 645/645/ 648/648/
f 669/669/ 666/666/ 648/648/
f 685/685/ 658/658/ 660/660/
f 687/687/ 685/685/ 660/660/
f 691/691/ 633/633/ 636/636/
f 692/692/ 691/691/ 636/636/
f 670/670/ 649/649/ 652/652/
f 673/673/ 670/670/ 652/652/
f 688/688/ 628/628/ 629/629/
f 689/689/ 688/688/ 629/629/
f 674/674/ 630/630/ 631/631/
f 677/677/ 674/674/ 631/631/
f 690/690/ 632/632/ 633/633/
f 691/691/ 690/690/ 633/633/
f 678/678/ 634/634/ 635/635/
f 680/680/ 678/678/ 635/635/
f 692/692/ 636/636/ 637/637/
f 693/693/ 692/692/ 637/637/
f 679/679/ 638/638/ 639/639/
f 681/681/ 679/679/ 639/639/
f 694/694/ 673/673/ 674/674/
f 695/695/ 694/694/ 674/674/
f 696/696/ 675/675/ 676/676/
f 697/697/ 696/696/ 676/676/
f 698/698/ 677/677/ 678/678/
f 699/699/ 698/698/ 678/678/
f 700/700/ 672/672/ 679/679/
f 701/701/ 700/700/ 679/679/
f 702/702/ 680/680/ 663/663/
f 703/703/ 702/702/ 663/663/
f 704/704/ 681/681/ 667/667/
f 705/705/ 704/704/ 667/667/
f 706/706/ 682/682/ 683/683/
f 707/707/ 706/706/ 683/683/
f 708/708/ 664/664/ 671/671/
f 709/709/ 708/708/ 671/671/
f 710/710/ 668/668/ 675/675/
f 696/696/ 710/710/ 675/675/
f 711/711/ 684/684/ 685/685/
f 712/712/ 711/711/ 685/685/
f 713/713/ 686/686/ 661/661/
f 714/714/ 713/713/ 661/661/
f 697/697/ 676/676/ 682/682/
f 706/706/ 697/697/ 682/682/
f 715/715/ 687/687/ 688/688/
f 716/716/ 715/715/ 688/688/
f 717/717/ 662/662/ 665/665/
f 718/718/ 717/717/ 665/665/
f 707/707/ 683/683/ 684/684/
f 711/711/ 707/707/ 684/684/
f 719/719/ 689/689/ 690/690/
f 720/720/ 719/719/ 690/690/
f 721/721/ 666/666/ 669/669/
f 722/722/ 721/721/ 669/669/
f 712/712/ 685/685/ 687/687/
f 715/715/ 712/712/ 687/687/
f 723/723/ 691/691/ 692/692/
f 724/724/ 723/723/ 692/692/
f 725/725/ 670/670/ 673/673/
f 694/694/ 725/725/ 673/673/
f 716/716/ 688/688/ 689/689/
f 719/719/ 716/716/ 689/689/
f 695/695/ 674/674/ 677/677/
f 698/698/ 695/695/ 677/677/
f 720/720/ 690/690/ 691/691/
f 723/723/ 720/720/ 691/691/
f 699/699/ 678/678/ 680/680/
f 702/702/ 699/699/ 680/680/
f 724/724/ 692/692/ 693/693/
f 726/726/ 724/724/ 693/693/
f 701/701/ 679/679/ 681/681/
f 704/704/ 701/701/ 681/681/
f 714/714/ 661/661/ 662/662/
f 717/717/ 714/714/ 662/662/
f 703/703/ 663/663/ 664/664/
f 708/708/ 703/703/ 664/664/
f 718/718/ 665/665/ 666/666/
f 721/721/ 718/718/ 666/666/
f 705/705/ 667/667/ 668/668/
f 710/710/ 705/705/ 668/668/
f 722/722/ 669/669/ 670/670/
f 725/725/ 722/722/ 670/670/
f 709/709/ 671/671/ 672/672/
f 700/700/ 709/709/ 672/672/
f 727/727/ 708/708/ 709/709/
f 728/728/ 727/727/ 709/709/
f 729/729/ 710/710/ 696/696/
f 730/730/ 729/729/ 696/696/
f 731/731/ 711/711/ 712/712/
f 732/732/ 731/731/ 712/712/
f 733/733/ 713/713/ 714/714/
f 734/734/ 733/733/ 714/714/
f 735/735/ 697/697/ 706/706/
f 736/736/ 735/735/ 706/706/
f 737/737/ 715/715/ 716/716/
f 738/738/ 737/737/ 716/716/
f 739/739/ 717/717/ 718/718/
f 740/740/ 739/739/ 718/718/
f 741/741/ 707/707/ 711/711/
f 731/731/ 741/741/ 711/711/
f 742/742/ 719/719/ 720/720/
f 743/743/ 742/742/ 720/720/
f 744/744/ 721/721/ 722/722/
f 745/745/ 744/744/ 722/722/
f 732/732/ 712/712/ 715/715/
f 737/737/ 732/732/ 715/715/
f 746/746/ 723/723/ 724/724/
f 747/747/ 746/746/ 724/724/
f 748/748/ 725/725/ 694/694/
f 749/749/ 748/748/ 694/694/
f 738/738/ 716/716/ 719/719/
f 742/742/ 738/738/ 719/719/
f 750/750/ 695/695/ 698/698/
f 751/751/ 750/750/ 698/698/
f 743/743/ 720/720/ 723/723/
f 746/746/ 743/743/ 723/723/
f 752/752/ 699/699/ 702/702/
f 753/753/ 752/752/ 702/702/
f 747/747/ 724/724/ 726/726/
f 754/754/ 747/747/ 726/726/
f 755/755/ 701/701/ 704/704/
f 756/756/ 755/755/ 704/704/
f 734/734/ 714/714/ 717/717/
f 739/739/ 734/734/ 717/717/
f 757/757/ 703/703/ 708/708/
f 727/727/ 757/757/ 708/708/
f 740/740/ 718/718/ 721/721/
f 744/744/ 740/740/ 721/721/
f 758/758/ 705/705/ 710/710/
f 729/729/ 758/758/ 710/710/
f 745/745/ 722/722/ 725/725/
f 748/748/ 745/745/ 725/725/
f 728/728/ 709/709/ 700/700/
f 759/759/ 728/728/ 700/700/
f 749/749/ 694/694/ 695/695/
f 750/750/ 749/749/ 695/695/
f 730/730/ 696/696/ 697/697/
f 735/735/ 730/730/ 697/697/
f 751/751/ 698/698/ 699/699/
f 752/752/ 751/751/ 699/699/
f 759/759/ 700/700/ 701/701/
f 755/755/ 759/759/ 701/701/
f 753/753/ 702/702/ 703/703/
f 757/757/ 753/753/ 703/703/
f 756/756/ 704/704/ 705/705/
f 758/758/ 756/756/ 705/705/
f 736/736/ 706/706/ 707/707/
f 741/741/ 736/736/ 707/707/
f 760/760/ 744/744/ 745/745/
f 761/761/ 760/760/ 745/745/
f 762/762/ 732/732/ 737/737/
f 763/763/ 762/762/ 737/737/
f 764/764/ 746/746/ 747/747/
f 765/765/ 764/764/ 747/747/
f 766/766/ 748/748/ 749/749/
f 767/767/ 766/766/ 749/749/
f 768/768/ 738/738/ 742/742/
f 769/769/ 768/768/ 742/742/
f 770/770/ 750/750/ 751/751/
f 771/771/ 770/770/ 751/751/
f 772/772/ 743/743/ 746/746/
f 764/764/ 772/772/ 746/746/
f 773/773/ 752/752/ 753/753/
f 774/774/ 773/773/ 753/753/
f 765/765/ 747/747/ 754/754/
f 775/775/ 765/765/ 754/754/
f 776/776/ 755/755/ 756/756/
f 777/777/ 776/776/ 756/756/
f 778/778/ 734/734/ 739/739/
f 779/779/ 778/778/ 739/739/
f 780/780/ 757/757/ 727/727/
f 781/781/ 780/780/ 727/727/
f 782/782/ 740/740/ 744/744/
f 760/760/ 782/782/ 744/744/
f 783/783/ 758/758/ 729/729/
f 784/784/ 783/783/ 729/729/
f 761/761/ 745/745/ 748/748/
f 766/766/ 761/761/ 748/748/
f 785/785/ 728/728/ 759/759/
f 786/786/ 785/785/ 759/759/
f 767/767/ 749/749/ 750/750/
f 770/770/ 767/767/ 750/750/
f 787/787/ 730/730/ 735/735/
f 788/788/ 787/787/ 735/735/
f 771/771/ 751/751/ 752/752/
f 773/773/ 771/771/ 752/752/
f 786/786/ 759/759/ 755/755/
f 776/776/ 786/786/ 755/755/
f 774/774/ 753/753/ 757/757/
f 780/780/ 774/774/ 757/757/
f 777/777/ 756/756/ 758/758/
f 783/783/ 777/777/ 758/758/
f 789/789/ 736/736/ 741/741/
f 790/790/ 789/789/ 741/741/
f 781/781/ 727/727/ 728/728/
f 785/785/ 781/781/ 728/728/
f 784/784/ 729/729/ 730/730/
f 787/787/ 784/784/ 730/730/
f 791/791/ 731/731/ 732/732/
f 762/762/ 791/791/ 732/732/
f 792/792/ 733/733/ 734/734/
f 778/778/ 792/792/ 734/734/
f 788/788/ 735/735/ 736/736/
f 789/789/ 788/788/ 736/736/
f 763/763/ 737/737/ 738/738/
f 768/768/ 763/763/ 738/738/
f 779/779/ 739/739/ 740/740/
f 782/782/ 779/779/ 740/740/
f 790/790/ 741/741/ 731/731/
f 791/791/ 790/790/ 731/731/
f 769/769/ 742/742/ 743/743/
f 772/772/ 769/769/ 743/743/
f 70/70/ 77/77/ 132/132/
f 131/131/ 70/70/ 132/132/
f 793/793/ 794/794/ 795/795/
f 796/796/ 793/793/ 795/795/
f 797/797/ 798/798/ 799/799/
f 800/800/ 797/797/ 799/799/
f 801/801/ 802/802/ 794/794/
f 793/793/ 801/801/ 794/794/
f 803/803/ 804/804/ 798/798/
f 797/797/ 803/803/ 798/798/
f 805/805/ 806/806/ 802/802/
f 801/801/ 805/805/ 802/802/
f 807/807/ 808/808/ 804/804/
f 803/803/ 807/807/ 804/804/
f 809/809/ 810/810/ 806/806/
f 805/805/ 809/809/ 806/806/
f 811/811/ 812/812/ 808/808/
f 807/807/ 811/811/ 808/808/
f 813/813/ 814/814/ 810/810/
f 809/809/ 813/813/ 810/810/
f 815/815/ 816/816/ 812/812/
f 811/811/ 815/815/ 812/812/
f 817/817/ 818/818/ 814/814/
f 813/813/ 817/817/ 814/814/
f 819/819/ 820/820/ 816/816/
f 815/815/ 819/819/ 816/816/
f 821/821/ 822/822/ 818/818/
f 817/817/ 821/821/ 818/818/
f 823/823/ 824/824/ 820/820/
f 819/819/ 823/823/ 820/820/
f 825/825/ 826/826/ 822/822/
f 821/821/ 825/825/ 822/822/
f 827/827/ 828/828/ 824/824/
f 823/823/ 827/827/ 824/824/
f 829/829/ 830/830/ 831/831/
f 832/832/ 829/829/ 831/831/
f 833/833/ 834/834/ 826/826/
f 825/825/ 833/833/ 826/826/
f 835/835/ 836/836/ 828/828/
f 827/827/ 835/835/ 828/828/
f 837/837/ 838/838/ 830/830/
f 829/829/ 837/837/ 830/830/
f 839/839/ 840/840/ 834/834/
f 833/833/ 839/839/ 834/834/
f 841/841/ 842/842/ 836/836/
f 835/835/ 841/841/ 836/836/
f 843/843/ 844/844/ 838/838/
f 837/837/ 843/843/ 838/838/
f 845/845/ 846/846/ 840/840/
f 839/839/ 845/845/ 840/840/
f 847/847/ 848/848/ 842/842/
f 841/841/ 847/847/ 842/842/
f 849/849/ 850/850/ 844/844/
f 843/843/ 849/849/ 844/844/
f 851/851/ 852/852/ 846/846/
f 845/845/ 851/851/ 846/846/
f 853/853/ 854/854/ 848/848/
f 847/847/ 853/853/ 848/848/
f 855/855/ 856/856/ 850/850/
f 849/849/ 855/855/ 850/850/
f 832/832/ 831/831/ 852/852/
f 851/851/ 832/832/ 852/852/
f 796/796/ 795/795/ 854/854/
f 853/853/ 796/796/ 854/854/
f 800/800/ 799/799/ 856/856/
f 855/855/ 800/800/ 856/856/
f 857/857/ 829/829/ 832/832/
f 858/858/ 857/857/ 832/832/
f 859/859/ 833/833/ 825/825/
f 860/860/ 859/859/ 825/825/
f 861/861/ 835/835/ 827/827/
f 862/862/ 861/861/ 827/827/
f 863/863/ 837/837/ 829/829/
f 857/857/ 863/863/ 829/829/
f 864/864/ 839/839/ 833/833/
f 859/859/ 864/864/ 833/833/
f 865/865/ 841/841/ 835/835/
f 861/861/ 865/865/ 835/835/
f 866/866/ 843/843/ 837/837/
f 863/863/ 866/866/ 837/837/
f 867/867/ 845/845/ 839/839/
f 864/864/ 867/867/ 839/839/
f 868/868/ 847/847/ 841/841/
f 865/865/ 868/868/ 841/841/
f 869/869/ 849/849/ 843/843/
f 866/866/ 869/869/ 843/843/
f 870/870/ 851/851/ 845/845/
f 867/867/ 870/870/ 845/845/
f 871/871/ 853/853/ 847/847/
f 868/868/ 871/871/ 847/847/
f 872/872/ 855/855/ 849/849/
f 869/869/ 872/872/ 849/849/
f 858/858/ 832/832/ 851/851/
f 870/870/ 858/858/ 851/851/
f 873/873/ 796/796/ 853/853/
f 871/871/ 873/873/ 853/853/
f 874/874/ 800/800/ 855/855/
f 872/872/ 874/874/ 855/855/
f 875/875/ 793/793/ 796/796/
f 873/873/ 875/875/ 796/796/
f 876/876/ 797/797/ 800/800/
f 874/874/ 876/876/ 800/800/
f 877/877/ 801/801/ 793/793/
f 875/875/ 877/877/ 793/793/
f 878/878/ 803/803/ 797/797/
f 876/876/ 878/878/ 797/797/
f 879/879/ 805/805/ 801/801/
f 877/877/ 879/879/ 801/801/
f 880/880/ 807/807/ 803/803/
f 878/878/ 880/880/ 803/803/
f 881/881/ 809/809/ 805/805/
f 879/879/ 881/881/ 805/805/
f 882/882/ 811/811/ 807/807/
f 880/880/ 882/882/ 807/807/
f 883/883/ 813/813/ 809/809/
f 881/881/ 883/883/ 809/809/
f 884/884/ 815/815/ 811/811/
f 882/882/ 884/884/ 811/811/
f 885/885/ 817/817/ 813/813/
f 883/883/ 885/885/ 813/813/
f 886/886/ 819/819/ 815/815/
f 884/884/ 886/886/ 815/815/
f 887/887/ 821/821/ 817/817/
f 885/885/ 887/887/ 817/817/
f 888/888/ 823/823/ 819/819/
f 886/886/ 888/888/ 819/819/
f 860/860/ 825/825/ 821/821/
f 887/887/ 860/860/ 821/821/
f 862/862/ 827/827/ 823/823/
f 888/888/ 862/862/ 823/823/
f 889/889/ 869/869/ 866/866/
f 890/890/ 889/889/ 866/866/
f 891/891/ 870/870/ 867/867/
f 892/892/ 891/891/ 867/867/
f 893/893/ 871/871/ 868/868/
f 894/894/ 893/893/ 868/868/
f 895/895/ 872/872/ 869/869/
f 889/889/ 895/895/ 869/869/
f 896/896/ 858/858/ 870/870/
f 891/891/ 896/896/ 870/870/
f 897/897/ 873/873/ 871/871/
f 893/893/ 897/897/ 871/871/
f 898/898/ 874/874/ 872/872/
f 895/895/ 898/898/ 872/872/
f 899/899/ 875/875/ 873/873/
f 897/897/ 899/899/ 873/873/
f 900/900/ 876/876/ 874/874/
f 898/898/ 900/900/ 874/874/
f 901/901/ 877/877/ 875/875/
f 899/899/ 901/901/ 875/875/
f 902/902/ 878/878/ 876/876/
f 900/900/ 902/902/ 876/876/
f 903/903/ 879/879/ 877/877/
f 901/901/ 903/903/ 877/877/
f 904/904/ 880/880/ 878/878/
f 902/902/ 904/904/ 878/878/
f 905/905/ 881/881/ 879/879/
f 903/903/ 905/905/ 879/879/
f 906/906/ 882/882/ 880/880/
f 904/904/ 906/906/ 880/880/
f 907/907/ 883/883/ 881/881/
f 905/905/ 907/907/ 881/881/
f 908/908/ 884/884/ 882/882/
f 906/906/ 908/908/ 882/882/
f 909/909/ 885/885/ 883/883/
f 907/907/ 909/909/ 883/883/
f 910/910/ 886/886/ 884/884/
f 908/908/ 910/910/ 884/884/
f 911/911/ 887/887/ 885/885/
f 909/909/ 911/911/ 885/885/
f 912/912/ 888/888/ 886/886/
f 910/910/ 912/912/ 886/886/
f 913/913/ 860/860/ 887/887/
f 911/911/ 913/913/ 887/887/
f 914/914/ 862/862/ 888/888/
f 912/912/ 914/914/ 888/888/
f 915/915/ 857/857/ 858/858/
f 896/896/ 915/915/ 858/858/
f 916/916/ 859/859/ 860/860/
f 913/913/ 916/916/ 860/860/
f 917/917/ 861/861/ 862/862/
f 914/914/ 917/917/ 862/862/
f 918/918/ 863/863/ 857/857/
f 915/915/ 918/918/ 857/857/
f 919/919/ 864/864/ 859/859/
f 916/916/ 919/919/ 859/859/
f 920/920/ 865/865/ 861/861/
f 917/917/ 920/920/ 861/861/
f 890/890/ 866/866/ 863/863/
f 918/918/ 890/890/ 863/863/
f 892/892/ 867/867/ 864/864/
f 919/919/ 892/892/ 864/864/
f 894/894/ 868/868/ 865/865/
f 920/920/ 894/894/ 865/865/
f 902/902/ 900/900/ 921/921/
f 922/922/ 902/902/ 921/921/
f 903/903/ 901/901/ 923/923/
f 924/924/ 903/903/ 923/923/
f 904/904/ 902/902/ 922/922/
f 925/925/ 904/904/ 922/922/
f 905/905/ 903/903/ 924/924/
f 926/926/ 905/905/ 924/924/
f 906/906/ 904/904/ 925/925/
f 927/927/ 906/906/ 925/925/
f 907/907/ 905/905/ 926/926/
f 928/928/ 907/907/ 926/926/
f 908/908/ 906/906/ 927/927/
f 929/929/ 908/908/ 927/927/
f 909/909/ 907/907/ 928/928/
f 930/930/ 909/909/ 928/928/
f 910/910/ 908/908/ 929/929/
f 931/931/ 910/910/ 929/929/
f 911/911/ 909/909/ 930/930/
f 932/932/ 911/911/ 930/930/
f 912/912/ 910/910/ 931/931/
f 933/933/ 912/912/ 931/931/
f 913/913/ 911/911/ 932/932/
f 934/934/ 913/913/ 932/932/
f 914/914/ 912/912/ 933/933/
f 935/935/ 914/914/ 933/933/
f 916/916/ 913/913/ 934/934/
f 936/936/ 916/916/ 934/934/
f 917/917/ 914/914/ 935/935/
f 937/937/ 917/917/ 935/935/
f 918/918/ 915/915/ 938/938/
f 939/939/ 918/918/ 938/938/
f 919/919/ 916/916/ 936/936/
f 940/940/ 919/919/ 936/936/
f 920/920/ 917/917/ 937/937/
f 941/941/ 920/920/ 937/937/
f 890/890/ 918/918/ 939/939/
f 942/942/ 890/890/ 939/939/
f 892/892/ 919/919/ 940/940/
f 943/943/ 892/892/ 940/940/
f 894/894/ 920/920/ 941/941/
f 944/944/ 894/894/ 941/941/
f 889/889/ 890/890/ 942/942/
f 945/945/ 889/889/ 942/942/
f 891/891/ 892/892/ 943/943/
f 946/946/ 891/891/ 943/943/
f 893/893/ 894/894/ 944/944/
f 947/947/ 893/893/ 944/944/
f 895/895/ 889/889/ 945/945/
f 948/948/ 895/895/ 945/945/
f 896/896/ 891/891/ 946/946/
f 949/949/ 896/896/ 946/946/
f 897/897/ 893/893/ 947/947/
f 950/950/ 897/897/ 947/947/
f 898/898/ 895/895/ 948/948/
f 951/951/ 898/898/ 948/948/
f 946/946/ 943/943/ 952/952/
f 953/953/ 946/946/ 952/952/
f 899/899/ 897/897/ 950/950/
f 954/954/ 899/899/ 950/950/
f 900/900/ 898/898/ 951/951/
f 921/921/ 900/900/ 951/951/
f 901/901/ 899/899/ 954/954/
f 923/923/ 901/901/ 954/954/
f 922/922/ 921/921/ 955/955/
f 956/956/ 922/922/ 955/955/
f 925/925/ 922/922/ 956/956/
f 957/957/ 925/925/ 956/956/
f 921/921/ 951/951/ 958/958/
f 955/955/ 921/921/ 958/958/
f 932/932/ 930/930/ 959/959/
f 960/960/ 932/932/ 959/959/
f 951/951/ 948/948/ 961/961/
f 958/958/ 951/951/ 961/961/
f 948/948/ 945/945/ 962/962/
f 961/961/ 948/948/ 962/962/
f 928/928/ 926/926/ 963/963/
f 964/964/ 928/928/ 963/963/
f 942/942/ 939/939/ 965/965/
f 966/966/ 942/942/ 965/965/
f 940/940/ 936/936/ 967/967/
f 968/968/ 940/940/ 967/967/
f 941/941/ 937/937/ 969/969/
f 970/970/ 941/941/ 969/969/
f 924/924/ 923/923/ 971/971/
f 972/972/ 924/924/ 971/971/
f 934/934/ 932/932/ 960/960/
f 973/973/ 934/934/ 960/960/
f 930/930/ 928/928/ 964/964/
f 959/959/ 930/930/ 964/964/
f 949/949/ 946/946/ 953/953/
f 974/974/ 949/949/ 953/953/
f 954/954/ 950/950/ 975/975/
f 976/976/ 954/954/ 975/975/
f 926/926/ 924/924/ 972/972/
f 963/963/ 926/926/ 972/972/
f 945/945/ 942/942/ 966/966/
f 962/962/ 945/945/ 966/966/
f 923/923/ 954/954/ 976/976/
f 971/971/ 923/923/ 976/976/
f 935/935/ 933/933/ 977/977/
f 978/978/ 935/935/ 977/977/
f 947/947/ 944/944/ 979/979/
f 980/980/ 947/947/ 979/979/
f 950/950/ 947/947/ 980/980/
f 975/975/ 950/950/ 980/980/
f 943/943/ 940/940/ 968/968/
f 952/952/ 943/943/ 968/968/
f 931/931/ 929/929/ 981/981/
f 982/982/ 931/931/ 981/981/
f 944/944/ 941/941/ 970/970/
f 979/979/ 944/944/ 970/970/
f 939/939/ 938/938/ 983/983/
f 965/965/ 939/939/ 983/983/
f 937/937/ 935/935/ 978/978/
f 969/969/ 937/937/ 978/978/
f 927/927/ 925/925/ 957/957/
f 984/984/ 927/927/ 957/957/
f 933/933/ 931/931/ 982/982/
f 977/977/ 933/933/ 982/982/
f 936/936/ 934/934/ 973/973/
f 967/967/ 936/936/ 973/973/
f 929/929/ 927/927/ 984/984/
f 981/981/ 929/929/ 984/984/
f 938/938/ 949/949/ 974/974/
f 983/983/ 938/938/ 974/974/
f 985/985/ 984/984/ 957/957/
f 986/986/ 985/985/ 957/957/
f 987/987/ 971/971/ 976/976/
f 988/988/ 987/987/ 976/976/
f 989/989/ 956/956/ 955/955/
f 990/990/ 989/989/ 955/955/
f 991/991/ 975/975/ 980/980/
f 992/992/ 991/991/ 980/980/
f 993/993/ 958/958/ 961/961/
f 994/994/ 993/993/ 961/961/
f 995/995/ 979/979/ 970/970/
f 996/996/ 995/995/ 970/970/
f 997/997/ 974/974/ 953/953/
f 998/998/ 997/997/ 953/953/
f 999/999/ 969/969/ 978/978/
f 1000/1000/ 999/999/ 978/978/
f 1001/1001/ 962/962/ 966/966/
f 1002/1002/ 1001/1001/ 966/966/
f 1003/1003/ 977/977/ 982/982/
f 1004/1004/ 1003/1003/ 982/982/
f 1005/1005/ 952/952/ 968/968/
f 1006/1006/ 1005/1005/ 968/968/
f 1007/1007/ 981/981/ 984/984/
f 985/985/ 1007/1007/ 984/984/
f 1008/1008/ 965/965/ 983/983/
f 1009/1009/ 1008/1008/ 983/983/
f 986/986/ 957/957/ 956/956/
f 989/989/ 986/986/ 956/956/
f 1010/1010/ 967/967/ 973/973/
f 1011/1011/ 1010/1010/ 973/973/
f 990/990/ 955/955/ 958/958/
f 993/993/ 990/990/ 958/958/
f 1009/1009/ 983/983/ 974/974/
f 997/997/ 1009/1009/ 974/974/
f 994/994/ 961/961/ 962/962/
f 1001/1001/ 994/994/ 962/962/
f 998/998/ 953/953/ 952/952/
f 1005/1005/ 998/998/ 952/952/
f 1012/1012/ 960/960/ 959/959/
f 1013/1013/ 1012/1012/ 959/959/
f 1002/1002/ 966/966/ 965/965/
f 1008/1008/ 1002/1002/ 965/965/
f 1006/1006/ 968/968/ 967/967/
f 1010/1010/ 1006/1006/ 967/967/
f 1014/1014/ 964/964/ 963/963/
f 1015/1015/ 1014/1014/ 963/963/
f 996/996/ 970/970/ 969/969/
f 999/999/ 996/996/ 969/969/
f 1011/1011/ 973/973/ 960/960/
f 1012/1012/ 1011/1011/ 960/960/
f 1016/1016/ 972/972/ 971/971/
f 987/987/ 1016/1016/ 971/971/
f 1000/1000/ 978/978/ 977/977/
f 1003/1003/ 1000/1000/ 977/977/
f 1013/1013/ 959/959/ 964/964/
f 1014/1014/ 1013/1013/ 964/964/
f 988/988/ 976/976/ 975/975/
f 991/991/ 988/988/ 975/975/
f 1004/1004/ 982/982/ 981/981/
f 1007/1007/ 1004/1004/ 981/981/
f 1015/1015/ 963/963/ 972/972/
f 1016/1016/ 1015/1015/ 972/972/
f 992/992/ 980/980/ 979/979/
f 995/995/ 992/992/ 979/979/
f 1001/1001/ 1002/1002/ 1017/1017/
f 1018/1018/ 1001/1001/ 1017/1017/
f 1003/1003/ 1004/1004/ 1019/1019/
f 1020/1020/ 1003/1003/ 1019/1019/
f 1005/1005/ 1006/1006/ 1021/1021/
f 1022/1022/ 1005/1005/ 1021/1021/
f 1007/1007/ 985/985/ 1023/1023/
f 1024/1024/ 1007/1007/ 1023/1023/
f 1008/1008/ 1009/1009/ 1025/1025/
f 1026/1026/ 1008/1008/ 1025/1025/
f 986/986/ 989/989/ 1027/1027/
f 1028/1028/ 986/986/ 1027/1027/
f 1010/1010/ 1011/1011/ 1029/1029/
f 1030/1030/ 1010/1010/ 1029/1029/
f 990/990/ 993/993/ 1031/1031/
f 1032/1032/ 990/990/ 1031/1031/
f 1009/1009/ 997/997/ 1033/1033/
f 1025/1025/ 1009/1009/ 1033/1033/
f 994/994/ 1001/1001/ 1018/1018/
f 1034/1034/ 994/994/ 1018/1018/
f 1012/1012/ 1013/1013/ 1035/1035/
f 1036/1036/ 1012/1012/ 1035/1035/
f 1002/1002/ 1008/1008/ 1026/1026/
f 1017/1017/ 1002/1002/ 1026/1026/
f 1006/1006/ 1010/1010/ 1030/1030/
f 1021/1021/ 1006/1006/ 1030/1030/
f 1014/1014/ 1015/1015/ 1037/1037/
f 1038/1038/ 1014/1014/ 1037/1037/
f 996/996/ 999/999/ 1039/1039/
f 1040/1040/ 996/996/ 1039/1039/
f 1011/1011/ 1012/1012/ 1036/1036/
f 1029/1029/ 1011/1011/ 1036/1036/
f 1016/1016/ 987/987/ 1041/1041/
f 1042/1042/ 1016/1016/ 1041/1041/
f 1000/1000/ 1003/1003/ 1020/1020/
f 1043/1043/ 1000/1000/ 1020/1020/
f 1013/1013/ 1014/1014/ 1038/1038/
f 1035/1035/ 1013/1013/ 1038/1038/
f 988/988/ 991/991/ 1044/1044/
f 1045/1045/ 988/988/ 1044/1044/
f 1004/1004/ 1007/1007/ 1024/1024/
f 1019/1019/ 1004/1004/ 1024/1024/
f 1015/1015/ 1016/1016/ 1042/1042/
f 1037/1037/ 1015/1015/ 1042/1042/
f 992/992/ 995/995/ 1046/1046/
f 1047/1047/ 992/992/ 1046/1046/
f 985/985/ 986/986/ 1028/1028/
f 1023/1023/ 985/985/ 1028/1028/
f 987/987/ 988/988/ 1045/1045/
f 1041/1041/ 987/987/ 1045/1045/
f 989/989/ 990/990/ 1032/1032/
f 1027/1027/ 989/989/ 1032/1032/
f 991/991/ 992/992/ 1047/1047/
f 1044/1044/ 991/991/ 1047/1047/
f 993/993/ 994/994/ 1034/1034/
f 1031/1031/ 993/993/ 1034/1034/
f 995/995/ 996/996/ 1040/1040/
f 1046/1046/ 995/995/ 1040/1040/
f 997/997/ 998/998/ 1048/1048/
f 1033/1033/ 997/997/ 1048/1048/
f 999/999/ 1000/1000/ 1043/1043/
f 1039/1039/ 999/999/ 1043/1043/
f 1049/1049/ 1024/1024/ 1023/1023/
f 1050/1050/ 1049/1049/ 1023/1023/
f 1051/1051/ 1026/1026/ 1025/1025/
f 1052/1052/ 1051/1051/ 1025/1025/
f 1053/1053/ 1028/1028/ 1027/1027/
f 1054/1054/ 1053/1053/ 1027/1027/
f 1055/1055/ 1030/1030/ 1029/1029/
f 1056/1056/ 1055/1055/ 1029/1029/
f 1057/1057/ 1032/1032/ 1031/1031/
f 1058/1058/ 1057/1057/ 1031/1031/
f 1052/1052/ 1025/1025/ 1033/1033/
f 1059/1059/ 1052/1052/ 1033/1033/
f 1060/1060/ 1034/1034/ 1018/1018/
f 1061/1061/ 1060/1060/ 1018/1018/
f 1062/1062/ 1048/1048/ 1022/1022/
f 1063/1063/ 1062/1062/ 1022/1022/
f 1064/1064/ 1036/1036/ 1035/1035/
f 1065/1065/ 1064/1064/ 1035/1035/
f 1066/1066/ 1017/1017/ 1026/1026/
f 1051/1051/ 1066/1066/ 1026/1026/
f 1067/1067/ 1021/1021/ 1030/1030/
f 1055/1055/ 1067/1067/ 1030/1030/
f 1068/1068/ 1038/1038/ 1037/1037/
f 1069/1069/ 1068/1068/ 1037/1037/
f 1070/1070/ 1040/1040/ 1039/1039/
f 1071/1071/ 1070/1070/ 1039/1039/
f 1056/1056/ 1029/1029/ 1036/1036/
f 1064/1064/ 1056/1056/ 1036/1036/
f 1072/1072/ 1042/1042/ 1041/1041/
f 1073/1073/ 1072/1072/ 1041/1041/
f 1074/1074/ 1043/1043/ 1020/1020/
f 1075/1075/ 1074/1074/ 1020/1020/
f 1065/1065/ 1035/1035/ 1038/1038/
f 1068/1068/ 1065/1065/ 1038/1038/
f 1076/1076/ 1045/1045/ 1044/1044/
f 1077/1077/ 1076/1076/ 1044/1044/
f 1078/1078/ 1019/1019/ 1024/1024/
f 1049/1049/ 1078/1078/ 1024/1024/
f 1069/1069/ 1037/1037/ 1042/1042/
f 1072/1072/ 1069/1069/ 1042/1042/
f 1079/1079/ 1047/1047/ 1046/1046/
f 1080/1080/ 1079/1079/ 1046/1046/
f 1050/1050/ 1023/1023/ 1028/1028/
f 1053/1053/ 1050/1050/ 1028/1028/
f 1073/1073/ 1041/1041/ 1045/1045/
f 1076/1076/ 1073/1073/ 1045/1045/
f 1054/1054/ 1027/1027/ 1032/1032/
f 1057/1057/ 1054/1054/ 1032/1032/
f 1077/1077/ 1044/1044/ 1047/1047/
f 1079/1079/ 1077/1077/ 1047/1047/
f 1058/1058/ 1031/1031/ 1034/1034/
f 1060/1060/ 1058/1058/ 1034/1034/
f 1080/1080/ 1046/1046/ 1040/1040/
f 1070/1070/ 1080/1080/ 1040/1040/
f 1059/1059/ 1033/1033/ 1048/1048/
f 1062/1062/ 1059/1059/ 1048/1048/
f 1071/1071/ 1039/1039/ 1043/1043/
f 1074/1074/ 1071/1071/ 1043/1043/
f 1061/1061/ 1018/1018/ 1017/1017/
f 1066/1066/ 1061/1061/ 1017/1017/
f 1075/1075/ 1020/1020/ 1019/1019/
f 1078/1078/ 1075/1075/ 1019/1019/
f 1063/1063/ 1022/1022/ 1021/1021/
f 1067/1067/ 1063/1063/ 1021/1021/
f 1066/1066/ 1051/1051/ 1081/1081/
f 1082/1082/ 1066/1066/ 1081/1081/
f 1067/1067/ 1055/1055/ 1083/1083/
f 1084/1084/ 1067/1067/ 1083/1083/
f 1068/1068/ 1069/1069/ 1085/1085/
f 1086/1086/ 1068/1068/ 1085/1085/
f 1070/1070/ 1071/1071/ 1087/1087/
f 1088/1088/ 1070/1070/ 1087/1087/
f 1056/1056/ 1064/1064/ 1089/1089/
f 1090/1090/ 1056/1056/ 1089/1089/
f 1072/1072/ 1073/1073/ 1091/1091/
f 1092/1092/ 1072/1072/ 1091/1091/
f 1074/1074/ 1075/1075/ 1093/1093/
f 1094/1094/ 1074/1074/ 1093/1093/
f 1065/1065/ 1068/1068/ 1086/1086/
f 1095/1095/ 1065/1065/ 1086/1086/
f 1076/1076/ 1077/1077/ 1096/1096/
f 1097/1097/ 1076/1076/ 1096/1096/
f 1078/1078/ 1049/1049/ 1098/1098/
f 1099/1099/ 1078/1078/ 1098/1098/
f 1069/1069/ 1072/1072/ 1092/1092/
f 1085/1085/ 1069/1069/ 1092/1092/
f 1079/1079/ 1080/1080/ 1100/1100/
f 1101/1101/ 1079/1079/ 1100/1100/
f 1050/1050/ 1053/1053/ 1102/1102/
f 1103/1103/ 1050/1050/ 1102/1102/
f 1073/1073/ 1076/1076/ 1097/1097/
f 1091/1091/ 1073/1073/ 1097/1097/
f 1054/1054/ 1057/1057/ 1104/1104/
f 1105/1105/ 1054/1054/ 1104/1104/
f 1077/1077/ 1079/1079/ 1101/1101/
f 1096/1096/ 1077/1077/ 1101/1101/
f 1058/1058/ 1060/1060/ 1106/1106/
f 1107/1107/ 1058/1058/ 1106/1106/
f 1080/1080/ 1070/1070/ 1088/1088/
f 1100/1100/ 1080/1080/ 1088/1088/
f 1059/1059/ 1062/1062/ 1108/1108/
f 1109/1109/ 1059/1059/ 1108/1108/
f 1071/1071/ 1074/1074/ 1094/1094/
f 1087/1087/ 1071/1071/ 1094/1094/
f 1061/1061/ 1066/1066/ 1082/1082/
f 1110/1110/ 1061/1061/ 1082/1082/
f 1075/1075/ 1078/1078/ 1099/1099/
f 1093/1093/ 1075/1075/ 1099/1099/
f 1063/1063/ 1067/1067/ 1084/1084/
f 1111/1111/ 1063/1063/ 1084/1084/
f 1049/1049/ 1050/1050/ 1103/1103/
f 1098/1098/ 1049/1049/ 1103/1103/
f 1051/1051/ 1052/1052/ 1112/1112/
f 1081/1081/ 1051/1051/ 1112/1112/
f 1053/1053/ 1054/1054/ 1105/1105/
f 1102/1102/ 1053/1053/ 1105/1105/
f 1055/1055/ 1056/1056/ 1090/1090/
f 1083/1083/ 1055/1055/ 1090/1090/
f 1057/1057/ 1058/1058/ 1107/1107/
f 1104/1104/ 1057/1057/ 1107/1107/
f 1052/1052/ 1059/1059/ 1109/1109/
f 1112/1112/ 1052/1052/ 1109/1109/
f 1060/1060/ 1061/1061/ 1110/1110/
f 1106/1106/ 1060/1060/ 1110/1110/
f 1064/1064/ 1065/1065/ 1095/1095/
f 1089/1089/ 1064/1064/ 1095/1095/
f 1113/1113/ 1105/1105/ 1104/1104/
f 1114/1114/ 1113/1113/ 1104/1104/
f 1115/1115/ 1096/1096/ 1101/1101/
f 1116/1116/ 1115/1115/ 1101/1101/
f 1117/1117/ 1107/1107/ 1106/1106/
f 1118/1118/ 1117/1117/ 1106/1106/
f 1119/1119/ 1100/1100/ 1088/1088/
f 1120/1120/ 1119/1119/ 1088/1088/
f 1121/1121/ 1109/1109/ 1108/1108/
f 1122/1122/ 1121/1121/ 1108/1108/
f 1123/1123/ 1087/1087/ 1094/1094/
f 1124/1124/ 1123/1123/ 1094/1094/
f 1125/1125/ 1110/1110/ 1082/1082/
f 1126/1126/ 1125/1125/ 1082/1082/
f 1127/1127/ 1093/1093/ 1099/1099/
f 1128/1128/ 1127/1127/ 1099/1099/
f 1129/1129/ 1111/1111/ 1084/1084/
f 1130/1130/ 1129/1129/ 1084/1084/
f 1131/1131/ 1098/1098/ 1103/1103/
f 1132/1132/ 1131/1131/ 1103/1103/
f 1133/1133/ 1081/1081/ 1112/1112/
f 1134/1134/ 1133/1133/ 1112/1112/
f 1135/1135/ 1102/1102/ 1105/1105/
f 1113/1113/ 1135/1135/ 1105/1105/
f 1136/1136/ 1083/1083/ 1090/1090/
f 1137/1137/ 1136/1136/ 1090/1090/
f 1114/1114/ 1104/1104/ 1107/1107/
f 1117/1117/ 1114/1114/ 1107/1107/
f 1134/1134/ 1112/1112/ 1109/1109/
f 1121/1121/ 1134/1134/ 1109/1109/
f 1118/1118/ 1106/1106/ 1110/1110/
f 1125/1125/ 1118/1118/ 1110/1110/
f 1122/1122/ 1108/1108/ 1111/1111/
f 1129/1129/ 1122/1122/ 1111/1111/
f 1138/1138/ 1089/1089/ 1095/1095/
f 1139/1139/ 1138/1138/ 1095/1095/
f 1126/1126/ 1082/1082/ 1081/1081/
f 1133/1133/ 1126/1126/ 1081/1081/
f 1130/1130/ 1084/1084/ 1083/1083/
f 1136/1136/ 1130/1130/ 1083/1083/
f 1140/1140/ 1086/1086/ 1085/1085/
f 1141/1141/ 1140/1140/ 1085/1085/
f 1120/1120/ 1088/1088/ 1087/1087/
f 1123/1123/ 1120/1120/ 1087/1087/
f 1137/1137/ 1090/1090/ 1089/1089/
f 1138/1138/ 1137/1137/ 1089/1089/
f 1142/1142/ 1092/1092/ 1091/1091/
f 1143/1143/ 1142/1142/ 1091/1091/
f 1124/1124/ 1094/1094/ 1093/1093/
f 1127/1127/ 1124/1124/ 1093/1093/
f 1139/1139/ 1095/1095/ 1086/1086/
f 1140/1140/ 1139/1139/ 1086/1086/
f 1144/1144/ 1097/1097/ 1096/1096/
f 1115/1115/ 1144/1144/ 1096/1096/
f 1128/1128/ 1099/1099/ 1098/1098/
f 1131/1131/ 1128/1128/ 1098/1098/
f 1141/1141/ 1085/1085/ 1092/1092/
f 1142/1142/ 1141/1141/ 1092/1092/
f 1116/1116/ 1101/1101/ 1100/1100/
f 1119/1119/ 1116/1116/ 1100/1100/
f 1132/1132/ 1103/1103/ 1102/1102/
f 1135/1135/ 1132/1132/ 1102/1102/
f 1143/1143/ 1091/1091/ 1097/1097/
f 1144/1144/ 1143/1143/ 1097/1097/
f 1145/1145/ 1125/1125/ 1126/1126/
f 1146/1146/ 1145/1145/ 1126/1126/
f 1147/1147/ 1127/1127/ 1128/1128/
f 1148/1148/ 1147/1147/ 1128/1128/
f 1149/1149/ 1129/1129/ 1130/1130/
f 1150/1150/ 1149/1149/ 1130/1130/
f 1151/1151/ 1131/1131/ 1132/1132/
f 1152/1152/ 1151/1151/ 1132/1132/
f 1153/1153/ 1133/1133/ 1134/1134/
f 1154/1154/ 1153/1153/ 1134/1134/
f 1155/1155/ 1135/1135/ 1113/1113/
f 1156/1156/ 1155/1155/ 1113/1113/
f 1157/1157/ 1136/1136/ 1137/1137/
f 1158/1158/ 1157/1157/ 1137/1137/
f 1159/1159/ 1114/1114/ 1117/1117/
f 1160/1160/ 1159/1159/ 1117/1117/
f 1154/1154/ 1134/1134/ 1121/1121/
f 1161/1161/ 1154/1154/ 1121/1121/
f 1162/1162/ 1118/1118/ 1125/1125/
f 1145/1145/ 1162/1162/ 1125/1125/
f 1163/1163/ 1122/1122/ 1129/1129/
f 1149/1149/ 1163/1163/ 1129/1129/
f 1164/1164/ 1138/1138/ 1139/1139/
f 1165/1165/ 1164/1164/ 1139/1139/
f 1146/1146/ 1126/1126/ 1133/1133/
f 1153/1153/ 1146/1146/ 1133/1133/
f 1150/1150/ 1130/1130/ 1136/1136/
f 1157/1157/ 1150/1150/ 1136/1136/
f 1166/1166/ 1140/1140/ 1141/1141/
f 1167/1167/ 1166/1166/ 1141/1141/
f 1168/1168/ 1120/1120/ 1123/1123/
f 1169/1169/ 1168/1168/ 1123/1123/
f 1158/1158/ 1137/1137/ 1138/1138/
f 1164/1164/ 1158/1158/ 1138/1138/
f 1170/1170/ 1142/1142/ 1143/1143/
f 1171/1171/ 1170/1170/ 1143/1143/
f 1172/1172/ 1124/1124/ 1127/1127/
f 1147/1147/ 1172/1172/ 1127/1127/
f 1165/1165/ 1139/1139/ 1140/1140/
f 1166/1166/ 1165/1165/ 1140/1140/
f 1173/1173/ 1144/1144/ 1115/1115/
f 1174/1174/ 1173/1173/ 1115/1115/
f 1148/1148/ 1128/1128/ 1131/1131/
f 1151/1151/ 1148/1148/ 1131/1131/
f 1167/1167/ 1141/1141/ 1142/1142/
f 1170/1170/ 1167/1167/ 1142/1142/
f 1175/1175/ 1116/1116/ 1119/1119/
f 1176/1176/ 1175/1175/ 1119/1119/
f 1152/1152/ 1132/1132/ 1135/1135/
f 1155/1155/ 1152/1152/ 1135/1135/
f 1171/1171/ 1143/1143/ 1144/1144/
f 1173/1173/ 1171/1171/ 1144/1144/
f 1156/1156/ 1113/1113/ 1114/1114/
f 1159/1159/ 1156/1156/ 1114/1114/
f 1174/1174/ 1115/1115/ 1116/1116/
f 1175/1175/ 1174/1174/ 1116/1116/
f 1160/1160/ 1117/1117/ 1118/1118/
f 1162/1162/ 1160/1160/ 1118/1118/
f 1176/1176/ 1119/1119/ 1120/1120/
f 1168/1168/ 1176/1176/ 1120/1120/
f 1161/1161/ 1121/1121/ 1122/1122/
f 1163/1163/ 1161/1161/ 1122/1122/
f 1169/1169/ 1123/1123/ 1124/1124/
f 1172/1172/ 1169/1169/ 1124/1124/
f 1177/1177/ 1157/1157/ 1158/1158/
f 1178/1178/ 1177/1177/ 1158/1158/
f 1179/1179/ 1159/1159/ 1160/1160/
f 1180/1180/ 1179/1179/ 1160/1160/
f 1181/1181/ 1154/1154/ 1161/1161/
f 1182/1182/ 1181/1181/ 1161/1161/
f 1183/1183/ 1162/1162/ 1145/1145/
f 1184/1184/ 1183/1183/ 1145/1145/
f 1185/1185/ 1163/1163/ 1149/1149/
f 1186/1186/ 1185/1185/ 1149/1149/
f 1187/1187/ 1164/1164/ 1165/1165/
f 1188/1188/ 1187/1187/ 1165/1165/
f 1189/1189/ 1146/1146/ 1153/1153/
f 1190/1190/ 1189/1189/ 1153/1153/
f 1191/1191/ 1150/1150/ 1157/1157/
f 1177/1177/ 1191/1191/ 1157/1157/
f 1192/1192/ 1166/1166/ 1167/1167/
f 1193/1193/ 1192/1192/ 1167/1167/
f 1194/1194/ 1168/1168/ 1169/1169/
f 1195/1195/ 1194/1194/ 1169/1169/
f 1178/1178/ 1158/1158/ 1164/1164/
f 1187/1187/ 1178/1178/ 1164/1164/
f 1196/1196/ 1170/1170/ 1171/1171/
f 1197/1197/ 1196/1196/ 1171/1171/
f 1198/1198/ 1172/1172/ 1147/1147/
f 1199/1199/ 1198/1198/ 1147/1147/
f 1188/1188/ 1165/1165/ 1166/1166/
f 1192/1192/ 1188/1188/ 1166/1166/
f 1200/1200/ 1173/1173/ 1174/1174/
f 1201/1201/ 1200/1200/ 1174/1174/
f 1202/1202/ 1148/1148/ 1151/1151/
f 1203/1203/ 1202/1202/ 1151/1151/
f 1193/1193/ 1167/1167/ 1170/1170/
f 1196/1196/ 1193/1193/ 1170/1170/
f 1204/1204/ 1175/1175/ 1176/1176/
f 1205/1205/ 1204/1204/ 1176/1176/
f 1206/1206/ 1152/1152/ 1155/1155/
f 1207/1207/ 1206/1206/ 1155/1155/
f 1197/1197/ 1171/1171/ 1173/1173/
f 1200/1200/ 1197/1197/ 1173/1173/
f 1208/1208/ 1156/1156/ 1159/1159/
f 1179/1179/ 1208/1208/ 1159/1159/
f 1201/1201/ 1174/1174/ 1175/1175/
f 1204/1204/ 1201/1201/ 1175/1175/
f 1180/1180/ 1160/1160/ 1162/1162/
f 1183/1183/ 1180/1180/ 1162/1162/
f 1205/1205/ 1176/1176/ 1168/1168/
f 1194/1194/ 1205/1205/ 1168/1168/
f 1182/1182/ 1161/1161/ 1163/1163/
f 1185/1185/ 1182/1182/ 1163/1163/
f 1195/1195/ 1169/1169/ 1172/1172/
f 1198/1198/ 1195/1195/ 1172/1172/
f 1184/1184/ 1145/1145/ 1146/1146/
f 1189/1189/ 1184/1184/ 1146/1146/
f 1199/1199/ 1147/1147/ 1148/1148/
f 1202/1202/ 1199/1199/ 1148/1148/
f 1186/1186/ 1149/1149/ 1150/1150/
f 1191/1191/ 1186/1186/ 1150/1150/
f 1203/1203/ 1151/1151/ 1152/1152/
f 1206/1206/ 1203/1203/ 1152/1152/
f 1190/1190/ 1153/1153/ 1154/1154/
f 1181/1181/ 1190/1190/ 1154/1154/
f 1207/1207/ 1155/1155/ 1156/1156/
f 1208/1208/ 1207/1207/ 1156/1156/
f 1209/1209/ 1191/1191/ 1177/1177/
f 1210/1210/ 1209/1209/ 1177/1177/
f 1211/1211/ 1192/1192/ 1193/1193/
f 1212/1212/ 1211/1211/ 1193/1193/
f 1213/1213/ 1194/1194/ 1195/1195/
f 1214/1214/ 1213/1213/ 1195/1195/
f 1215/1215/ 1178/1178/ 1187/1187/
f 1216/1216/ 1215/1215/ 1187/1187/
f 1217/1217/ 1196/1196/ 1197/1197/
f 1218/1218/ 1217/1217/ 1197/1197/
f 1219/1219/ 1198/1198/ 1199/1199/
f 1220/1220/ 1219/1219/ 1199/1199/
f 1221/1221/ 1188/1188/ 1192/1192/
f 1211/1211/ 1221/1221/ 1192/1192/
f 1222/1222/ 1200/1200/ 1201/1201/
f 1223/1223/ 1222/1222/ 1201/1201/
f 1224/1224/ 1202/1202/ 1203/1203/
f 1225/1225/ 1224/1224/ 1203/1203/
f 1212/1212/ 1193/1193/ 1196/1196/
f 1217/1217/ 1212/1212/ 1196/1196/
f 1226/1226/ 1204/1204/ 1205/1205/
f 1227/1227/ 1226/1226/ 1205/1205/
f 1228/1228/ 1206/1206/ 1207/1207/
f 1229/1229/ 1228/1228/ 1207/1207/
f 1218/1218/ 1197/1197/ 1200/1200/
f 1222/1222/ 1218/1218/ 1200/1200/
f 1230/1230/ 1208/1208/ 1179/1179/
f 1231/1231/ 1230/1230/ 1179/1179/
f 1223/1223/ 1201/1201/ 1204/1204/
f 1226/1226/ 1223/1223/ 1204/1204/
f 1232/1232/ 1180/1180/ 1183/1183/
f 1233/1233/ 1232/1232/ 1183/1183/
f 1227/1227/ 1205/1205/ 1194/1194/
f 1213/1213/ 1227/1227/ 1194/1194/
f 1234/1234/ 1182/1182/ 1185/1185/
f 1235/1235/ 1234/1234/ 1185/1185/
f 1214/1214/ 1195/1195/ 1198/1198/
f 1219/1219/ 1214/1214/ 1198/1198/
f 1236/1236/ 1184/1184/ 1189/1189/
f 1237/1237/ 1236/1236/ 1189/1189/
f 1220/1220/ 1199/1199/ 1202/1202/
f 1224/1224/ 1220/1220/ 1202/1202/
f 1238/1238/ 1186/1186/ 1191/1191/
f 1209/1209/ 1238/1238/ 1191/1191/
f 1225/1225/ 1203/1203/ 1206/1206/
f 1228/1228/ 1225/1225/ 1206/1206/
f 1239/1239/ 1190/1190/ 1181/1181/
f 1240/1240/ 1239/1239/ 1181/1181/
f 1229/1229/ 1207/1207/ 1208/1208/
f 1230/1230/ 1229/1229/ 1208/1208/
f 1210/1210/ 1177/1177/ 1178/1178/
f 1215/1215/ 1210/1210/ 1178/1178/
f 1231/1231/ 1179/1179/ 1180/1180/
f 1232/1232/ 1231/1231/ 1180/1180/
f 1240/1240/ 1181/1181/ 1182/1182/
f 1234/1234/ 1240/1240/ 1182/1182/
f 1233/1233/ 1183/1183/ 1184/1184/
f 1236/1236/ 1233/1233/ 1184/1184/
f 1235/1235/ 1185/1185/ 1186/1186/
f 1238/1238/ 1235/1235/ 1186/1186/
f 1216/1216/ 1187/1187/ 1188/1188/
f 1221/1221/ 1216/1216/ 1188/1188/
f 1237/1237/ 1189/1189/ 1190/1190/
f 1239/1239/ 1237/1237/ 1190/1190/
f 1062/1062/ 1063/1063/ 1111/1111/
f 1108/1108/ 1062/1062/ 1111/1111/
f 915/915/ 896/896/ 949/949/
f 938/938/ 915/915/ 949/949/
f 998/998/ 1005/1005/ 1022/1022/
f 1048/1048/ 998/998/ 1022/1022/
usemtl rim_png
f 1241/1241/ 1242/1242/ 1243/1243/
f 1244/1244/ 1241/1241/ 1243/1243/
f 1245/1245/ 1246/1246/ 1247/1247/
f 1248/1248/ 1245/1245/ 1247/1247/
f 1249/1249/ 1250/1250/ 1251/1251/
f 1252/1252/ 1253/1253/ 1254/1254/
f 1255/1255/ 1245/1245/ 1248/1248/
f 1256/1256/ 1255/1255/ 1248/1248/
f 1257/1257/ 1255/1255/ 1256/1256/
f 1258/1258/ 1257/1257/ 1256/1256/
f 1242/1242/ 1259/1259/ 1260/1260/
f 1243/1243/ 1242/1242/ 1260/1260/
f 1261/1261/ 1262/1262/ 1263/1263/
f 1264/1264/ 1265/1265/ 1266/1266/
f 1267/1267/ 1261/1261/ 1268/1268/
f 1269/1269/ 1267/1267/ 1268/1268/
f 1270/1270/ 1271/1271/ 1272/1272/
f 1273/1273/ 1270/1270/ 1272/1272/
f 1258/1258/ 1270/1270/ 1273/1273/
f 1257/1257/ 1258/1258/ 1273/1273/
f 1274/1274/ 1275/1275/ 1276/1276/
f 1277/1277/ 1272/1272/ 1271/1271/
f 1278/1278/ 1277/1277/ 1271/1271/
f 1279/1279/ 1280/1280/ 1281/1281/
f 1282/1282/ 1283/1283/ 1284/1284/
f 1285/1285/ 1286/1286/ 1287/1287/
f 1288/1288/ 1285/1285/ 1287/1287/
f 1269/1269/ 1283/1283/ 1282/1282/
f 1267/1267/ 1269/1269/ 1282/1282/
f 1289/1289/ 1277/1277/ 1278/1278/
f 1290/1290/ 1289/1289/ 1278/1278/
f 1291/1291/ 1285/1285/ 1288/1288/
f 1292/1292/ 1291/1291/ 1288/1288/
f 1293/1293/ 1294/1294/ 1295/1295/
f 1296/1296/ 1297/1297/ 1290/1290/
f 1298/1298/ 1291/1291/ 1292/1292/
f 1299/1299/ 1298/1298/ 1292/1292/
f 1300/1300/ 1301/1301/ 1302/1302/
f 1298/1298/ 1299/1299/ 1274/1274/
f 1303/1303/ 1304/1304/ 1305/1305/
f 1306/1306/ 1303/1303/ 1305/1305/
f 1286/1286/ 1307/1307/ 1308/1308/
f 1287/1287/ 1286/1286/ 1308/1308/
f 1309/1309/ 1303/1303/ 1306/1306/
f 1310/1310/ 1309/1309/ 1306/1306/
f 1311/1311/ 1308/1308/ 1307/1307/
f 1312/1312/ 1311/1311/ 1307/1307/
f 1296/1296/ 1313/1313/ 1314/1314/
f 1297/1297/ 1296/1296/ 1314/1314/
f 1315/1315/ 1311/1311/ 1312/1312/
f 1316/1316/ 1317/1317/ 1318/1318/
f 1319/1319/ 1305/1305/ 1304/1304/
f 1320/1320/ 1321/1321/ 1322/1322/
f 1323/1323/ 1321/1321/ 1320/1320/
f 1324/1324/ 1323/1323/ 1320/1320/
f 1325/1325/ 1326/1326/ 1327/1327/
f 1328/1328/ 1325/1325/ 1327/1327/
f 1329/1329/ 1330/1330/ 1331/1331/
f 1332/1332/ 1329/1329/ 1331/1331/
f 1333/1333/ 1325/1325/ 1328/1328/
f 1334/1334/ 1333/1333/ 1328/1328/
f 1335/1335/ 1336/1336/ 1337/1337/
f 1338/1338/ 1335/1335/ 1337/1337/
f 1339/1339/ 1333/1333/ 1334/1334/
f 1340/1340/ 1339/1339/ 1334/1334/
f 1341/1341/ 1317/1317/ 1316/1316/
f 1339/1339/ 1340/1340/ 1342/1342/
f 1326/1326/ 1343/1343/ 1344/1344/
f 1327/1327/ 1326/1326/ 1344/1344/
f 1345/1345/ 1346/1346/ 1347/1347/
f 1348/1348/ 1345/1345/ 1347/1347/
f 1349/1349/ 1344/1344/ 1343/1343/
f 1350/1350/ 1349/1349/ 1343/1343/
f 1351/1351/ 1345/1345/ 1348/1348/
f 1335/1335/ 1338/1338/ 1352/1352/
f 1353/1353/ 1349/1349/ 1350/1350/
f 1354/1354/ 1353/1353/ 1350/1350/
f 1355/1355/ 1347/1347/ 1346/1346/
f 1356/1356/ 1355/1355/ 1346/1346/
f 1357/1357/ 1355/1355/ 1356/1356/
f 1358/1358/ 1357/1357/ 1356/1356/
f 1359/1359/ 1247/1247/ 1246/1246/
f 1360/1360/ 1359/1359/ 1246/1246/
f 1361/1361/ 1357/1357/ 1358/1358/
f 1362/1362/ 1361/1361/ 1358/1358/
f 1363/1363/ 1359/1359/ 1360/1360/
f 1364/1364/ 1363/1363/ 1360/1360/
f 1365/1365/ 1284/1284/ 1366/1366/
f 1367/1367/ 1365/1365/ 1366/1366/
f 1252/1252/ 1361/1361/ 1362/1362/
f 1253/1253/ 1252/1252/ 1362/1362/
f 1368/1368/ 1363/1363/ 1364/1364/
f 1369/1369/ 1368/1368/ 1364/1364/
f 1370/1370/ 1263/1263/ 1262/1262/
f 1371/1371/ 1370/1370/ 1262/1262/
f 1369/1369/ 1353/1353/ 1354/1354/
f 1368/1368/ 1369/1369/ 1354/1354/
f 1244/1244/ 1365/1365/ 1367/1367/
f 1372/1372/ 1373/1373/ 1374/1374/
f 1371/1371/ 1254/1254/ 1375/1375/
f 1370/1370/ 1371/1371/ 1375/1375/
f 1259/1259/ 1376/1376/ 1377/1377/
f 1260/1260/ 1259/1259/ 1377/1377/
f 1378/1378/ 1377/1377/ 1376/1376/
f 1276/1276/ 1378/1378/ 1376/1376/
f 1275/1275/ 1378/1378/ 1276/1276/
f 1379/1379/ 1380/1380/ 1381/1381/
f 1382/1382/ 1379/1379/ 1381/1381/
f 1383/1383/ 1384/1384/ 1385/1385/
f 1386/1386/ 1383/1383/ 1385/1385/
f 1387/1387/ 1388/1388/ 1389/1389/
f 1390/1390/ 1387/1387/ 1389/1389/
f 1384/1384/ 1383/1383/ 1391/1391/
f 1392/1392/ 1384/1384/ 1391/1391/
f 1393/1393/ 1394/1394/ 1395/1395/
f 1396/1396/ 1393/1393/ 1395/1395/
f 1394/1394/ 1393/1393/ 1397/1397/
f 1398/1398/ 1394/1394/ 1397/1397/
f 1378/1378/ 1399/1399/ 1400/1400/
f 1400/1400/ 1377/1377/ 1378/1378/
f 1392/1392/ 1391/1391/ 1401/1401/
f 1402/1402/ 1392/1392/ 1401/1401/
f 1403/1403/ 1404/1404/ 1405/1405/
f 1406/1406/ 1403/1403/ 1405/1405/
f 1396/1396/ 1395/1395/ 1382/1382/
f 1381/1381/ 1396/1396/ 1382/1382/
f 1404/1404/ 1403/1403/ 1407/1407/
f 1408/1408/ 1404/1404/ 1407/1407/
f 1409/1409/ 1410/1410/ 1411/1411/
f 1411/1411/ 1412/1412/ 1409/1409/
f 1398/1398/ 1397/1397/ 1413/1413/
f 1414/1414/ 1398/1398/ 1413/1413/
f 1410/1410/ 1409/1409/ 1415/1415/
f 1410/1410/ 1415/1415/ 1416/1416/
f 1417/1417/ 1418/1418/ 1419/1419/
f 1417/1417/ 1419/1419/ 1420/1420/
f 1406/1406/ 1405/1405/ 1402/1402/
f 1401/1401/ 1406/1406/ 1402/1402/
f 1418/1418/ 1417/1417/ 1421/1421/
f 1418/1418/ 1421/1421/ 1422/1422/
f 1414/1414/ 1413/1413/ 1423/1423/
f 1424/1424/ 1414/1414/ 1423/1423/
f 1422/1422/ 1421/1421/ 1416/1416/
f 1422/1422/ 1416/1416/ 1415/1415/
f 1425/1425/ 1426/1426/ 1427/1427/
f 1428/1428/ 1425/1425/ 1427/1427/
f 1426/1426/ 1425/1425/ 1429/1429/
f 1430/1430/ 1426/1426/ 1429/1429/
f 1431/1431/ 1432/1432/ 1420/1420/
f 1431/1431/ 1420/1420/ 1419/1419/
f 1428/1428/ 1427/1427/ 1433/1433/
f 1434/1434/ 1428/1428/ 1433/1433/
f 1432/1432/ 1431/1431/ 1435/1435/
f 1432/1432/ 1435/1435/ 1436/1436/
f 1434/1434/ 1433/1433/ 1424/1424/
f 1423/1423/ 1434/1434/ 1424/1424/
f 1436/1436/ 1435/1435/ 1437/1437/
f 1436/1436/ 1437/1437/ 1438/1438/
f 1430/1430/ 1429/1429/ 1439/1439/
f 1440/1440/ 1430/1430/ 1439/1439/
f 1438/1438/ 1437/1437/ 1441/1441/
f 1438/1438/ 1441/1441/ 1442/1442/
f 1443/1443/ 1444/1444/ 1445/1445/
f 1446/1446/ 1443/1443/ 1445/1445/
f 1440/1440/ 1439/1439/ 1447/1447/
f 1448/1448/ 1440/1440/ 1447/1447/
f 1444/1444/ 1443/1443/ 1449/1449/
f 1450/1450/ 1444/1444/ 1449/1449/
f 1451/1451/ 1452/1452/ 1453/1453/
f 1454/1454/ 1451/1451/ 1453/1453/
f 1450/1450/ 1449/1449/ 1442/1442/
f 1441/1441/ 1450/1450/ 1442/1442/
f 1455/1455/ 1456/1456/ 1457/1457/
f 1458/1458/ 1455/1455/ 1457/1457/
f 1456/1456/ 1455/1455/ 1459/1459/
f 1460/1460/ 1456/1456/ 1459/1459/
f 1461/1461/ 1462/1462/ 1446/1446/
f 1445/1445/ 1461/1461/ 1446/1446/
f 1462/1462/ 1461/1461/ 1463/1463/
f 1464/1464/ 1462/1462/ 1463/1463/
f 1457/1457/ 1453/1453/ 1452/1452/
f 1458/1458/ 1457/1457/ 1452/1452/
f 1464/1464/ 1463/1463/ 1465/1465/
f 1466/1466/ 1464/1464/ 1465/1465/
f 1460/1460/ 1459/1459/ 1467/1467/
f 1468/1468/ 1460/1460/ 1467/1467/
f 1466/1466/ 1465/1465/ 1469/1469/
f 1470/1470/ 1466/1466/ 1469/1469/
f 1471/1471/ 1472/1472/ 1473/1473/
f 1474/1474/ 1471/1471/ 1473/1473/
f 1467/1467/ 1475/1475/ 1476/1476/
f 1468/1468/ 1467/1467/ 1476/1476/
f 1472/1472/ 1471/1471/ 1477/1477/
f 1478/1478/ 1472/1472/ 1477/1477/
f 1408/1408/ 1407/1407/ 1479/1479/
f 1480/1480/ 1408/1408/ 1479/1479/
f 1475/1475/ 1481/1481/ 1482/1482/
f 1476/1476/ 1475/1475/ 1482/1482/
f 1474/1474/ 1473/1473/ 1470/1470/
f 1469/1469/ 1474/1474/ 1470/1470/
f 1385/1385/ 1483/1483/ 1484/1484/
f 1386/1386/ 1385/1385/ 1484/1484/
f 1478/1478/ 1477/1477/ 1485/1485/
f 1486/1486/ 1478/1478/ 1485/1485/
f 1480/1480/ 1479/1479/ 1390/1390/
f 1389/1389/ 1480/1480/ 1390/1390/
f 1388/1388/ 1387/1387/ 1377/1377/
f 1377/1377/ 1400/1400/ 1388/1388/
f 1483/1483/ 1482/1482/ 1481/1481/
f 1484/1484/ 1483/1483/ 1481/1481/
f 1486/1486/ 1485/1485/ 1380/1380/
f 1379/1379/ 1486/1486/ 1380/1380/
f 1395/1395/ 1394/1394/ 1487/1487/
f 1488/1488/ 1395/1395/ 1487/1487/
f 1489/1489/ 1490/1490/ 1392/1392/
f 1491/1491/ 1489/1489/ 1392/1392/
f 1492/1492/ 1493/1493/ 1494/1494/
f 1411/1411/ 1492/1492/ 1494/1494/
f 1495/1495/ 1496/1496/ 1497/1497/
f 1498/1498/ 1495/1495/ 1497/1497/
f 1488/1488/ 1499/1499/ 1500/1500/
f 1395/1395/ 1488/1488/ 1500/1500/
f 1498/1498/ 1501/1501/ 1502/1502/
f 1495/1495/ 1498/1498/ 1502/1502/
f 1411/1411/ 1410/1410/ 1503/1503/
f 1492/1492/ 1411/1411/ 1503/1503/
f 1398/1398/ 1414/1414/ 1504/1504/
f 1505/1505/ 1398/1398/ 1504/1504/
f 1505/1505/ 1487/1487/ 1394/1394/
f 1398/1398/ 1505/1505/ 1394/1394/
f 1410/1410/ 1416/1416/ 1506/1506/
f 1503/1503/ 1410/1410/ 1506/1506/
f 1417/1417/ 1507/1507/ 1508/1508/
f 1509/1509/ 1417/1417/ 1508/1508/
f 1496/1496/ 1489/1489/ 1491/1491/
f 1497/1497/ 1496/1496/ 1491/1491/
f 1509/1509/ 1510/1510/ 1421/1421/
f 1417/1417/ 1509/1509/ 1421/1421/
f 1414/1414/ 1511/1511/ 1512/1512/
f 1504/1504/ 1414/1414/ 1512/1512/
f 1510/1510/ 1506/1506/ 1416/1416/
f 1421/1421/ 1510/1510/ 1416/1416/
f 1513/1513/ 1514/1514/ 1515/1515/
f 1516/1516/ 1513/1513/ 1515/1515/
f 1516/1516/ 1517/1517/ 1518/1518/
f 1513/1513/ 1516/1516/ 1518/1518/
f 1519/1519/ 1508/1508/ 1507/1507/
f 1520/1520/ 1519/1519/ 1507/1507/
f 1514/1514/ 1521/1521/ 1522/1522/
f 1515/1515/ 1514/1514/ 1522/1522/
f 1520/1520/ 1523/1523/ 1524/1524/
f 1519/1519/ 1520/1520/ 1524/1524/
f 1521/1521/ 1512/1512/ 1511/1511/
f 1522/1522/ 1521/1521/ 1511/1511/
f 1523/1523/ 1525/1525/ 1526/1526/
f 1524/1524/ 1523/1523/ 1526/1526/
f 1517/1517/ 1527/1527/ 1528/1528/
f 1518/1518/ 1517/1517/ 1528/1528/
f 1525/1525/ 1529/1529/ 1530/1530/
f 1526/1526/ 1525/1525/ 1530/1530/
f 1531/1531/ 1532/1532/ 1533/1533/
f 1534/1534/ 1531/1531/ 1533/1533/
f 1527/1527/ 1535/1535/ 1536/1536/
f 1528/1528/ 1527/1527/ 1536/1536/
f 1534/1534/ 1537/1537/ 1538/1538/
f 1531/1531/ 1534/1534/ 1538/1538/
f 1539/1539/ 1540/1540/ 1541/1541/
f 1542/1542/ 1539/1539/ 1541/1541/
f 1537/1537/ 1530/1530/ 1529/1529/
f 1538/1538/ 1537/1537/ 1529/1529/
f 1543/1543/ 1544/1544/ 1457/1457/
f 1456/1456/ 1543/1543/ 1457/1457/
f 1456/1456/ 1545/1545/ 1546/1546/
f 1543/1543/ 1456/1456/ 1546/1546/
f 1547/1547/ 1533/1533/ 1532/1532/
f 1548/1548/ 1547/1547/ 1532/1532/
f 1548/1548/ 1549/1549/ 1550/1550/
f 1547/1547/ 1548/1548/ 1550/1550/
f 1544/1544/ 1541/1541/ 1540/1540/
f 1457/1457/ 1544/1544/ 1540/1540/
f 1549/1549/ 1551/1551/ 1552/1552/
f 1550/1550/ 1549/1549/ 1552/1552/
f 1545/1545/ 1553/1553/ 1554/1554/
f 1546/1546/ 1545/1545/ 1554/1554/
f 1551/1551/ 1555/1555/ 1556/1556/
f 1552/1552/ 1551/1551/ 1556/1556/
f 1557/1557/ 1558/1558/ 1559/1559/
f 1560/1560/ 1557/1557/ 1559/1559/
f 1553/1553/ 1561/1561/ 1562/1562/
f 1554/1554/ 1553/1553/ 1562/1562/
f 1560/1560/ 1563/1563/ 1564/1564/
f 1557/1557/ 1560/1560/ 1564/1564/
f 1501/1501/ 1565/1565/ 1566/1566/
f 1502/1502/ 1501/1501/ 1566/1566/
f 1561/1561/ 1567/1567/ 1568/1568/
f 1562/1562/ 1561/1561/ 1568/1568/
f 1558/1558/ 1556/1556/ 1555/1555/
f 1559/1559/ 1558/1558/ 1555/1555/
f 1569/1569/ 1570/1570/ 1483/1483/
f 1385/1385/ 1569/1569/ 1483/1483/
f 1385/1385/ 1384/1384/ 1571/1571/
f 1569/1569/ 1385/1385/ 1571/1571/
f 1563/1563/ 1572/1572/ 1573/1573/
f 1564/1564/ 1563/1563/ 1573/1573/
f 1565/1565/ 1574/1574/ 1575/1575/
f 1566/1566/ 1565/1565/ 1575/1575/
f 1493/1493/ 1576/1576/ 1577/1577/
f 1494/1494/ 1493/1493/ 1577/1577/
f 1570/1570/ 1568/1568/ 1567/1567/
f 1483/1483/ 1570/1570/ 1567/1567/
f 1572/1572/ 1578/1578/ 1579/1579/
f 1573/1573/ 1572/1572/ 1579/1579/
f 1384/1384/ 1392/1392/ 1490/1490/
f 1571/1571/ 1384/1384/ 1490/1490/
f 1578/1578/ 1500/1500/ 1499/1499/
f 1579/1579/ 1578/1578/ 1499/1499/
f 1576/1576/ 1575/1575/ 1574/1574/
f 1577/1577/ 1576/1576/ 1574/1574/
f 1580/1580/ 1581/1581/ 1582/1582/
f 1583/1583/ 1584/1584/ 1585/1585/
f 1586/1586/ 1583/1583/ 1585/1585/
f 1587/1587/ 1588/1588/ 1589/1589/
f 1588/1588/ 1590/1590/ 1591/1591/
f 1589/1589/ 1588/1588/ 1591/1591/
f 1592/1592/ 1593/1593/ 1594/1594/
f 1595/1595/ 1596/1596/ 1597/1597/
f 1598/1598/ 1599/1599/ 1600/1600/
f 1601/1601/ 1602/1602/ 1603/1603/
f 1604/1604/ 1605/1605/ 1597/1597/
f 1606/1606/ 1607/1607/ 1608/1608/
f 1609/1609/ 1610/1610/ 1600/1600/
f 1604/1604/ 1611/1611/ 1605/1605/
f 1612/1612/ 1613/1613/ 1614/1614/
f 1615/1615/ 1616/1616/ 1617/1617/
f 1618/1618/ 1619/1619/ 1620/1620/
f 1602/1602/ 1621/1621/ 1622/1622/
f 1623/1623/ 1624/1624/ 1625/1625/
f 1626/1626/ 1627/1627/ 1628/1628/
f 1592/1592/ 1594/1594/ 1614/1614/
f 1629/1629/ 1630/1630/ 1631/1631/
f 1632/1632/ 1633/1633/ 1634/1634/
f 1635/1635/ 1585/1585/ 1636/1636/
f 1637/1637/ 1635/1635/ 1636/1636/
f 1638/1638/ 1639/1639/ 1625/1625/
f 1640/1640/ 1638/1638/ 1625/1625/
f 1641/1641/ 1642/1642/ 1643/1643/
f 1644/1644/ 1641/1641/ 1643/1643/
f 1645/1645/ 1646/1646/ 1647/1647/
f 1648/1648/ 1649/1649/ 1650/1650/
f 1651/1651/ 1652/1652/ 1653/1653/
f 1654/1654/ 1655/1655/ 1656/1656/
f 1657/1657/ 1658/1658/ 1659/1659/
f 1660/1660/ 1657/1657/ 1659/1659/
f 1661/1661/ 1662/1662/ 1663/1663/
f 1664/1664/ 1665/1665/ 1666/1666/
f 1667/1667/ 1668/1668/ 1669/1669/
f 1670/1670/ 1671/1671/ 1672/1672/
f 1663/1663/ 1662/1662/ 1650/1650/
f 1673/1673/ 1674/1674/ 1675/1675/
f 1676/1676/ 1677/1677/ 1678/1678/
f 1679/1679/ 1680/1680/ 1681/1681/
f 1675/1675/ 1674/1674/ 1663/1663/
f 1682/1682/ 1683/1683/ 1684/1684/
f 1685/1685/ 1686/1686/ 1687/1687/
f 1688/1688/ 1689/1689/ 1690/1690/
f 1691/1691/ 1675/1675/ 1647/1647/
f 1646/1646/ 1691/1691/ 1647/1647/
f 1692/1692/ 1693/1693/ 1642/1642/
f 1694/1694/ 1692/1692/ 1642/1642/
f 1695/1695/ 1638/1638/ 1640/1640/
f 1696/1696/ 1697/1697/ 1698/1698/
f 1699/1699/ 1700/1700/ 1701/1701/
f 1702/1702/ 1703/1703/ 1704/1704/
f 1641/1641/ 1694/1694/ 1642/1642/
f 1595/1595/ 1597/1597/ 1622/1622/
f 1705/1705/ 1706/1706/ 1599/1599/
f 1707/1707/ 1659/1659/ 1693/1693/
f 1708/1708/ 1709/1709/ 1710/1710/
f 1711/1711/ 1712/1712/ 1713/1713/
f 1591/1591/ 1714/1714/ 1618/1618/
f 1715/1715/ 1716/1716/ 1717/1717/
f 1718/1718/ 1719/1719/ 1720/1720/
f 1721/1721/ 1636/1636/ 1722/1722/
f 1723/1723/ 1721/1721/ 1722/1722/
f 1649/1649/ 1724/1724/ 1698/1698/
f 1650/1650/ 1649/1649/ 1698/1698/
f 1657/1657/ 1725/1725/ 1658/1658/
f 1726/1726/ 1643/1643/ 1697/1697/
f 1727/1727/ 1664/1664/ 1728/1728/
f 1729/1729/ 1722/1722/ 1658/1658/
f 1730/1730/ 1731/1731/ 1732/1732/
f 1733/1733/ 1734/1734/ 1735/1735/
f 1736/1736/ 1737/1737/ 1738/1738/
f 1739/1739/ 1740/1740/ 1584/1584/
f 1741/1741/ 1612/1612/ 1742/1742/
f 1583/1583/ 1743/1743/ 1584/1584/
f 1721/1721/ 1637/1637/ 1636/1636/
f 1609/1609/ 1600/1600/ 1744/1744/
f 1745/1745/ 1609/1609/ 1744/1744/
f 1746/1746/ 1747/1747/ 1748/1748/
f 1749/1749/ 1750/1750/ 1751/1751/
f 1752/1752/ 1753/1753/ 1754/1754/
f 1755/1755/ 1756/1756/ 1757/1757/
f 1758/1758/ 1759/1759/ 1760/1760/
f 1761/1761/ 1762/1762/ 1763/1763/
f 1764/1764/ 1765/1765/ 1766/1766/
f 1767/1767/ 1768/1768/ 1769/1769/
f 1770/1770/ 1771/1771/ 1772/1772/
f 1773/1773/ 1774/1774/ 1775/1775/
f 1776/1776/ 1777/1777/ 1778/1778/
f 1779/1779/ 1780/1780/ 1781/1781/
f 1782/1782/ 1783/1783/ 1784/1784/
f 1785/1785/ 1786/1786/ 1787/1787/
f 1788/1788/ 1789/1789/ 1790/1790/
f 1791/1791/ 1792/1792/ 1793/1793/
f 1794/1794/ 1795/1795/ 1796/1796/
f 1797/1797/ 1798/1798/ 1799/1799/
f 1800/1800/ 1801/1801/ 1802/1802/
f 1803/1803/ 1804/1804/ 1805/1805/
f 1806/1806/ 1807/1807/ 1808/1808/
f 1809/1809/ 1810/1810/ 1811/1811/
f 1812/1812/ 1813/1813/ 1814/1814/
f 1815/1815/ 1816/1816/ 1817/1817/
f 1818/1818/ 1819/1819/ 1820/1820/
f 1821/1821/ 1822/1822/ 1823/1823/
f 1824/1824/ 1825/1825/ 1826/1826/
f 1827/1827/ 1828/1828/ 1829/1829/
f 1830/1830/ 1831/1831/ 1832/1832/
f 1833/1833/ 1834/1834/ 1835/1835/
f 1836/1836/ 1837/1837/ 1838/1838/
f 1839/1839/ 1840/1840/ 1841/1841/
f 1842/1842/ 1843/1843/ 1844/1844/
f 1845/1845/ 1846/1846/ 1847/1847/
f 1848/1848/ 1849/1849/ 1850/1850/
f 1851/1851/ 1852/1852/ 1853/1853/
f 1854/1854/ 1855/1855/ 1856/1856/
f 1857/1857/ 1858/1858/ 1859/1859/
f 1860/1860/ 1861/1861/ 1862/1862/
f 1863/1863/ 1864/1864/ 1865/1865/
f 1866/1866/ 1867/1867/ 1868/1868/
f 1869/1869/ 1870/1870/ 1871/1871/
f 1872/1872/ 1873/1873/ 1874/1874/
f 1875/1875/ 1876/1876/ 1877/1877/
f 1878/1878/ 1879/1879/ 1880/1880/
f 1881/1881/ 1882/1882/ 1883/1883/
f 1884/1884/ 1885/1885/ 1886/1886/
f 1887/1887/ 1888/1888/ 1889/1889/
f 1890/1890/ 1891/1891/ 1892/1892/
f 1893/1893/ 1894/1894/ 1895/1895/
f 1896/1896/ 1897/1897/ 1898/1898/
f 1899/1899/ 1900/1900/ 1901/1901/
f 1902/1902/ 1903/1903/ 1904/1904/
f 1905/1905/ 1906/1906/ 1907/1907/
f 1908/1908/ 1909/1909/ 1910/1910/
f 1911/1911/ 1912/1912/ 1913/1913/
f 1914/1914/ 1915/1915/ 1916/1916/
f 1873/1873/ 1917/1917/ 1918/1918/
f 1919/1919/ 1920/1920/ 1921/1921/
f 1902/1902/ 1922/1922/ 1923/1923/
f 1924/1924/ 1925/1925/ 1926/1926/
f 1927/1927/ 1928/1928/ 1929/1929/
f 1930/1930/ 1931/1931/ 1932/1932/
f 1933/1933/ 1930/1930/ 1934/1934/
f 1935/1935/ 1936/1936/ 1937/1937/
f 1938/1938/ 1939/1939/ 1940/1940/
f 1941/1941/ 1942/1942/ 1943/1943/
f 1944/1944/ 1945/1945/ 1946/1946/
f 1947/1947/ 1948/1948/ 1949/1949/
f 1950/1950/ 1951/1951/ 1952/1952/
f 1953/1953/ 1936/1936/ 1954/1954/
f 1952/1952/ 1955/1955/ 1956/1956/
f 1957/1957/ 1944/1944/ 1958/1958/
f 1959/1959/ 1960/1960/ 1961/1961/
f 1962/1962/ 1963/1963/ 1964/1964/
f 1965/1965/ 1935/1935/ 1966/1966/
f 1967/1967/ 1968/1968/ 1969/1969/
f 1970/1970/ 1971/1971/ 1972/1972/
f 1973/1973/ 1974/1974/ 1975/1975/
f 1976/1976/ 1973/1973/ 1977/1977/
f 1978/1978/ 1979/1979/ 1980/1980/
f 1981/1981/ 1965/1965/ 1982/1982/
f 1983/1983/ 1941/1941/ 1984/1984/
f 1985/1985/ 1986/1986/ 1987/1987/
f 1979/1979/ 1957/1957/ 1980/1980/
f 1988/1988/ 1989/1989/ 1990/1990/
f 1991/1991/ 1992/1992/ 1993/1993/
f 1925/1925/ 1991/1991/ 1993/1993/
f 1994/1994/ 1995/1995/ 1996/1996/
f 1997/1997/ 1998/1998/ 1999/1999/
f 2000/2000/ 2001/2001/ 2002/2002/
f 1961/1961/ 1968/1968/ 1967/1967/
f 2003/2003/ 1965/1965/ 1966/1966/
f 1937/1937/ 1936/1936/ 1953/1953/
f 2004/2004/ 2005/2005/ 2006/2006/
f 2007/2007/ 2008/2008/ 2009/2009/
f 2010/2010/ 2011/2011/ 2012/2012/
f 2013/2013/ 2010/2010/ 2012/2012/
f 2014/2014/ 2015/2015/ 2016/2016/
f 2017/2017/ 2014/2014/ 2016/2016/
f 2009/2009/ 2018/2018/ 2019/2019/
f 2020/2020/ 2009/2009/ 2019/2019/
f 2009/2009/ 2008/2008/ 2018/2018/
f 2021/2021/ 2022/2022/ 2023/2023/
f 2024/2024/ 2021/2021/ 2023/2023/
f 2007/2007/ 2025/2025/ 2026/2026/
f 2006/2006/ 2007/2007/ 2026/2026/
f 2026/2026/ 2021/2021/ 2024/2024/
f 2006/2006/ 2026/2026/ 2024/2024/
f 2005/2005/ 2008/2008/ 2007/2007/
f 2006/2006/ 2005/2005/ 2007/2007/
f 2007/2007/ 2009/2009/ 2020/2020/
f 2025/2025/ 2007/2007/ 2020/2020/
f 2027/2027/ 2028/2028/ 2029/2029/
f 2030/2030/ 2027/2027/ 2029/2029/
f 2030/2030/ 2029/2029/ 2031/2031/
f 2032/2032/ 2030/2030/ 2031/2031/
f 2033/2033/ 2034/2034/ 2035/2035/
f 2036/2036/ 2033/2033/ 2035/2035/
f 2022/2022/ 2012/2012/ 2011/2011/
f 2023/2023/ 2022/2022/ 2011/2011/
f 2037/2037/ 2010/2010/ 2013/2013/
f 2038/2038/ 2037/2037/ 2013/2013/
f 2014/2014/ 2037/2037/ 2038/2038/
f 2015/2015/ 2014/2014/ 2038/2038/
f 2028/2028/ 2027/2027/ 2017/2017/
f 2016/2016/ 2028/2028/ 2017/2017/
f 2039/2039/ 2040/2040/ 2041/2041/
f 2042/2042/ 2039/2039/ 2041/2041/
f 2043/2043/ 2044/2044/ 2040/2040/
f 2039/2039/ 2043/2043/ 2040/2040/
f 2045/2045/ 2046/2046/ 2032/2032/
f 2031/2031/ 2045/2045/ 2032/2032/
f 2047/2047/ 2048/2048/ 2049/2049/
f 2050/2050/ 2047/2047/ 2049/2049/
f 2042/2042/ 2048/2048/ 2047/2047/
f 2039/2039/ 2042/2042/ 2047/2047/
f 2051/2051/ 2052/2052/ 2039/2039/
f 2047/2047/ 2051/2051/ 2039/2039/
f 2047/2047/ 2050/2050/ 2053/2053/
f 2051/2051/ 2047/2047/ 2053/2053/
f 2054/2054/ 2055/2055/ 2056/2056/
f 2057/2057/ 2054/2054/ 2056/2056/
f 2058/2058/ 2033/2033/ 2036/2036/
f 2059/2059/ 2058/2058/ 2036/2036/
f 2060/2060/ 2036/2036/ 2035/2035/
f 2061/2061/ 2060/2060/ 2035/2035/
f 2062/2062/ 2056/2056/ 2055/2055/
f 2063/2063/ 2062/2062/ 2055/2055/
f 2064/2064/ 2056/2056/ 2062/2062/
f 2065/2065/ 2064/2064/ 2062/2062/
f 2063/2063/ 2055/2055/ 2035/2035/
f 2034/2034/ 2063/2063/ 2035/2035/
f 2064/2064/ 2066/2066/ 2057/2057/
f 2056/2056/ 2064/2064/ 2057/2057/
f 2059/2059/ 2067/2067/ 2068/2068/
f 2058/2058/ 2059/2059/ 2068/2068/
f 2069/2069/ 2070/2070/ 2071/2071/
f 2072/2072/ 2069/2069/ 2071/2071/
f 2073/2073/ 2070/2070/ 2069/2069/
f 2074/2074/ 2073/2073/ 2069/2069/
f 2053/2053/ 2072/2072/ 2071/2071/
f 2051/2051/ 2053/2053/ 2071/2071/
f 2055/2055/ 2054/2054/ 2061/2061/
f 2035/2035/ 2055/2055/ 2061/2061/
f 2075/2075/ 2067/2067/ 2059/2059/
f 2076/2076/ 2075/2075/ 2059/2059/
f 2036/2036/ 2060/2060/ 2076/2076/
f 2059/2059/ 2036/2036/ 2076/2076/
f 2077/2077/ 2070/2070/ 2073/2073/
f 2078/2078/ 2077/2077/ 2073/2073/
f 2074/2074/ 2068/2068/ 2067/2067/
f 2073/2073/ 2074/2074/ 2067/2067/
f 2070/2070/ 2077/2077/ 2079/2079/
f 2071/2071/ 2070/2070/ 2079/2079/
f 2079/2079/ 2080/2080/ 2081/2081/
f 2071/2071/ 2079/2079/ 2081/2081/
f 2082/2082/ 2044/2044/ 2043/2043/
f 2083/2083/ 2082/2082/ 2043/2043/
f 2067/2067/ 2075/2075/ 2078/2078/
f 2073/2073/ 2067/2067/ 2078/2078/
f 2061/2061/ 2084/2084/ 2085/2085/
f 2060/2060/ 2061/2061/ 2085/2085/
f 2086/2086/ 2052/2052/ 2087/2087/
f 2081/2081/ 2087/2087/ 2052/2052/
f 2081/2081/ 2052/2052/ 2051/2051/
f 2051/2051/ 2071/2071/ 2081/2081/
f 2081/2081/ 2080/2080/ 2088/2088/
f 2089/2089/ 2081/2081/ 2088/2088/
f 2089/2089/ 2090/2090/ 2087/2087/
f 2081/2081/ 2089/2089/ 2087/2087/
f 2090/2090/ 2091/2091/ 2086/2086/
f 2087/2087/ 2090/2090/ 2086/2086/
f 2092/2092/ 2093/2093/ 2094/2094/
f 2095/2095/ 2092/2092/ 2094/2094/
f 2084/2084/ 2096/2096/ 2097/2097/
f 2085/2085/ 2084/2084/ 2097/2097/
f 2098/2098/ 2099/2099/ 2100/2100/
f 2101/2101/ 2098/2098/ 2100/2100/
f 2093/2093/ 2102/2102/ 2103/2103/
f 2094/2094/ 2093/2093/ 2103/2103/
f 2080/2080/ 2079/2079/ 2102/2102/
f 2077/2077/ 2103/2103/ 2102/2102/
f 2079/2079/ 2077/2077/ 2102/2102/
f 2078/2078/ 2104/2104/ 2103/2103/
f 2077/2077/ 2078/2078/ 2103/2103/
f 2105/2105/ 2106/2106/ 2107/2107/
f 2108/2108/ 2105/2105/ 2107/2107/
f 2075/2075/ 2076/2076/ 2109/2109/
f 2104/2104/ 2075/2075/ 2109/2109/
f 2093/2093/ 2092/2092/ 2088/2088/
f 2080/2080/ 2093/2093/ 2088/2088/
f 2093/2093/ 2080/2080/ 2102/2102/
f 2110/2110/ 2111/2111/ 2112/2112/
f 2113/2113/ 2110/2110/ 2112/2112/
f 2111/2111/ 2114/2114/ 2115/2115/
f 2112/2112/ 2111/2111/ 2115/2115/
f 2113/2113/ 2112/2112/ 2116/2116/
f 2117/2117/ 2113/2113/ 2116/2116/
f 2118/2118/ 2119/2119/ 2108/2108/
f 2107/2107/ 2118/2118/ 2108/2108/
f 2109/2109/ 2076/2076/ 2060/2060/
f 2085/2085/ 2109/2109/ 2060/2060/
f 2114/2114/ 2054/2054/ 2057/2057/
f 2120/2120/ 2114/2114/ 2057/2057/
f 2120/2120/ 2121/2121/ 2122/2122/
f 2123/2123/ 2122/2122/ 2121/2121/
f 2112/2112/ 2115/2115/ 2124/2124/
f 2116/2116/ 2112/2112/ 2124/2124/
f 2084/2084/ 2061/2061/ 2054/2054/
f 2114/2114/ 2084/2084/ 2054/2054/
f 2099/2099/ 2098/2098/ 2125/2125/
f 2126/2126/ 2099/2099/ 2125/2125/
f 2097/2097/ 2099/2099/ 2126/2126/
f 2104/2104/ 2097/2097/ 2126/2126/
f 2099/2099/ 2097/2097/ 2096/2096/
f 2127/2127/ 2099/2099/ 2096/2096/
f 2104/2104/ 2126/2126/ 2094/2094/
f 2103/2103/ 2104/2104/ 2094/2094/
f 2095/2095/ 2094/2094/ 2126/2126/
f 2125/2125/ 2095/2095/ 2126/2126/
f 2110/2110/ 2127/2127/ 2096/2096/
f 2111/2111/ 2110/2110/ 2096/2096/
f 2114/2114/ 2111/2111/ 2096/2096/
f 2084/2084/ 2114/2114/ 2096/2096/
f 2128/2128/ 2129/2129/ 2130/2130/
f 2131/2131/ 2128/2128/ 2130/2130/
f 2097/2097/ 2104/2104/ 2109/2109/
f 2085/2085/ 2097/2097/ 2109/2109/
f 2132/2132/ 2133/2133/ 2134/2134/
f 2135/2135/ 2132/2132/ 2134/2134/
f 2136/2136/ 2137/2137/ 2119/2119/
f 2118/2118/ 2136/2136/ 2119/2119/
f 2134/2134/ 2116/2116/ 2124/2124/
f 2138/2138/ 2134/2134/ 2124/2124/
f 2139/2139/ 2140/2140/ 2121/2121/
f 2066/2066/ 2139/2139/ 2121/2121/
f 2141/2141/ 2142/2142/ 2064/2064/
f 2065/2065/ 2141/2141/ 2064/2064/
f 2143/2143/ 2144/2144/ 2042/2042/
f 2041/2041/ 2143/2143/ 2042/2042/
f 2145/2145/ 2146/2146/ 2147/2147/
f 2148/2148/ 2145/2145/ 2147/2147/
f 2106/2106/ 2105/2105/ 2101/2101/
f 2100/2100/ 2106/2106/ 2101/2101/
f 2082/2082/ 2083/2083/ 2149/2149/
f 2150/2150/ 2082/2082/ 2149/2149/
f 2133/2133/ 2117/2117/ 2116/2116/
f 2134/2134/ 2133/2133/ 2116/2116/
f 2151/2151/ 2152/2152/ 2137/2137/
f 2136/2136/ 2151/2151/ 2137/2137/
f 2153/2153/ 2154/2154/ 2155/2155/
f 2156/2156/ 2153/2153/ 2155/2155/
f 2157/2157/ 2158/2158/ 2159/2159/
f 2160/2160/ 2157/2157/ 2159/2159/
f 2158/2158/ 2161/2161/ 2162/2162/
f 2159/2159/ 2158/2158/ 2162/2162/
f 2161/2161/ 2153/2153/ 2156/2156/
f 2162/2162/ 2161/2161/ 2156/2156/
f 2163/2163/ 2164/2164/ 2165/2165/
f 2166/2166/ 2163/2163/ 2165/2165/
f 2166/2166/ 2165/2165/ 2167/2167/
f 2168/2168/ 2166/2166/ 2167/2167/
f 2163/2163/ 2169/2169/ 2170/2170/
f 2164/2164/ 2163/2163/ 2170/2170/
f 2169/2169/ 2157/2157/ 2160/2160/
f 2170/2170/ 2169/2169/ 2160/2160/
f 2168/2168/ 2167/2167/ 2171/2171/
f 2172/2172/ 2168/2168/ 2171/2171/
f 2173/2173/ 2174/2174/ 2175/2175/
f 2176/2176/ 2173/2173/ 2175/2175/
f 2177/2177/ 2155/2155/ 2154/2154/
f 2178/2178/ 2179/2179/ 2177/2177/
f 2178/2178/ 2177/2177/ 2154/2154/
f 2155/2155/ 2177/2177/ 2180/2180/
f 2181/2181/ 2182/2182/ 2180/2180/
f 2177/2177/ 2181/2181/ 2180/2180/
f 2147/2147/ 2183/2183/ 2148/2148/
f 2184/2184/ 2185/2185/ 2186/2186/
f 2187/2187/ 2184/2184/ 2186/2186/
f 2140/2140/ 2188/2188/ 2123/2123/
f 2121/2121/ 2140/2140/ 2123/2123/
f 2179/2179/ 2189/2189/ 2181/2181/
f 2177/2177/ 2179/2179/ 2181/2181/
f 2173/2173/ 2172/2172/ 2171/2171/
f 2174/2174/ 2173/2173/ 2171/2171/
f 2042/2042/ 2144/2144/ 2048/2048/
f 2048/2048/ 2144/2144/ 2049/2049/
f 2185/2185/ 2190/2190/ 2191/2191/
f 2186/2186/ 2185/2185/ 2191/2191/
f 2192/2192/ 2193/2193/ 2194/2194/
f 2195/2195/ 2192/2192/ 2194/2194/
f 2196/2196/ 2197/2197/ 2193/2193/
f 2192/2192/ 2196/2196/ 2193/2193/
f 2198/2198/ 2199/2199/ 2195/2195/
f 2194/2194/ 2198/2198/ 2195/2195/
f 2179/2179/ 2178/2178/ 2200/2200/
f 2189/2189/ 2179/2179/ 2200/2200/
f 2066/2066/ 2064/2064/ 2142/2142/
f 2139/2139/ 2066/2066/ 2142/2142/
f 2138/2138/ 2201/2201/ 2135/2135/
f 2134/2134/ 2138/2138/ 2135/2135/
f 2202/2202/ 2004/2004/ 2203/2203/
f 2010/2010/ 2204/2204/ 2205/2205/
f 2011/2011/ 2010/2010/ 2205/2205/
f 2014/2014/ 2017/2017/ 2206/2206/
f 2207/2207/ 2014/2014/ 2206/2206/
f 2202/2202/ 2208/2208/ 2209/2209/
f 2210/2210/ 2202/2202/ 2209/2209/
f 2202/2202/ 2210/2210/ 2004/2004/
f 2023/2023/ 2211/2211/ 2212/2212/
f 2024/2024/ 2023/2023/ 2212/2212/
f 2213/2213/ 2214/2214/ 2203/2203/
f 2006/2006/ 2213/2213/ 2203/2203/
f 2024/2024/ 2212/2212/ 2213/2213/
f 2006/2006/ 2024/2024/ 2213/2213/
f 2203/2203/ 2004/2004/ 2006/2006/
f 2215/2215/ 2216/2216/ 2005/2005/
f 2004/2004/ 2215/2215/ 2005/2005/
f 2203/2203/ 2214/2214/ 2208/2208/
f 2202/2202/ 2203/2203/ 2208/2208/
f 2027/2027/ 2030/2030/ 2217/2217/
f 2218/2218/ 2027/2027/ 2217/2217/
f 2030/2030/ 2032/2032/ 2219/2219/
f 2217/2217/ 2030/2030/ 2219/2219/
f 2220/2220/ 2221/2221/ 2222/2222/
f 2223/2223/ 2220/2220/ 2222/2222/
f 2011/2011/ 2205/2205/ 2211/2211/
f 2023/2023/ 2011/2011/ 2211/2211/
f 2037/2037/ 2224/2224/ 2204/2204/
f 2010/2010/ 2037/2037/ 2204/2204/
f 2014/2014/ 2207/2207/ 2224/2224/
f 2037/2037/ 2014/2014/ 2224/2224/
f 2218/2218/ 2206/2206/ 2017/2017/
f 2027/2027/ 2218/2218/ 2017/2017/
f 2225/2225/ 2226/2226/ 2227/2227/
f 2228/2228/ 2225/2225/ 2227/2227/
f 2229/2229/ 2225/2225/ 2228/2228/
f 2230/2230/ 2229/2229/ 2228/2228/
f 2219/2219/ 2032/2032/ 2046/2046/
f 2231/2231/ 2232/2232/ 2226/2226/
f 2225/2225/ 2231/2231/ 2226/2226/
f 2225/2225/ 2233/2233/ 2234/2234/
f 2231/2231/ 2225/2225/ 2234/2234/
f 2235/2235/ 2236/2236/ 2237/2237/
f 2238/2238/ 2235/2235/ 2237/2237/
f 2221/2221/ 2220/2220/ 2239/2239/
f 2240/2240/ 2221/2221/ 2239/2239/
f 2241/2241/ 2242/2242/ 2222/2222/
f 2221/2221/ 2241/2241/ 2222/2222/
f 2243/2243/ 2244/2244/ 2238/2238/
f 2237/2237/ 2243/2243/ 2238/2238/
f 2245/2245/ 2246/2246/ 2243/2243/
f 2237/2237/ 2245/2245/ 2243/2243/
f 2222/2222/ 2238/2238/ 2244/2244/
f 2223/2223/ 2222/2222/ 2244/2244/
f 2236/2236/ 2247/2247/ 2245/2245/
f 2237/2237/ 2236/2236/ 2245/2245/
f 2240/2240/ 2239/2239/ 2248/2248/
f 2249/2249/ 2240/2240/ 2248/2248/
f 2250/2250/ 2251/2251/ 2252/2252/
f 2253/2253/ 2250/2250/ 2252/2252/
f 2254/2254/ 2255/2255/ 2250/2250/
f 2253/2253/ 2254/2254/ 2250/2250/
f 2233/2233/ 2252/2252/ 2251/2251/
f 2234/2234/ 2233/2233/ 2251/2251/
f 2242/2242/ 2235/2235/ 2238/2238/
f 2222/2222/ 2242/2242/ 2238/2238/
f 2256/2256/ 2257/2257/ 2240/2240/
f 2249/2249/ 2256/2256/ 2240/2240/
f 2257/2257/ 2241/2241/ 2221/2221/
f 2240/2240/ 2257/2257/ 2221/2221/
f 2258/2258/ 2259/2259/ 2254/2254/
f 2253/2253/ 2258/2258/ 2254/2254/
f 2249/2249/ 2248/2248/ 2255/2255/
f 2254/2254/ 2249/2249/ 2255/2255/
f 2253/2253/ 2252/2252/ 2260/2260/
f 2258/2258/ 2253/2253/ 2260/2260/
f 2261/2261/ 2262/2262/ 2260/2260/
f 2252/2252/ 2261/2261/ 2260/2260/
f 2262/2262/ 2261/2261/ 2263/2263/
f 2264/2264/ 2262/2262/ 2263/2263/
f 2229/2229/ 2230/2230/ 2265/2265/
f 2266/2266/ 2229/2229/ 2265/2265/
f 2259/2259/ 2256/2256/ 2249/2249/
f 2254/2254/ 2259/2259/ 2249/2249/
f 2242/2242/ 2241/2241/ 2267/2267/
f 2131/2131/ 2242/2242/ 2267/2267/
f 2252/2252/ 2233/2233/ 2261/2261/
f 2261/2261/ 2233/2233/ 2268/2268/
f 2263/2263/ 2261/2261/ 2268/2268/
f 2269/2269/ 2264/2264/ 2263/2263/
f 2270/2270/ 2269/2269/ 2263/2263/
f 2268/2268/ 2271/2271/ 2270/2270/
f 2263/2263/ 2268/2268/ 2270/2270/
f 2266/2266/ 2265/2265/ 2272/2272/
f 2273/2273/ 2266/2266/ 2272/2272/
f 2273/2273/ 2272/2272/ 2274/2274/
f 2275/2275/ 2276/2276/ 2277/2277/
f 2278/2278/ 2275/2275/ 2277/2277/
f 2279/2279/ 2280/2280/ 2281/2281/
f 2282/2282/ 2279/2279/ 2281/2281/
f 2278/2278/ 2277/2277/ 2283/2283/
f 2284/2284/ 2278/2278/ 2283/2283/
f 2260/2260/ 2262/2262/ 2264/2264/
f 2284/2284/ 2260/2260/ 2264/2264/
f 2258/2258/ 2260/2260/ 2284/2284/
f 2283/2283/ 2258/2258/ 2284/2284/
f 2259/2259/ 2258/2258/ 2283/2283/
f 2285/2285/ 2259/2259/ 2283/2283/
f 2286/2286/ 2287/2287/ 2288/2288/
f 2289/2289/ 2286/2286/ 2288/2288/
f 2290/2290/ 2267/2267/ 2241/2241/
f 2257/2257/ 2290/2290/ 2241/2241/
f 2257/2257/ 2256/2256/ 2290/2290/
f 2269/2269/ 2275/2275/ 2278/2278/
f 2264/2264/ 2269/2269/ 2278/2278/
f 2284/2284/ 2264/2264/ 2278/2278/
f 2291/2291/ 2292/2292/ 2293/2293/
f 2294/2294/ 2291/2291/ 2293/2293/
f 2236/2236/ 2235/2235/ 2130/2130/
f 2295/2295/ 2236/2236/ 2130/2130/
f 2131/2131/ 2130/2130/ 2235/2235/
f 2242/2242/ 2131/2131/ 2235/2235/
f 2292/2292/ 2296/2296/ 2297/2297/
f 2293/2293/ 2292/2292/ 2297/2297/
f 2287/2287/ 2298/2298/ 2299/2299/
f 2288/2288/ 2287/2287/ 2299/2299/
f 2267/2267/ 2290/2290/ 2285/2285/
f 2300/2300/ 2267/2267/ 2285/2285/
f 2129/2129/ 2293/2293/ 2295/2295/
f 2130/2130/ 2129/2129/ 2295/2295/
f 2301/2301/ 2295/2295/ 2293/2293/
f 2297/2297/ 2301/2301/ 2293/2293/
f 2282/2282/ 2302/2302/ 2303/2303/
f 2279/2279/ 2282/2282/ 2303/2303/
f 2300/2300/ 2285/2285/ 2302/2302/
f 2282/2282/ 2300/2300/ 2302/2302/
f 2259/2259/ 2285/2285/ 2290/2290/
f 2256/2256/ 2259/2259/ 2290/2290/
f 2282/2282/ 2304/2304/ 2128/2128/
f 2300/2300/ 2282/2282/ 2128/2128/
f 2277/2277/ 2302/2302/ 2285/2285/
f 2283/2283/ 2277/2277/ 2285/2285/
f 2302/2302/ 2277/2277/ 2276/2276/
f 2303/2303/ 2302/2302/ 2276/2276/
f 2128/2128/ 2304/2304/ 2291/2291/
f 2294/2294/ 2128/2128/ 2291/2291/
f 2131/2131/ 2267/2267/ 2300/2300/
f 2128/2128/ 2131/2131/ 2300/2300/
f 2305/2305/ 2306/2306/ 2307/2307/
f 2308/2308/ 2305/2305/ 2307/2307/
f 2309/2309/ 2299/2299/ 2298/2298/
f 2310/2310/ 2309/2309/ 2298/2298/
f 2311/2311/ 2312/2312/ 2313/2313/
f 2314/2314/ 2311/2311/ 2313/2313/
f 2314/2314/ 2295/2295/ 2301/2301/
f 2301/2301/ 2311/2311/ 2314/2314/
f 2307/2307/ 2315/2315/ 2316/2316/
f 2297/2297/ 2307/2307/ 2316/2316/
f 2317/2317/ 2247/2247/ 2314/2314/
f 2313/2313/ 2317/2317/ 2314/2314/
f 2245/2245/ 2318/2318/ 2319/2319/
f 2246/2246/ 2245/2245/ 2319/2319/
f 2226/2226/ 2320/2320/ 2321/2321/
f 2227/2227/ 2226/2226/ 2321/2321/
f 2322/2322/ 2148/2148/ 2323/2323/
f 2324/2324/ 2322/2322/ 2323/2323/
f 2280/2280/ 2286/2286/ 2289/2289/
f 2281/2281/ 2280/2280/ 2289/2289/
f 2297/2297/ 2296/2296/ 2308/2308/
f 2307/2307/ 2297/2297/ 2308/2308/
f 2325/2325/ 2309/2309/ 2310/2310/
f 2326/2326/ 2325/2325/ 2310/2310/
f 2327/2327/ 2156/2156/ 2155/2155/
f 2328/2328/ 2327/2327/ 2155/2155/
f 2329/2329/ 2160/2160/ 2159/2159/
f 2330/2330/ 2329/2329/ 2159/2159/
f 2330/2330/ 2159/2159/ 2162/2162/
f 2331/2331/ 2330/2330/ 2162/2162/
f 2331/2331/ 2162/2162/ 2156/2156/
f 2327/2327/ 2331/2331/ 2156/2156/
f 2332/2332/ 2333/2333/ 2165/2165/
f 2164/2164/ 2332/2332/ 2165/2165/
f 2333/2333/ 2334/2334/ 2167/2167/
f 2165/2165/ 2333/2333/ 2167/2167/
f 2332/2332/ 2164/2164/ 2170/2170/
f 2335/2335/ 2332/2332/ 2170/2170/
f 2335/2335/ 2170/2170/ 2160/2160/
f 2329/2329/ 2335/2335/ 2160/2160/
f 2334/2334/ 2336/2336/ 2171/2171/
f 2167/2167/ 2334/2334/ 2171/2171/
f 2323/2323/ 2148/2148/ 2183/2183/
f 2337/2337/ 2338/2338/ 2175/2175/
f 2174/2174/ 2337/2337/ 2175/2175/
f 2328/2328/ 2155/2155/ 2339/2339/
f 2339/2339/ 2340/2340/ 2341/2341/
f 2341/2341/ 2328/2328/ 2339/2339/
f 2180/2180/ 2339/2339/ 2155/2155/
f 2180/2180/ 2182/2182/ 2339/2339/
f 2342/2342/ 2343/2343/ 2344/2344/
f 2345/2345/ 2342/2342/ 2344/2344/
f 2182/2182/ 2346/2346/ 2340/2340/
f 2339/2339/ 2182/2182/ 2340/2340/
f 2171/2171/ 2336/2336/ 2337/2337/
f 2174/2174/ 2171/2171/ 2337/2337/
f 2226/2226/ 2232/2232/ 2320/2320/
f 2347/2347/ 2348/2348/ 2349/2349/
f 2350/2350/ 2347/2347/ 2349/2349/
f 2351/2351/ 2352/2352/ 2353/2353/
f 2354/2354/ 2351/2351/ 2353/2353/
f 2199/2199/ 2198/2198/ 2354/2354/
f 2353/2353/ 2199/2199/ 2354/2354/
f 2355/2355/ 2356/2356/ 2352/2352/
f 2351/2351/ 2355/2355/ 2352/2352/
f 2340/2340/ 2346/2346/ 2357/2357/
f 2341/2341/ 2340/2340/ 2357/2357/
f 2315/2315/ 2307/2307/ 2306/2306/
f 2358/2358/ 2315/2315/ 2306/2306/
f 2247/2247/ 2317/2317/ 2318/2318/
f 2245/2245/ 2247/2247/ 2318/2318/
f 2359/2359/ 2360/2360/ 2361/2361/
f 2362/2362/ 2363/2363/ 2364/2364/
f 2365/2365/ 2362/2362/ 2364/2364/
f 2366/2366/ 2367/2367/ 2368/2368/
f 2369/2369/ 2366/2366/ 2368/2368/
f 2209/2209/ 2370/2370/ 2361/2361/
f 2210/2210/ 2209/2209/ 2361/2361/
f 2361/2361/ 2360/2360/ 2004/2004/
f 2210/2210/ 2361/2361/ 2004/2004/
f 2371/2371/ 2372/2372/ 2373/2373/
f 2374/2374/ 2371/2371/ 2373/2373/
f 2375/2375/ 2360/2360/ 2359/2359/
f 2359/2359/ 2361/2361/ 2370/2370/
f 2376/2376/ 2359/2359/ 2370/2370/
f 2359/2359/ 2376/2376/ 2377/2377/
f 2375/2375/ 2359/2359/ 2377/2377/
f 2378/2378/ 2379/2379/ 2380/2380/
f 2381/2381/ 2378/2378/ 2380/2380/
f 2381/2381/ 2380/2380/ 2382/2382/
f 2383/2383/ 2381/2381/ 2382/2382/
f 2360/2360/ 2375/2375/ 2384/2384/
f 2385/2385/ 2386/2386/ 2387/2387/
f 2388/2388/ 2385/2385/ 2387/2387/
f 2377/2377/ 2371/2371/ 2374/2374/
f 2375/2375/ 2377/2377/ 2374/2374/
f 2372/2372/ 2364/2364/ 2363/2363/
f 2373/2373/ 2372/2372/ 2363/2363/
f 2389/2389/ 2362/2362/ 2365/2365/
f 2390/2390/ 2389/2389/ 2365/2365/
f 2369/2369/ 2389/2389/ 2390/2390/
f 2366/2366/ 2369/2369/ 2390/2390/
f 2378/2378/ 2368/2368/ 2367/2367/
f 2379/2379/ 2378/2378/ 2367/2367/
f 2227/2227/ 2391/2391/ 2392/2392/
f 2228/2228/ 2227/2227/ 2392/2392/
f 2228/2228/ 2392/2392/ 2393/2393/
f 2230/2230/ 2228/2228/ 2393/2393/
f 2382/2382/ 2394/2394/ 2383/2383/
f 2395/2395/ 2392/2392/ 2391/2391/
f 2396/2396/ 2395/2395/ 2391/2391/
f 2392/2392/ 2395/2395/ 2397/2397/
f 2398/2398/ 2392/2392/ 2397/2397/
f 2399/2399/ 2400/2400/ 2401/2401/
f 2402/2402/ 2399/2399/ 2401/2401/
f 2403/2403/ 2385/2385/ 2388/2388/
f 2404/2404/ 2403/2403/ 2388/2388/
f 2405/2405/ 2388/2388/ 2387/2387/
f 2406/2406/ 2405/2405/ 2387/2387/
f 2407/2407/ 2401/2401/ 2400/2400/
f 2408/2408/ 2407/2407/ 2400/2400/
f 2409/2409/ 2401/2401/ 2407/2407/
f 2410/2410/ 2409/2409/ 2407/2407/
f 2408/2408/ 2400/2400/ 2387/2387/
f 2386/2386/ 2408/2408/ 2387/2387/
f 2409/2409/ 2411/2411/ 2402/2402/
f 2401/2401/ 2409/2409/ 2402/2402/
f 2404/2404/ 2412/2412/ 2413/2413/
f 2403/2403/ 2404/2404/ 2413/2413/
f 2414/2414/ 2415/2415/ 2416/2416/
f 2414/2414/ 2416/2416/ 2417/2417/
f 2418/2418/ 2414/2414/ 2417/2417/
f 2419/2419/ 2418/2418/ 2417/2417/
f 2420/2420/ 2419/2419/ 2417/2417/
f 2397/2397/ 2416/2416/ 2415/2415/
f 2398/2398/ 2397/2397/ 2415/2415/
f 2400/2400/ 2399/2399/ 2406/2406/
f 2387/2387/ 2400/2400/ 2406/2406/
f 2421/2421/ 2412/2412/ 2404/2404/
f 2422/2422/ 2421/2421/ 2404/2404/
f 2388/2388/ 2405/2405/ 2422/2422/
f 2404/2404/ 2388/2388/ 2422/2422/
f 2423/2423/ 2418/2418/ 2419/2419/
f 2424/2424/ 2423/2423/ 2419/2419/
f 2420/2420/ 2413/2413/ 2412/2412/
f 2419/2419/ 2420/2420/ 2412/2412/
f 2418/2418/ 2423/2423/ 2425/2425/
f 2414/2414/ 2418/2418/ 2425/2425/
f 2426/2426/ 2398/2398/ 2415/2415/
f 2425/2425/ 2426/2426/ 2415/2415/
f 2425/2425/ 2415/2415/ 2414/2414/
f 2426/2426/ 2427/2427/ 2428/2428/
f 2398/2398/ 2426/2426/ 2428/2428/
f 2265/2265/ 2230/2230/ 2393/2393/
f 2429/2429/ 2265/2265/ 2393/2393/
f 2428/2428/ 2430/2430/ 2398/2398/
f 2412/2412/ 2421/2421/ 2424/2424/
f 2419/2419/ 2412/2412/ 2424/2424/
f 2406/2406/ 2431/2431/ 2432/2432/
f 2405/2405/ 2406/2406/ 2432/2432/
f 2428/2428/ 2427/2427/ 2433/2433/
f 2434/2434/ 2428/2428/ 2433/2433/
f 2435/2435/ 2272/2272/ 2265/2265/
f 2436/2436/ 2435/2435/ 2265/2265/
f 2436/2436/ 2265/2265/ 2429/2429/
f 2437/2437/ 2438/2438/ 2322/2322/
f 2324/2324/ 2437/2437/ 2322/2322/
f 2439/2439/ 2440/2440/ 2441/2441/
f 2442/2442/ 2439/2439/ 2441/2441/
f 2443/2443/ 2444/2444/ 2445/2445/
f 2446/2446/ 2443/2443/ 2445/2445/
f 2440/2440/ 2447/2447/ 2448/2448/
f 2441/2441/ 2440/2440/ 2448/2448/
f 2425/2425/ 2447/2447/ 2427/2427/
f 2426/2426/ 2425/2425/ 2427/2427/
f 2423/2423/ 2448/2448/ 2447/2447/
f 2425/2425/ 2423/2423/ 2447/2447/
f 2424/2424/ 2449/2449/ 2448/2448/
f 2423/2423/ 2424/2424/ 2448/2448/
f 2450/2450/ 2451/2451/ 2452/2452/
f 2453/2453/ 2450/2450/ 2452/2452/
f 2405/2405/ 2432/2432/ 2454/2454/
f 2422/2422/ 2405/2405/ 2454/2454/
f 2421/2421/ 2422/2422/ 2454/2454/
f 2440/2440/ 2439/2439/ 2433/2433/
f 2427/2427/ 2440/2440/ 2433/2433/
f 2440/2440/ 2427/2427/ 2447/2447/
f 2455/2455/ 2456/2456/ 2457/2457/
f 2458/2458/ 2455/2455/ 2457/2457/
f 2402/2402/ 2459/2459/ 2460/2460/
f 2399/2399/ 2402/2402/ 2460/2460/
f 2399/2399/ 2460/2460/ 2431/2431/
f 2406/2406/ 2399/2399/ 2431/2431/
f 2458/2458/ 2457/2457/ 2461/2461/
f 2462/2462/ 2458/2458/ 2461/2461/
f 2463/2463/ 2464/2464/ 2453/2453/
f 2452/2452/ 2463/2463/ 2453/2453/
f 2459/2459/ 2465/2465/ 2466/2466/
f 2444/2444/ 2443/2443/ 2467/2467/
f 2468/2468/ 2444/2444/ 2467/2467/
f 2469/2469/ 2444/2444/ 2468/2468/
f 2449/2449/ 2469/2469/ 2468/2468/
f 2454/2454/ 2449/2449/ 2424/2424/
f 2421/2421/ 2454/2454/ 2424/2424/
f 2444/2444/ 2469/2469/ 2470/2470/
f 2471/2471/ 2444/2444/ 2470/2470/
f 2454/2454/ 2432/2432/ 2469/2469/
f 2449/2449/ 2454/2454/ 2469/2469/
f 2449/2449/ 2468/2468/ 2441/2441/
f 2448/2448/ 2449/2449/ 2441/2441/
f 2442/2442/ 2441/2441/ 2468/2468/
f 2467/2467/ 2442/2442/ 2468/2468/
f 2466/2466/ 2465/2465/ 2472/2472/
f 2431/2431/ 2460/2460/ 2456/2456/
f 2470/2470/ 2431/2431/ 2456/2456/
f 2455/2455/ 2471/2471/ 2470/2470/
f 2456/2456/ 2455/2455/ 2470/2470/
f 2460/2460/ 2473/2473/ 2457/2457/
f 2456/2456/ 2460/2460/ 2457/2457/
f 2431/2431/ 2470/2470/ 2469/2469/
f 2432/2432/ 2431/2431/ 2469/2469/
f 2473/2473/ 2474/2474/ 2461/2461/
f 2457/2457/ 2473/2473/ 2461/2461/
f 2475/2475/ 2476/2476/ 2477/2477/
f 2478/2478/ 2475/2475/ 2477/2477/
f 2479/2479/ 2480/2480/ 2464/2464/
f 2463/2463/ 2479/2479/ 2464/2464/
f 2472/2472/ 2465/2465/ 2481/2481/
f 2482/2482/ 2472/2472/ 2481/2481/
f 2474/2474/ 2483/2483/ 2477/2477/
f 2461/2461/ 2474/2474/ 2477/2477/
f 2484/2484/ 2481/2481/ 2465/2465/
f 2411/2411/ 2484/2484/ 2465/2465/
f 2485/2485/ 2486/2486/ 2409/2409/
f 2410/2410/ 2485/2485/ 2409/2409/
f 2321/2321/ 2487/2487/ 2391/2391/
f 2227/2227/ 2321/2321/ 2391/2391/
f 2451/2451/ 2450/2450/ 2446/2446/
f 2445/2445/ 2451/2451/ 2446/2446/
f 2476/2476/ 2462/2462/ 2461/2461/
f 2477/2477/ 2476/2476/ 2461/2461/
f 2488/2488/ 2489/2489/ 2480/2480/
f 2479/2479/ 2488/2488/ 2480/2480/
f 2490/2490/ 2491/2491/ 2492/2492/
f 2493/2493/ 2490/2490/ 2492/2492/
f 2494/2494/ 2495/2495/ 2496/2496/
f 2497/2497/ 2494/2494/ 2496/2496/
f 2495/2495/ 2498/2498/ 2499/2499/
f 2496/2496/ 2495/2495/ 2499/2499/
f 2498/2498/ 2490/2490/ 2493/2493/
f 2499/2499/ 2498/2498/ 2493/2493/
f 2500/2500/ 2501/2501/ 2502/2502/
f 2503/2503/ 2500/2500/ 2502/2502/
f 2503/2503/ 2502/2502/ 2504/2504/
f 2505/2505/ 2503/2503/ 2504/2504/
f 2500/2500/ 2506/2506/ 2507/2507/
f 2501/2501/ 2500/2500/ 2507/2507/
f 2506/2506/ 2494/2494/ 2497/2497/
f 2507/2507/ 2506/2506/ 2497/2497/
f 2505/2505/ 2504/2504/ 2508/2508/
f 2509/2509/ 2505/2505/ 2508/2508/
f 2437/2437/ 2510/2510/ 2438/2438/
f 2511/2511/ 2512/2512/ 2513/2513/
f 2514/2514/ 2511/2511/ 2513/2513/
f 2515/2515/ 2492/2492/ 2516/2516/
f 2348/2348/ 2517/2517/ 2518/2518/
f 2349/2349/ 2348/2348/ 2518/2518/
f 2519/2519/ 2346/2346/ 2516/2516/
f 2519/2519/ 2516/2516/ 2492/2492/
f 2519/2519/ 2492/2492/ 2491/2491/
f 2511/2511/ 2509/2509/ 2508/2508/
f 2512/2512/ 2511/2511/ 2508/2508/
f 2391/2391/ 2487/2487/ 2396/2396/
f 2520/2520/ 2521/2521/ 2522/2522/
f 2523/2523/ 2520/2520/ 2522/2522/
f 2524/2524/ 2525/2525/ 2526/2526/
f 2527/2527/ 2524/2524/ 2526/2526/
f 2356/2356/ 2355/2355/ 2527/2527/
f 2526/2526/ 2356/2356/ 2527/2527/
f 2528/2528/ 2529/2529/ 2525/2525/
f 2524/2524/ 2528/2528/ 2525/2525/
f 2357/2357/ 2346/2346/ 2519/2519/
f 2478/2478/ 2477/2477/ 2483/2483/
f 2530/2530/ 2478/2478/ 2483/2483/
f 2411/2411/ 2409/2409/ 2486/2486/
f 2484/2484/ 2411/2411/ 2486/2486/
f 2430/2430/ 2428/2428/ 2434/2434/
f 2531/2531/ 2430/2430/ 2434/2434/
f 2532/2532/ 2384/2384/ 2533/2533/
f 2362/2362/ 2534/2534/ 2535/2535/
f 2363/2363/ 2362/2362/ 2535/2535/
f 2536/2536/ 2537/2537/ 2538/2538/
f 2368/2368/ 2539/2539/ 2540/2540/
f 2369/2369/ 2368/2368/ 2540/2540/
f 2532/2532/ 2541/2541/ 2542/2542/
f 2543/2543/ 2532/2532/ 2542/2542/
f 2532/2532/ 2543/2543/ 2544/2544/
f 2384/2384/ 2532/2532/ 2544/2544/
f 2373/2373/ 2545/2545/ 2546/2546/
f 2374/2374/ 2373/2373/ 2546/2546/
f 2533/2533/ 2384/2384/ 2375/2375/
f 2547/2547/ 2548/2548/ 2384/2384/
f 2544/2544/ 2547/2547/ 2384/2384/
f 2533/2533/ 2549/2549/ 2541/2541/
f 2532/2532/ 2533/2533/ 2541/2541/
f 2550/2550/ 2549/2549/ 2533/2533/
f 2375/2375/ 2550/2550/ 2533/2533/
f 2378/2378/ 2381/2381/ 2551/2551/
f 2552/2552/ 2378/2378/ 2551/2551/
f 2381/2381/ 2383/2383/ 2553/2553/
f 2551/2551/ 2381/2381/ 2553/2553/
f 2554/2554/ 2555/2555/ 2556/2556/
f 2557/2557/ 2554/2554/ 2556/2556/
f 2374/2374/ 2546/2546/ 2550/2550/
f 2375/2375/ 2374/2374/ 2550/2550/
f 2363/2363/ 2535/2535/ 2545/2545/
f 2373/2373/ 2363/2363/ 2545/2545/
f 2389/2389/ 2558/2558/ 2534/2534/
f 2362/2362/ 2389/2389/ 2534/2534/
f 2369/2369/ 2540/2540/ 2558/2558/
f 2389/2389/ 2369/2369/ 2558/2558/
f 2378/2378/ 2552/2552/ 2539/2539/
f 2368/2368/ 2378/2378/ 2539/2539/
f 2559/2559/ 2560/2560/ 2561/2561/
f 2562/2562/ 2559/2559/ 2561/2561/
f 2563/2563/ 2559/2559/ 2562/2562/
f 2564/2564/ 2563/2563/ 2562/2562/
f 2383/2383/ 2394/2394/ 2565/2565/
f 2553/2553/ 2383/2383/ 2565/2565/
f 2566/2566/ 2567/2567/ 2568/2568/
f 2569/2569/ 2566/2566/ 2568/2568/
f 2560/2560/ 2559/2559/ 2569/2569/
f 2568/2568/ 2560/2560/ 2569/2569/
f 2569/2569/ 2570/2570/ 2571/2571/
f 2566/2566/ 2569/2569/ 2571/2571/
f 2572/2572/ 2573/2573/ 2574/2574/
f 2575/2575/ 2572/2572/ 2574/2574/
f 2555/2555/ 2554/2554/ 2576/2576/
f 2577/2577/ 2555/2555/ 2576/2576/
f 2578/2578/ 2579/2579/ 2556/2556/
f 2555/2555/ 2578/2578/ 2556/2556/
f 2580/2580/ 2581/2581/ 2575/2575/
f 2574/2574/ 2580/2580/ 2575/2575/
f 2582/2582/ 2583/2583/ 2580/2580/
f 2574/2574/ 2582/2582/ 2580/2580/
f 2556/2556/ 2575/2575/ 2581/2581/
f 2557/2557/ 2556/2556/ 2581/2581/
f 2573/2573/ 2584/2584/ 2582/2582/
f 2574/2574/ 2573/2573/ 2582/2582/
f 2577/2577/ 2576/2576/ 2585/2585/
f 2586/2586/ 2577/2577/ 2585/2585/
f 2587/2587/ 2588/2588/ 2589/2589/
f 2590/2590/ 2587/2587/ 2589/2589/
f 2591/2591/ 2590/2590/ 2589/2589/
f 2592/2592/ 2593/2593/ 2590/2590/
f 2591/2591/ 2592/2592/ 2590/2590/
f 2588/2588/ 2587/2587/ 2571/2571/
f 2570/2570/ 2588/2588/ 2571/2571/
f 2579/2579/ 2572/2572/ 2575/2575/
f 2556/2556/ 2579/2579/ 2575/2575/
f 2537/2537/ 2594/2594/ 2577/2577/
f 2586/2586/ 2537/2537/ 2577/2577/
f 2594/2594/ 2578/2578/ 2555/2555/
f 2577/2577/ 2594/2594/ 2555/2555/
f 2595/2595/ 2538/2538/ 2592/2592/
f 2591/2591/ 2595/2595/ 2592/2592/
f 2586/2586/ 2585/2585/ 2593/2593/
f 2592/2592/ 2586/2586/ 2593/2593/
f 2591/2591/ 2589/2589/ 2596/2596/
f 2595/2595/ 2591/2591/ 2596/2596/
f 2588/2588/ 2597/2597/ 2598/2598/
f 2588/2588/ 2598/2598/ 2596/2596/
f 2596/2596/ 2589/2589/ 2588/2588/
f 2570/2570/ 2569/2569/ 2559/2559/
f 2563/2563/ 2570/2570/ 2559/2559/
f 2599/2599/ 2600/2600/ 2597/2597/
f 2570/2570/ 2599/2599/ 2597/2597/
f 2598/2598/ 2597/2597/ 2600/2600/
f 2601/2601/ 2598/2598/ 2600/2600/
f 2563/2563/ 2564/2564/ 2602/2602/
f 2603/2603/ 2563/2563/ 2602/2602/
f 2538/2538/ 2537/2537/ 2586/2586/
f 2592/2592/ 2538/2538/ 2586/2586/
f 2579/2579/ 2578/2578/ 2604/2604/
f 2605/2605/ 2579/2579/ 2604/2604/
f 2570/2570/ 2563/2563/ 2603/2603/
f 2599/2599/ 2570/2570/ 2603/2603/
f 2597/2597/ 2588/2588/ 2570/2570/
f 2606/2606/ 2601/2601/ 2600/2600/
f 2607/2607/ 2606/2606/ 2600/2600/
f 2608/2608/ 2599/2599/ 2603/2603/
f 2609/2609/ 2608/2608/ 2603/2603/
f 2610/2610/ 2611/2611/ 2612/2612/
f 2438/2438/ 2610/2610/ 2612/2612/
f 2613/2613/ 2614/2614/ 2615/2615/
f 2616/2616/ 2613/2613/ 2615/2615/
f 2605/2605/ 2604/2604/ 2617/2617/
f 2618/2618/ 2605/2605/ 2617/2617/
f 2619/2619/ 2620/2620/ 2621/2621/
f 2622/2622/ 2619/2619/ 2621/2621/
f 2616/2616/ 2615/2615/ 2623/2623/
f 2624/2624/ 2616/2616/ 2623/2623/
f 2596/2596/ 2598/2598/ 2601/2601/
f 2624/2624/ 2596/2596/ 2601/2601/
f 2595/2595/ 2596/2596/ 2624/2624/
f 2623/2623/ 2595/2595/ 2624/2624/
f 2538/2538/ 2595/2595/ 2623/2623/
f 2536/2536/ 2538/2538/ 2623/2623/
f 2625/2625/ 2626/2626/ 2627/2627/
f 2628/2628/ 2625/2625/ 2627/2627/
f 2537/2537/ 2536/2536/ 2629/2629/
f 2594/2594/ 2537/2537/ 2629/2629/
f 2606/2606/ 2613/2613/ 2616/2616/
f 2601/2601/ 2606/2606/ 2616/2616/
f 2624/2624/ 2601/2601/ 2616/2616/
f 2630/2630/ 2631/2631/ 2632/2632/
f 2633/2633/ 2630/2630/ 2632/2632/
f 2634/2634/ 2635/2635/ 2633/2633/
f 2632/2632/ 2634/2634/ 2633/2633/
f 2631/2631/ 2636/2636/ 2637/2637/
f 2632/2632/ 2631/2631/ 2637/2637/
f 2626/2626/ 2638/2638/ 2639/2639/
f 2627/2627/ 2626/2626/ 2639/2639/
f 2578/2578/ 2594/2594/ 2629/2629/
f 2604/2604/ 2578/2578/ 2629/2629/
f 2635/2635/ 2640/2640/ 2573/2573/
f 2572/2572/ 2635/2635/ 2573/2573/
f 2573/2573/ 2641/2641/ 2584/2584/
f 2642/2642/ 2643/2643/ 2641/2641/
f 2644/2644/ 2634/2634/ 2632/2632/
f 2637/2637/ 2644/2644/ 2632/2632/
f 2572/2572/ 2579/2579/ 2605/2605/
f 2635/2635/ 2572/2572/ 2605/2605/
f 2622/2622/ 2645/2645/ 2646/2646/
f 2619/2619/ 2622/2622/ 2646/2646/
f 2617/2617/ 2536/2536/ 2645/2645/
f 2622/2622/ 2617/2617/ 2645/2645/
f 2622/2622/ 2647/2647/ 2618/2618/
f 2617/2617/ 2622/2622/ 2618/2618/
f 2615/2615/ 2645/2645/ 2536/2536/
f 2623/2623/ 2615/2615/ 2536/2536/
f 2645/2645/ 2615/2615/ 2614/2614/
f 2646/2646/ 2645/2645/ 2614/2614/
f 2618/2618/ 2647/2647/ 2630/2630/
f 2633/2633/ 2618/2618/ 2630/2630/
f 2618/2618/ 2633/2633/ 2635/2635/
f 2605/2605/ 2618/2618/ 2635/2635/
f 2648/2648/ 2649/2649/ 2650/2650/
f 2651/2651/ 2648/2648/ 2650/2650/
f 2629/2629/ 2536/2536/ 2617/2617/
f 2604/2604/ 2629/2629/ 2617/2617/
f 2652/2652/ 2653/2653/ 2654/2654/
f 2655/2655/ 2652/2652/ 2654/2654/
f 2656/2656/ 2639/2639/ 2638/2638/
f 2657/2657/ 2656/2656/ 2638/2638/
f 2654/2654/ 2658/2658/ 2644/2644/
f 2637/2637/ 2654/2654/ 2644/2644/
f 2641/2641/ 2659/2659/ 2660/2660/
f 2584/2584/ 2641/2641/ 2660/2660/
f 2582/2582/ 2661/2661/ 2662/2662/
f 2583/2583/ 2582/2582/ 2662/2662/
f 2560/2560/ 2663/2663/ 2664/2664/
f 2561/2561/ 2560/2560/ 2664/2664/
f 2620/2620/ 2625/2625/ 2628/2628/
f 2621/2621/ 2620/2620/ 2628/2628/
f 2665/2665/ 2666/2666/ 2603/2603/
f 2602/2602/ 2665/2665/ 2603/2603/
f 2643/2643/ 2667/2667/ 2659/2659/
f 2641/2641/ 2643/2643/ 2659/2659/
f 2637/2637/ 2636/2636/ 2655/2655/
f 2654/2654/ 2637/2637/ 2655/2655/
f 2668/2668/ 2656/2656/ 2657/2657/
f 2669/2669/ 2668/2668/ 2657/2657/
f 2670/2670/ 2493/2493/ 2492/2492/
f 2671/2671/ 2670/2670/ 2492/2492/
f 2672/2672/ 2497/2497/ 2496/2496/
f 2673/2673/ 2672/2672/ 2496/2496/
f 2673/2673/ 2496/2496/ 2499/2499/
f 2674/2674/ 2673/2673/ 2499/2499/
f 2674/2674/ 2499/2499/ 2493/2493/
f 2670/2670/ 2674/2674/ 2493/2493/
f 2675/2675/ 2676/2676/ 2502/2502/
f 2501/2501/ 2675/2675/ 2502/2502/
f 2676/2676/ 2677/2677/ 2504/2504/
f 2502/2502/ 2676/2676/ 2504/2504/
f 2675/2675/ 2501/2501/ 2507/2507/
f 2678/2678/ 2675/2675/ 2507/2507/
f 2678/2678/ 2507/2507/ 2497/2497/
f 2672/2672/ 2678/2678/ 2497/2497/
f 2677/2677/ 2679/2679/ 2508/2508/
f 2504/2504/ 2677/2677/ 2508/2508/
f 2610/2610/ 2438/2438/ 2510/2510/
f 2680/2680/ 2681/2681/ 2513/2513/
f 2512/2512/ 2680/2680/ 2513/2513/
f 2517/2517/ 2682/2682/ 2683/2683/
f 2518/2518/ 2517/2517/ 2683/2683/
f 2515/2515/ 2684/2684/ 2685/2685/
f 2492/2492/ 2515/2515/ 2685/2685/
f 2492/2492/ 2685/2685/ 2671/2671/
f 2508/2508/ 2679/2679/ 2680/2680/
f 2512/2512/ 2508/2508/ 2680/2680/
f 2568/2568/ 2663/2663/ 2560/2560/
f 2568/2568/ 2567/2567/ 2663/2663/
f 2686/2686/ 2687/2687/ 2688/2688/
f 2689/2689/ 2686/2686/ 2688/2688/
f 2689/2689/ 2688/2688/ 2529/2529/
f 2528/2528/ 2689/2689/ 2529/2529/
f 2690/2690/ 2691/2691/ 2687/2687/
f 2686/2686/ 2690/2690/ 2687/2687/
f 2685/2685/ 2684/2684/ 2692/2692/
f 2584/2584/ 2660/2660/ 2661/2661/
f 2582/2582/ 2584/2584/ 2661/2661/
f 2653/2653/ 2693/2693/ 2658/2658/
f 2654/2654/ 2653/2653/ 2658/2658/
f 2607/2607/ 2600/2600/ 2599/2599/
f 2608/2608/ 2607/2607/ 2599/2599/
f 2694/2694/ 2695/2695/ 2696/2696/
f 2544/2544/ 2697/2697/ 2698/2698/
f 2699/2699/ 2700/2700/ 2701/2701/
f 2702/2702/ 2699/2699/ 2701/2701/
f 2703/2703/ 2704/2704/ 2705/2705/
f 2703/2703/ 2705/2705/ 2706/2706/
f 2707/2707/ 2703/2703/ 2706/2706/
f 2708/2708/ 2709/2709/ 2710/2710/
f 2711/2711/ 2708/2708/ 2710/2710/
f 2542/2542/ 2712/2712/ 2697/2697/
f 2543/2543/ 2542/2542/ 2697/2697/
f 2543/2543/ 2697/2697/ 2544/2544/
f 2713/2713/ 2714/2714/ 2715/2715/
f 2716/2716/ 2713/2713/ 2715/2715/
f 2698/2698/ 2696/2696/ 2695/2695/
f 2544/2544/ 2698/2698/ 2695/2695/
f 2698/2698/ 2697/2697/ 2712/2712/
f 2717/2717/ 2698/2698/ 2712/2712/
f 2698/2698/ 2717/2717/ 2718/2718/
f 2696/2696/ 2698/2698/ 2718/2718/
f 2719/2719/ 2720/2720/ 2721/2721/
f 2722/2722/ 2719/2719/ 2721/2721/
f 2722/2722/ 2721/2721/ 2723/2723/
f 2724/2724/ 2722/2722/ 2723/2723/
f 2725/2725/ 2726/2726/ 2727/2727/
f 2728/2728/ 2725/2725/ 2727/2727/
f 2718/2718/ 2713/2713/ 2716/2716/
f 2696/2696/ 2718/2718/ 2716/2716/
f 2714/2714/ 2701/2701/ 2700/2700/
f 2715/2715/ 2714/2714/ 2700/2700/
f 2729/2729/ 2699/2699/ 2702/2702/
f 2730/2730/ 2729/2729/ 2702/2702/
f 2708/2708/ 2729/2729/ 2730/2730/
f 2709/2709/ 2708/2708/ 2730/2730/
f 2720/2720/ 2719/2719/ 2711/2711/
f 2710/2710/ 2720/2720/ 2711/2711/
f 2731/2731/ 2562/2562/ 2561/2561/
f 2732/2732/ 2731/2731/ 2561/2561/
f 2733/2733/ 2564/2564/ 2562/2562/
f 2731/2731/ 2733/2733/ 2562/2562/
f 2734/2734/ 2735/2735/ 2724/2724/
f 2723/2723/ 2734/2734/ 2724/2724/
f 2736/2736/ 2737/2737/ 2738/2738/
f 2739/2739/ 2736/2736/ 2738/2738/
f 2732/2732/ 2737/2737/ 2736/2736/
f 2731/2731/ 2732/2732/ 2736/2736/
f 2740/2740/ 2741/2741/ 2731/2731/
f 2736/2736/ 2740/2740/ 2731/2731/
f 2736/2736/ 2739/2739/ 2742/2742/
f 2740/2740/ 2736/2736/ 2742/2742/
f 2743/2743/ 2744/2744/ 2745/2745/
f 2746/2746/ 2743/2743/ 2745/2745/
f 2747/2747/ 2725/2725/ 2728/2728/
f 2748/2748/ 2747/2747/ 2728/2728/
f 2749/2749/ 2728/2728/ 2727/2727/
f 2750/2750/ 2749/2749/ 2727/2727/
f 2751/2751/ 2745/2745/ 2744/2744/
f 2752/2752/ 2751/2751/ 2744/2744/
f 2753/2753/ 2745/2745/ 2751/2751/
f 2754/2754/ 2753/2753/ 2751/2751/
f 2752/2752/ 2744/2744/ 2727/2727/
f 2726/2726/ 2752/2752/ 2727/2727/
f 2753/2753/ 2755/2755/ 2746/2746/
f 2745/2745/ 2753/2753/ 2746/2746/
f 2748/2748/ 2756/2756/ 2757/2757/
f 2747/2747/ 2748/2748/ 2757/2757/
f 2758/2758/ 2759/2759/ 2760/2760/
f 2761/2761/ 2758/2758/ 2760/2760/
f 2762/2762/ 2759/2759/ 2758/2758/
f 2763/2763/ 2762/2762/ 2758/2758/
f 2742/2742/ 2761/2761/ 2760/2760/
f 2740/2740/ 2742/2742/ 2760/2760/
f 2744/2744/ 2743/2743/ 2750/2750/
f 2727/2727/ 2744/2744/ 2750/2750/
f 2705/2705/ 2756/2756/ 2748/2748/
f 2764/2764/ 2705/2705/ 2748/2748/
f 2728/2728/ 2749/2749/ 2764/2764/
f 2748/2748/ 2728/2728/ 2764/2764/
f 2765/2765/ 2759/2759/ 2762/2762/
f 2704/2704/ 2765/2765/ 2762/2762/
f 2763/2763/ 2757/2757/ 2756/2756/
f 2762/2762/ 2763/2763/ 2756/2756/
f 2759/2759/ 2765/2765/ 2766/2766/
f 2760/2760/ 2759/2759/ 2766/2766/
f 2767/2767/ 2760/2760/ 2766/2766/
f 2768/2768/ 2767/2767/ 2766/2766/
f 2602/2602/ 2564/2564/ 2733/2733/
f 2769/2769/ 2602/2602/ 2733/2733/
f 2770/2770/ 2741/2741/ 2767/2767/
f 2771/2771/ 2770/2770/ 2767/2767/
f 2756/2756/ 2705/2705/ 2704/2704/
f 2762/2762/ 2756/2756/ 2704/2704/
f 2750/2750/ 2651/2651/ 2772/2772/
f 2749/2749/ 2750/2750/ 2772/2772/
f 2768/2768/ 2773/2773/ 2771/2771/
f 2767/2767/ 2768/2768/ 2771/2771/
f 2774/2774/ 2741/2741/ 2770/2770/
f 2740/2740/ 2760/2760/ 2767/2767/
f 2741/2741/ 2740/2740/ 2767/2767/
f 2771/2771/ 2773/2773/ 2775/2775/
f 2776/2776/ 2771/2771/ 2775/2775/
f 2776/2776/ 2777/2777/ 2770/2770/
f 2771/2771/ 2776/2776/ 2770/2770/
f 2777/2777/ 2778/2778/ 2774/2774/
f 2770/2770/ 2777/2777/ 2774/2774/
f 2779/2779/ 2780/2780/ 2612/2612/
f 2611/2611/ 2779/2779/ 2612/2612/
f 2781/2781/ 2782/2782/ 2783/2783/
f 2784/2784/ 2781/2781/ 2783/2783/
f 2650/2650/ 2785/2785/ 2786/2786/
f 2707/2707/ 2650/2650/ 2786/2786/
f 2787/2787/ 2788/2788/ 2789/2789/
f 2790/2790/ 2787/2787/ 2789/2789/
f 2782/2782/ 2791/2791/ 2792/2792/
f 2783/2783/ 2782/2782/ 2792/2792/
f 2766/2766/ 2791/2791/ 2773/2773/
f 2768/2768/ 2766/2766/ 2773/2773/
f 2765/2765/ 2792/2792/ 2791/2791/
f 2766/2766/ 2765/2765/ 2791/2791/
f 2704/2704/ 2703/2703/ 2792/2792/
f 2765/2765/ 2704/2704/ 2792/2792/
f 2793/2793/ 2794/2794/ 2795/2795/
f 2796/2796/ 2793/2793/ 2795/2795/
f 2705/2705/ 2764/2764/ 2706/2706/
f 2782/2782/ 2781/2781/ 2775/2775/
f 2773/2773/ 2782/2782/ 2775/2775/
f 2782/2782/ 2773/2773/ 2791/2791/
f 2797/2797/ 2798/2798/ 2799/2799/
f 2800/2800/ 2797/2797/ 2799/2799/
f 2798/2798/ 2649/2649/ 2801/2801/
f 2799/2799/ 2798/2798/ 2801/2801/
f 2800/2800/ 2799/2799/ 2802/2802/
f 2803/2803/ 2800/2800/ 2802/2802/
f 2804/2804/ 2805/2805/ 2796/2796/
f 2795/2795/ 2804/2804/ 2796/2796/
f 2706/2706/ 2764/2764/ 2749/2749/
f 2772/2772/ 2706/2706/ 2749/2749/
f 2648/2648/ 2743/2743/ 2746/2746/
f 2806/2806/ 2648/2648/ 2746/2746/
f 2806/2806/ 2746/2746/ 2807/2807/
f 2808/2808/ 2809/2809/ 2807/2807/
f 2810/2810/ 2802/2802/ 2799/2799/
f 2801/2801/ 2810/2810/ 2799/2799/
f 2651/2651/ 2750/2750/ 2743/2743/
f 2648/2648/ 2651/2651/ 2743/2743/
f 2788/2788/ 2787/2787/ 2811/2811/
f 2812/2812/ 2788/2788/ 2811/2811/
f 2786/2786/ 2788/2788/ 2812/2812/
f 2703/2703/ 2786/2786/ 2812/2812/
f 2788/2788/ 2786/2786/ 2785/2785/
f 2813/2813/ 2788/2788/ 2785/2785/
f 2703/2703/ 2812/2812/ 2783/2783/
f 2792/2792/ 2703/2703/ 2783/2783/
f 2784/2784/ 2783/2783/ 2812/2812/
f 2811/2811/ 2784/2784/ 2812/2812/
f 2797/2797/ 2813/2813/ 2785/2785/
f 2798/2798/ 2797/2797/ 2785/2785/
f 2649/2649/ 2798/2798/ 2785/2785/
f 2650/2650/ 2649/2649/ 2785/2785/
f 2707/2707/ 2772/2772/ 2651/2651/
f 2650/2650/ 2707/2707/ 2651/2651/
f 2772/2772/ 2707/2707/ 2706/2706/
f 2707/2707/ 2786/2786/ 2703/2703/
f 2649/2649/ 2648/2648/ 2806/2806/
f 2801/2801/ 2649/2649/ 2806/2806/
f 2801/2801/ 2806/2806/ 2807/2807/
f 2809/2809/ 2801/2801/ 2807/2807/
f 2814/2814/ 2815/2815/ 2816/2816/
f 2817/2817/ 2814/2814/ 2816/2816/
f 2818/2818/ 2819/2819/ 2805/2805/
f 2804/2804/ 2818/2818/ 2805/2805/
f 2816/2816/ 2802/2802/ 2810/2810/
f 2820/2820/ 2816/2816/ 2810/2810/
f 2821/2821/ 2822/2822/ 2823/2823/
f 2755/2755/ 2821/2821/ 2823/2823/
f 2824/2824/ 2825/2825/ 2753/2753/
f 2754/2754/ 2824/2824/ 2753/2753/
f 2664/2664/ 2826/2826/ 2732/2732/
f 2561/2561/ 2664/2664/ 2732/2732/
f 2794/2794/ 2793/2793/ 2790/2790/
f 2789/2789/ 2794/2794/ 2790/2790/
f 2769/2769/ 2827/2827/ 2665/2665/
f 2602/2602/ 2769/2769/ 2665/2665/
f 2808/2808/ 2823/2823/ 2822/2822/
f 2828/2828/ 2808/2808/ 2822/2822/
f 2815/2815/ 2803/2803/ 2802/2802/
f 2816/2816/ 2815/2815/ 2802/2802/
f 2829/2829/ 2830/2830/ 2819/2819/
f 2818/2818/ 2829/2829/ 2819/2819/
f 2831/2831/ 2832/2832/ 2833/2833/
f 2834/2834/ 2831/2831/ 2833/2833/
f 2835/2835/ 2836/2836/ 2837/2837/
f 2838/2838/ 2835/2835/ 2837/2837/
f 2836/2836/ 2839/2839/ 2840/2840/
f 2837/2837/ 2836/2836/ 2840/2840/
f 2839/2839/ 2831/2831/ 2834/2834/
f 2840/2840/ 2839/2839/ 2834/2834/
f 2841/2841/ 2842/2842/ 2843/2843/
f 2844/2844/ 2841/2841/ 2843/2843/
f 2844/2844/ 2843/2843/ 2845/2845/
f 2846/2846/ 2844/2844/ 2845/2845/
f 2841/2841/ 2847/2847/ 2848/2848/
f 2842/2842/ 2841/2841/ 2848/2848/
f 2847/2847/ 2835/2835/ 2838/2838/
f 2848/2848/ 2847/2847/ 2838/2838/
f 2846/2846/ 2845/2845/ 2849/2849/
f 2850/2850/ 2846/2846/ 2849/2849/
f 2779/2779/ 2851/2851/ 2780/2780/
f 2852/2852/ 2853/2853/ 2854/2854/
f 2855/2855/ 2852/2852/ 2854/2854/
f 2856/2856/ 2833/2833/ 2857/2857/
f 2858/2858/ 2859/2859/ 2860/2860/
f 2861/2861/ 2858/2858/ 2860/2860/
f 2857/2857/ 2833/2833/ 2832/2832/
f 2862/2862/ 2857/2857/ 2832/2832/
f 2852/2852/ 2850/2850/ 2849/2849/
f 2853/2853/ 2852/2852/ 2849/2849/
f 2732/2732/ 2826/2826/ 2737/2737/
f 2737/2737/ 2826/2826/ 2738/2738/
f 2521/2521/ 2863/2863/ 2864/2864/
f 2522/2522/ 2521/2521/ 2864/2864/
f 2865/2865/ 2866/2866/ 2867/2867/
f 2868/2868/ 2865/2865/ 2867/2867/
f 2868/2868/ 2867/2867/ 2869/2869/
f 2870/2870/ 2868/2868/ 2869/2869/
f 2691/2691/ 2690/2690/ 2866/2866/
f 2865/2865/ 2691/2691/ 2866/2866/
f 2862/2862/ 2692/2692/ 2684/2684/
f 2857/2857/ 2862/2862/ 2684/2684/
f 2755/2755/ 2753/2753/ 2825/2825/
f 2821/2821/ 2755/2755/ 2825/2825/
f 2820/2820/ 2871/2871/ 2817/2817/
f 2816/2816/ 2820/2820/ 2817/2817/
f 2872/2872/ 2694/2694/ 2873/2873/
f 2699/2699/ 2874/2874/ 2875/2875/
f 2700/2700/ 2699/2699/ 2875/2875/
f 2708/2708/ 2711/2711/ 2876/2876/
f 2877/2877/ 2708/2708/ 2876/2876/
f 2872/2872/ 2878/2878/ 2879/2879/
f 2880/2880/ 2872/2872/ 2879/2879/
f 2872/2872/ 2880/2880/ 2694/2694/
f 2715/2715/ 2881/2881/ 2882/2882/
f 2716/2716/ 2715/2715/ 2882/2882/
f 2873/2873/ 2694/2694/ 2696/2696/
f 2883/2883/ 2884/2884/ 2695/2695/
f 2694/2694/ 2883/2883/ 2695/2695/
f 2873/2873/ 2885/2885/ 2878/2878/
f 2872/2872/ 2873/2873/ 2878/2878/
f 2886/2886/ 2885/2885/ 2873/2873/
f 2696/2696/ 2886/2886/ 2873/2873/
f 2719/2719/ 2722/2722/ 2887/2887/
f 2888/2888/ 2719/2719/ 2887/2887/
f 2722/2722/ 2724/2724/ 2889/2889/
f 2887/2887/ 2722/2722/ 2889/2889/
f 2890/2890/ 2891/2891/ 2892/2892/
f 2893/2893/ 2890/2890/ 2892/2892/
f 2716/2716/ 2882/2882/ 2886/2886/
f 2696/2696/ 2716/2716/ 2886/2886/
f 2894/2894/ 2895/2895/ 2896/2896/
f 2897/2897/ 2894/2894/ 2896/2896/
f 2700/2700/ 2875/2875/ 2881/2881/
f 2715/2715/ 2700/2700/ 2881/2881/
f 2729/2729/ 2898/2898/ 2874/2874/
f 2699/2699/ 2729/2729/ 2874/2874/
f 2708/2708/ 2877/2877/ 2898/2898/
f 2729/2729/ 2708/2708/ 2898/2898/
f 2888/2888/ 2876/2876/ 2711/2711/
f 2719/2719/ 2888/2888/ 2711/2711/
f 2899/2899/ 2900/2900/ 2901/2901/
f 2902/2902/ 2899/2899/ 2901/2901/
f 2903/2903/ 2899/2899/ 2902/2902/
f 2904/2904/ 2903/2903/ 2902/2902/
f 2903/2903/ 2904/2904/ 2905/2905/
f 2906/2906/ 2903/2903/ 2905/2905/
f 2889/2889/ 2724/2724/ 2735/2735/
f 2907/2907/ 2908/2908/ 2909/2909/
f 2910/2910/ 2907/2907/ 2909/2909/
f 2900/2900/ 2899/2899/ 2907/2907/
f 2910/2910/ 2900/2900/ 2907/2907/
f 2899/2899/ 2903/2903/ 2911/2911/
f 2907/2907/ 2899/2899/ 2911/2911/
f 2912/2912/ 2908/2908/ 2907/2907/
f 2911/2911/ 2912/2912/ 2907/2907/
f 2913/2913/ 2914/2914/ 2915/2915/
f 2916/2916/ 2913/2913/ 2915/2915/
f 2891/2891/ 2890/2890/ 2917/2917/
f 2918/2918/ 2891/2891/ 2917/2917/
f 2919/2919/ 2920/2920/ 2892/2892/
f 2891/2891/ 2919/2919/ 2892/2892/
f 2921/2921/ 2922/2922/ 2916/2916/
f 2915/2915/ 2921/2921/ 2916/2916/
f 2923/2923/ 2924/2924/ 2921/2921/
f 2915/2915/ 2923/2923/ 2921/2921/
f 2892/2892/ 2916/2916/ 2922/2922/
f 2893/2893/ 2892/2892/ 2922/2922/
f 2914/2914/ 2925/2925/ 2923/2923/
f 2915/2915/ 2914/2914/ 2923/2923/
f 2918/2918/ 2917/2917/ 2926/2926/
f 2927/2927/ 2918/2918/ 2926/2926/
f 2928/2928/ 2929/2929/ 2930/2930/
f 2931/2931/ 2928/2928/ 2930/2930/
f 2932/2932/ 2933/2933/ 2928/2928/
f 2931/2931/ 2932/2932/ 2928/2928/
f 2912/2912/ 2911/2911/ 2930/2930/
f 2929/2929/ 2912/2912/ 2930/2930/
f 2920/2920/ 2913/2913/ 2916/2916/
f 2892/2892/ 2920/2920/ 2916/2916/
f 2934/2934/ 2935/2935/ 2918/2918/
f 2927/2927/ 2934/2934/ 2918/2918/
f 2935/2935/ 2919/2919/ 2891/2891/
f 2918/2918/ 2935/2935/ 2891/2891/
f 2936/2936/ 2937/2937/ 2932/2932/
f 2931/2931/ 2936/2936/ 2932/2932/
f 2927/2927/ 2926/2926/ 2933/2933/
f 2932/2932/ 2927/2927/ 2933/2933/
f 2931/2931/ 2930/2930/ 2938/2938/
f 2936/2936/ 2931/2931/ 2938/2938/
f 2939/2939/ 2940/2940/ 2938/2938/
f 2930/2930/ 2939/2939/ 2938/2938/
f 2941/2941/ 2942/2942/ 2940/2940/
f 2939/2939/ 2941/2941/ 2940/2940/
f 2937/2937/ 2934/2934/ 2927/2927/
f 2932/2932/ 2937/2937/ 2927/2927/
f 2943/2943/ 2944/2944/ 2945/2945/
f 2946/2946/ 2943/2943/ 2945/2945/
f 2941/2941/ 2947/2947/ 2948/2948/
f 2942/2942/ 2941/2941/ 2948/2948/
f 2906/2906/ 2905/2905/ 2949/2949/
f 2950/2950/ 2906/2906/ 2949/2949/
f 2951/2951/ 2903/2903/ 2906/2906/
f 2951/2951/ 2952/2952/ 2947/2947/
f 2941/2941/ 2951/2951/ 2947/2947/
f 2911/2911/ 2903/2903/ 2939/2939/
f 2930/2930/ 2911/2911/ 2939/2939/
f 2951/2951/ 2941/2941/ 2939/2939/
f 2903/2903/ 2951/2951/ 2939/2939/
f 2953/2953/ 2948/2948/ 2947/2947/
f 2954/2954/ 2953/2953/ 2947/2947/
f 2952/2952/ 2955/2955/ 2954/2954/
f 2947/2947/ 2952/2952/ 2954/2954/
f 2955/2955/ 2952/2952/ 2956/2956/
f 2957/2957/ 2955/2955/ 2956/2956/
f 2958/2958/ 2959/2959/ 2960/2960/
f 2780/2780/ 2958/2958/ 2960/2960/
f 2961/2961/ 2962/2962/ 2963/2963/
f 2964/2964/ 2961/2961/ 2963/2963/
f 2965/2965/ 2966/2966/ 2967/2967/
f 2894/2894/ 2965/2965/ 2967/2967/
f 2968/2968/ 2969/2969/ 2970/2970/
f 2971/2971/ 2968/2968/ 2970/2970/
f 2964/2964/ 2963/2963/ 2945/2945/
f 2972/2972/ 2964/2964/ 2945/2945/
f 2956/2956/ 2952/2952/ 2951/2951/
f 2906/2906/ 2956/2956/ 2951/2951/
f 2940/2940/ 2942/2942/ 2973/2973/
f 2938/2938/ 2940/2940/ 2973/2973/
f 2944/2944/ 2943/2943/ 2937/2937/
f 2936/2936/ 2944/2944/ 2937/2937/
f 2974/2974/ 2975/2975/ 2976/2976/
f 2977/2977/ 2974/2974/ 2976/2976/
f 2919/2919/ 2935/2935/ 2978/2978/
f 2979/2979/ 2919/2919/ 2978/2978/
f 2943/2943/ 2978/2978/ 2935/2935/
f 2943/2943/ 2935/2935/ 2934/2934/
f 2943/2943/ 2934/2934/ 2937/2937/
f 2972/2972/ 2942/2942/ 2948/2948/
f 2964/2964/ 2972/2972/ 2948/2948/
f 2953/2953/ 2961/2961/ 2964/2964/
f 2948/2948/ 2953/2953/ 2964/2964/
f 2944/2944/ 2973/2973/ 2972/2972/
f 2945/2945/ 2944/2944/ 2972/2972/
f 2973/2973/ 2944/2944/ 2936/2936/
f 2938/2938/ 2973/2973/ 2936/2936/
f 2972/2972/ 2973/2973/ 2942/2942/
f 2980/2980/ 2981/2981/ 2982/2982/
f 2983/2983/ 2980/2980/ 2982/2982/
f 2913/2913/ 2896/2896/ 2984/2984/
f 2914/2914/ 2913/2913/ 2984/2984/
f 2897/2897/ 2896/2896/ 2913/2913/
f 2920/2920/ 2897/2897/ 2913/2913/
f 2985/2985/ 2980/2980/ 2983/2983/
f 2986/2986/ 2985/2985/ 2983/2983/
f 2975/2975/ 2987/2987/ 2988/2988/
f 2976/2976/ 2975/2975/ 2988/2988/
f 2984/2984/ 2989/2989/ 2990/2990/
f 2991/2991/ 2984/2984/ 2990/2990/
f 2992/2992/ 2990/2990/ 2993/2993/
f 2994/2994/ 2992/2992/ 2993/2993/
f 2971/2971/ 2995/2995/ 2996/2996/
f 2968/2968/ 2971/2971/ 2996/2996/
f 2966/2966/ 2965/2965/ 2997/2997/
f 2946/2946/ 2966/2966/ 2997/2997/
f 2943/2943/ 2946/2946/ 2997/2997/
f 2978/2978/ 2943/2943/ 2997/2997/
f 2971/2971/ 2970/2970/ 2967/2967/
f 2966/2966/ 2971/2971/ 2967/2967/
f 2980/2980/ 2998/2998/ 2895/2895/
f 2981/2981/ 2980/2980/ 2895/2895/
f 2995/2995/ 2963/2963/ 2962/2962/
f 2996/2996/ 2995/2995/ 2962/2962/
f 2963/2963/ 2995/2995/ 2946/2946/
f 2945/2945/ 2963/2963/ 2946/2946/
f 2980/2980/ 2985/2985/ 2993/2993/
f 2998/2998/ 2980/2980/ 2993/2993/
f 2979/2979/ 2897/2897/ 2920/2920/
f 2919/2919/ 2979/2979/ 2920/2920/
f 2894/2894/ 2967/2967/ 2981/2981/
f 2895/2895/ 2894/2894/ 2981/2981/
f 2897/2897/ 2979/2979/ 2965/2965/
f 2894/2894/ 2897/2897/ 2965/2965/
f 2979/2979/ 2978/2978/ 2997/2997/
f 2965/2965/ 2979/2979/ 2997/2997/
f 2895/2895/ 2998/2998/ 2989/2989/
f 2896/2896/ 2895/2895/ 2989/2989/
f 2998/2998/ 2993/2993/ 2990/2990/
f 2989/2989/ 2998/2998/ 2990/2990/
f 2995/2995/ 2971/2971/ 2966/2966/
f 2946/2946/ 2995/2995/ 2966/2966/
f 2999/2999/ 3000/3000/ 3001/3001/
f 3002/3002/ 2999/2999/ 3001/3001/
f 3003/3003/ 2988/2988/ 2987/2987/
f 3004/3004/ 3003/3003/ 2987/2987/
f 3000/3000/ 2999/2999/ 3005/3005/
f 3006/3006/ 3000/3000/ 3005/3005/
f 2993/2993/ 2985/2985/ 3000/3000/
f 3006/3006/ 2993/2993/ 3000/3000/
f 2991/2991/ 3007/3007/ 3008/3008/
f 2925/2925/ 2991/2991/ 3008/3008/
f 2923/2923/ 3009/3009/ 3010/3010/
f 2924/2924/ 2923/2923/ 3010/3010/
f 2900/2900/ 3011/3011/ 3012/3012/
f 2901/2901/ 2900/2900/ 3012/3012/
f 2970/2970/ 2982/2982/ 2981/2981/
f 2967/2967/ 2970/2970/ 2981/2981/
f 2969/2969/ 2974/2974/ 2977/2977/
f 2970/2970/ 2969/2969/ 2977/2977/
f 3013/3013/ 3014/3014/ 2950/2950/
f 2949/2949/ 3013/3013/ 2950/2950/
f 3015/3015/ 3016/3016/ 2992/2992/
f 3017/3017/ 3015/3015/ 2992/2992/
f 3018/3018/ 3003/3003/ 3004/3004/
f 3019/3019/ 3018/3018/ 3004/3004/
f 3000/3000/ 2985/2985/ 2986/2986/
f 3001/3001/ 3000/3000/ 2986/2986/
f 3020/3020/ 2834/2834/ 2833/2833/
f 3021/3021/ 3020/3020/ 2833/2833/
f 3022/3022/ 2838/2838/ 2837/2837/
f 3023/3023/ 3022/3022/ 2837/2837/
f 3023/3023/ 2837/2837/ 2840/2840/
f 3024/3024/ 3023/3023/ 2840/2840/
f 3024/3024/ 2840/2840/ 2834/2834/
f 3020/3020/ 3024/3024/ 2834/2834/
f 3025/3025/ 3026/3026/ 2843/2843/
f 2842/2842/ 3025/3025/ 2843/2843/
f 3026/3026/ 3027/3027/ 2845/2845/
f 2843/2843/ 3026/3026/ 2845/2845/
f 3025/3025/ 2842/2842/ 2848/2848/
f 3028/3028/ 3025/3025/ 2848/2848/
f 3028/3028/ 2848/2848/ 2838/2838/
f 3022/3022/ 3028/3028/ 2838/2838/
f 3027/3027/ 3029/3029/ 2849/2849/
f 2845/2845/ 3027/3027/ 2849/2849/
f 2958/2958/ 2780/2780/ 2851/2851/
f 3030/3030/ 3031/3031/ 2854/2854/
f 2853/2853/ 3030/3030/ 2854/2854/
f 2859/2859/ 3032/3032/ 3033/3033/
f 2860/2860/ 2859/2859/ 3033/3033/
f 2991/2991/ 2992/2992/ 3016/3016/
f 3007/3007/ 2991/2991/ 3016/3016/
f 2856/2856/ 3034/3034/ 3035/3035/
f 2833/2833/ 2856/2856/ 3035/3035/
f 2833/2833/ 3035/3035/ 3021/3021/
f 2849/2849/ 3029/3029/ 3030/3030/
f 2853/2853/ 2849/2849/ 3030/3030/
f 2900/2900/ 2910/2910/ 3011/3011/
f 2909/2909/ 3011/3011/ 2910/2910/
f 3032/3032/ 3036/3036/ 3037/3037/
f 3033/3033/ 3032/3032/ 3037/3037/
f 3038/3038/ 3039/3039/ 3040/3040/
f 3041/3041/ 3038/3038/ 3040/3040/
f 3041/3041/ 3040/3040/ 2870/2870/
f 2869/2869/ 3041/3041/ 2870/2870/
f 3042/3042/ 3043/3043/ 3039/3039/
f 3038/3038/ 3042/3042/ 3039/3039/
f 3035/3035/ 3034/3034/ 3044/3044/
f 2925/2925/ 3008/3008/ 3009/3009/
f 2923/2923/ 2925/2925/ 3009/3009/
f 3045/3045/ 3046/3046/ 3047/3047/
f 3048/3048/ 3049/3049/ 3050/3050/
f 3051/3051/ 3048/3048/ 3050/3050/
f 3052/3052/ 3053/3053/ 3054/3054/
f 3055/3055/ 3052/3052/ 3054/3054/
f 2879/2879/ 3056/3056/ 3046/3046/
f 2880/2880/ 2879/2879/ 3046/3046/
f 3046/3046/ 3045/3045/ 2694/2694/
f 2880/2880/ 3046/3046/ 2694/2694/
f 3057/3057/ 3058/3058/ 3059/3059/
f 3060/3060/ 3057/3057/ 3059/3059/
f 3061/3061/ 3045/3045/ 3047/3047/
f 3047/3047/ 3046/3046/ 3056/3056/
f 3062/3062/ 3047/3047/ 3056/3056/
f 3047/3047/ 3062/3062/ 3063/3063/
f 3061/3061/ 3047/3047/ 3063/3063/
f 3064/3064/ 3065/3065/ 3066/3066/
f 3067/3067/ 3064/3064/ 3066/3066/
f 3067/3067/ 3066/3066/ 3068/3068/
f 3069/3069/ 3067/3067/ 3068/3068/
f 3045/3045/ 3061/3061/ 3070/3070/
f 3071/3071/ 3072/3072/ 3073/3073/
f 3074/3074/ 3071/3071/ 3073/3073/
f 3063/3063/ 3057/3057/ 3060/3060/
f 3061/3061/ 3063/3063/ 3060/3060/
f 3075/3075/ 3076/3076/ 3077/3077/
f 3078/3078/ 3075/3075/ 3077/3077/
f 3058/3058/ 3050/3050/ 3049/3049/
f 3059/3059/ 3058/3058/ 3049/3049/
f 3079/3079/ 3048/3048/ 3051/3051/
f 3080/3080/ 3079/3079/ 3051/3051/
f 3052/3052/ 3079/3079/ 3080/3080/
f 3053/3053/ 3052/3052/ 3080/3080/
f 3065/3065/ 3064/3064/ 3055/3055/
f 3054/3054/ 3065/3065/ 3055/3055/
f 3081/3081/ 2902/2902/ 2901/2901/
f 3082/3082/ 3081/3081/ 2901/2901/
f 3083/3083/ 2904/2904/ 2902/2902/
f 3081/3081/ 3083/3083/ 2902/2902/
f 3083/3083/ 3084/3084/ 2905/2905/
f 2904/2904/ 3083/3083/ 2905/2905/
f 3068/3068/ 3085/3085/ 3069/3069/
f 3086/3086/ 3087/3087/ 3088/3088/
f 3089/3089/ 3086/3086/ 3088/3088/
f 3082/3082/ 3087/3087/ 3086/3086/
f 3081/3081/ 3082/3082/ 3086/3086/
f 3090/3090/ 3083/3083/ 3081/3081/
f 3086/3086/ 3090/3090/ 3081/3081/
f 3086/3086/ 3089/3089/ 3091/3091/
f 3090/3090/ 3086/3086/ 3091/3091/
f 3092/3092/ 3093/3093/ 3094/3094/
f 3095/3095/ 3092/3092/ 3094/3094/
f 3096/3096/ 3071/3071/ 3074/3074/
f 3097/3097/ 3096/3096/ 3074/3074/
f 3098/3098/ 3074/3074/ 3073/3073/
f 3099/3099/ 3098/3098/ 3073/3073/
f 3100/3100/ 3094/3094/ 3093/3093/
f 3101/3101/ 3100/3100/ 3093/3093/
f 3102/3102/ 3094/3094/ 3100/3100/
f 3103/3103/ 3102/3102/ 3100/3100/
f 3101/3101/ 3093/3093/ 3073/3073/
f 3072/3072/ 3101/3101/ 3073/3073/
f 3102/3102/ 3104/3104/ 3095/3095/
f 3094/3094/ 3102/3102/ 3095/3095/
f 3097/3097/ 3105/3105/ 3106/3106/
f 3096/3096/ 3097/3097/ 3106/3106/
f 3107/3107/ 3108/3108/ 3109/3109/
f 3110/3110/ 3107/3107/ 3109/3109/
f 3111/3111/ 3108/3108/ 3107/3107/
f 3112/3112/ 3111/3111/ 3107/3107/
f 3091/3091/ 3110/3110/ 3109/3109/
f 3090/3090/ 3091/3091/ 3109/3109/
f 3093/3093/ 3092/3092/ 3099/3099/
f 3073/3073/ 3093/3093/ 3099/3099/
f 3113/3113/ 3105/3105/ 3097/3097/
f 3114/3114/ 3113/3113/ 3097/3097/
f 3074/3074/ 3098/3098/ 3114/3114/
f 3097/3097/ 3074/3074/ 3114/3114/
f 3115/3115/ 3108/3108/ 3111/3111/
f 3112/3112/ 3106/3106/ 3105/3105/
f 3111/3111/ 3112/3112/ 3105/3105/
f 3109/3109/ 3116/3116/ 3117/3117/
f 3090/3090/ 3109/3109/ 3117/3117/
f 3090/3090/ 3117/3117/ 3083/3083/
f 3116/3116/ 3109/3109/ 3108/3108/
f 3118/3118/ 3116/3116/ 3108/3108/
f 3105/3105/ 3113/3113/ 3115/3115/
f 3111/3111/ 3105/3105/ 3115/3115/
f 3119/3119/ 3120/3120/ 3121/3121/
f 3122/3122/ 3123/3123/ 3116/3116/
f 3118/3118/ 3122/3122/ 3116/3116/
f 3084/3084/ 3124/3124/ 2949/2949/
f 2905/2905/ 3084/3084/ 2949/2949/
f 3084/3084/ 3083/3083/ 3117/3117/
f 3117/3117/ 3116/3116/ 3123/3123/
f 3125/3125/ 3117/3117/ 3123/3123/
f 3123/3123/ 3122/3122/ 3126/3126/
f 3127/3127/ 3123/3123/ 3126/3126/
f 3127/3127/ 3128/3128/ 3125/3125/
f 3123/3123/ 3127/3127/ 3125/3125/
f 3128/3128/ 3129/3129/ 3130/3130/
f 3125/3125/ 3128/3128/ 3130/3130/
f 2960/2960/ 2959/2959/ 3131/3131/
f 3132/3132/ 3133/3133/ 3134/3134/
f 3077/3077/ 3132/3132/ 3134/3134/
f 3135/3135/ 3136/3136/ 3137/3137/
f 3138/3138/ 3135/3135/ 3137/3137/
f 3139/3139/ 3119/3119/ 3122/3122/
f 3118/3118/ 3139/3139/ 3122/3122/
f 3117/3117/ 3125/3125/ 3130/3130/
f 3084/3084/ 3117/3117/ 3130/3130/
f 3115/3115/ 3140/3140/ 3139/3139/
f 3108/3108/ 3115/3115/ 3139/3139/
f 3141/3141/ 3142/3142/ 3143/3143/
f 3144/3144/ 3141/3141/ 3143/3143/
f 3114/3114/ 3098/3098/ 3145/3145/
f 3114/3114/ 3145/3145/ 3146/3146/
f 3114/3114/ 3146/3146/ 3147/3147/
f 3113/3113/ 3114/3114/ 3147/3147/
f 3119/3119/ 3148/3148/ 3126/3126/
f 3122/3122/ 3119/3119/ 3126/3126/
f 3139/3139/ 3118/3118/ 3108/3108/
f 3149/3149/ 3150/3150/ 3151/3151/
f 3152/3152/ 3149/3149/ 3151/3151/
f 3075/3075/ 3153/3153/ 3154/3154/
f 3092/3092/ 3075/3075/ 3078/3078/
f 3099/3099/ 3092/3092/ 3078/3078/
f 3152/3152/ 3151/3151/ 3155/3155/
f 3156/3156/ 3152/3152/ 3155/3155/
f 3157/3157/ 3158/3158/ 3144/3144/
f 3143/3143/ 3157/3157/ 3144/3144/
f 3153/3153/ 3159/3159/ 3160/3160/
f 3154/3154/ 3153/3153/ 3160/3160/
f 3161/3161/ 3162/3162/ 3163/3163/
f 3160/3160/ 3161/3161/ 3163/3163/
f 3161/3161/ 3160/3160/ 3159/3159/
f 3136/3136/ 3135/3135/ 3164/3164/
f 3121/3121/ 3136/3136/ 3164/3164/
f 3133/3133/ 3120/3120/ 3165/3165/
f 3134/3134/ 3133/3133/ 3165/3165/
f 3165/3165/ 3120/3120/ 3140/3140/
f 3146/3146/ 3165/3165/ 3140/3140/
f 3113/3113/ 3147/3147/ 3140/3140/
f 3115/3115/ 3113/3113/ 3140/3140/
f 3136/3136/ 3133/3133/ 3132/3132/
f 3137/3137/ 3136/3136/ 3132/3132/
f 3151/3151/ 3150/3150/ 3076/3076/
f 3166/3166/ 3151/3151/ 3076/3076/
f 3148/3148/ 3119/3119/ 3121/3121/
f 3164/3164/ 3148/3148/ 3121/3121/
f 3151/3151/ 3166/3166/ 3163/3163/
f 3155/3155/ 3151/3151/ 3163/3163/
f 3145/3145/ 3098/3098/ 3099/3099/
f 3078/3078/ 3145/3145/ 3099/3099/
f 3150/3150/ 3132/3132/ 3077/3077/
f 3076/3076/ 3150/3150/ 3077/3077/
f 3167/3167/ 3168/3168/ 3169/3169/
f 3170/3170/ 3167/3167/ 3169/3169/
f 3134/3134/ 3145/3145/ 3078/3078/
f 3077/3077/ 3134/3134/ 3078/3078/
f 3165/3165/ 3146/3146/ 3145/3145/
f 3134/3134/ 3165/3165/ 3145/3145/
f 3154/3154/ 3166/3166/ 3076/3076/
f 3075/3075/ 3154/3154/ 3076/3076/
f 3160/3160/ 3163/3163/ 3166/3166/
f 3154/3154/ 3160/3160/ 3166/3166/
f 3133/3133/ 3136/3136/ 3121/3121/
f 3120/3120/ 3133/3133/ 3121/3121/
f 3171/3171/ 3172/3172/ 3173/3173/
f 3174/3174/ 3171/3171/ 3173/3173/
f 3175/3175/ 3176/3176/ 3158/3158/
f 3157/3157/ 3175/3175/ 3158/3158/
f 3172/3172/ 3177/3177/ 3178/3178/
f 3173/3173/ 3172/3172/ 3178/3178/
f 3172/3172/ 3155/3155/ 3163/3163/
f 3177/3177/ 3172/3172/ 3163/3163/
f 3179/3179/ 3180/3180/ 3159/3159/
f 3104/3104/ 3179/3179/ 3159/3159/
f 3181/3181/ 3182/3182/ 3102/3102/
f 3103/3103/ 3181/3181/ 3102/3102/
f 3012/3012/ 3183/3183/ 3082/3082/
f 2901/2901/ 3012/3012/ 3082/3082/
f 3150/3150/ 3149/3149/ 3137/3137/
f 3132/3132/ 3150/3150/ 3137/3137/
f 3142/3142/ 3141/3141/ 3138/3138/
f 3137/3137/ 3142/3142/ 3138/3138/
f 3124/3124/ 3184/3184/ 3013/3013/
f 2949/2949/ 3124/3124/ 3013/3013/
f 3185/3185/ 3186/3186/ 3161/3161/
f 3187/3187/ 3185/3185/ 3161/3161/
f 3188/3188/ 3189/3189/ 3176/3176/
f 3175/3175/ 3188/3188/ 3176/3176/
f 3156/3156/ 3155/3155/ 3172/3172/
f 3171/3171/ 3156/3156/ 3172/3172/
f 3190/3190/ 3191/3191/ 3192/3192/
f 3193/3193/ 3190/3190/ 3192/3192/
f 3194/3194/ 3195/3195/ 3196/3196/
f 3197/3197/ 3194/3194/ 3196/3196/
f 3195/3195/ 3198/3198/ 3199/3199/
f 3196/3196/ 3195/3195/ 3199/3199/
f 3198/3198/ 3190/3190/ 3193/3193/
f 3199/3199/ 3198/3198/ 3193/3193/
f 3200/3200/ 3201/3201/ 3202/3202/
f 3203/3203/ 3200/3200/ 3202/3202/
f 3200/3200/ 3204/3204/ 3205/3205/
f 3201/3201/ 3200/3200/ 3205/3205/
f 3204/3204/ 3194/3194/ 3197/3197/
f 3205/3205/ 3204/3204/ 3197/3197/
f 3203/3203/ 3202/3202/ 3206/3206/
f 3207/3207/ 3203/3203/ 3206/3206/
f 3208/3208/ 3209/3209/ 3210/3210/
f 3211/3211/ 3208/3208/ 3210/3210/
f 3212/3212/ 3192/3192/ 3213/3213/
f 3187/3187/ 3161/3161/ 3159/3159/
f 3180/3180/ 3187/3187/ 3159/3159/
f 3214/3214/ 3034/3034/ 3213/3213/
f 3214/3214/ 3213/3213/ 3192/3192/
f 3214/3214/ 3192/3192/ 3191/3191/
f 3208/3208/ 3207/3207/ 3206/3206/
f 3209/3209/ 3208/3208/ 3206/3206/
f 3082/3082/ 3183/3183/ 3087/3087/
f 3087/3087/ 3183/3183/ 3088/3088/
f 2190/2190/ 2520/2520/ 2523/2523/
f 2191/2191/ 2190/2190/ 2523/2523/
f 3215/3215/ 3216/3216/ 3217/3217/
f 3218/3218/ 3215/3215/ 3217/3217/
f 3043/3043/ 3042/3042/ 3216/3216/
f 3215/3215/ 3043/3043/ 3216/3216/
f 3219/3219/ 3220/3220/ 3218/3218/
f 3217/3217/ 3219/3219/ 3218/3218/
f 3044/3044/ 3034/3034/ 3214/3214/
f 3104/3104/ 3102/3102/ 3182/3182/
f 3179/3179/ 3104/3104/ 3182/3182/
f 3070/3070/ 3221/3221/ 3222/3222/
f 3223/3223/ 3070/3070/ 3222/3222/
f 3048/3048/ 3224/3224/ 3225/3225/
f 3049/3049/ 3048/3048/ 3225/3225/
f 3226/3226/ 3227/3227/ 3228/3228/
f 3229/3229/ 3226/3226/ 3228/3228/
f 3052/3052/ 3055/3055/ 3230/3230/
f 3231/3231/ 3052/3052/ 3230/3230/
f 3222/3222/ 3232/3232/ 3233/3233/
f 3234/3234/ 3222/3222/ 3233/3233/
f 3222/3222/ 3234/3234/ 3223/3223/
f 3059/3059/ 3235/3235/ 3236/3236/
f 3060/3060/ 3059/3059/ 3236/3236/
f 3221/3221/ 3070/3070/ 3061/3061/
f 3237/3237/ 3238/3238/ 3070/3070/
f 3223/3223/ 3237/3237/ 3070/3070/
f 3221/3221/ 3239/3239/ 3232/3232/
f 3222/3222/ 3221/3221/ 3232/3232/
f 3240/3240/ 3239/3239/ 3221/3221/
f 3061/3061/ 3240/3240/ 3221/3221/
f 3064/3064/ 3067/3067/ 3241/3241/
f 3242/3242/ 3064/3064/ 3241/3241/
f 3067/3067/ 3069/3069/ 3243/3243/
f 3241/3241/ 3067/3067/ 3243/3243/
f 3244/3244/ 3245/3245/ 3246/3246/
f 3247/3247/ 3244/3244/ 3246/3246/
f 3060/3060/ 3236/3236/ 3240/3240/
f 3061/3061/ 3060/3060/ 3240/3240/
f 3049/3049/ 3225/3225/ 3235/3235/
f 3059/3059/ 3049/3049/ 3235/3235/
f 3079/3079/ 3248/3248/ 3224/3224/
f 3048/3048/ 3079/3079/ 3224/3224/
f 3052/3052/ 3231/3231/ 3248/3248/
f 3079/3079/ 3052/3052/ 3248/3248/
f 3242/3242/ 3230/3230/ 3055/3055/
f 3064/3064/ 3242/3242/ 3055/3055/
f 3249/3249/ 3250/3250/ 3251/3251/
f 3252/3252/ 3249/3249/ 3251/3251/
f 3253/3253/ 3249/3249/ 3252/3252/
f 3254/3254/ 3253/3253/ 3252/3252/
f 3253/3253/ 3254/3254/ 3255/3255/
f 3256/3256/ 3253/3253/ 3255/3255/
f 3069/3069/ 3085/3085/ 3257/3257/
f 3243/3243/ 3069/3069/ 3257/3257/
f 3258/3258/ 3259/3259/ 3260/3260/
f 3261/3261/ 3258/3258/ 3260/3260/
f 3250/3250/ 3249/3249/ 3258/3258/
f 3261/3261/ 3250/3250/ 3258/3258/
f 3249/3249/ 3253/3253/ 3262/3262/
f 3258/3258/ 3249/3249/ 3262/3262/
f 3263/3263/ 3259/3259/ 3258/3258/
f 3262/3262/ 3263/3263/ 3258/3258/
f 3264/3264/ 3265/3265/ 3266/3266/
f 3267/3267/ 3264/3264/ 3266/3266/
f 3245/3245/ 3244/3244/ 3268/3268/
f 3269/3269/ 3245/3245/ 3268/3268/
f 3270/3270/ 3271/3271/ 3246/3246/
f 3245/3245/ 3270/3270/ 3246/3246/
f 3272/3272/ 3273/3273/ 3267/3267/
f 3266/3266/ 3272/3272/ 3267/3267/
f 3274/3274/ 3275/3275/ 3272/3272/
f 3266/3266/ 3274/3274/ 3272/3272/
f 3246/3246/ 3267/3267/ 3273/3273/
f 3247/3247/ 3246/3246/ 3273/3273/
f 3265/3265/ 3276/3276/ 3274/3274/
f 3266/3266/ 3265/3265/ 3274/3274/
f 3269/3269/ 3268/3268/ 3277/3277/
f 3278/3278/ 3269/3269/ 3277/3277/
f 3279/3279/ 3280/3280/ 3281/3281/
f 3282/3282/ 3279/3279/ 3281/3281/
f 3283/3283/ 3284/3284/ 3279/3279/
f 3282/3282/ 3283/3283/ 3279/3279/
f 3263/3263/ 3262/3262/ 3281/3281/
f 3280/3280/ 3263/3263/ 3281/3281/
f 3271/3271/ 3264/3264/ 3267/3267/
f 3246/3246/ 3271/3271/ 3267/3267/
f 3228/3228/ 3285/3285/ 3269/3269/
f 3278/3278/ 3228/3228/ 3269/3269/
f 3285/3285/ 3270/3270/ 3245/3245/
f 3269/3269/ 3285/3285/ 3245/3245/
f 3286/3286/ 3229/3229/ 3283/3283/
f 3282/3282/ 3286/3286/ 3283/3283/
f 3278/3278/ 3277/3277/ 3284/3284/
f 3283/3283/ 3278/3278/ 3284/3284/
f 3287/3287/ 3288/3288/ 3289/3289/
f 3290/3290/ 3287/3287/ 3289/3289/
f 3256/3256/ 3255/3255/ 3291/3291/
f 3292/3292/ 3256/3256/ 3291/3291/
f 3293/3293/ 3294/3294/ 3288/3288/
f 3287/3287/ 3293/3293/ 3288/3288/
f 3229/3229/ 3228/3228/ 3278/3278/
f 3283/3283/ 3229/3229/ 3278/3278/
f 3295/3295/ 3168/3168/ 3271/3271/
f 3270/3270/ 3295/3295/ 3271/3271/
f 3281/3281/ 3287/3287/ 3290/3290/
f 3286/3286/ 3282/3282/ 3281/3281/
f 3286/3286/ 3281/3281/ 3290/3290/
f 3296/3296/ 3297/3297/ 3226/3226/
f 3298/3298/ 3296/3296/ 3226/3226/
f 3293/3293/ 3253/3253/ 3256/3256/
f 3299/3299/ 3289/3289/ 3288/3288/
f 3300/3300/ 3299/3299/ 3288/3288/
f 3294/3294/ 3301/3301/ 3300/3300/
f 3288/3288/ 3294/3294/ 3300/3300/
f 3301/3301/ 3294/3294/ 3292/3292/
f 3302/3302/ 3301/3301/ 3292/3292/
f 3169/3169/ 3303/3303/ 3304/3304/
f 3305/3305/ 3169/3169/ 3304/3304/
f 3306/3306/ 3307/3307/ 3308/3308/
f 3309/3309/ 3306/3306/ 3308/3308/
f 3289/3289/ 3310/3310/ 3296/3296/
f 3289/3289/ 3296/3296/ 3298/3298/
f 3290/3290/ 3289/3289/ 3298/3298/
f 3292/3292/ 3294/3294/ 3293/3293/
f 3256/3256/ 3292/3292/ 3293/3293/
f 3298/3298/ 3286/3286/ 3290/3290/
f 3229/3229/ 3286/3286/ 3298/3298/
f 3226/3226/ 3229/3229/ 3298/3298/
f 3311/3311/ 3312/3312/ 3313/3313/
f 3314/3314/ 3311/3311/ 3313/3313/
f 3227/3227/ 3315/3315/ 3285/3285/
f 3228/3228/ 3227/3227/ 3285/3285/
f 3299/3299/ 3316/3316/ 3310/3310/
f 3289/3289/ 3299/3299/ 3310/3310/
f 3317/3317/ 3318/3318/ 3319/3319/
f 3320/3320/ 3317/3317/ 3319/3319/
f 3321/3321/ 3170/3170/ 3320/3320/
f 3319/3319/ 3321/3321/ 3320/3320/
f 3318/3318/ 3322/3322/ 3323/3323/
f 3319/3319/ 3318/3318/ 3323/3323/
f 3312/3312/ 3324/3324/ 3325/3325/
f 3313/3313/ 3312/3312/ 3325/3325/
f 3315/3315/ 3295/3295/ 3270/3270/
f 3285/3285/ 3315/3315/ 3270/3270/
f 3227/3227/ 3297/3297/ 3326/3326/
f 3315/3315/ 3227/3227/ 3326/3326/
f 3167/3167/ 3327/3327/ 3265/3265/
f 3264/3264/ 3167/3167/ 3265/3265/
f 3328/3328/ 3329/3329/ 3276/3276/
f 3330/3330/ 3329/3329/ 3328/3328/
f 3331/3331/ 3330/3330/ 3328/3328/
f 3332/3332/ 3333/3333/ 3334/3334/
f 3323/3323/ 3332/3332/ 3334/3334/
f 3319/3319/ 3323/3323/ 3334/3334/
f 3321/3321/ 3319/3319/ 3334/3334/
f 3264/3264/ 3271/3271/ 3168/3168/
f 3167/3167/ 3264/3264/ 3168/3168/
f 3309/3309/ 3335/3335/ 3336/3336/
f 3306/3306/ 3309/3309/ 3336/3336/
f 3304/3304/ 3297/3297/ 3335/3335/
f 3309/3309/ 3304/3304/ 3335/3335/
f 3309/3309/ 3337/3337/ 3305/3305/
f 3304/3304/ 3309/3309/ 3305/3305/
f 3310/3310/ 3335/3335/ 3297/3297/
f 3296/3296/ 3310/3310/ 3297/3297/
f 3335/3335/ 3310/3310/ 3316/3316/
f 3336/3336/ 3335/3335/ 3316/3316/
f 3262/3262/ 3253/3253/ 3293/3293/
f 3281/3281/ 3262/3262/ 3293/3293/
f 3287/3287/ 3281/3281/ 3293/3293/
f 3305/3305/ 3337/3337/ 3317/3317/
f 3320/3320/ 3305/3305/ 3317/3317/
f 3305/3305/ 3320/3320/ 3170/3170/
f 3169/3169/ 3305/3305/ 3170/3170/
f 3338/3338/ 3339/3339/ 3340/3340/
f 3341/3341/ 3338/3338/ 3340/3340/
f 3168/3168/ 3295/3295/ 3303/3303/
f 3169/3169/ 3168/3168/ 3303/3303/
f 3295/3295/ 3315/3315/ 3326/3326/
f 3303/3303/ 3295/3295/ 3326/3326/
f 3326/3326/ 3297/3297/ 3304/3304/
f 3303/3303/ 3326/3326/ 3304/3304/
f 3170/3170/ 3321/3321/ 3327/3327/
f 3167/3167/ 3170/3170/ 3327/3327/
f 3328/3328/ 3327/3327/ 3321/3321/
f 3331/3331/ 3328/3328/ 3321/3321/
f 3342/3342/ 3343/3343/ 3332/3332/
f 3344/3344/ 3342/3342/ 3332/3332/
f 3345/3345/ 3325/3325/ 3324/3324/
f 3346/3346/ 3345/3345/ 3324/3324/
f 3333/3333/ 3332/3332/ 3343/3343/
f 3347/3347/ 3333/3333/ 3343/3343/
f 3329/3329/ 3348/3348/ 3349/3349/
f 3276/3276/ 3329/3329/ 3349/3349/
f 3274/3274/ 3350/3350/ 3351/3351/
f 3275/3275/ 3274/3274/ 3351/3351/
f 3250/3250/ 3352/3352/ 3353/3353/
f 3251/3251/ 3250/3250/ 3353/3353/
f 3354/3354/ 3355/3355/ 3356/3356/
f 3357/3357/ 3354/3354/ 3356/3356/
f 3307/3307/ 3311/3311/ 3314/3314/
f 3308/3308/ 3307/3307/ 3314/3314/
f 3358/3358/ 3359/3359/ 3292/3292/
f 3291/3291/ 3358/3358/ 3292/3292/
f 3323/3323/ 3322/3322/ 3344/3344/
f 3332/3332/ 3323/3323/ 3344/3344/
f 3360/3360/ 3345/3345/ 3346/3346/
f 3361/3361/ 3360/3360/ 3346/3346/
f 3362/3362/ 3193/3193/ 3192/3192/
f 3363/3363/ 3362/3362/ 3192/3192/
f 3364/3364/ 3197/3197/ 3196/3196/
f 3365/3365/ 3364/3364/ 3196/3196/
f 3365/3365/ 3196/3196/ 3199/3199/
f 3366/3366/ 3365/3365/ 3199/3199/
f 3366/3366/ 3199/3199/ 3193/3193/
f 3362/3362/ 3366/3366/ 3193/3193/
f 3367/3367/ 3368/3368/ 3202/3202/
f 3201/3201/ 3367/3367/ 3202/3202/
f 3367/3367/ 3201/3201/ 3205/3205/
f 3369/3369/ 3367/3367/ 3205/3205/
f 3369/3369/ 3205/3205/ 3197/3197/
f 3364/3364/ 3369/3369/ 3197/3197/
f 3368/3368/ 3370/3370/ 3206/3206/
f 3202/3202/ 3368/3368/ 3206/3206/
f 3371/3371/ 3372/3372/ 3210/3210/
f 3209/3209/ 3371/3371/ 3210/3210/
f 3036/3036/ 3373/3373/ 3374/3374/
f 3037/3037/ 3036/3036/ 3374/3374/
f 3212/3212/ 3375/3375/ 3376/3376/
f 3192/3192/ 3212/3212/ 3376/3376/
f 3192/3192/ 3376/3376/ 3363/3363/
f 3206/3206/ 3370/3370/ 3371/3371/
f 3209/3209/ 3206/3206/ 3371/3371/
f 3250/3250/ 3261/3261/ 3352/3352/
f 3260/3260/ 3352/3352/ 3261/3261/
f 3373/3373/ 3377/3377/ 3378/3378/
f 3374/3374/ 3373/3373/ 3378/3378/
f 3379/3379/ 3380/3380/ 3381/3381/
f 3382/3382/ 3379/3379/ 3381/3381/
f 3383/3383/ 3384/3384/ 3380/3380/
f 3379/3379/ 3383/3383/ 3380/3380/
f 3220/3220/ 3219/3219/ 3382/3382/
f 3381/3381/ 3220/3220/ 3382/3382/
f 3376/3376/ 3375/3375/ 3385/3385/
f 3276/3276/ 3349/3349/ 3350/3350/
f 3274/3274/ 3276/3276/ 3350/3350/
f 3386/3386/ 3387/3387/ 3388/3388/
f 3223/3223/ 3389/3389/ 3390/3390/
f 3391/3391/ 3392/3392/ 3393/3393/
f 3394/3394/ 3391/3391/ 3393/3393/
f 3395/3395/ 3396/3396/ 3397/3397/
f 3398/3398/ 3395/3395/ 3397/3397/
f 3399/3399/ 3400/3400/ 3401/3401/
f 3402/3402/ 3399/3399/ 3401/3401/
f 3233/3233/ 3403/3403/ 3389/3389/
f 3234/3234/ 3233/3233/ 3389/3389/
f 3234/3234/ 3389/3389/ 3223/3223/
f 3404/3404/ 3405/3405/ 3406/3406/
f 3407/3407/ 3404/3404/ 3406/3406/
f 3390/3390/ 3388/3388/ 3387/3387/
f 3223/3223/ 3390/3390/ 3387/3387/
f 3390/3390/ 3389/3389/ 3403/3403/
f 3408/3408/ 3390/3390/ 3403/3403/
f 3390/3390/ 3408/3408/ 3409/3409/
f 3388/3388/ 3390/3390/ 3409/3409/
f 3410/3410/ 3411/3411/ 3412/3412/
f 3413/3413/ 3410/3410/ 3412/3412/
f 3413/3413/ 3412/3412/ 3414/3414/
f 3415/3415/ 3413/3413/ 3414/3414/
f 3416/3416/ 3417/3417/ 3418/3418/
f 3419/3419/ 3416/3416/ 3418/3418/
f 3409/3409/ 3404/3404/ 3407/3407/
f 3388/3388/ 3409/3409/ 3407/3407/
f 3405/3405/ 3393/3393/ 3392/3392/
f 3406/3406/ 3405/3405/ 3392/3392/
f 3420/3420/ 3391/3391/ 3394/3394/
f 3421/3421/ 3420/3420/ 3394/3394/
f 3399/3399/ 3420/3420/ 3421/3421/
f 3400/3400/ 3399/3399/ 3421/3421/
f 3411/3411/ 3410/3410/ 3402/3402/
f 3401/3401/ 3411/3411/ 3402/3402/
f 3422/3422/ 3252/3252/ 3251/3251/
f 3423/3423/ 3422/3422/ 3251/3251/
f 3424/3424/ 3254/3254/ 3252/3252/
f 3422/3422/ 3424/3424/ 3252/3252/
f 3424/3424/ 3425/3425/ 3255/3255/
f 3254/3254/ 3424/3424/ 3255/3255/
f 3426/3426/ 3427/3427/ 3415/3415/
f 3414/3414/ 3426/3426/ 3415/3415/
f 3428/3428/ 3429/3429/ 3430/3430/
f 3431/3431/ 3428/3428/ 3430/3430/
f 3423/3423/ 3429/3429/ 3428/3428/
f 3422/3422/ 3423/3423/ 3428/3428/
f 3432/3432/ 3433/3433/ 3422/3422/
f 3428/3428/ 3432/3432/ 3422/3422/
f 3428/3428/ 3431/3431/ 3434/3434/
f 3432/3432/ 3428/3428/ 3434/3434/
f 3435/3435/ 3436/3436/ 3437/3437/
f 3438/3438/ 3435/3435/ 3437/3437/
f 3439/3439/ 3416/3416/ 3419/3419/
f 3440/3440/ 3439/3439/ 3419/3419/
f 3441/3441/ 3419/3419/ 3418/3418/
f 3442/3442/ 3441/3441/ 3418/3418/
f 3443/3443/ 3437/3437/ 3436/3436/
f 3444/3444/ 3443/3443/ 3436/3436/
f 3445/3445/ 3437/3437/ 3443/3443/
f 3446/3446/ 3445/3445/ 3443/3443/
f 3444/3444/ 3436/3436/ 3418/3418/
f 3417/3417/ 3444/3444/ 3418/3418/
f 3445/3445/ 3447/3447/ 3438/3438/
f 3437/3437/ 3445/3445/ 3438/3438/
f 3440/3440/ 3448/3448/ 3449/3449/
f 3439/3439/ 3440/3440/ 3449/3449/
f 3450/3450/ 3451/3451/ 3452/3452/
f 3453/3453/ 3450/3450/ 3452/3452/
f 3454/3454/ 3451/3451/ 3450/3450/
f 3455/3455/ 3454/3454/ 3450/3450/
f 3434/3434/ 3453/3453/ 3452/3452/
f 3432/3432/ 3434/3434/ 3452/3452/
f 3436/3436/ 3435/3435/ 3442/3442/
f 3418/3418/ 3436/3436/ 3442/3442/
f 3397/3397/ 3448/3448/ 3440/3440/
f 3456/3456/ 3397/3397/ 3440/3440/
f 3419/3419/ 3441/3441/ 3456/3456/
f 3440/3440/ 3419/3419/ 3456/3456/
f 3457/3457/ 3451/3451/ 3454/3454/
f 3396/3396/ 3457/3457/ 3454/3454/
f 3455/3455/ 3449/3449/ 3448/3448/
f 3454/3454/ 3455/3455/ 3448/3448/
f 3451/3451/ 3457/3457/ 3458/3458/
f 3452/3452/ 3451/3451/ 3458/3458/
f 3459/3459/ 3460/3460/ 3461/3461/
f 3462/3462/ 3459/3459/ 3461/3461/
f 3425/3425/ 3463/3463/ 3291/3291/
f 3255/3255/ 3425/3425/ 3291/3291/
f 3464/3464/ 3461/3461/ 3460/3460/
f 3465/3465/ 3464/3464/ 3460/3460/
f 3448/3448/ 3397/3397/ 3396/3396/
f 3454/3454/ 3448/3448/ 3396/3396/
f 3442/3442/ 3341/3341/ 3466/3466/
f 3441/3441/ 3442/3442/ 3466/3466/
f 3458/3458/ 3462/3462/ 3461/3461/
f 3467/3467/ 3458/3458/ 3461/3461/
f 3468/3468/ 3469/3469/ 3395/3395/
f 3470/3470/ 3468/3468/ 3395/3395/
f 3433/3433/ 3432/3432/ 3464/3464/
f 3425/3425/ 3433/3433/ 3464/3464/
f 3460/3460/ 3459/3459/ 3471/3471/
f 3472/3472/ 3460/3460/ 3471/3471/
f 3472/3472/ 3473/3473/ 3465/3465/
f 3460/3460/ 3472/3472/ 3465/3465/
f 3473/3473/ 3474/3474/ 3463/3463/
f 3465/3465/ 3473/3473/ 3463/3463/
f 3475/3475/ 3357/3357/ 3356/3356/
f 3476/3476/ 3475/3475/ 3356/3356/
f 3340/3340/ 3477/3477/ 3478/3478/
f 3479/3479/ 3340/3340/ 3478/3478/
f 3480/3480/ 3481/3481/ 3482/3482/
f 3483/3483/ 3480/3480/ 3482/3482/
f 3468/3468/ 3484/3484/ 3459/3459/
f 3463/3463/ 3425/3425/ 3464/3464/
f 3465/3465/ 3463/3463/ 3464/3464/
f 3396/3396/ 3395/3395/ 3469/3469/
f 3457/3457/ 3396/3396/ 3469/3469/
f 3485/3485/ 3486/3486/ 3487/3487/
f 3488/3488/ 3485/3485/ 3487/3487/
f 3456/3456/ 3489/3489/ 3398/3398/
f 3397/3397/ 3456/3456/ 3398/3398/
f 3484/3484/ 3490/3490/ 3471/3471/
f 3459/3459/ 3484/3484/ 3471/3471/
f 3457/3457/ 3469/3469/ 3462/3462/
f 3458/3458/ 3457/3457/ 3462/3462/
f 3459/3459/ 3462/3462/ 3469/3469/
f 3468/3468/ 3459/3459/ 3469/3469/
f 3491/3491/ 3492/3492/ 3493/3493/
f 3494/3494/ 3491/3491/ 3493/3493/
f 3492/3492/ 3339/3339/ 3495/3495/
f 3493/3493/ 3492/3492/ 3495/3495/
f 3494/3494/ 3493/3493/ 3496/3496/
f 3497/3497/ 3494/3494/ 3496/3496/
f 3498/3498/ 3499/3499/ 3488/3488/
f 3487/3487/ 3498/3498/ 3488/3488/
f 3489/3489/ 3456/3456/ 3441/3441/
f 3466/3466/ 3489/3489/ 3441/3441/
f 3338/3338/ 3435/3435/ 3438/3438/
f 3500/3500/ 3338/3338/ 3438/3438/
f 3500/3500/ 3438/3438/ 3501/3501/
f 3502/3502/ 3503/3503/ 3501/3501/
f 3504/3504/ 3496/3496/ 3493/3493/
f 3495/3495/ 3504/3504/ 3493/3493/
f 3505/3505/ 3470/3470/ 3395/3395/
f 3505/3505/ 3395/3395/ 3398/3398/
f 3398/3398/ 3489/3489/ 3505/3505/
f 3341/3341/ 3442/3442/ 3435/3435/
f 3338/3338/ 3341/3341/ 3435/3435/
f 3481/3481/ 3480/3480/ 3506/3506/
f 3507/3507/ 3481/3481/ 3506/3506/
f 3478/3478/ 3481/3481/ 3507/3507/
f 3470/3470/ 3478/3478/ 3507/3507/
f 3481/3481/ 3478/3478/ 3477/3477/
f 3508/3508/ 3481/3481/ 3477/3477/
f 3470/3470/ 3507/3507/ 3484/3484/
f 3468/3468/ 3470/3470/ 3484/3484/
f 3490/3490/ 3484/3484/ 3507/3507/
f 3506/3506/ 3490/3490/ 3507/3507/
f 3491/3491/ 3508/3508/ 3477/3477/
f 3492/3492/ 3491/3491/ 3477/3477/
f 3339/3339/ 3492/3492/ 3477/3477/
f 3340/3340/ 3339/3339/ 3477/3477/
f 3509/3509/ 3510/3510/ 3511/3511/
f 3512/3512/ 3509/3509/ 3511/3511/
f 3479/3479/ 3466/3466/ 3341/3341/
f 3340/3340/ 3479/3479/ 3341/3341/
f 3466/3466/ 3479/3479/ 3505/3505/
f 3489/3489/ 3466/3466/ 3505/3505/
f 3478/3478/ 3470/3470/ 3505/3505/
f 3479/3479/ 3478/3478/ 3505/3505/
f 3339/3339/ 3338/3338/ 3500/3500/
f 3495/3495/ 3339/3339/ 3500/3500/
f 3495/3495/ 3500/3500/ 3501/3501/
f 3503/3503/ 3495/3495/ 3501/3501/
f 3513/3513/ 3514/3514/ 3515/3515/
f 3516/3516/ 3513/3513/ 3515/3515/
f 3517/3517/ 3518/3518/ 3499/3499/
f 3498/3498/ 3517/3517/ 3499/3499/
f 3516/3516/ 3515/3515/ 3519/3519/
f 3520/3520/ 3516/3516/ 3519/3519/
f 3515/3515/ 3496/3496/ 3504/3504/
f 3519/3519/ 3515/3515/ 3504/3504/
f 3521/3521/ 3447/3447/ 3522/3522/
f 3523/3523/ 3521/3521/ 3522/3522/
f 3524/3524/ 3525/3525/ 3445/3445/
f 3446/3446/ 3524/3524/ 3445/3445/
f 3526/3526/ 3423/3423/ 3251/3251/
f 3353/3353/ 3526/3526/ 3251/3251/
f 3486/3486/ 3485/3485/ 3483/3483/
f 3482/3482/ 3486/3486/ 3483/3483/
f 3463/3463/ 3527/3527/ 3358/3358/
f 3291/3291/ 3463/3463/ 3358/3358/
f 3514/3514/ 3497/3497/ 3496/3496/
f 3515/3515/ 3514/3514/ 3496/3496/
f 3528/3528/ 3529/3529/ 3518/3518/
f 3517/3517/ 3528/3528/ 3518/3518/
f 3530/3530/ 3531/3531/ 3532/3532/
f 3533/3533/ 3530/3530/ 3532/3532/
f 3534/3534/ 3535/3535/ 3536/3536/
f 3537/3537/ 3534/3534/ 3536/3536/
f 3535/3535/ 3538/3538/ 3539/3539/
f 3536/3536/ 3535/3535/ 3539/3539/
f 3538/3538/ 3530/3530/ 3533/3533/
f 3539/3539/ 3538/3538/ 3533/3533/
f 3540/3540/ 3541/3541/ 3542/3542/
f 3543/3543/ 3540/3540/ 3542/3542/
f 3540/3540/ 3544/3544/ 3545/3545/
f 3541/3541/ 3540/3540/ 3545/3545/
f 3544/3544/ 3534/3534/ 3537/3537/
f 3545/3545/ 3544/3544/ 3537/3537/
f 3543/3543/ 3542/3542/ 3546/3546/
f 3547/3547/ 3543/3543/ 3546/3546/
f 3548/3548/ 3549/3549/ 3550/3550/
f 3551/3551/ 3548/3548/ 3550/3550/
f 3531/3531/ 3552/3552/ 3553/3553/
f 3476/3476/ 3554/3554/ 3555/3555/
f 3377/3377/ 3556/3556/ 3557/3557/
f 3378/3378/ 3377/3377/ 3557/3557/
f 3548/3548/ 3547/3547/ 3546/3546/
f 3549/3549/ 3548/3548/ 3546/3546/
f 3558/3558/ 3429/3429/ 3423/3423/
f 3526/3526/ 3558/3558/ 3423/3423/
f 3429/3429/ 3558/3558/ 3430/3430/
f 3559/3559/ 3560/3560/ 3561/3561/
f 3562/3562/ 3559/3559/ 3561/3561/
f 3563/3563/ 3564/3564/ 3565/3565/
f 3566/3566/ 3563/3563/ 3565/3565/
f 3564/3564/ 3563/3563/ 3567/3567/
f 3568/3568/ 3564/3564/ 3567/3567/
f 3384/3384/ 3383/3383/ 3568/3568/
f 3567/3567/ 3384/3384/ 3568/3568/
f 3552/3552/ 3385/3385/ 3375/3375/
f 3553/3553/ 3552/3552/ 3375/3375/
f 3447/3447/ 3445/3445/ 3525/3525/
f 3522/3522/ 3447/3447/ 3525/3525/
f 3569/3569/ 3386/3386/ 3570/3570/
f 3391/3391/ 3571/3571/ 3572/3572/
f 3392/3392/ 3391/3391/ 3572/3572/
f 3399/3399/ 3402/3402/ 3573/3573/
f 3574/3574/ 3399/3399/ 3573/3573/
f 3569/3569/ 3575/3575/ 3576/3576/
f 3577/3577/ 3569/3569/ 3576/3576/
f 3569/3569/ 3577/3577/ 3386/3386/
f 3406/3406/ 3578/3578/ 3579/3579/
f 3407/3407/ 3406/3406/ 3579/3579/
f 3570/3570/ 3386/3386/ 3388/3388/
f 3580/3580/ 3581/3581/ 3387/3387/
f 3386/3386/ 3580/3580/ 3387/3387/
f 3570/3570/ 3582/3582/ 3575/3575/
f 3569/3569/ 3570/3570/ 3575/3575/
f 3583/3583/ 3582/3582/ 3570/3570/
f 3388/3388/ 3583/3583/ 3570/3570/
f 3410/3410/ 3413/3413/ 3584/3584/
f 3585/3585/ 3410/3410/ 3584/3584/
f 3413/3413/ 3415/3415/ 3586/3586/
f 3584/3584/ 3413/3413/ 3586/3586/
f 3587/3587/ 3588/3588/ 3589/3589/
f 3590/3590/ 3587/3587/ 3589/3589/
f 3407/3407/ 3579/3579/ 3583/3583/
f 3388/3388/ 3407/3407/ 3583/3583/
f 3392/3392/ 3572/3572/ 3578/3578/
f 3406/3406/ 3392/3392/ 3578/3578/
f 3420/3420/ 3591/3591/ 3571/3571/
f 3391/3391/ 3420/3420/ 3571/3571/
f 3399/3399/ 3574/3574/ 3591/3591/
f 3420/3420/ 3399/3399/ 3591/3591/
f 3402/3402/ 3410/3410/ 3585/3585/
f 3573/3573/ 3402/3402/ 3585/3585/
f 3592/3592/ 3593/3593/ 3594/3594/
f 3595/3595/ 3592/3592/ 3594/3594/
f 3596/3596/ 3592/3592/ 3595/3595/
f 3597/3597/ 3596/3596/ 3595/3595/
f 3586/3586/ 3415/3415/ 3427/3427/
f 3598/3598/ 3599/3599/ 3600/3600/
f 3601/3601/ 3598/3598/ 3600/3600/
f 3593/3593/ 3592/3592/ 3598/3598/
f 3601/3601/ 3593/3593/ 3598/3598/
f 3592/3592/ 3602/3602/ 3603/3603/
f 3598/3598/ 3592/3592/ 3603/3603/
f 3604/3604/ 3599/3599/ 3598/3598/
f 3603/3603/ 3604/3604/ 3598/3598/
f 3605/3605/ 3606/3606/ 3607/3607/
f 3608/3608/ 3605/3605/ 3607/3607/
f 3588/3588/ 3587/3587/ 3609/3609/
f 3610/3610/ 3588/3588/ 3609/3609/
f 3611/3611/ 3612/3612/ 3589/3589/
f 3588/3588/ 3611/3611/ 3589/3589/
f 3613/3613/ 3614/3614/ 3608/3608/
f 3607/3607/ 3613/3613/ 3608/3608/
f 3615/3615/ 3616/3616/ 3613/3613/
f 3607/3607/ 3615/3615/ 3613/3613/
f 3589/3589/ 3608/3608/ 3614/3614/
f 3590/3590/ 3589/3589/ 3614/3614/
f 3606/3606/ 3617/3617/ 3615/3615/
f 3607/3607/ 3606/3606/ 3615/3615/
f 3610/3610/ 3609/3609/ 3618/3618/
f 3619/3619/ 3610/3610/ 3618/3618/
f 3620/3620/ 3621/3621/ 3622/3622/
f 3623/3623/ 3620/3620/ 3622/3622/
f 3624/3624/ 3625/3625/ 3621/3621/
f 3620/3620/ 3624/3624/ 3621/3621/
f 3604/3604/ 3603/3603/ 3623/3623/
f 3622/3622/ 3604/3604/ 3623/3623/
f 3612/3612/ 3605/3605/ 3608/3608/
f 3589/3589/ 3612/3612/ 3608/3608/
f 3626/3626/ 3627/3627/ 3610/3610/
f 3619/3619/ 3626/3626/ 3610/3610/
f 3627/3627/ 3611/3611/ 3588/3588/
f 3610/3610/ 3627/3627/ 3588/3588/
f 3628/3628/ 3629/3629/ 3624/3624/
f 3620/3620/ 3628/3628/ 3624/3624/
f 3619/3619/ 3618/3618/ 3625/3625/
f 3624/3624/ 3619/3619/ 3625/3625/
f 3620/3620/ 3623/3623/ 3630/3630/
f 3628/3628/ 3620/3620/ 3630/3630/
f 3596/3596/ 3597/3597/ 3631/3631/
f 3632/3632/ 3596/3596/ 3631/3631/
f 3629/3629/ 3626/3626/ 3619/3619/
f 3624/3624/ 3629/3629/ 3619/3619/
f 3612/3612/ 3611/3611/ 3633/3633/
f 3510/3510/ 3612/3612/ 3633/3633/
f 3630/3630/ 3623/3623/ 3634/3634/
f 3635/3635/ 3630/3630/ 3634/3634/
f 3636/3636/ 3603/3603/ 3602/3602/
f 3637/3637/ 3636/3636/ 3602/3602/
f 3638/3638/ 3635/3635/ 3634/3634/
f 3639/3639/ 3638/3638/ 3634/3634/
f 3636/3636/ 3640/3640/ 3639/3639/
f 3634/3634/ 3636/3636/ 3639/3639/
f 3640/3640/ 3636/3636/ 3637/3637/
f 3641/3641/ 3640/3640/ 3637/3637/
f 3642/3642/ 3643/3643/ 3644/3644/
f 3645/3645/ 3642/3642/ 3644/3644/
f 3635/3635/ 3646/3646/ 3647/3647/
f 3628/3628/ 3630/3630/ 3635/3635/
f 3647/3647/ 3628/3628/ 3635/3635/
f 3629/3629/ 3628/3628/ 3647/3647/
f 3648/3648/ 3629/3629/ 3647/3647/
f 3649/3649/ 3650/3650/ 3651/3651/
f 3652/3652/ 3649/3649/ 3651/3651/
f 3611/3611/ 3627/3627/ 3653/3653/
f 3633/3633/ 3611/3611/ 3653/3653/
f 3627/3627/ 3626/3626/ 3653/3653/
f 3638/3638/ 3654/3654/ 3646/3646/
f 3635/3635/ 3638/3638/ 3646/3646/
f 3655/3655/ 3656/3656/ 3512/3512/
f 3657/3657/ 3655/3655/ 3512/3512/
f 3606/3606/ 3605/3605/ 3509/3509/
f 3658/3658/ 3606/3606/ 3509/3509/
f 3605/3605/ 3612/3612/ 3510/3510/
f 3509/3509/ 3605/3605/ 3510/3510/
f 3659/3659/ 3660/3660/ 3656/3656/
f 3655/3655/ 3659/3659/ 3656/3656/
f 3650/3650/ 3661/3661/ 3662/3662/
f 3651/3651/ 3650/3650/ 3662/3662/
f 3663/3663/ 3617/3617/ 3606/3606/
f 3664/3664/ 3663/3663/ 3606/3606/
f 3663/3663/ 3664/3664/ 3665/3665/
f 3666/3666/ 3663/3663/ 3665/3665/
f 3645/3645/ 3667/3667/ 3668/3668/
f 3642/3642/ 3645/3645/ 3668/3668/
f 3648/3648/ 3667/3667/ 3645/3645/
f 3669/3669/ 3648/3648/ 3645/3645/
f 3626/3626/ 3629/3629/ 3648/3648/
f 3626/3626/ 3648/3648/ 3669/3669/
f 3626/3626/ 3669/3669/ 3653/3653/
f 3645/3645/ 3644/3644/ 3511/3511/
f 3670/3670/ 3645/3645/ 3511/3511/
f 3646/3646/ 3667/3667/ 3648/3648/
f 3647/3647/ 3646/3646/ 3648/3648/
f 3667/3667/ 3646/3646/ 3654/3654/
f 3668/3668/ 3667/3667/ 3654/3654/
f 3511/3511/ 3644/3644/ 3657/3657/
f 3512/3512/ 3511/3511/ 3657/3657/
f 3671/3671/ 3672/3672/ 3673/3673/
f 3674/3674/ 3671/3671/ 3673/3673/
f 3510/3510/ 3633/3633/ 3670/3670/
f 3511/3511/ 3510/3510/ 3670/3670/
f 3633/3633/ 3653/3653/ 3669/3669/
f 3670/3670/ 3633/3633/ 3669/3669/
f 3512/3512/ 3656/3656/ 3658/3658/
f 3509/3509/ 3512/3512/ 3658/3658/
f 3664/3664/ 3658/3658/ 3656/3656/
f 3665/3665/ 3664/3664/ 3656/3656/
f 3675/3675/ 3676/3676/ 3677/3677/
f 3678/3678/ 3675/3675/ 3677/3677/
f 3679/3679/ 3662/3662/ 3661/3661/
f 3680/3680/ 3679/3679/ 3661/3661/
f 3659/3659/ 3678/3678/ 3677/3677/
f 3660/3660/ 3659/3659/ 3677/3677/
f 3663/3663/ 3681/3681/ 3682/3682/
f 3617/3617/ 3663/3663/ 3682/3682/
f 3615/3615/ 3683/3683/ 3684/3684/
f 3616/3616/ 3615/3615/ 3684/3684/
f 3593/3593/ 3685/3685/ 3686/3686/
f 3594/3594/ 3593/3593/ 3686/3686/
f 3687/3687/ 3555/3555/ 3688/3688/
f 3689/3689/ 3687/3687/ 3688/3688/
f 3689/3689/ 3688/3688/ 3690/3690/
f 3643/3643/ 3649/3649/ 3652/3652/
f 3644/3644/ 3643/3643/ 3652/3652/
f 3691/3691/ 3692/3692/ 3632/3632/
f 3631/3631/ 3691/3691/ 3632/3632/
f 3666/3666/ 3693/3693/ 3681/3681/
f 3663/3663/ 3666/3666/ 3681/3681/
f 3694/3694/ 3679/3679/ 3680/3680/
f 3695/3695/ 3694/3694/ 3680/3680/
f 3696/3696/ 3533/3533/ 3532/3532/
f 3697/3697/ 3696/3696/ 3532/3532/
f 3698/3698/ 3537/3537/ 3536/3536/
f 3699/3699/ 3698/3698/ 3536/3536/
f 3699/3699/ 3536/3536/ 3539/3539/
f 3700/3700/ 3699/3699/ 3539/3539/
f 3700/3700/ 3539/3539/ 3533/3533/
f 3696/3696/ 3700/3700/ 3533/3533/
f 3701/3701/ 3702/3702/ 3542/3542/
f 3541/3541/ 3701/3701/ 3542/3542/
f 3701/3701/ 3541/3541/ 3545/3545/
f 3703/3703/ 3701/3701/ 3545/3545/
f 3703/3703/ 3545/3545/ 3537/3537/
f 3698/3698/ 3703/3703/ 3537/3537/
f 3702/3702/ 3704/3704/ 3546/3546/
f 3542/3542/ 3702/3702/ 3546/3546/
f 3705/3705/ 3706/3706/ 3550/3550/
f 3549/3549/ 3705/3705/ 3550/3550/
f 3707/3707/ 3708/3708/ 3709/3709/
f 3697/3697/ 3707/3707/ 3709/3709/
f 3688/3688/ 3555/3555/ 3554/3554/
f 3546/3546/ 3704/3704/ 3705/3705/
f 3549/3549/ 3546/3546/ 3705/3705/
f 3593/3593/ 3601/3601/ 3685/3685/
f 3600/3600/ 3685/3685/ 3601/3601/
f 3556/3556/ 3710/3710/ 3711/3711/
f 3557/3557/ 3556/3556/ 3711/3711/
f 3712/3712/ 3713/3713/ 3714/3714/
f 3715/3715/ 3712/3712/ 3714/3714/
f 3716/3716/ 3717/3717/ 3713/3713/
f 3712/3712/ 3716/3716/ 3713/3713/
f 3566/3566/ 3565/3565/ 3715/3715/
f 3714/3714/ 3566/3566/ 3715/3715/
f 3709/3709/ 3708/3708/ 3718/3718/
f 3617/3617/ 3682/3682/ 3683/3683/
f 3615/3615/ 3617/3617/ 3683/3683/
f 3719/3719/ 3720/3720/ 3721/3721/
f 3386/3386/ 3719/3719/ 3721/3721/
f 3722/3722/ 3723/3723/ 3724/3724/
f 3725/3725/ 3722/3722/ 3724/3724/
f 3726/3726/ 3727/3727/ 3728/3728/
f 3729/3729/ 3726/3726/ 3728/3728/
f 3576/3576/ 3730/3730/ 3719/3719/
f 3577/3577/ 3576/3576/ 3719/3719/
f 3577/3577/ 3719/3719/ 3386/3386/
f 3731/3731/ 3732/3732/ 3733/3733/
f 3734/3734/ 3731/3731/ 3733/3733/
f 3721/3721/ 3720/3720/ 3735/3735/
f 3720/3720/ 3719/3719/ 3730/3730/
f 3736/3736/ 3720/3720/ 3730/3730/
f 3720/3720/ 3736/3736/ 3737/3737/
f 3735/3735/ 3720/3720/ 3737/3737/
f 3738/3738/ 3739/3739/ 3740/3740/
f 3741/3741/ 3738/3738/ 3740/3740/
f 3741/3741/ 3740/3740/ 3742/3742/
f 3743/3743/ 3741/3741/ 3742/3742/
f 3744/3744/ 3745/3745/ 3746/3746/
f 3747/3747/ 3744/3744/ 3746/3746/
f 3737/3737/ 3731/3731/ 3734/3734/
f 3735/3735/ 3737/3737/ 3734/3734/
f 3732/3732/ 3724/3724/ 3723/3723/
f 3733/3733/ 3732/3732/ 3723/3723/
f 3748/3748/ 3722/3722/ 3725/3725/
f 3749/3749/ 3748/3748/ 3725/3725/
f 3726/3726/ 3748/3748/ 3749/3749/
f 3727/3727/ 3726/3726/ 3749/3749/
f 3739/3739/ 3738/3738/ 3729/3729/
f 3728/3728/ 3739/3739/ 3729/3729/
f 3750/3750/ 3595/3595/ 3594/3594/
f 3751/3751/ 3750/3750/ 3594/3594/
f 3752/3752/ 3597/3597/ 3595/3595/
f 3750/3750/ 3752/3752/ 3595/3595/
f 3753/3753/ 3754/3754/ 3743/3743/
f 3742/3742/ 3753/3753/ 3743/3743/
f 3755/3755/ 3756/3756/ 3757/3757/
f 3758/3758/ 3755/3755/ 3757/3757/
f 3751/3751/ 3756/3756/ 3755/3755/
f 3750/3750/ 3751/3751/ 3755/3755/
f 3759/3759/ 3760/3760/ 3750/3750/
f 3755/3755/ 3759/3759/ 3750/3750/
f 3755/3755/ 3758/3758/ 3761/3761/
f 3759/3759/ 3755/3755/ 3761/3761/
f 3762/3762/ 3763/3763/ 3764/3764/
f 3765/3765/ 3762/3762/ 3764/3764/
f 3766/3766/ 3744/3744/ 3747/3747/
f 3767/3767/ 3766/3766/ 3747/3747/
f 3768/3768/ 3747/3747/ 3746/3746/
f 3769/3769/ 3768/3768/ 3746/3746/
f 3770/3770/ 3764/3764/ 3763/3763/
f 3771/3771/ 3770/3770/ 3763/3763/
f 3772/3772/ 3764/3764/ 3770/3770/
f 3773/3773/ 3772/3772/ 3770/3770/
f 3771/3771/ 3763/3763/ 3746/3746/
f 3745/3745/ 3771/3771/ 3746/3746/
f 3772/3772/ 3774/3774/ 3765/3765/
f 3764/3764/ 3772/3772/ 3765/3765/
f 3767/3767/ 3775/3775/ 3776/3776/
f 3766/3766/ 3767/3767/ 3776/3776/
f 3777/3777/ 3778/3778/ 3779/3779/
f 3780/3780/ 3777/3777/ 3779/3779/
f 3781/3781/ 3778/3778/ 3777/3777/
f 3782/3782/ 3781/3781/ 3777/3777/
f 3761/3761/ 3780/3780/ 3779/3779/
f 3759/3759/ 3761/3761/ 3779/3779/
f 3763/3763/ 3762/3762/ 3769/3769/
f 3746/3746/ 3763/3763/ 3769/3769/
f 3783/3783/ 3775/3775/ 3767/3767/
f 3784/3784/ 3783/3783/ 3767/3767/
f 3747/3747/ 3768/3768/ 3784/3784/
f 3767/3767/ 3747/3747/ 3784/3784/
f 3785/3785/ 3778/3778/ 3781/3781/
f 3782/3782/ 3776/3776/ 3775/3775/
f 3781/3781/ 3782/3782/ 3775/3775/
f 3631/3631/ 3597/3597/ 3752/3752/
f 3786/3786/ 3631/3631/ 3752/3752/
f 3775/3775/ 3783/3783/ 3785/3785/
f 3781/3781/ 3775/3775/ 3785/3785/
f 3769/3769/ 3674/3674/ 3787/3787/
f 3768/3768/ 3769/3769/ 3787/3787/
f 3788/3788/ 3779/3779/ 3778/3778/
f 3789/3789/ 3788/3788/ 3778/3778/
f 3790/3790/ 3791/3791/ 3760/3760/
f 3788/3788/ 3790/3790/ 3760/3760/
f 3788/3788/ 3760/3760/ 3759/3759/
f 3779/3779/ 3788/3788/ 3759/3759/
f 3788/3788/ 3789/3789/ 3792/3792/
f 3793/3793/ 3788/3788/ 3792/3792/
f 3793/3793/ 3794/3794/ 3790/3790/
f 3788/3788/ 3793/3793/ 3790/3790/
f 3794/3794/ 3795/3795/ 3791/3791/
f 3790/3790/ 3794/3794/ 3791/3791/
f 3796/3796/ 3797/3797/ 3798/3798/
f 3799/3799/ 3796/3796/ 3798/3798/
f 3800/3800/ 3801/3801/ 3789/3789/
f 3789/3789/ 3778/3778/ 3800/3800/
f 3785/3785/ 3802/3802/ 3800/3800/
f 3778/3778/ 3785/3785/ 3800/3800/
f 3803/3803/ 3804/3804/ 3805/3805/
f 3806/3806/ 3803/3803/ 3805/3805/
f 3768/3768/ 3787/3787/ 3807/3807/
f 3784/3784/ 3768/3768/ 3807/3807/
f 3783/3783/ 3784/3784/ 3807/3807/
f 3801/3801/ 3808/3808/ 3792/3792/
f 3789/3789/ 3801/3801/ 3792/3792/
f 3809/3809/ 3810/3810/ 3672/3672/
f 3811/3811/ 3809/3809/ 3672/3672/
f 3765/3765/ 3812/3812/ 3671/3671/
f 3762/3762/ 3765/3765/ 3671/3671/
f 3762/3762/ 3671/3671/ 3674/3674/
f 3769/3769/ 3762/3762/ 3674/3674/
f 3813/3813/ 3809/3809/ 3811/3811/
f 3814/3814/ 3813/3813/ 3811/3811/
f 3815/3815/ 3816/3816/ 3806/3806/
f 3805/3805/ 3815/3815/ 3806/3806/
f 3812/3812/ 3765/3765/ 3774/3774/
f 3817/3817/ 3812/3812/ 3774/3774/
f 3818/3818/ 3817/3817/ 3819/3819/
f 3820/3820/ 3818/3818/ 3819/3819/
f 3797/3797/ 3796/3796/ 3821/3821/
f 3822/3822/ 3797/3797/ 3821/3821/
f 3797/3797/ 3822/3822/ 3802/3802/
f 3802/3802/ 3823/3823/ 3824/3824/
f 3802/3802/ 3824/3824/ 3797/3797/
f 3823/3823/ 3802/3802/ 3785/3785/
f 3807/3807/ 3823/3823/ 3785/3785/
f 3785/3785/ 3783/3783/ 3807/3807/
f 3797/3797/ 3824/3824/ 3673/3673/
f 3798/3798/ 3797/3797/ 3673/3673/
f 3802/3802/ 3822/3822/ 3801/3801/
f 3800/3800/ 3802/3802/ 3801/3801/
f 3808/3808/ 3801/3801/ 3822/3822/
f 3821/3821/ 3808/3808/ 3822/3822/
f 3810/3810/ 3798/3798/ 3673/3673/
f 3672/3672/ 3810/3810/ 3673/3673/
f 3824/3824/ 3787/3787/ 3674/3674/
f 3673/3673/ 3824/3824/ 3674/3674/
f 3787/3787/ 3824/3824/ 3823/3823/
f 3807/3807/ 3787/3787/ 3823/3823/
f 3672/3672/ 3671/3671/ 3812/3812/
f 3811/3811/ 3672/3672/ 3812/3812/
f 3811/3811/ 3812/3812/ 3817/3817/
f 3818/3818/ 3811/3811/ 3817/3817/
f 3825/3825/ 3826/3826/ 3827/3827/
f 3828/3828/ 3825/3825/ 3827/3827/
f 3829/3829/ 3830/3830/ 3816/3816/
f 3815/3815/ 3829/3829/ 3816/3816/
f 3827/3827/ 3826/3826/ 3813/3813/
f 3814/3814/ 3827/3827/ 3813/3813/
f 3831/3831/ 3832/3832/ 3819/3819/
f 3774/3774/ 3831/3831/ 3819/3819/
f 3833/3833/ 3834/3834/ 3772/3772/
f 3773/3773/ 3833/3833/ 3772/3772/
f 3686/3686/ 3835/3835/ 3751/3751/
f 3594/3594/ 3686/3686/ 3751/3751/
f 3689/3689/ 3690/3690/ 3836/3836/
f 3836/3836/ 3837/3837/ 3687/3687/
f 3689/3689/ 3836/3836/ 3687/3687/
f 3804/3804/ 3803/3803/ 3799/3799/
f 3798/3798/ 3804/3804/ 3799/3799/
f 3786/3786/ 3838/3838/ 3691/3691/
f 3631/3631/ 3786/3786/ 3691/3691/
f 3820/3820/ 3819/3819/ 3832/3832/
f 3839/3839/ 3820/3820/ 3832/3832/
f 3840/3840/ 3841/3841/ 3830/3830/
f 3829/3829/ 3840/3840/ 3830/3830/
f 3842/3842/ 3843/3843/ 3844/3844/
f 3845/3845/ 3842/3842/ 3844/3844/
f 3846/3846/ 3847/3847/ 3848/3848/
f 3849/3849/ 3846/3846/ 3848/3848/
f 3847/3847/ 3850/3850/ 3851/3851/
f 3848/3848/ 3847/3847/ 3851/3851/
f 3850/3850/ 3842/3842/ 3845/3845/
f 3851/3851/ 3850/3850/ 3845/3845/
f 3852/3852/ 3853/3853/ 3854/3854/
f 3855/3855/ 3852/3852/ 3854/3854/
f 3852/3852/ 3856/3856/ 3857/3857/
f 3853/3853/ 3852/3852/ 3857/3857/
f 3856/3856/ 3846/3846/ 3849/3849/
f 3857/3857/ 3856/3856/ 3849/3849/
f 3855/3855/ 3854/3854/ 3858/3858/
f 3859/3859/ 3855/3855/ 3858/3858/
f 3860/3860/ 3861/3861/ 3862/3862/
f 3863/3863/ 3860/3860/ 3862/3862/
f 3844/3844/ 3843/3843/ 3864/3864/
f 3865/3865/ 3844/3844/ 3864/3864/
f 3836/3836/ 3866/3866/ 3837/3837/
f 3710/3710/ 3867/3867/ 3868/3868/
f 3711/3711/ 3710/3710/ 3868/3868/
f 3860/3860/ 3859/3859/ 3858/3858/
f 3861/3861/ 3860/3860/ 3858/3858/
f 3751/3751/ 3835/3835/ 3756/3756/
f 3756/3756/ 3835/3835/ 3757/3757/
f 3867/3867/ 3869/3869/ 3870/3870/
f 3868/3868/ 3867/3867/ 3870/3870/
f 3871/3871/ 3872/3872/ 3873/3873/
f 3874/3874/ 3871/3871/ 3873/3873/
f 3875/3875/ 3876/3876/ 3872/3872/
f 3871/3871/ 3875/3875/ 3872/3872/
f 3717/3717/ 3716/3716/ 3874/3874/
f 3873/3873/ 3717/3717/ 3874/3874/
f 3708/3708/ 3877/3877/ 3718/3718/
f 3774/3774/ 3772/3772/ 3834/3834/
f 3831/3831/ 3774/3774/ 3834/3834/
f 3878/3878/ 3879/3879/ 3880/3880/
f 3881/3881/ 3878/3878/ 3880/3880/
f 3722/3722/ 3882/3882/ 3883/3883/
f 3723/3723/ 3722/3722/ 3883/3883/
f 3726/3726/ 3729/3729/ 3884/3884/
f 3885/3885/ 3726/3726/ 3884/3884/
f 3880/3880/ 3886/3886/ 3887/3887/
f 3888/3888/ 3880/3880/ 3887/3887/
f 3880/3880/ 3888/3888/ 3881/3881/
f 3733/3733/ 3889/3889/ 3890/3890/
f 3734/3734/ 3733/3733/ 3890/3890/
f 3879/3879/ 3878/3878/ 3735/3735/
f 3891/3891/ 3892/3892/ 3878/3878/
f 3881/3881/ 3891/3891/ 3878/3878/
f 3879/3879/ 3893/3893/ 3886/3886/
f 3880/3880/ 3879/3879/ 3886/3886/
f 3894/3894/ 3893/3893/ 3879/3879/
f 3735/3735/ 3894/3894/ 3879/3879/
f 3738/3738/ 3741/3741/ 3895/3895/
f 3896/3896/ 3738/3738/ 3895/3895/
f 3741/3741/ 3743/3743/ 3897/3897/
f 3895/3895/ 3741/3741/ 3897/3897/
f 3721/3721/ 3735/3735/ 3878/3878/
f 3898/3898/ 3899/3899/ 3900/3900/
f 3901/3901/ 3898/3898/ 3900/3900/
f 3734/3734/ 3890/3890/ 3894/3894/
f 3735/3735/ 3734/3734/ 3894/3894/
f 3723/3723/ 3883/3883/ 3889/3889/
f 3733/3733/ 3723/3723/ 3889/3889/
f 3748/3748/ 3902/3902/ 3882/3882/
f 3722/3722/ 3748/3748/ 3882/3882/
f 3726/3726/ 3885/3885/ 3902/3902/
f 3748/3748/ 3726/3726/ 3902/3902/
f 3896/3896/ 3884/3884/ 3729/3729/
f 3738/3738/ 3896/3896/ 3729/3729/
f 3903/3903/ 3904/3904/ 3905/3905/
f 3906/3906/ 3903/3903/ 3905/3905/
f 3907/3907/ 3903/3903/ 3906/3906/
f 3908/3908/ 3907/3907/ 3906/3906/
f 3897/3897/ 3743/3743/ 3754/3754/
f 3909/3909/ 3910/3910/ 3911/3911/
f 3912/3912/ 3909/3909/ 3911/3911/
f 3904/3904/ 3903/3903/ 3909/3909/
f 3912/3912/ 3904/3904/ 3909/3909/
f 3903/3903/ 3913/3913/ 3914/3914/
f 3909/3909/ 3903/3903/ 3914/3914/
f 3915/3915/ 3910/3910/ 3909/3909/
f 3914/3914/ 3915/3915/ 3909/3909/
f 3916/3916/ 3917/3917/ 3918/3918/
f 3919/3919/ 3916/3916/ 3918/3918/
f 3899/3899/ 3898/3898/ 3920/3920/
f 3921/3921/ 3899/3899/ 3920/3920/
f 3922/3922/ 3923/3923/ 3900/3900/
f 3899/3899/ 3922/3922/ 3900/3900/
f 3924/3924/ 3925/3925/ 3919/3919/
f 3918/3918/ 3924/3924/ 3919/3919/
f 3926/3926/ 3927/3927/ 3924/3924/
f 3918/3918/ 3926/3926/ 3924/3924/
f 3900/3900/ 3919/3919/ 3925/3925/
f 3901/3901/ 3900/3900/ 3925/3925/
f 3917/3917/ 3928/3928/ 3926/3926/
f 3918/3918/ 3917/3917/ 3926/3926/
f 3921/3921/ 3920/3920/ 3929/3929/
f 3930/3930/ 3921/3921/ 3929/3929/
f 3931/3931/ 3932/3932/ 3933/3933/
f 3934/3934/ 3931/3931/ 3933/3933/
f 3935/3935/ 3936/3936/ 3931/3931/
f 3934/3934/ 3935/3935/ 3931/3931/
f 3915/3915/ 3914/3914/ 3933/3933/
f 3932/3932/ 3915/3915/ 3933/3933/
f 3923/3923/ 3916/3916/ 3919/3919/
f 3900/3900/ 3923/3923/ 3919/3919/
f 3937/3937/ 3938/3938/ 3921/3921/
f 3930/3930/ 3937/3937/ 3921/3921/
f 3938/3938/ 3922/3922/ 3899/3899/
f 3921/3921/ 3938/3938/ 3899/3899/
f 3939/3939/ 3940/3940/ 3935/3935/
f 3934/3934/ 3939/3939/ 3935/3935/
f 3930/3930/ 3929/3929/ 3936/3936/
f 3935/3935/ 3930/3930/ 3936/3936/
f 3933/3933/ 3941/3941/ 3942/3942/
f 3934/3934/ 3933/3933/ 3942/3942/
f 3934/3934/ 3942/3942/ 3939/3939/
f 3907/3907/ 3908/3908/ 3943/3943/
f 3944/3944/ 3907/3907/ 3943/3943/
f 3940/3940/ 3937/3937/ 3930/3930/
f 3935/3935/ 3940/3940/ 3930/3930/
f 3923/3923/ 3922/3922/ 3945/3945/
f 3946/3946/ 3923/3923/ 3945/3945/
f 3942/3942/ 3941/3941/ 3947/3947/
f 3948/3948/ 3942/3942/ 3947/3947/
f 3949/3949/ 3950/3950/ 3913/3913/
f 3914/3914/ 3913/3913/ 3941/3941/
f 3933/3933/ 3914/3914/ 3941/3941/
f 3950/3950/ 3947/3947/ 3941/3941/
f 3913/3913/ 3950/3950/ 3941/3941/
f 3951/3951/ 3948/3948/ 3947/3947/
f 3952/3952/ 3951/3951/ 3947/3947/
f 3950/3950/ 3953/3953/ 3952/3952/
f 3947/3947/ 3950/3950/ 3952/3952/
f 3953/3953/ 3950/3950/ 3949/3949/
f 3954/3954/ 3953/3953/ 3949/3949/
f 3955/3955/ 3956/3956/ 3957/3957/
f 3837/3837/ 3955/3955/ 3957/3957/
f 3958/3958/ 3959/3959/ 3960/3960/
f 3961/3961/ 3958/3958/ 3960/3960/
f 3962/3962/ 3963/3963/ 3948/3948/
f 3939/3939/ 3942/3942/ 3948/3948/
f 3964/3964/ 3939/3939/ 3948/3948/
f 3940/3940/ 3939/3939/ 3964/3964/
f 3965/3965/ 3940/3940/ 3964/3964/
f 3966/3966/ 3967/3967/ 3968/3968/
f 3969/3969/ 3966/3966/ 3968/3968/
f 3922/3922/ 3938/3938/ 3970/3970/
f 3945/3945/ 3922/3922/ 3970/3970/
f 3938/3938/ 3937/3937/ 3970/3970/
f 3951/3951/ 3971/3971/ 3962/3962/
f 3948/3948/ 3951/3951/ 3962/3962/
f 3963/3963/ 3964/3964/ 3948/3948/
f 3972/3972/ 3973/3973/ 3974/3974/
f 3975/3975/ 3972/3972/ 3974/3974/
f 3916/3916/ 3923/3923/ 3946/3946/
f 3976/3976/ 3916/3916/ 3946/3946/
f 3977/3977/ 3972/3972/ 3975/3975/
f 3978/3978/ 3977/3977/ 3975/3975/
f 3967/3967/ 3979/3979/ 3980/3980/
f 3968/3968/ 3967/3967/ 3980/3980/
f 3961/3961/ 3981/3981/ 3982/3982/
f 3958/3958/ 3961/3961/ 3982/3982/
f 3945/3945/ 3970/3970/ 3965/3965/
f 3983/3983/ 3984/3984/ 3945/3945/
f 3983/3983/ 3945/3945/ 3965/3965/
f 3937/3937/ 3940/3940/ 3965/3965/
f 3970/3970/ 3937/3937/ 3965/3965/
f 3961/3961/ 3960/3960/ 3985/3985/
f 3984/3984/ 3961/3961/ 3985/3985/
f 3972/3972/ 3986/3986/ 3987/3987/
f 3973/3973/ 3972/3972/ 3987/3987/
f 3965/3965/ 3964/3964/ 3963/3963/
f 3983/3983/ 3965/3965/ 3963/3963/
f 3981/3981/ 3962/3962/ 3971/3971/
f 3982/3982/ 3981/3981/ 3971/3971/
f 3962/3962/ 3981/3981/ 3983/3983/
f 3963/3963/ 3962/3962/ 3983/3983/
f 3977/3977/ 3988/3988/ 3986/3986/
f 3972/3972/ 3977/3977/ 3986/3986/
f 3946/3946/ 3985/3985/ 3973/3973/
f 3987/3987/ 3946/3946/ 3973/3973/
f 3945/3945/ 3984/3984/ 3985/3985/
f 3946/3946/ 3945/3945/ 3985/3985/
f 3917/3917/ 3989/3989/ 3990/3990/
f 3981/3981/ 3961/3961/ 3984/3984/
f 3983/3983/ 3981/3981/ 3984/3984/
f 3991/3991/ 3992/3992/ 3993/3993/
f 3994/3994/ 3991/3991/ 3993/3993/
f 3995/3995/ 3980/3980/ 3979/3979/
f 3996/3996/ 3995/3995/ 3979/3979/
f 3991/3991/ 3997/3997/ 3998/3998/
f 3992/3992/ 3991/3991/ 3998/3998/
f 3988/3988/ 3977/3977/ 3992/3992/
f 3998/3998/ 3988/3988/ 3992/3992/
f 3928/3928/ 3999/3999/ 4000/4000/
f 4001/4001/ 3928/3928/ 4000/4000/
f 3926/3926/ 4002/4002/ 4003/4003/
f 3927/3927/ 3926/3926/ 4003/4003/
f 3904/3904/ 4004/4004/ 4005/4005/
f 3905/3905/ 3904/3904/ 4005/4005/
f 3960/3960/ 3974/3974/ 3973/3973/
f 3985/3985/ 3960/3960/ 3973/3973/
f 3959/3959/ 3966/3966/ 3969/3969/
f 3960/3960/ 3959/3959/ 3969/3969/
f 4006/4006/ 4007/4007/ 3944/3944/
f 3943/3943/ 4006/4006/ 3944/3944/
f 4008/4008/ 3995/3995/ 3996/3996/
f 4009/4009/ 4008/4008/ 3996/3996/
f 3992/3992/ 3977/3977/ 3978/3978/
f 3993/3993/ 3992/3992/ 3978/3978/
f 4010/4010/ 3845/3845/ 3844/3844/
f 4011/4011/ 4010/4010/ 3844/3844/
f 4012/4012/ 3849/3849/ 3848/3848/
f 4013/4013/ 4012/4012/ 3848/3848/
f 4013/4013/ 3848/3848/ 3851/3851/
f 4014/4014/ 4013/4013/ 3851/3851/
f 4014/4014/ 3851/3851/ 3845/3845/
f 4010/4010/ 4014/4014/ 3845/3845/
f 4015/4015/ 4016/4016/ 3854/3854/
f 3853/3853/ 4015/4015/ 3854/3854/
f 4015/4015/ 3853/3853/ 3857/3857/
f 4017/4017/ 4015/4015/ 3857/3857/
f 4017/4017/ 3857/3857/ 3849/3849/
f 4012/4012/ 4017/4017/ 3849/3849/
f 4016/4016/ 4018/4018/ 3858/3858/
f 3854/3854/ 4016/4016/ 3858/3858/
f 4019/4019/ 4020/4020/ 3862/3862/
f 3861/3861/ 4019/4019/ 3862/3862/
f 3865/3865/ 4021/4021/ 4022/4022/
f 4011/4011/ 3865/3865/ 4022/4022/
f 3955/3955/ 3837/3837/ 3866/3866/
f 3858/3858/ 4018/4018/ 4019/4019/
f 3861/3861/ 3858/3858/ 4019/4019/
f 3904/3904/ 3912/3912/ 4004/4004/
f 3911/3911/ 4004/4004/ 3912/3912/
f 4023/4023/ 4024/4024/ 4025/4025/
f 4026/4026/ 4023/4023/ 4025/4025/
f 4027/4027/ 4028/4028/ 4024/4024/
f 4023/4023/ 4027/4027/ 4024/4024/
f 3876/3876/ 3875/3875/ 4026/4026/
f 4025/4025/ 3876/3876/ 4026/4026/
f 4022/4022/ 4021/4021/ 4029/4029/
f 3928/3928/ 4001/4001/ 4002/4002/
f 3926/3926/ 3928/3928/ 4002/4002/
f 3881/3881/ 4030/4030/ 4031/4031/
f 4032/4032/ 4033/4033/ 4034/4034/
f 4035/4035/ 4032/4032/ 4034/4034/
f 4036/4036/ 4037/4037/ 4038/4038/
f 4039/4039/ 4036/4036/ 4038/4038/
f 3887/3887/ 4040/4040/ 4030/4030/
f 3888/3888/ 3887/3887/ 4030/4030/
f 3888/3888/ 4030/4030/ 3881/3881/
f 4041/4041/ 4042/4042/ 4043/4043/
f 4044/4044/ 4041/4041/ 4043/4043/
f 4031/4031/ 4045/4045/ 4046/4046/
f 3881/3881/ 4031/4031/ 4046/4046/
f 4031/4031/ 4030/4030/ 4040/4040/
f 4047/4047/ 4031/4031/ 4040/4040/
f 4031/4031/ 4047/4047/ 4048/4048/
f 4045/4045/ 4031/4031/ 4048/4048/
f 4049/4049/ 4050/4050/ 4051/4051/
f 4052/4052/ 4049/4049/ 4051/4051/
f 4052/4052/ 4051/4051/ 4053/4053/
f 4054/4054/ 4052/4052/ 4053/4053/
f 4055/4055/ 4056/4056/ 4057/4057/
f 4058/4058/ 4055/4055/ 4057/4057/
f 4048/4048/ 4041/4041/ 4044/4044/
f 4045/4045/ 4048/4048/ 4044/4044/
f 4042/4042/ 4034/4034/ 4033/4033/
f 4043/4043/ 4042/4042/ 4033/4033/
f 4059/4059/ 4032/4032/ 4035/4035/
f 4060/4060/ 4059/4059/ 4035/4035/
f 4036/4036/ 4059/4059/ 4060/4060/
f 4037/4037/ 4036/4036/ 4060/4060/
f 4050/4050/ 4049/4049/ 4039/4039/
f 4038/4038/ 4050/4050/ 4039/4039/
f 4061/4061/ 3906/3906/ 3905/3905/
f 4062/4062/ 4061/4061/ 3905/3905/
f 4063/4063/ 3908/3908/ 3906/3906/
f 4061/4061/ 4063/4063/ 3906/3906/
f 4064/4064/ 4065/4065/ 4054/4054/
f 4053/4053/ 4064/4064/ 4054/4054/
f 4066/4066/ 4067/4067/ 4068/4068/
f 4069/4069/ 4066/4066/ 4068/4068/
f 4062/4062/ 4067/4067/ 4066/4066/
f 4061/4061/ 4062/4062/ 4066/4066/
f 4070/4070/ 4071/4071/ 4061/4061/
f 4066/4066/ 4070/4070/ 4061/4061/
f 4066/4066/ 4069/4069/ 4072/4072/
f 4070/4070/ 4066/4066/ 4072/4072/
f 4073/4073/ 4074/4074/ 4075/4075/
f 4076/4076/ 4073/4073/ 4075/4075/
f 4077/4077/ 4055/4055/ 4058/4058/
f 4078/4078/ 4077/4077/ 4058/4058/
f 4079/4079/ 4058/4058/ 4057/4057/
f 4080/4080/ 4079/4079/ 4057/4057/
f 4081/4081/ 4075/4075/ 4074/4074/
f 4082/4082/ 4081/4081/ 4074/4074/
f 4083/4083/ 4075/4075/ 4081/4081/
f 4084/4084/ 4083/4083/ 4081/4081/
f 4082/4082/ 4074/4074/ 4057/4057/
f 4056/4056/ 4082/4082/ 4057/4057/
f 4083/4083/ 4085/4085/ 4076/4076/
f 4075/4075/ 4083/4083/ 4076/4076/
f 4078/4078/ 4086/4086/ 4087/4087/
f 4077/4077/ 4078/4078/ 4087/4087/
f 4088/4088/ 4089/4089/ 4090/4090/
f 4091/4091/ 4088/4088/ 4090/4090/
f 4092/4092/ 4089/4089/ 4088/4088/
f 4093/4093/ 4092/4092/ 4088/4088/
f 4072/4072/ 4091/4091/ 4090/4090/
f 4070/4070/ 4072/4072/ 4090/4090/
f 4074/4074/ 4073/4073/ 4080/4080/
f 4057/4057/ 4074/4074/ 4080/4080/
f 4094/4094/ 4086/4086/ 4078/4078/
f 4095/4095/ 4094/4094/ 4078/4078/
f 4058/4058/ 4079/4079/ 4095/4095/
f 4078/4078/ 4058/4058/ 4095/4095/
f 4096/4096/ 4089/4089/ 4092/4092/
f 4097/4097/ 4096/4096/ 4092/4092/
f 4093/4093/ 4087/4087/ 4086/4086/
f 4092/4092/ 4093/4093/ 4086/4086/
f 4089/4089/ 4096/4096/ 4098/4098/
f 4090/4090/ 4089/4089/ 4098/4098/
f 4099/4099/ 4090/4090/ 4098/4098/
f 4100/4100/ 4099/4099/ 4098/4098/
f 3943/3943/ 3908/3908/ 4063/4063/
f 4101/4101/ 3943/3943/ 4063/4063/
f 4086/4086/ 4094/4094/ 4097/4097/
f 4092/4092/ 4086/4086/ 4097/4097/
f 4080/4080/ 4102/4102/ 4103/4103/
f 4079/4079/ 4080/4080/ 4103/4103/
f 4104/4104/ 4099/4099/ 4100/4100/
f 4105/4105/ 4104/4104/ 4100/4100/
f 4106/4106/ 4107/4107/ 4071/4071/
f 4070/4070/ 4090/4090/ 4099/4099/
f 4071/4071/ 4070/4070/ 4099/4099/
f 4099/4099/ 4104/4104/ 4106/4106/
f 4071/4071/ 4099/4099/ 4106/4106/
f 4104/4104/ 4105/4105/ 4108/4108/
f 4109/4109/ 4104/4104/ 4108/4108/
f 4109/4109/ 4110/4110/ 4106/4106/
f 4104/4104/ 4109/4109/ 4106/4106/
f 4110/4110/ 4111/4111/ 4107/4107/
f 4106/4106/ 4110/4110/ 4107/4107/
f 3957/3957/ 3956/3956/ 4112/4112/
f 4113/4113/ 3957/3957/ 4112/4112/
f 4114/4114/ 4115/4115/ 4116/4116/
f 4117/4117/ 4114/4114/ 4116/4116/
f 4118/4118/ 4119/4119/ 4120/4120/
f 4121/4121/ 4118/4118/ 4120/4120/
f 4116/4116/ 4115/4115/ 4122/4122/
f 4123/4123/ 4116/4116/ 4122/4122/
f 4124/4124/ 4125/4125/ 4126/4126/
f 4127/4127/ 4124/4124/ 4126/4126/
f 4079/4079/ 4103/4103/ 4128/4128/
f 4095/4095/ 4079/4079/ 4128/4128/
f 4094/4094/ 4095/4095/ 4128/4128/
f 4122/4122/ 4115/4115/ 4105/4105/
f 4115/4115/ 4114/4114/ 4108/4108/
f 4105/4105/ 4115/4115/ 4108/4108/
f 4098/4098/ 4122/4122/ 4105/4105/
f 4100/4100/ 4098/4098/ 4105/4105/
f 4122/4122/ 4098/4098/ 4096/4096/
f 4123/4123/ 4122/4122/ 4096/4096/
f 4129/4129/ 4130/4130/ 4131/4131/
f 4132/4132/ 4129/4129/ 4131/4131/
f 4076/4076/ 4133/4133/ 4134/4134/
f 4073/4073/ 4076/4076/ 4134/4134/
f 4085/4085/ 4135/4135/ 4133/4133/
f 4076/4076/ 4085/4085/ 4133/4133/
f 4073/4073/ 4134/4134/ 4102/4102/
f 4080/4080/ 4073/4073/ 4102/4102/
f 4132/4132/ 4131/4131/ 4136/4136/
f 4137/4137/ 4132/4132/ 4136/4136/
f 4138/4138/ 4139/4139/ 4127/4127/
f 4126/4126/ 4138/4138/ 4127/4127/
f 4103/4103/ 4140/4140/ 4141/4141/
f 4128/4128/ 4103/4103/ 4141/4141/
f 4094/4094/ 4128/4128/ 4141/4141/
f 4133/4133/ 4142/4142/ 4143/4143/
f 4134/4134/ 4133/4133/ 4143/4143/
f 4135/4135/ 4144/4144/ 4133/4133/
f 4134/4134/ 4143/4143/ 4145/4145/
f 4102/4102/ 4134/4134/ 4145/4145/
f 4119/4119/ 4118/4118/ 4146/4146/
f 4147/4147/ 4119/4119/ 4146/4146/
f 4148/4148/ 4149/4149/ 4141/4141/
f 4140/4140/ 4148/4148/ 4141/4141/
f 4097/4097/ 4149/4149/ 4123/4123/
f 4096/4096/ 4097/4097/ 4123/4123/
f 4097/4097/ 4094/4094/ 4141/4141/
f 4149/4149/ 4097/4097/ 4141/4141/
f 4119/4119/ 4148/4148/ 4150/4150/
f 4120/4120/ 4119/4119/ 4150/4150/
f 4131/4131/ 4130/4130/ 4143/4143/
f 4151/4151/ 4131/4131/ 4143/4143/
f 4117/4117/ 4116/4116/ 4147/4147/
f 4146/4146/ 4117/4117/ 4147/4147/
f 4116/4116/ 4123/4123/ 4149/4149/
f 4147/4147/ 4116/4116/ 4149/4149/
f 4136/4136/ 4131/4131/ 4151/4151/
f 4152/4152/ 4136/4136/ 4151/4151/
f 4130/4130/ 4150/4150/ 4145/4145/
f 4143/4143/ 4130/4130/ 4145/4145/
f 4150/4150/ 4148/4148/ 4140/4140/
f 4145/4145/ 4150/4150/ 4140/4140/
f 4140/4140/ 4103/4103/ 4102/4102/
f 4145/4145/ 4140/4140/ 4102/4102/
f 4133/4133/ 4144/4144/ 4142/4142/
f 4148/4148/ 4119/4119/ 4147/4147/
f 4149/4149/ 4148/4148/ 4147/4147/
f 4153/4153/ 4154/4154/ 4155/4155/
f 4156/4156/ 4153/4153/ 4155/4155/
f 4157/4157/ 4158/4158/ 4139/4139/
f 4138/4138/ 4157/4157/ 4139/4139/
f 4155/4155/ 4154/4154/ 4159/4159/
f 4160/4160/ 4155/4155/ 4159/4159/
f 4154/4154/ 4136/4136/ 4152/4152/
f 4161/4161/ 4154/4154/ 4152/4152/
f 4162/4162/ 4135/4135/ 4085/4085/
f 4163/4163/ 4162/4162/ 4085/4085/
f 4164/4164/ 4165/4165/ 4083/4083/
f 4084/4084/ 4164/4164/ 4083/4083/
f 4005/4005/ 4166/4166/ 4062/4062/
f 3905/3905/ 4005/4005/ 4062/4062/
f 4130/4130/ 4129/4129/ 4120/4120/
f 4150/4150/ 4130/4130/ 4120/4120/
f 4125/4125/ 4124/4124/ 4121/4121/
f 4120/4120/ 4125/4125/ 4121/4121/
f 4101/4101/ 4167/4167/ 4006/4006/
f 3943/3943/ 4101/4101/ 4006/4006/
f 4168/4168/ 4169/4169/ 4158/4158/
f 4157/4157/ 4168/4168/ 4158/4158/
f 4137/4137/ 4136/4136/ 4154/4154/
f 4153/4153/ 4137/4137/ 4154/4154/
f 4170/4170/ 4171/4171/ 4172/4172/
f 4173/4173/ 4170/4170/ 4172/4172/
f 4174/4174/ 4175/4175/ 4176/4176/
f 4177/4177/ 4174/4174/ 4176/4176/
f 4175/4175/ 4178/4178/ 4179/4179/
f 4176/4176/ 4175/4175/ 4179/4179/
f 4178/4178/ 4170/4170/ 4173/4173/
f 4179/4179/ 4178/4178/ 4173/4173/
f 4180/4180/ 4181/4181/ 4182/4182/
f 4183/4183/ 4180/4180/ 4182/4182/
f 4180/4180/ 4184/4184/ 4185/4185/
f 4181/4181/ 4180/4180/ 4185/4185/
f 4186/4186/ 4187/4187/ 4183/4183/
f 4182/4182/ 4186/4186/ 4183/4183/
f 4184/4184/ 4174/4174/ 4177/4177/
f 4185/4185/ 4184/4184/ 4177/4177/
f 4187/4187/ 4186/4186/ 4188/4188/
f 4189/4189/ 4187/4187/ 4188/4188/
f 4190/4190/ 4191/4191/ 4192/4192/
f 4193/4193/ 4190/4190/ 4192/4192/
f 4194/4194/ 4172/4172/ 4171/4171/
f 4195/4195/ 4196/4196/ 4194/4194/
f 4195/4195/ 4194/4194/ 4171/4171/
f 4172/4172/ 4194/4194/ 4197/4197/
f 4198/4198/ 4199/4199/ 4197/4197/
f 4194/4194/ 4198/4198/ 4197/4197/
f 4112/4112/ 4200/4200/ 4113/4113/
f 3869/3869/ 4201/4201/ 4202/4202/
f 3870/3870/ 3869/3869/ 4202/4202/
f 4196/4196/ 4021/4021/ 4198/4198/
f 4194/4194/ 4196/4196/ 4198/4198/
f 4190/4190/ 4189/4189/ 4188/4188/
f 4191/4191/ 4190/4190/ 4188/4188/
f 4062/4062/ 4166/4166/ 4067/4067/
f 4067/4067/ 4166/4166/ 4068/4068/
f 4203/4203/ 4204/4204/ 4205/4205/
f 4206/4206/ 4203/4203/ 4205/4205/
f 4206/4206/ 4205/4205/ 4207/4207/
f 4208/4208/ 4206/4206/ 4207/4207/
f 4028/4028/ 4027/4027/ 4204/4204/
f 4203/4203/ 4028/4028/ 4204/4204/
f 4196/4196/ 4195/4195/ 4029/4029/
f 4021/4021/ 4196/4196/ 4029/4029/
f 4085/4085/ 4083/4083/ 4165/4165/
f 4163/4163/ 4085/4085/ 4165/4165/
f 4209/4209/ 4210/4210/ 4211/4211/
f 4032/4032/ 4212/4212/ 4213/4213/
f 4033/4033/ 4032/4032/ 4213/4213/
f 4036/4036/ 4039/4039/ 4214/4214/
f 4215/4215/ 4036/4036/ 4214/4214/
f 4209/4209/ 4216/4216/ 4217/4217/
f 4218/4218/ 4209/4209/ 4217/4217/
f 4209/4209/ 4218/4218/ 4210/4210/
f 4043/4043/ 4219/4219/ 4220/4220/
f 4044/4044/ 4043/4043/ 4220/4220/
f 4046/4046/ 4045/4045/ 4211/4211/
f 4210/4210/ 4046/4046/ 4211/4211/
f 4221/4221/ 4222/4222/ 4046/4046/
f 4210/4210/ 4221/4221/ 4046/4046/
f 4211/4211/ 4223/4223/ 4216/4216/
f 4209/4209/ 4211/4211/ 4216/4216/
f 4224/4224/ 4223/4223/ 4211/4211/
f 4045/4045/ 4224/4224/ 4211/4211/
f 4049/4049/ 4052/4052/ 4225/4225/
f 4226/4226/ 4049/4049/ 4225/4225/
f 4052/4052/ 4054/4054/ 4227/4227/
f 4225/4225/ 4052/4052/ 4227/4227/
f 4228/4228/ 4229/4229/ 4230/4230/
f 4231/4231/ 4228/4228/ 4230/4230/
f 4044/4044/ 4220/4220/ 4224/4224/
f 4045/4045/ 4044/4044/ 4224/4224/
f 4033/4033/ 4213/4213/ 4219/4219/
f 4043/4043/ 4033/4033/ 4219/4219/
f 4059/4059/ 4232/4232/ 4212/4212/
f 4032/4032/ 4059/4059/ 4212/4212/
f 4036/4036/ 4215/4215/ 4232/4232/
f 4059/4059/ 4036/4036/ 4232/4232/
f 4226/4226/ 4214/4214/ 4039/4039/
f 4049/4049/ 4226/4226/ 4039/4039/
f 4233/4233/ 4234/4234/ 4235/4235/
f 4236/4236/ 4233/4233/ 4235/4235/
f 4237/4237/ 4233/4233/ 4236/4236/
f 4238/4238/ 4237/4237/ 4236/4236/
f 4227/4227/ 4054/4054/ 4065/4065/
f 4239/4239/ 4240/4240/ 4241/4241/
f 4242/4242/ 4239/4239/ 4241/4241/
f 4234/4234/ 4233/4233/ 4239/4239/
f 4242/4242/ 4234/4234/ 4239/4239/
f 4233/4233/ 4237/4237/ 4243/4243/
f 4239/4239/ 4233/4233/ 4243/4243/
f 4244/4244/ 4240/4240/ 4239/4239/
f 4243/4243/ 4244/4244/ 4239/4239/
f 4245/4245/ 4246/4246/ 4247/4247/
f 4248/4248/ 4245/4245/ 4247/4247/
f 4229/4229/ 4228/4228/ 4249/4249/
f 4250/4250/ 4229/4229/ 4249/4249/
f 4251/4251/ 4252/4252/ 4230/4230/
f 4229/4229/ 4251/4251/ 4230/4230/
f 4253/4253/ 4254/4254/ 4248/4248/
f 4247/4247/ 4253/4253/ 4248/4248/
f 4255/4255/ 4256/4256/ 4253/4253/
f 4247/4247/ 4255/4255/ 4253/4253/
f 4230/4230/ 4248/4248/ 4254/4254/
f 4231/4231/ 4230/4230/ 4254/4254/
f 4246/4246/ 4257/4257/ 4255/4255/
f 4247/4247/ 4246/4246/ 4255/4255/
f 4250/4250/ 4249/4249/ 4258/4258/
f 4259/4259/ 4250/4250/ 4258/4258/
f 4260/4260/ 4261/4261/ 4262/4262/
f 4263/4263/ 4260/4260/ 4262/4262/
f 4264/4264/ 4265/4265/ 4260/4260/
f 4263/4263/ 4264/4264/ 4260/4260/
f 4244/4244/ 4243/4243/ 4262/4262/
f 4261/4261/ 4244/4244/ 4262/4262/
f 4252/4252/ 4245/4245/ 4248/4248/
f 4230/4230/ 4252/4252/ 4248/4248/
f 4266/4266/ 4267/4267/ 4250/4250/
f 4259/4259/ 4266/4266/ 4250/4250/
f 4267/4267/ 4251/4251/ 4229/4229/
f 4250/4250/ 4267/4267/ 4229/4229/
f 4268/4268/ 4269/4269/ 4264/4264/
f 4263/4263/ 4268/4268/ 4264/4264/
f 4259/4259/ 4258/4258/ 4265/4265/
f 4264/4264/ 4259/4259/ 4265/4265/
f 4263/4263/ 4262/4262/ 4270/4270/
f 4268/4268/ 4263/4263/ 4270/4270/
f 4271/4271/ 4272/4272/ 4270/4270/
f 4262/4262/ 4271/4271/ 4270/4270/
f 4237/4237/ 4238/4238/ 4273/4273/
f 4274/4274/ 4237/4237/ 4273/4273/
f 4275/4275/ 4276/4276/ 4277/4277/
f 4278/4278/ 4275/4275/ 4277/4277/
f 4274/4274/ 4273/4273/ 4279/4279/
f 4280/4280/ 4274/4274/ 4279/4279/
f 4281/4281/ 4282/4282/ 4276/4276/
f 4275/4275/ 4281/4281/ 4276/4276/
f 4269/4269/ 4266/4266/ 4259/4259/
f 4264/4264/ 4269/4269/ 4259/4259/
f 4272/4272/ 4271/4271/ 4275/4275/
f 4278/4278/ 4272/4272/ 4275/4275/
f 4283/4283/ 4284/4284/ 4285/4285/
f 4286/4286/ 4283/4283/ 4285/4285/
f 4274/4274/ 4281/4281/ 4237/4237/
f 4243/4243/ 4237/4237/ 4271/4271/
f 4262/4262/ 4243/4243/ 4271/4271/
f 4281/4281/ 4275/4275/ 4271/4271/
f 4237/4237/ 4281/4281/ 4271/4271/
f 4287/4287/ 4277/4277/ 4276/4276/
f 4288/4288/ 4287/4287/ 4276/4276/
f 4282/4282/ 4289/4289/ 4288/4288/
f 4276/4276/ 4282/4282/ 4288/4288/
f 4289/4289/ 4282/4282/ 4280/4280/
f 4290/4290/ 4289/4289/ 4280/4280/
f 4291/4291/ 4292/4292/ 4293/4293/
f 4294/4294/ 4291/4291/ 4293/4293/
f 4295/4295/ 4296/4296/ 4297/4297/
f 4298/4298/ 4295/4295/ 4297/4297/
f 4299/4299/ 4300/4300/ 4301/4301/
f 4302/4302/ 4299/4299/ 4301/4301/
f 4303/4303/ 4304/4304/ 4305/4305/
f 4306/4306/ 4303/4303/ 4305/4305/
f 4298/4298/ 4297/4297/ 4283/4283/
f 4307/4307/ 4298/4298/ 4283/4283/
f 4277/4277/ 4307/4307/ 4308/4308/
f 4278/4278/ 4277/4277/ 4308/4308/
f 4280/4280/ 4282/4282/ 4281/4281/
f 4274/4274/ 4280/4280/ 4281/4281/
f 4270/4270/ 4272/4272/ 4278/4278/
f 4308/4308/ 4270/4270/ 4278/4278/
f 4268/4268/ 4270/4270/ 4308/4308/
f 4286/4286/ 4268/4268/ 4308/4308/
f 4269/4269/ 4268/4268/ 4286/4286/
f 4285/4285/ 4269/4269/ 4286/4286/
f 4309/4309/ 4310/4310/ 4311/4311/
f 4312/4312/ 4309/4309/ 4311/4311/
f 4313/4313/ 4300/4300/ 4251/4251/
f 4267/4267/ 4313/4313/ 4251/4251/
f 4267/4267/ 4266/4266/ 4313/4313/
f 4287/4287/ 4295/4295/ 4298/4298/
f 4277/4277/ 4287/4287/ 4298/4298/
f 4307/4307/ 4277/4277/ 4298/4298/
f 4307/4307/ 4283/4283/ 4286/4286/
f 4308/4308/ 4307/4307/ 4286/4286/
f 4314/4314/ 4315/4315/ 4316/4316/
f 4317/4317/ 4314/4314/ 4316/4316/
f 4318/4318/ 4319/4319/ 4317/4317/
f 4316/4316/ 4318/4318/ 4317/4317/
f 4319/4319/ 4320/4320/ 4246/4246/
f 4245/4245/ 4319/4319/ 4246/4246/
f 4299/4299/ 4319/4319/ 4245/4245/
f 4252/4252/ 4299/4299/ 4245/4245/
f 4315/4315/ 4321/4321/ 4322/4322/
f 4316/4316/ 4315/4315/ 4322/4322/
f 4310/4310/ 4323/4323/ 4324/4324/
f 4311/4311/ 4310/4310/ 4324/4324/
f 4284/4284/ 4300/4300/ 4313/4313/
f 4285/4285/ 4284/4284/ 4313/4313/
f 4320/4320/ 4325/4325/ 4257/4257/
f 4246/4246/ 4320/4320/ 4257/4257/
f 4306/4306/ 4326/4326/ 4327/4327/
f 4303/4303/ 4306/4306/ 4327/4327/
f 4301/4301/ 4284/4284/ 4326/4326/
f 4306/4306/ 4301/4301/ 4326/4326/
f 4285/4285/ 4313/4313/ 4266/4266/
f 4269/4269/ 4285/4285/ 4266/4266/
f 4306/4306/ 4328/4328/ 4302/4302/
f 4301/4301/ 4306/4306/ 4302/4302/
f 4301/4301/ 4300/4300/ 4284/4284/
f 4297/4297/ 4326/4326/ 4284/4284/
f 4283/4283/ 4297/4297/ 4284/4284/
f 4326/4326/ 4297/4297/ 4296/4296/
f 4327/4327/ 4326/4326/ 4296/4296/
f 4319/4319/ 4299/4299/ 4302/4302/
f 4317/4317/ 4319/4319/ 4302/4302/
f 4302/4302/ 4328/4328/ 4314/4314/
f 4317/4317/ 4302/4302/ 4314/4314/
f 4300/4300/ 4299/4299/ 4252/4252/
f 4251/4251/ 4300/4300/ 4252/4252/
f 4329/4329/ 4330/4330/ 4331/4331/
f 4332/4332/ 4329/4329/ 4331/4331/
f 4333/4333/ 4324/4324/ 4323/4323/
f 4334/4334/ 4333/4333/ 4323/4323/
f 4322/4322/ 4331/4331/ 4335/4335/
f 4257/4257/ 4325/4325/ 4336/4336/
f 4337/4337/ 4257/4257/ 4336/4336/
f 4255/4255/ 4338/4338/ 4339/4339/
f 4256/4256/ 4255/4255/ 4339/4339/
f 4234/4234/ 4340/4340/ 4341/4341/
f 4235/4235/ 4234/4234/ 4341/4341/
f 4304/4304/ 4309/4309/ 4312/4312/
f 4305/4305/ 4304/4304/ 4312/4312/
f 4342/4342/ 4343/4343/ 4280/4280/
f 4279/4279/ 4342/4342/ 4280/4280/
f 4322/4322/ 4321/4321/ 4332/4332/
f 4331/4331/ 4322/4322/ 4332/4332/
f 4344/4344/ 4333/4333/ 4334/4334/
f 4345/4345/ 4344/4344/ 4334/4334/
f 4346/4346/ 4173/4173/ 4172/4172/
f 4347/4347/ 4346/4346/ 4172/4172/
f 4348/4348/ 4177/4177/ 4176/4176/
f 4349/4349/ 4348/4348/ 4176/4176/
f 4349/4349/ 4176/4176/ 4179/4179/
f 4350/4350/ 4349/4349/ 4179/4179/
f 4350/4350/ 4179/4179/ 4173/4173/
f 4346/4346/ 4350/4350/ 4173/4173/
f 4351/4351/ 4352/4352/ 4182/4182/
f 4181/4181/ 4351/4351/ 4182/4182/
f 4351/4351/ 4181/4181/ 4185/4185/
f 4353/4353/ 4351/4351/ 4185/4185/
f 4186/4186/ 4182/4182/ 4352/4352/
f 4354/4354/ 4186/4186/ 4352/4352/
f 4353/4353/ 4185/4185/ 4177/4177/
f 4348/4348/ 4353/4353/ 4177/4177/
f 4354/4354/ 4355/4355/ 4188/4188/
f 4186/4186/ 4354/4354/ 4188/4188/
f 4356/4356/ 4357/4357/ 4192/4192/
f 4191/4191/ 4356/4356/ 4192/4192/
f 4347/4347/ 4172/4172/ 4358/4358/
f 4358/4358/ 4359/4359/ 4360/4360/
f 4360/4360/ 4347/4347/ 4358/4358/
f 4197/4197/ 4358/4358/ 4172/4172/
f 4197/4197/ 4199/4199/ 4358/4358/
f 4293/4293/ 4292/4292/ 4361/4361/
f 4201/4201/ 4362/4362/ 4363/4363/
f 4202/4202/ 4201/4201/ 4363/4363/
f 4199/4199/ 4364/4364/ 4359/4359/
f 4358/4358/ 4199/4199/ 4359/4359/
f 4188/4188/ 4355/4355/ 4356/4356/
f 4191/4191/ 4188/4188/ 4356/4356/
f 4234/4234/ 4242/4242/ 4340/4340/
f 4241/4241/ 4340/4340/ 4242/4242/
f 4362/4362/ 3559/3559/ 3562/3562/
f 4363/4363/ 4362/4362/ 3562/3562/
f 4365/4365/ 4366/4366/ 4367/4367/
f 4368/4368/ 4365/4365/ 4367/4367/
f 4369/4369/ 4370/4370/ 4368/4368/
f 4367/4367/ 4369/4369/ 4368/4368/
f 4371/4371/ 4372/4372/ 4366/4366/
f 4365/4365/ 4371/4371/ 4366/4366/
f 4359/4359/ 4364/4364/ 4373/4373/
f 4360/4360/ 4359/4359/ 4373/4373/
f 4335/4335/ 4331/4331/ 4330/4330/
f 4374/4374/ 4335/4335/ 4330/4330/
f 4257/4257/ 4337/4337/ 4338/4338/
f 4255/4255/ 4257/4257/ 4338/4338/
f 4375/4375/ 4376/4376/ 4377/4377/
f 4378/4378/ 4379/4379/ 4380/4380/
f 4381/4381/ 4378/4378/ 4380/4380/
f 4217/4217/ 4382/4382/ 4376/4376/
f 4218/4218/ 4217/4217/ 4376/4376/
f 4376/4376/ 4375/4375/ 4210/4210/
f 4218/4218/ 4376/4376/ 4210/4210/
f 4383/4383/ 4380/4380/ 4379/4379/
f 4384/4384/ 4383/4383/ 4379/4379/
f 4385/4385/ 4375/4375/ 4377/4377/
f 4377/4377/ 4376/4376/ 4382/4382/
f 4386/4386/ 4377/4377/ 4382/4382/
f 4384/4384/ 4385/4385/ 4377/4377/
f 4384/4384/ 4377/4377/ 4386/4386/
f 4384/4384/ 4386/4386/ 4383/4383/
f 4387/4387/ 4388/4388/ 4389/4389/
f 4390/4390/ 4387/4387/ 4389/4389/
f 4390/4390/ 4389/4389/ 4391/4391/
f 4392/4392/ 4390/4390/ 4391/4391/
f 4375/4375/ 4385/4385/ 4393/4393/
f 4394/4394/ 4395/4395/ 4396/4396/
f 4397/4397/ 4394/4394/ 4396/4396/
f 4398/4398/ 4378/4378/ 4381/4381/
f 4399/4399/ 4398/4398/ 4381/4381/
f 4400/4400/ 4398/4398/ 4399/4399/
f 4401/4401/ 4400/4400/ 4399/4399/
f 4388/4388/ 4387/4387/ 4400/4400/
f 4401/4401/ 4388/4388/ 4400/4400/
f 4402/4402/ 4236/4236/ 4235/4235/
f 4403/4403/ 4402/4402/ 4235/4235/
f 4404/4404/ 4238/4238/ 4236/4236/
f 4402/4402/ 4404/4404/ 4236/4236/
f 4405/4405/ 4406/4406/ 4392/4392/
f 4391/4391/ 4405/4405/ 4392/4392/
f 4407/4407/ 4408/4408/ 4409/4409/
f 4410/4410/ 4407/4407/ 4409/4409/
f 4403/4403/ 4408/4408/ 4407/4407/
f 4402/4402/ 4403/4403/ 4407/4407/
f 4411/4411/ 4404/4404/ 4402/4402/
f 4407/4407/ 4411/4411/ 4402/4402/
f 4407/4407/ 4410/4410/ 4412/4412/
f 4411/4411/ 4407/4407/ 4412/4412/
f 4394/4394/ 4413/4413/ 4414/4414/
f 4395/4395/ 4394/4394/ 4414/4414/
f 4415/4415/ 4394/4394/ 4397/4397/
f 4416/4416/ 4415/4415/ 4397/4397/
f 4417/4417/ 4415/4415/ 4416/4416/
f 4418/4418/ 4417/4417/ 4416/4416/
f 4417/4417/ 4419/4419/ 4420/4420/
f 4415/4415/ 4417/4417/ 4420/4420/
f 4395/4395/ 4421/4421/ 4422/4422/
f 4396/4396/ 4395/4395/ 4422/4422/
f 4423/4423/ 4424/4424/ 4425/4425/
f 4426/4426/ 4423/4423/ 4425/4425/
f 4425/4425/ 4424/4424/ 4427/4427/
f 4412/4412/ 4425/4425/ 4427/4427/
f 4411/4411/ 4412/4412/ 4427/4427/
f 4415/4415/ 4420/4420/ 4413/4413/
f 4394/4394/ 4415/4415/ 4413/4413/
f 4428/4428/ 4421/4421/ 4395/4395/
f 4414/4414/ 4428/4428/ 4395/4395/
f 4429/4429/ 4424/4424/ 4423/4423/
f 4430/4430/ 4429/4429/ 4423/4423/
f 4426/4426/ 4422/4422/ 4421/4421/
f 4423/4423/ 4426/4426/ 4421/4421/
f 4431/4431/ 4432/4432/ 4427/4427/
f 4431/4431/ 4427/4427/ 4424/4424/
f 4424/4424/ 4429/4429/ 4431/4431/
f 4273/4273/ 4238/4238/ 4404/4404/
f 4433/4433/ 4273/4273/ 4404/4404/
f 4434/4434/ 4435/4435/ 4436/4436/
f 4437/4437/ 4434/4434/ 4436/4436/
f 4433/4433/ 4438/4438/ 4279/4279/
f 4273/4273/ 4433/4433/ 4279/4279/
f 4439/4439/ 4436/4436/ 4435/4435/
f 4440/4440/ 4439/4439/ 4435/4435/
f 4421/4421/ 4428/4428/ 4430/4430/
f 4423/4423/ 4421/4421/ 4430/4430/
f 4413/4413/ 4441/4441/ 4442/4442/
f 4414/4414/ 4413/4413/ 4442/4442/
f 4436/4436/ 4432/4432/ 4431/4431/
f 4437/4437/ 4436/4436/ 4431/4431/
f 4443/4443/ 4444/4444/ 4445/4445/
f 4446/4446/ 4443/4443/ 4445/4445/
f 4439/4439/ 4433/4433/ 4404/4404/
f 4411/4411/ 4427/4427/ 4432/4432/
f 4404/4404/ 4411/4411/ 4432/4432/
f 4432/4432/ 4436/4436/ 4439/4439/
f 4404/4404/ 4432/4432/ 4439/4439/
f 4435/4435/ 4434/4434/ 4447/4447/
f 4448/4448/ 4435/4435/ 4447/4447/
f 4448/4448/ 4449/4449/ 4440/4440/
f 4435/4435/ 4448/4448/ 4440/4440/
f 4449/4449/ 4450/4450/ 4438/4438/
f 4440/4440/ 4449/4449/ 4438/4438/
f 4451/4451/ 4452/4452/ 4453/4453/
f 4291/4291/ 4294/4294/ 4451/4451/
f 4453/4453/ 4291/4291/ 4451/4451/
f 4454/4454/ 4446/4446/ 4442/4442/
f 4441/4441/ 4454/4454/ 4442/4442/
f 4444/4444/ 4443/4443/ 4434/4434/
f 4437/4437/ 4444/4444/ 4434/4434/
f 4438/4438/ 4433/4433/ 4439/4439/
f 4440/4440/ 4438/4438/ 4439/4439/
f 4429/4429/ 4444/4444/ 4437/4437/
f 4431/4431/ 4429/4429/ 4437/4437/
f 4430/4430/ 4445/4445/ 4444/4444/
f 4429/4429/ 4430/4430/ 4444/4444/
f 4445/4445/ 4442/4442/ 4446/4446/
f 4455/4455/ 4456/4456/ 4447/4447/
f 4434/4434/ 4455/4455/ 4447/4447/
f 4455/4455/ 4434/4434/ 4443/4443/
f 4420/4420/ 4457/4457/ 4441/4441/
f 4413/4413/ 4420/4420/ 4441/4441/
f 4458/4458/ 4459/4459/ 4460/4460/
f 4461/4461/ 4458/4458/ 4460/4460/
f 4462/4462/ 4463/4463/ 4464/4464/
f 4465/4465/ 4462/4462/ 4464/4464/
f 4457/4457/ 4420/4420/ 4419/4419/
f 4466/4466/ 4457/4457/ 4419/4419/
f 4467/4467/ 4468/4468/ 4469/4469/
f 4470/4470/ 4467/4467/ 4469/4469/
f 4454/4454/ 4469/4469/ 4468/4468/
f 4446/4446/ 4454/4454/ 4468/4468/
f 4428/4428/ 4445/4445/ 4430/4430/
f 4459/4459/ 4469/4469/ 4454/4454/
f 4460/4460/ 4459/4459/ 4454/4454/
f 4446/4446/ 4468/4468/ 4455/4455/
f 4443/4443/ 4446/4446/ 4455/4455/
f 4456/4456/ 4455/4455/ 4468/4468/
f 4467/4467/ 4456/4456/ 4468/4468/
f 4441/4441/ 4471/4471/ 4460/4460/
f 4454/4454/ 4441/4441/ 4460/4460/
f 4472/4472/ 4473/4473/ 4474/4474/
f 4475/4475/ 4472/4472/ 4474/4474/
f 4476/4476/ 4477/4477/ 4461/4461/
f 4478/4478/ 4476/4476/ 4461/4461/
f 4479/4479/ 4480/4480/ 4463/4463/
f 4462/4462/ 4479/4479/ 4463/4463/
f 4481/4481/ 4466/4466/ 4419/4419/
f 4482/4482/ 4481/4481/ 4419/4419/
f 4483/4483/ 4484/4484/ 4417/4417/
f 4418/4418/ 4483/4483/ 4417/4417/
f 4341/4341/ 4485/4485/ 4403/4403/
f 4235/4235/ 4341/4341/ 4403/4403/
f 4465/4465/ 4464/4464/ 4470/4470/
f 4469/4469/ 4465/4465/ 4470/4470/
f 4438/4438/ 4486/4486/ 4342/4342/
f 4279/4279/ 4438/4438/ 4342/4342/
f 4461/4461/ 4477/4477/ 4458/4458/
f 4487/4487/ 4488/4488/ 4480/4480/
f 4479/4479/ 4487/4487/ 4480/4480/
f 4489/4489/ 4490/4490/ 4491/4491/
f 4492/4492/ 4489/4489/ 4491/4491/
f 4493/4493/ 4494/4494/ 4495/4495/
f 4496/4496/ 4493/4493/ 4495/4495/
f 4494/4494/ 4489/4489/ 4492/4492/
f 4495/4495/ 4494/4494/ 4492/4492/
f 4497/4497/ 4493/4493/ 4496/4496/
f 4498/4498/ 4497/4497/ 4496/4496/
f 4499/4499/ 4500/4500/ 4497/4497/
f 4498/4498/ 4499/4499/ 4497/4497/
f 4500/4500/ 4499/4499/ 4501/4501/
f 4502/4502/ 4500/4500/ 4501/4501/
f 4503/4503/ 4504/4504/ 4505/4505/
f 4506/4506/ 4503/4503/ 4505/4505/
f 4507/4507/ 4491/4491/ 4490/4490/
f 4508/4508/ 4509/4509/ 4507/4507/
f 4508/4508/ 4507/4507/ 4490/4490/
f 4491/4491/ 4507/4507/ 4510/4510/
f 4511/4511/ 4512/4512/ 4510/4510/
f 4507/4507/ 4511/4511/ 4510/4510/
f 4509/4509/ 4364/4364/ 4511/4511/
f 4507/4507/ 4509/4509/ 4511/4511/
f 4503/4503/ 4502/4502/ 4501/4501/
f 4504/4504/ 4503/4503/ 4501/4501/
f 4403/4403/ 4485/4485/ 4408/4408/
f 4408/4408/ 4485/4485/ 4409/4409/
f 4513/4513/ 4514/4514/ 4515/4515/
f 4516/4516/ 4513/4513/ 4515/4515/
f 4516/4516/ 4515/4515/ 4517/4517/
f 4518/4518/ 4516/4516/ 4517/4517/
f 4370/4370/ 4369/4369/ 4514/4514/
f 4513/4513/ 4370/4370/ 4514/4514/
f 4509/4509/ 4508/4508/ 4373/4373/
f 4364/4364/ 4509/4509/ 4373/4373/
f 4478/4478/ 4461/4461/ 4519/4519/
f 4520/4520/ 4478/4478/ 4519/4519/
f 4419/4419/ 4417/4417/ 4484/4484/
f 4482/4482/ 4419/4419/ 4484/4484/
f 4393/4393/ 4521/4521/ 4522/4522/
f 4523/4523/ 4393/4393/ 4522/4522/
f 4378/4378/ 4524/4524/ 4525/4525/
f 4379/4379/ 4378/4378/ 4525/4525/
f 4522/4522/ 4526/4526/ 4527/4527/
f 4528/4528/ 4522/4522/ 4527/4527/
f 4522/4522/ 4528/4528/ 4523/4523/
f 4379/4379/ 4525/4525/ 4529/4529/
f 4384/4384/ 4379/4379/ 4529/4529/
f 4521/4521/ 4393/4393/ 4385/4385/
f 4530/4530/ 4393/4393/ 4523/4523/
f 4531/4531/ 4530/4530/ 4523/4523/
f 4521/4521/ 4532/4532/ 4526/4526/
f 4522/4522/ 4521/4521/ 4526/4526/
f 4384/4384/ 4529/4529/ 4532/4532/
f 4385/4385/ 4384/4384/ 4532/4532/
f 4385/4385/ 4532/4532/ 4521/4521/
f 4387/4387/ 4390/4390/ 4533/4533/
f 4534/4534/ 4387/4387/ 4533/4533/
f 4390/4390/ 4392/4392/ 4535/4535/
f 4533/4533/ 4390/4390/ 4535/4535/
f 4536/4536/ 4537/4537/ 4538/4538/
f 4539/4539/ 4536/4536/ 4538/4538/
f 4398/4398/ 4540/4540/ 4524/4524/
f 4378/4378/ 4398/4398/ 4524/4524/
f 4400/4400/ 4541/4541/ 4540/4540/
f 4398/4398/ 4400/4400/ 4540/4540/
f 4534/4534/ 4541/4541/ 4400/4400/
f 4387/4387/ 4534/4534/ 4400/4400/
f 4542/4542/ 4543/4543/ 4544/4544/
f 4545/4545/ 4542/4542/ 4544/4544/
f 4546/4546/ 4542/4542/ 4545/4545/
f 4547/4547/ 4546/4546/ 4545/4545/
f 4535/4535/ 4392/4392/ 4406/4406/
f 4548/4548/ 4549/4549/ 4543/4543/
f 4542/4542/ 4548/4548/ 4543/4543/
f 4542/4542/ 4550/4550/ 4551/4551/
f 4548/4548/ 4542/4542/ 4551/4551/
f 4536/4536/ 4539/4539/ 4552/4552/
f 4553/4553/ 4536/4536/ 4552/4552/
f 4537/4537/ 4536/4536/ 4554/4554/
f 4555/4555/ 4537/4537/ 4554/4554/
f 4556/4556/ 4557/4557/ 4555/4555/
f 4554/4554/ 4556/4556/ 4555/4555/
f 4558/4558/ 4559/4559/ 4556/4556/
f 4554/4554/ 4558/4558/ 4556/4556/
f 4539/4539/ 4538/4538/ 4560/4560/
f 4561/4561/ 4539/4539/ 4560/4560/
f 4562/4562/ 4563/4563/ 4564/4564/
f 4565/4565/ 4562/4562/ 4564/4564/
f 4566/4566/ 4565/4565/ 4564/4564/
f 4551/4551/ 4566/4566/ 4564/4564/
f 4553/4553/ 4558/4558/ 4554/4554/
f 4536/4536/ 4553/4553/ 4554/4554/
f 4567/4567/ 4552/4552/ 4539/4539/
f 4561/4561/ 4567/4567/ 4539/4539/
f 4565/4565/ 4568/4568/ 4562/4562/
f 4561/4561/ 4560/4560/ 4563/4563/
f 4562/4562/ 4561/4561/ 4563/4563/
f 4546/4546/ 4547/4547/ 4569/4569/
f 4570/4570/ 4546/4546/ 4569/4569/
f 4568/4568/ 4567/4567/ 4561/4561/
f 4562/4562/ 4568/4568/ 4561/4561/
f 4553/4553/ 4552/4552/ 4571/4571/
f 4475/4475/ 4553/4553/ 4571/4571/
f 4565/4565/ 4566/4566/ 4572/4572/
f 4573/4573/ 4565/4565/ 4572/4572/
f 4566/4566/ 4550/4550/ 4574/4574/
f 4572/4572/ 4566/4566/ 4574/4574/
f 4575/4575/ 4573/4573/ 4572/4572/
f 4576/4576/ 4575/4575/ 4572/4572/
f 4574/4574/ 4577/4577/ 4576/4576/
f 4572/4572/ 4574/4574/ 4576/4576/
f 4569/4569/ 4578/4578/ 4579/4579/
f 4569/4569/ 4579/4579/ 4580/4580/
f 4570/4570/ 4569/4569/ 4580/4580/
f 4581/4581/ 4582/4582/ 4583/4583/
f 4453/4453/ 4581/4581/ 4583/4583/
f 4584/4584/ 4585/4585/ 4586/4586/
f 4587/4587/ 4584/4584/ 4586/4586/
f 4573/4573/ 4588/4588/ 4589/4589/
f 4589/4589/ 4565/4565/ 4573/4573/
f 4568/4568/ 4565/4565/ 4589/4589/
f 4590/4590/ 4568/4568/ 4589/4589/
f 4552/4552/ 4567/4567/ 4571/4571/
f 4575/4575/ 4591/4591/ 4588/4588/
f 4573/4573/ 4575/4575/ 4588/4588/
f 4558/4558/ 4553/4553/ 4475/4475/
f 4474/4474/ 4558/4558/ 4475/4475/
f 4592/4592/ 4593/4593/ 4594/4594/
f 4595/4595/ 4592/4592/ 4594/4594/
f 4596/4596/ 4597/4597/ 4598/4598/
f 4599/4599/ 4596/4596/ 4598/4598/
f 4600/4600/ 4601/4601/ 4602/4602/
f 4603/4603/ 4600/4600/ 4602/4602/
f 4474/4474/ 4602/4602/ 4559/4559/
f 4558/4558/ 4474/4474/ 4559/4559/
f 4595/4595/ 4594/4594/ 4604/4604/
f 4473/4473/ 4595/4595/ 4604/4604/
f 4567/4567/ 4568/4568/ 4590/4590/
f 4571/4571/ 4567/4567/ 4590/4590/
f 4571/4571/ 4590/4590/ 4605/4605/
f 4585/4585/ 4584/4584/ 4606/4606/
f 4590/4590/ 4585/4585/ 4606/4606/
f 4606/4606/ 4584/4584/ 4592/4592/
f 4595/4595/ 4606/4606/ 4592/4592/
f 4605/4605/ 4590/4590/ 4606/4606/
f 4472/4472/ 4605/4605/ 4606/4606/
f 4588/4588/ 4585/4585/ 4590/4590/
f 4589/4589/ 4588/4588/ 4590/4590/
f 4585/4585/ 4588/4588/ 4591/4591/
f 4586/4586/ 4585/4585/ 4591/4591/
f 4595/4595/ 4473/4473/ 4472/4472/
f 4606/4606/ 4595/4595/ 4472/4472/
f 4475/4475/ 4571/4571/ 4605/4605/
f 4472/4472/ 4475/4475/ 4605/4605/
f 4473/4473/ 4600/4600/ 4603/4603/
f 4474/4474/ 4473/4473/ 4603/4603/
f 4607/4607/ 4608/4608/ 4609/4609/
f 4610/4610/ 4607/4607/ 4609/4609/
f 4611/4611/ 4598/4598/ 4597/4597/
f 4612/4612/ 4611/4611/ 4597/4597/
f 4613/4613/ 4614/4614/ 4604/4604/
f 4594/4594/ 4613/4613/ 4604/4604/
f 4615/4615/ 4616/4616/ 4617/4617/
f 4618/4618/ 4619/4619/ 4620/4620/
f 4621/4621/ 4618/4618/ 4620/4620/
f 4543/4543/ 4622/4622/ 4623/4623/
f 4544/4544/ 4543/4543/ 4623/4623/
f 4587/4587/ 4596/4596/ 4599/4599/
f 4584/4584/ 4587/4587/ 4599/4599/
f 4594/4594/ 4593/4593/ 4624/4624/
f 4613/4613/ 4594/4594/ 4624/4624/
f 4625/4625/ 4626/4626/ 4627/4627/
f 4628/4628/ 4625/4625/ 4627/4627/
f 4629/4629/ 4492/4492/ 4491/4491/
f 4630/4630/ 4629/4629/ 4491/4491/
f 4631/4631/ 4496/4496/ 4495/4495/
f 4632/4632/ 4631/4631/ 4495/4495/
f 4632/4632/ 4495/4495/ 4492/4492/
f 4629/4629/ 4632/4632/ 4492/4492/
f 4633/4633/ 4498/4498/ 4496/4496/
f 4631/4631/ 4633/4633/ 4496/4496/
f 4499/4499/ 4498/4498/ 4633/4633/
f 4634/4634/ 4499/4499/ 4633/4633/
f 4634/4634/ 4635/4635/ 4501/4501/
f 4499/4499/ 4634/4634/ 4501/4501/
f 4581/4581/ 4453/4453/ 4452/4452/
f 4636/4636/ 4637/4637/ 4505/4505/
f 4504/4504/ 4636/4636/ 4505/4505/
f 4630/4630/ 4491/4491/ 4638/4638/
f 4638/4638/ 4639/4639/ 4640/4640/
f 4640/4640/ 4630/4630/ 4638/4638/
f 4510/4510/ 4638/4638/ 4491/4491/
f 4510/4510/ 4512/4512/ 4638/4638/
f 4512/4512/ 4641/4641/ 4639/4639/
f 4638/4638/ 4512/4512/ 4639/4639/
f 4501/4501/ 4635/4635/ 4636/4636/
f 4504/4504/ 4501/4501/ 4636/4636/
f 4543/4543/ 4549/4549/ 4622/4622/
f 3560/3560/ 4642/4642/ 4643/4643/
f 3561/3561/ 3560/3560/ 4643/4643/
f 4644/4644/ 4645/4645/ 4646/4646/
f 4647/4647/ 4644/4644/ 4646/4646/
f 4648/4648/ 4649/4649/ 4645/4645/
f 4644/4644/ 4648/4648/ 4645/4645/
f 4518/4518/ 4517/4517/ 4647/4647/
f 4646/4646/ 4518/4518/ 4647/4647/
f 4639/4639/ 4641/4641/ 4650/4650/
f 4640/4640/ 4639/4639/ 4650/4650/
f 4651/4651/ 4609/4609/ 4608/4608/
f 4652/4652/ 4651/4651/ 4608/4608/
f 4653/4653/ 4654/4654/ 4619/4619/
f 4618/4618/ 4653/4653/ 4619/4619/
f 4655/4655/ 4656/4656/ 4657/4657/
f 4658/4658/ 4659/4659/ 4660/4660/
f 4661/4661/ 4658/4658/ 4660/4660/
f 4662/4662/ 4663/4663/ 4664/4664/
f 4665/4665/ 4662/4662/ 4664/4664/
f 4527/4527/ 4666/4666/ 4656/4656/
f 4528/4528/ 4527/4527/ 4656/4656/
f 4656/4656/ 4655/4655/ 4523/4523/
f 4528/4528/ 4656/4656/ 4523/4523/
f 4667/4667/ 4668/4668/ 4669/4669/
f 4670/4670/ 4667/4667/ 4669/4669/
f 4671/4671/ 4655/4655/ 4657/4657/
f 4657/4657/ 4656/4656/ 4666/4666/
f 4672/4672/ 4657/4657/ 4666/4666/
f 4657/4657/ 4672/4672/ 4673/4673/
f 4671/4671/ 4657/4657/ 4673/4673/
f 4674/4674/ 4675/4675/ 4676/4676/
f 4677/4677/ 4674/4674/ 4676/4676/
f 4677/4677/ 4676/4676/ 4678/4678/
f 4679/4679/ 4677/4677/ 4678/4678/
f 4655/4655/ 4671/4671/ 4680/4680/
f 4681/4681/ 4682/4682/ 4683/4683/
f 4684/4684/ 4681/4681/ 4683/4683/
f 4673/4673/ 4667/4667/ 4670/4670/
f 4671/4671/ 4673/4673/ 4670/4670/
f 4668/4668/ 4660/4660/ 4659/4659/
f 4669/4669/ 4668/4668/ 4659/4659/
f 4685/4685/ 4658/4658/ 4661/4661/
f 4686/4686/ 4685/4685/ 4661/4661/
f 4662/4662/ 4685/4685/ 4686/4686/
f 4663/4663/ 4662/4662/ 4686/4686/
f 4675/4675/ 4674/4674/ 4665/4665/
f 4664/4664/ 4675/4675/ 4665/4665/
f 4687/4687/ 4545/4545/ 4544/4544/
f 4688/4688/ 4687/4687/ 4544/4544/
f 4689/4689/ 4547/4547/ 4545/4545/
f 4687/4687/ 4689/4689/ 4545/4545/
f 4690/4690/ 4691/4691/ 4679/4679/
f 4678/4678/ 4690/4690/ 4679/4679/
f 4692/4692/ 4693/4693/ 4694/4694/
f 4695/4695/ 4692/4692/ 4694/4694/
f 4688/4688/ 4693/4693/ 4692/4692/
f 4687/4687/ 4688/4688/ 4692/4692/
f 4696/4696/ 4697/4697/ 4687/4687/
f 4692/4692/ 4696/4696/ 4687/4687/
f 4692/4692/ 4695/4695/ 4698/4698/
f 4696/4696/ 4692/4692/ 4698/4698/
f 4699/4699/ 4700/4700/ 4701/4701/
f 4702/4702/ 4699/4699/ 4701/4701/
f 4703/4703/ 4681/4681/ 4684/4684/
f 4704/4704/ 4703/4703/ 4684/4684/
f 4705/4705/ 4684/4684/ 4683/4683/
f 4706/4706/ 4705/4705/ 4683/4683/
f 4707/4707/ 4701/4701/ 4700/4700/
f 4708/4708/ 4707/4707/ 4700/4700/
f 4709/4709/ 4701/4701/ 4707/4707/
f 4710/4710/ 4709/4709/ 4707/4707/
f 4708/4708/ 4700/4700/ 4683/4683/
f 4682/4682/ 4708/4708/ 4683/4683/
f 4709/4709/ 4711/4711/ 4702/4702/
f 4701/4701/ 4709/4709/ 4702/4702/
f 4704/4704/ 4712/4712/ 4713/4713/
f 4703/4703/ 4704/4704/ 4713/4713/
f 4714/4714/ 4715/4715/ 4716/4716/
f 4717/4717/ 4714/4714/ 4716/4716/
f 4718/4718/ 4715/4715/ 4714/4714/
f 4719/4719/ 4718/4718/ 4714/4714/
f 4698/4698/ 4717/4717/ 4716/4716/
f 4696/4696/ 4698/4698/ 4716/4716/
f 4700/4700/ 4699/4699/ 4706/4706/
f 4683/4683/ 4700/4700/ 4706/4706/
f 4720/4720/ 4712/4712/ 4704/4704/
f 4721/4721/ 4720/4720/ 4704/4704/
f 4684/4684/ 4705/4705/ 4721/4721/
f 4704/4704/ 4684/4684/ 4721/4721/
f 4722/4722/ 4715/4715/ 4718/4718/
f 4723/4723/ 4722/4722/ 4718/4718/
f 4719/4719/ 4713/4713/ 4712/4712/
f 4718/4718/ 4719/4719/ 4712/4712/
f 4715/4715/ 4722/4722/ 4724/4724/
f 4716/4716/ 4715/4715/ 4724/4724/
f 4725/4725/ 4716/4716/ 4724/4724/
f 4726/4726/ 4725/4725/ 4724/4724/
f 4569/4569/ 4547/4547/ 4689/4689/
f 4727/4727/ 4569/4569/ 4689/4689/
f 4712/4712/ 4720/4720/ 4723/4723/
f 4718/4718/ 4712/4712/ 4723/4723/
f 4706/4706/ 4728/4728/ 4729/4729/
f 4705/4705/ 4706/4706/ 4729/4729/
f 4730/4730/ 4725/4725/ 4726/4726/
f 4731/4731/ 4730/4730/ 4726/4726/
f 4732/4732/ 4733/4733/ 4697/4697/
f 4696/4696/ 4716/4716/ 4725/4725/
f 4697/4697/ 4696/4696/ 4725/4725/
f 4725/4725/ 4730/4730/ 4732/4732/
f 4697/4697/ 4725/4725/ 4732/4732/
f 4730/4730/ 4731/4731/ 4734/4734/
f 4735/4735/ 4730/4730/ 4734/4734/
f 4735/4735/ 4736/4736/ 4732/4732/
f 4730/4730/ 4735/4735/ 4732/4732/
f 4736/4736/ 4737/4737/ 4733/4733/
f 4732/4732/ 4736/4736/ 4733/4733/
f 4738/4738/ 4739/4739/ 4740/4740/
f 4741/4741/ 4738/4738/ 4740/4740/
f 4728/4728/ 4742/4742/ 4743/4743/
f 4729/4729/ 4728/4728/ 4743/4743/
f 4744/4744/ 4745/4745/ 4746/4746/
f 4747/4747/ 4744/4744/ 4746/4746/
f 4739/4739/ 4748/4748/ 4749/4749/
f 4740/4740/ 4739/4739/ 4749/4749/
f 4724/4724/ 4748/4748/ 4731/4731/
f 4726/4726/ 4724/4724/ 4731/4731/
f 4722/4722/ 4749/4749/ 4748/4748/
f 4724/4724/ 4722/4722/ 4748/4748/
f 4723/4723/ 4750/4750/ 4749/4749/
f 4722/4722/ 4723/4723/ 4749/4749/
f 4751/4751/ 4752/4752/ 4753/4753/
f 4754/4754/ 4751/4751/ 4753/4753/
f 4705/4705/ 4729/4729/ 4755/4755/
f 4721/4721/ 4705/4705/ 4755/4755/
f 4720/4720/ 4721/4721/ 4755/4755/
f 4739/4739/ 4731/4731/ 4748/4748/
f 4756/4756/ 4731/4731/ 4739/4739/
f 4738/4738/ 4756/4756/ 4739/4739/
f 4756/4756/ 4734/4734/ 4731/4731/
f 4757/4757/ 4758/4758/ 4759/4759/
f 4760/4760/ 4757/4757/ 4759/4759/
f 4758/4758/ 4761/4761/ 4762/4762/
f 4759/4759/ 4758/4758/ 4762/4762/
f 4702/4702/ 4763/4763/ 4761/4761/
f 4699/4699/ 4702/4702/ 4761/4761/
f 4699/4699/ 4761/4761/ 4728/4728/
f 4706/4706/ 4699/4699/ 4728/4728/
f 4760/4760/ 4759/4759/ 4764/4764/
f 4765/4765/ 4760/4760/ 4764/4764/
f 4766/4766/ 4767/4767/ 4754/4754/
f 4753/4753/ 4766/4766/ 4754/4754/
f 4763/4763/ 4702/4702/ 4711/4711/
f 4763/4763/ 4711/4711/ 4768/4768/
f 4745/4745/ 4744/4744/ 4769/4769/
f 4770/4770/ 4745/4745/ 4769/4769/
f 4743/4743/ 4745/4745/ 4770/4770/
f 4750/4750/ 4743/4743/ 4770/4770/
f 4720/4720/ 4755/4755/ 4750/4750/
f 4723/4723/ 4720/4720/ 4750/4750/
f 4745/4745/ 4743/4743/ 4742/4742/
f 4771/4771/ 4745/4745/ 4742/4742/
f 4750/4750/ 4770/4770/ 4740/4740/
f 4749/4749/ 4750/4750/ 4740/4740/
f 4741/4741/ 4740/4740/ 4770/4770/
f 4769/4769/ 4741/4741/ 4770/4770/
f 4764/4764/ 4759/4759/ 4762/4762/
f 4772/4772/ 4764/4764/ 4762/4762/
f 4757/4757/ 4771/4771/ 4742/4742/
f 4758/4758/ 4757/4757/ 4742/4742/
f 4761/4761/ 4758/4758/ 4742/4742/
f 4728/4728/ 4761/4761/ 4742/4742/
f 4773/4773/ 4774/4774/ 4775/4775/
f 4776/4776/ 4773/4773/ 4775/4775/
f 4743/4743/ 4750/4750/ 4755/4755/
f 4729/4729/ 4743/4743/ 4755/4755/
f 4777/4777/ 4778/4778/ 4779/4779/
f 4608/4608/ 4777/4777/ 4779/4779/
f 4780/4780/ 4781/4781/ 4767/4767/
f 4766/4766/ 4780/4780/ 4767/4767/
f 4779/4779/ 4764/4764/ 4772/4772/
f 4782/4782/ 4768/4768/ 4711/4711/
f 4654/4654/ 4782/4782/ 4711/4711/
f 4620/4620/ 4619/4619/ 4709/4709/
f 4710/4710/ 4620/4620/ 4709/4709/
f 4623/4623/ 4783/4783/ 4688/4688/
f 4544/4544/ 4623/4623/ 4688/4688/
f 4583/4583/ 4582/4582/ 4784/4784/
f 4785/4785/ 4583/4583/ 4784/4784/
f 4752/4752/ 4751/4751/ 4747/4747/
f 4746/4746/ 4752/4752/ 4747/4747/
f 4727/4727/ 4786/4786/ 4578/4578/
f 4569/4569/ 4727/4727/ 4578/4578/
f 4778/4778/ 4765/4765/ 4764/4764/
f 4779/4779/ 4778/4778/ 4764/4764/
f 4625/4625/ 4628/4628/ 4781/4781/
f 4780/4780/ 4625/4625/ 4781/4781/
f 4787/4787/ 4788/4788/ 4789/4789/
f 4790/4790/ 4787/4787/ 4789/4789/
f 4791/4791/ 4792/4792/ 4793/4793/
f 4794/4794/ 4791/4791/ 4793/4793/
f 4792/4792/ 4795/4795/ 4796/4796/
f 4793/4793/ 4792/4792/ 4796/4796/
f 4795/4795/ 4787/4787/ 4790/4790/
f 4796/4796/ 4795/4795/ 4790/4790/
f 4797/4797/ 4798/4798/ 4799/4799/
f 4800/4800/ 4797/4797/ 4799/4799/
f 4800/4800/ 4799/4799/ 4801/4801/
f 4802/4802/ 4800/4800/ 4801/4801/
f 4797/4797/ 4803/4803/ 4804/4804/
f 4798/4798/ 4797/4797/ 4804/4804/
f 4802/4802/ 4801/4801/ 4805/4805/
f 4806/4806/ 4802/4802/ 4805/4805/
f 4803/4803/ 4791/4791/ 4794/4794/
f 4804/4804/ 4803/4803/ 4794/4794/
f 4806/4806/ 4805/4805/ 4807/4807/
f 4808/4808/ 4806/4806/ 4807/4807/
f 4809/4809/ 4810/4810/ 4811/4811/
f 4812/4812/ 4809/4809/ 4811/4811/
f 4813/4813/ 4789/4789/ 4788/4788/
f 4814/4814/ 4815/4815/ 4813/4813/
f 4814/4814/ 4813/4813/ 4788/4788/
f 4789/4789/ 4813/4813/ 4816/4816/
f 4817/4817/ 4818/4818/ 4816/4816/
f 4813/4813/ 4817/4817/ 4816/4816/
f 4784/4784/ 4819/4819/ 4785/4785/
f 4642/4642/ 2184/2184/ 2187/2187/
f 4643/4643/ 4642/4642/ 2187/2187/
f 4815/4815/ 4641/4641/ 4817/4817/
f 4813/4813/ 4815/4815/ 4817/4817/
f 4809/4809/ 4808/4808/ 4807/4807/
f 4810/4810/ 4809/4809/ 4807/4807/
f 4688/4688/ 4783/4783/ 4693/4693/
f 4693/4693/ 4783/4783/ 4694/4694/
f 4820/4820/ 2342/2342/ 2345/2345/
f 4821/4821/ 4820/4820/ 2345/2345/
f 4822/4822/ 4823/4823/ 4824/4824/
f 4825/4825/ 4822/4822/ 4824/4824/
f 4649/4649/ 4648/4648/ 4823/4823/
f 4822/4822/ 4649/4649/ 4823/4823/
f 4826/4826/ 4827/4827/ 4825/4825/
f 4824/4824/ 4826/4826/ 4825/4825/
f 4815/4815/ 4814/4814/ 4650/4650/
f 4641/4641/ 4815/4815/ 4650/4650/
f 4608/4608/ 4779/4779/ 4772/4772/
f 4652/4652/ 4608/4608/ 4772/4772/
f 4711/4711/ 4709/4709/ 4619/4619/
f 4654/4654/ 4711/4711/ 4619/4619/
f 4680/4680/ 4828/4828/ 4829/4829/
f 2008/2008/ 4680/4680/ 4829/4829/
f 4658/4658/ 4830/4830/ 4831/4831/
f 4659/4659/ 4658/4658/ 4831/4831/
f 4662/4662/ 4665/4665/ 4832/4832/
f 4833/4833/ 4662/4662/ 4832/4832/
f 4829/4829/ 4834/4834/ 2019/2019/
f 2018/2018/ 4829/4829/ 2019/2019/
f 2018/2018/ 2008/2008/ 4829/4829/
f 4669/4669/ 4835/4835/ 4836/4836/
f 4670/4670/ 4669/4669/ 4836/4836/
f 4828/4828/ 4680/4680/ 4671/4671/
f 4837/4837/ 4838/4838/ 4680/4680/
f 2008/2008/ 4837/4837/ 4680/4680/
f 4828/4828/ 4839/4839/ 4834/4834/
f 4829/4829/ 4828/4828/ 4834/4834/
f 4840/4840/ 4839/4839/ 4828/4828/
f 4671/4671/ 4840/4840/ 4828/4828/
f 4674/4674/ 4677/4677/ 4841/4841/
f 4842/4842/ 4674/4674/ 4841/4841/
f 4677/4677/ 4679/4679/ 4843/4843/
f 4841/4841/ 4677/4677/ 4843/4843/
f 4844/4844/ 4845/4845/ 4846/4846/
f 4847/4847/ 4844/4844/ 4846/4846/
f 4670/4670/ 4836/4836/ 4840/4840/
f 4671/4671/ 4670/4670/ 4840/4840/
f 4659/4659/ 4831/4831/ 4835/4835/
f 4669/4669/ 4659/4659/ 4835/4835/
f 4685/4685/ 4848/4848/ 4830/4830/
f 4658/4658/ 4685/4685/ 4830/4830/
f 4662/4662/ 4833/4833/ 4848/4848/
f 4685/4685/ 4662/4662/ 4848/4848/
f 4842/4842/ 4832/4832/ 4665/4665/
f 4674/4674/ 4842/4842/ 4665/4665/
f 4849/4849/ 4850/4850/ 2041/2041/
f 2040/2040/ 4849/4849/ 2041/2041/
f 4851/4851/ 4849/4849/ 2040/2040/
f 2044/2044/ 4851/4851/ 2040/2040/
f 4843/4843/ 4679/4679/ 4691/4691/
f 4852/4852/ 4853/4853/ 4854/4854/
f 4855/4855/ 4852/4852/ 4854/4854/
f 4850/4850/ 4849/4849/ 4852/4852/
f 4855/4855/ 4850/4850/ 4852/4852/
f 4849/4849/ 4856/4856/ 4857/4857/
f 4852/4852/ 4849/4849/ 4857/4857/
f 4858/4858/ 4853/4853/ 4852/4852/
f 4857/4857/ 4858/4858/ 4852/4852/
f 4773/4773/ 4859/4859/ 4860/4860/
f 4861/4861/ 4773/4773/ 4860/4860/
f 4845/4845/ 4844/4844/ 4862/4862/
f 4863/4863/ 4845/4845/ 4862/4862/
f 4864/4864/ 4774/4774/ 4846/4846/
f 4845/4845/ 4864/4864/ 4846/4846/
f 4865/4865/ 4866/4866/ 4861/4861/
f 4860/4860/ 4865/4865/ 4861/4861/
f 4867/4867/ 4868/4868/ 4865/4865/
f 4860/4860/ 4867/4867/ 4865/4865/
f 4846/4846/ 4861/4861/ 4866/4866/
f 4847/4847/ 4846/4846/ 4866/4866/
f 4859/4859/ 4869/4869/ 4867/4867/
f 4860/4860/ 4859/4859/ 4867/4867/
f 4863/4863/ 4862/4862/ 4870/4870/
f 4871/4871/ 4863/4863/ 4870/4870/
f 4872/4872/ 4873/4873/ 4874/4874/
f 4875/4875/ 4872/4872/ 4874/4874/
f 4876/4876/ 4877/4877/ 4872/4872/
f 4875/4875/ 4876/4876/ 4872/4872/
f 4858/4858/ 4857/4857/ 4874/4874/
f 4873/4873/ 4858/4858/ 4874/4874/
f 4774/4774/ 4773/4773/ 4861/4861/
f 4846/4846/ 4774/4774/ 4861/4861/
f 4878/4878/ 4879/4879/ 4863/4863/
f 4871/4871/ 4878/4878/ 4863/4863/
f 4879/4879/ 4864/4864/ 4845/4845/
f 4863/4863/ 4879/4879/ 4845/4845/
f 4880/4880/ 4881/4881/ 4876/4876/
f 4875/4875/ 4880/4880/ 4876/4876/
f 4871/4871/ 4870/4870/ 4877/4877/
f 4876/4876/ 4871/4871/ 4877/4877/
f 4875/4875/ 4874/4874/ 4882/4882/
f 4880/4880/ 4875/4875/ 4882/4882/
f 4883/4883/ 4884/4884/ 4882/4882/
f 4874/4874/ 4883/4883/ 4882/4882/
f 4884/4884/ 4883/4883/ 4885/4885/
f 4886/4886/ 4884/4884/ 4885/4885/
f 4851/4851/ 2044/2044/ 2082/2082/
f 4887/4887/ 4851/4851/ 2082/2082/
f 4883/4883/ 4856/4856/ 4888/4888/
f 4885/4885/ 4883/4883/ 4888/4888/
f 4881/4881/ 4878/4878/ 4871/4871/
f 4876/4876/ 4881/4881/ 4871/4871/
f 4774/4774/ 4864/4864/ 4889/4889/
f 4775/4775/ 4774/4774/ 4889/4889/
f 4888/4888/ 4856/4856/ 4890/4890/
f 4857/4857/ 4856/4856/ 4883/4883/
f 4874/4874/ 4857/4857/ 4883/4883/
f 4891/4891/ 4886/4886/ 4885/4885/
f 4892/4892/ 4891/4891/ 4885/4885/
f 4888/4888/ 4893/4893/ 4892/4892/
f 4885/4885/ 4888/4888/ 4892/4892/
f 4893/4893/ 4888/4888/ 4890/4890/
f 4894/4894/ 4893/4893/ 4890/4890/
f 4895/4895/ 4896/4896/ 4897/4897/
f 4898/4898/ 4895/4895/ 4897/4897/
f 4775/4775/ 4889/4889/ 4899/4899/
f 4900/4900/ 4775/4775/ 4899/4899/
f 4901/4901/ 4902/4902/ 4903/4903/
f 4904/4904/ 4901/4901/ 4903/4903/
f 4898/4898/ 4897/4897/ 4905/4905/
f 4906/4906/ 4898/4898/ 4905/4905/
f 4907/4907/ 4884/4884/ 4886/4886/
f 4882/4882/ 4884/4884/ 4907/4907/
f 4906/4906/ 4882/4882/ 4907/4907/
f 4880/4880/ 4882/4882/ 4906/4906/
f 4905/4905/ 4880/4880/ 4906/4906/
f 4881/4881/ 4880/4880/ 4905/4905/
f 4908/4908/ 4881/4881/ 4905/4905/
f 4909/4909/ 4910/4910/ 4911/4911/
f 4912/4912/ 4909/4909/ 4911/4911/
f 4878/4878/ 4881/4881/ 4908/4908/
f 4913/4913/ 4878/4878/ 4908/4908/
f 4914/4914/ 4898/4898/ 4906/4906/
f 4907/4907/ 4914/4914/ 4906/4906/
f 4915/4915/ 4895/4895/ 4898/4898/
f 4914/4914/ 4915/4915/ 4898/4898/
f 4891/4891/ 4915/4915/ 4914/4914/
f 4886/4886/ 4891/4891/ 4914/4914/
f 4907/4907/ 4886/4886/ 4914/4914/
f 4916/4916/ 4917/4917/ 4918/4918/
f 4919/4919/ 4916/4916/ 4918/4918/
f 4920/4920/ 4776/4776/ 4919/4919/
f 4918/4918/ 4920/4920/ 4919/4919/
f 4917/4917/ 4921/4921/ 4922/4922/
f 4918/4918/ 4917/4917/ 4922/4922/
f 4910/4910/ 4923/4923/ 4924/4924/
f 4911/4911/ 4910/4910/ 4924/4924/
f 4925/4925/ 4926/4926/ 4927/4927/
f 4928/4928/ 4925/4925/ 4927/4927/
f 4925/4925/ 4920/4920/ 4918/4918/
f 4922/4922/ 4925/4925/ 4918/4918/
f 4904/4904/ 4929/4929/ 4930/4930/
f 4901/4901/ 4904/4904/ 4930/4930/
f 4899/4899/ 4908/4908/ 4929/4929/
f 4904/4904/ 4899/4899/ 4929/4929/
f 4904/4904/ 4931/4931/ 4900/4900/
f 4899/4899/ 4904/4904/ 4900/4900/
f 4897/4897/ 4929/4929/ 4908/4908/
f 4905/4905/ 4897/4897/ 4908/4908/
f 4929/4929/ 4897/4897/ 4896/4896/
f 4930/4930/ 4929/4929/ 4896/4896/
f 4900/4900/ 4931/4931/ 4916/4916/
f 4919/4919/ 4900/4900/ 4916/4916/
f 4900/4900/ 4919/4919/ 4776/4776/
f 4775/4775/ 4900/4900/ 4776/4776/
f 4864/4864/ 4879/4879/ 4913/4913/
f 4889/4889/ 4864/4864/ 4913/4913/
f 4913/4913/ 4908/4908/ 4899/4899/
f 4889/4889/ 4913/4913/ 4899/4899/
f 4928/4928/ 4859/4859/ 4773/4773/
f 4776/4776/ 4928/4928/ 4773/4773/
f 4928/4928/ 4920/4920/ 4925/4925/
f 4932/4932/ 4933/4933/ 4934/4934/
f 4935/4935/ 4932/4932/ 4934/4934/
f 4936/4936/ 4924/4924/ 4923/4923/
f 4937/4937/ 4936/4936/ 4923/4923/
f 4928/4928/ 4927/4927/ 4869/4869/
f 4859/4859/ 4928/4928/ 4869/4869/
f 4934/4934/ 4938/4938/ 4925/4925/
f 4922/4922/ 4934/4934/ 4925/4925/
f 4927/4927/ 4939/4939/ 4940/4940/
f 4869/4869/ 4927/4927/ 4940/4940/
f 4867/4867/ 4941/4941/ 4942/4942/
f 4868/4868/ 4867/4867/ 4942/4942/
f 4850/4850/ 4943/4943/ 2143/2143/
f 2041/2041/ 4850/4850/ 2143/2143/
f 2145/2145/ 4785/4785/ 4944/4944/
f 2146/2146/ 2145/2145/ 4944/4944/
f 4902/4902/ 4909/4909/ 4912/4912/
f 4903/4903/ 4902/4902/ 4912/4912/
f 4945/4945/ 4887/4887/ 2082/2082/
f 2150/2150/ 4945/4945/ 2082/2082/
f 4922/4922/ 4921/4921/ 4935/4935/
f 4934/4934/ 4922/4922/ 4935/4935/
f 4946/4946/ 4936/4936/ 4937/4937/
f 4947/4947/ 4946/4946/ 4937/4937/
f 4948/4948/ 4790/4790/ 4789/4789/
f 4949/4949/ 4948/4948/ 4789/4789/
f 4950/4950/ 4794/4794/ 4793/4793/
f 4951/4951/ 4950/4950/ 4793/4793/
f 4951/4951/ 4793/4793/ 4796/4796/
f 4952/4952/ 4951/4951/ 4796/4796/
f 4952/4952/ 4796/4796/ 4790/4790/
f 4948/4948/ 4952/4952/ 4790/4790/
f 4953/4953/ 4954/4954/ 4799/4799/
f 4798/4798/ 4953/4953/ 4799/4799/
f 4954/4954/ 4955/4955/ 4801/4801/
f 4799/4799/ 4954/4954/ 4801/4801/
f 4953/4953/ 4798/4798/ 4804/4804/
f 4956/4956/ 4953/4953/ 4804/4804/
f 4955/4955/ 4957/4957/ 4805/4805/
f 4801/4801/ 4955/4955/ 4805/4805/
f 4956/4956/ 4804/4804/ 4794/4794/
f 4950/4950/ 4956/4956/ 4794/4794/
f 4957/4957/ 4958/4958/ 4807/4807/
f 4805/4805/ 4957/4957/ 4807/4807/
f 4959/4959/ 4960/4960/ 4811/4811/
f 4810/4810/ 4959/4959/ 4811/4811/
f 4949/4949/ 4789/4789/ 4961/4961/
f 4961/4961/ 4962/4962/ 4963/4963/
f 4963/4963/ 4949/4949/ 4961/4961/
f 4816/4816/ 4961/4961/ 4789/4789/
f 4816/4816/ 4818/4818/ 4961/4961/
f 4944/4944/ 4785/4785/ 4819/4819/
f 4939/4939/ 4927/4927/ 4926/4926/
f 4964/4964/ 4939/4939/ 4926/4926/
f 4818/4818/ 2189/2189/ 4962/4962/
f 4961/4961/ 4818/4818/ 4962/4962/
f 4807/4807/ 4958/4958/ 4959/4959/
f 4810/4810/ 4807/4807/ 4959/4959/
f 4850/4850/ 4855/4855/ 4943/4943/
f 4854/4854/ 4943/4943/ 4855/4855/
f 4965/4965/ 4966/4966/ 4827/4827/
f 4826/4826/ 4965/4965/ 4827/4827/
f 4967/4967/ 4968/4968/ 4966/4966/
f 4965/4965/ 4967/4967/ 4966/4966/
f 4968/4968/ 4967/4967/ 2197/2197/
f 2196/2196/ 4968/4968/ 2197/2197/
f 2200/2200/ 4963/4963/ 4962/4962/
f 2189/2189/ 2200/2200/ 4962/4962/
f 4941/4941/ 4867/4867/ 4869/4869/
f 4940/4940/ 4941/4941/ 4869/4869/
f 4933/4933/ 4969/4969/ 4938/4938/
f 4934/4934/ 4933/4933/ 4938/4938/
f 2343/2343/ 2347/2347/ 2350/2350/
f 2344/2344/ 2343/2343/ 2350/2350/
f 2863/2863/ 4820/4820/ 4821/4821/
f 2864/2864/ 2863/2863/ 4821/4821/
f 4970/4970/ 4971/4971/ 4972/4972/
f 4973/4973/ 4970/4970/ 4972/4972/
f 4974/4974/ 4975/4975/ 4976/4976/
f 4977/4977/ 4974/4974/ 4976/4976/
f 4978/4978/ 4979/4979/ 4980/4980/
f 4981/4981/ 4978/4978/ 4980/4980/
f 4979/4979/ 4982/4982/ 4983/4983/
f 4980/4980/ 4979/4979/ 4983/4983/
f 4984/4984/ 4985/4985/ 4986/4986/
f 4987/4987/ 4984/4984/ 4986/4986/
f 4988/4988/ 4989/4989/ 4990/4990/
f 4991/4991/ 4988/4988/ 4990/4990/
f 4992/4992/ 4993/4993/ 4994/4994/
f 4995/4995/ 4992/4992/ 4994/4994/
f 4982/4982/ 4970/4970/ 4973/4973/
f 4983/4983/ 4982/4982/ 4973/4973/
f 4996/4996/ 4997/4997/ 4998/4998/
f 4999/4999/ 4996/4996/ 4998/4998/
f 5000/5000/ 4996/4996/ 4999/4999/
f 5001/5001/ 5000/5000/ 4999/4999/
f 4989/4989/ 5002/5002/ 5003/5003/
f 4990/4990/ 4989/4989/ 5003/5003/
f 5004/5004/ 5005/5005/ 5006/5006/
f 5007/5007/ 5004/5004/ 5006/5006/
f 5008/5008/ 5009/5009/ 5010/5010/
f 5011/5011/ 5008/5008/ 5010/5010/
f 5012/5012/ 5004/5004/ 5007/5007/
f 5013/5013/ 5012/5012/ 5007/5007/
f 5009/5009/ 4988/4988/ 4991/4991/
f 5010/5010/ 5009/5009/ 4991/4991/
f 4997/4997/ 5012/5012/ 5013/5013/
f 4998/4998/ 4997/4997/ 5013/5013/
f 5014/5014/ 4978/4978/ 4981/4981/
f 5015/5015/ 5014/5014/ 4981/4981/
f 5016/5016/ 5017/5017/ 5018/5018/
f 5019/5019/ 5016/5016/ 5018/5018/
f 5020/5020/ 5008/5008/ 5011/5011/
f 5021/5021/ 5020/5020/ 5011/5011/
f 5022/5022/ 5023/5023/ 5024/5024/
f 5025/5025/ 5022/5022/ 5024/5024/
f 5002/5002/ 5014/5014/ 5015/5015/
f 5003/5003/ 5002/5002/ 5015/5015/
f 5017/5017/ 5026/5026/ 5027/5027/
f 5018/5018/ 5017/5017/ 5027/5027/
f 4971/4971/ 4984/4984/ 4987/4987/
f 4972/4972/ 4971/4971/ 4987/4987/
f 5023/5023/ 5028/5028/ 5029/5029/
f 5024/5024/ 5023/5023/ 5029/5029/
f 5030/5030/ 5031/5031/ 5032/5032/
f 5033/5033/ 5030/5030/ 5032/5032/
f 5034/5034/ 5035/5035/ 5036/5036/
f 5037/5037/ 5034/5034/ 5036/5036/
f 5038/5038/ 5039/5039/ 5040/5040/
f 5041/5041/ 5038/5038/ 5040/5040/
f 5035/5035/ 5022/5022/ 5025/5025/
f 5036/5036/ 5035/5035/ 5025/5025/
f 5042/5042/ 4992/4992/ 4995/4995/
f 5043/5043/ 5042/5042/ 4995/4995/
f 5044/5044/ 5045/5045/ 5046/5046/
f 5047/5047/ 5044/5044/ 5046/5046/
f 5031/5031/ 5048/5048/ 5049/5049/
f 5032/5032/ 5031/5031/ 5049/5049/
f 5050/5050/ 5051/5051/ 5052/5052/
f 5053/5053/ 5050/5050/ 5052/5052/
f 5039/5039/ 5044/5044/ 5047/5047/
f 5040/5040/ 5039/5039/ 5047/5047/
f 5054/5054/ 5050/5050/ 5053/5053/
f 5055/5055/ 5054/5054/ 5053/5053/
f 5051/5051/ 5056/5056/ 5057/5057/
f 5052/5052/ 5051/5051/ 5057/5057/
f 5045/5045/ 5054/5054/ 5055/5055/
f 5046/5046/ 5045/5045/ 5055/5055/
f 5058/5058/ 5059/5059/ 5060/5060/
f 5061/5061/ 5058/5058/ 5060/5060/
f 5062/5062/ 5063/5063/ 5064/5064/
f 5065/5065/ 5062/5062/ 5064/5064/
f 5056/5056/ 5034/5034/ 5037/5037/
f 5057/5057/ 5056/5056/ 5037/5037/
f 5066/5066/ 5067/5067/ 5068/5068/
f 5069/5069/ 5066/5066/ 5068/5068/
f 5028/5028/ 5058/5058/ 5061/5061/
f 5029/5029/ 5028/5028/ 5061/5061/
f 5063/5063/ 5070/5070/ 5071/5071/
f 5064/5064/ 5063/5063/ 5071/5071/
f 5072/5072/ 5000/5000/ 5001/5001/
f 5073/5073/ 5072/5072/ 5001/5001/
f 5067/5067/ 5030/5030/ 5033/5033/
f 5068/5068/ 5067/5067/ 5033/5033/
f 5005/5005/ 5020/5020/ 5021/5021/
f 5006/5006/ 5005/5005/ 5021/5021/
f 4993/4993/ 5074/5074/ 5075/5075/
f 4994/4994/ 4993/4993/ 5075/5075/
f 5026/5026/ 5072/5072/ 5073/5073/
f 5027/5027/ 5026/5026/ 5073/5073/
f 5074/5074/ 5066/5066/ 5069/5069/
f 5075/5075/ 5074/5074/ 5069/5069/
f 5059/5059/ 5016/5016/ 5019/5019/
f 5060/5060/ 5059/5059/ 5019/5019/
f 4985/4985/ 4974/4974/ 4977/4977/
f 4986/4986/ 4985/4985/ 4977/4977/
f 5070/5070/ 5038/5038/ 5041/5041/
f 5071/5071/ 5070/5070/ 5041/5041/
f 5076/5076/ 5042/5042/ 5043/5043/
f 5077/5077/ 5076/5076/ 5043/5043/
f 5048/5048/ 5062/5062/ 5065/5065/
f 5049/5049/ 5048/5048/ 5065/5065/
f 4975/4975/ 5076/5076/ 5077/5077/
f 4976/4976/ 4975/4975/ 5077/5077/
f 5078/5078/ 5079/5079/ 5080/5080/
f 4221/4221/ 5078/5078/ 5080/5080/
f 3891/3891/ 5081/5081/ 5082/5082/
f 3892/3892/ 3891/3891/ 5082/5082/
f 5083/5083/ 5084/5084/ 5085/5085/
f 2215/2215/ 5083/5083/ 5085/5085/
f 5086/5086/ 3581/3581/ 3580/3580/
f 5087/5087/ 5086/5086/ 3580/3580/
f 5088/5088/ 2883/2883/ 5089/5089/
f 5090/5090/ 5088/5088/ 5089/5089/
f 5091/5091/ 4837/4837/ 2216/2216/
f 5092/5092/ 5091/5091/ 2216/2216/
f 2548/2548/ 5093/5093/ 5084/5084/
f 5083/5083/ 2548/2548/ 5084/5084/
f 4530/4530/ 4531/4531/ 5094/5094/
f 5095/5095/ 4530/4530/ 5094/5094/
f 2883/2883/ 5088/5088/ 5096/5096/
f 2884/2884/ 2883/2883/ 5096/5096/
f 5097/5097/ 5098/5098/ 5094/5094/
f 4531/4531/ 5097/5097/ 5094/5094/
f 4221/4221/ 5080/5080/ 5099/5099/
f 4222/4222/ 4221/4221/ 5099/5099/
f 5081/5081/ 3891/3891/ 4222/4222/
f 5099/5099/ 5081/5081/ 4222/4222/
f 5100/5100/ 3237/3237/ 3581/3581/
f 5086/5086/ 5100/5100/ 3581/3581/
f 3238/3238/ 3237/3237/ 5100/5100/
f 5101/5101/ 3238/3238/ 5100/5100/
f 5102/5102/ 5103/5103/ 5087/5087/
f 3580/3580/ 5102/5102/ 5087/5087/
f 3892/3892/ 5082/5082/ 5103/5103/
f 5102/5102/ 3892/3892/ 5103/5103/
f 4838/4838/ 5104/5104/ 5098/5098/
f 5097/5097/ 4838/4838/ 5098/5098/
f 4838/4838/ 4837/4837/ 5091/5091/
f 5104/5104/ 4838/4838/ 5091/5091/
f 2215/2215/ 5085/5085/ 5092/5092/
f 2216/2216/ 2215/2215/ 5092/5092/
f 5090/5090/ 5089/5089/ 3238/3238/
f 5101/5101/ 5090/5090/ 3238/3238/
f 5079/5079/ 5078/5078/ 4530/4530/
f 5095/5095/ 5079/5079/ 4530/4530/
f 2548/2548/ 2547/2547/ 5105/5105/
f 5093/5093/ 2548/2548/ 5105/5105/
f 5105/5105/ 2547/2547/ 2884/2884/
f 5096/5096/ 5105/5105/ 2884/2884/
f 5106/5106/ 5107/5107/ 5108/5108/
f 5109/5109/ 5106/5106/ 5108/5108/
f 5110/5110/ 5111/5111/ 5112/5112/
f 5113/5113/ 5110/5110/ 5112/5112/
f 5114/5114/ 5115/5115/ 5116/5116/
f 5117/5117/ 5114/5114/ 5116/5116/
f 5118/5118/ 5110/5110/ 5113/5113/
f 5119/5119/ 5118/5118/ 5113/5113/
f 5120/5120/ 5121/5121/ 5107/5107/
f 5106/5106/ 5120/5120/ 5107/5107/
f 5122/5122/ 5123/5123/ 5116/5116/
f 5115/5115/ 5122/5122/ 5116/5116/
f 5111/5111/ 5124/5124/ 5125/5125/
f 5112/5112/ 5111/5111/ 5125/5125/
f 5126/5126/ 5127/5127/ 5128/5128/
f 5129/5129/ 5126/5126/ 5128/5128/
f 5126/5126/ 5129/5129/ 5121/5121/
f 5120/5120/ 5126/5126/ 5121/5121/
f 5122/5122/ 5130/5130/ 5131/5131/
f 5123/5123/ 5122/5122/ 5131/5131/
f 5132/5132/ 5133/5133/ 5134/5134/
f 5135/5135/ 5132/5132/ 5134/5134/
f 5136/5136/ 5137/5137/ 5138/5138/
f 5139/5139/ 5136/5136/ 5138/5138/
f 5136/5136/ 5139/5139/ 5125/5125/
f 5124/5124/ 5136/5136/ 5125/5125/
f 5127/5127/ 5140/5140/ 5141/5141/
f 5128/5128/ 5127/5127/ 5141/5141/
f 5142/5142/ 5143/5143/ 5144/5144/
f 5145/5145/ 5142/5142/ 5144/5144/
f 5142/5142/ 5145/5145/ 5131/5131/
f 5130/5130/ 5142/5142/ 5131/5131/
f 5132/5132/ 5146/5146/ 5147/5147/
f 5133/5133/ 5132/5132/ 5147/5147/
f 5137/5137/ 5135/5135/ 5134/5134/
f 5138/5138/ 5137/5137/ 5134/5134/
f 5148/5148/ 5149/5149/ 5141/5141/
f 5140/5140/ 5148/5148/ 5141/5141/
f 5143/5143/ 5109/5109/ 5108/5108/
f 5144/5144/ 5143/5143/ 5108/5108/
f 5150/5150/ 5114/5114/ 5117/5117/
f 5151/5151/ 5150/5150/ 5117/5117/
f 5150/5150/ 5151/5151/ 5147/5147/
f 5146/5146/ 5150/5150/ 5147/5147/
f 5148/5148/ 5118/5118/ 5119/5119/
f 5149/5149/ 5148/5148/ 5119/5119/
f 5125/5125/ 5152/5152/ 5153/5153/
f 5112/5112/ 5125/5125/ 5153/5153/
f 5112/5112/ 5153/5153/ 5154/5154/
f 5112/5112/ 5154/5154/ 5155/5155/
f 5129/5129/ 5128/5128/ 5156/5156/
f 5129/5129/ 5156/5156/ 5157/5157/
f 5129/5129/ 5157/5157/ 5158/5158/
f 5129/5129/ 5158/5158/ 5159/5159/
f 5116/5116/ 5123/5123/ 5160/5160/
f 5116/5116/ 5160/5160/ 5161/5161/
f 5116/5116/ 5161/5161/ 5162/5162/
f 5116/5116/ 5162/5162/ 5163/5163/
f 5164/5164/ 5165/5165/ 5121/5121/
f 5129/5129/ 5159/5159/ 5166/5166/
f 5164/5164/ 5121/5121/ 5129/5129/
f 5166/5166/ 5164/5164/ 5129/5129/
f 5160/5160/ 5123/5123/ 5131/5131/
f 5167/5167/ 5160/5160/ 5131/5131/
f 5168/5168/ 5167/5167/ 5131/5131/
f 5168/5168/ 5131/5131/ 5169/5169/
f 5170/5170/ 5113/5113/ 5112/5112/
f 5171/5171/ 5170/5170/ 5112/5112/
f 5172/5172/ 5171/5171/ 5112/5112/
f 5155/5155/ 5172/5172/ 5112/5112/
f 5134/5134/ 5133/5133/ 5173/5173/
f 5134/5134/ 5173/5173/ 5174/5174/
f 5134/5134/ 5174/5174/ 5175/5175/
f 5134/5134/ 5175/5175/ 5176/5176/
f 5139/5139/ 5138/5138/ 5177/5177/
f 5139/5139/ 5177/5177/ 5178/5178/
f 5139/5139/ 5178/5178/ 5179/5179/
f 5139/5139/ 5179/5179/ 5180/5180/
f 5139/5139/ 5180/5180/ 5181/5181/
f 5125/5125/ 5139/5139/ 5181/5181/
f 5125/5125/ 5181/5181/ 5152/5152/
f 5141/5141/ 5182/5182/ 5183/5183/
f 5184/5184/ 5156/5156/ 5128/5128/
f 5128/5128/ 5141/5141/ 5183/5183/
f 5128/5128/ 5183/5183/ 5184/5184/
f 5185/5185/ 5145/5145/ 5144/5144/
f 5186/5186/ 5185/5185/ 5144/5144/
f 5187/5187/ 5186/5186/ 5144/5144/
f 5187/5187/ 5144/5144/ 5188/5188/
f 5189/5189/ 5169/5169/ 5131/5131/
f 5145/5145/ 5185/5185/ 5190/5190/
f 5189/5189/ 5131/5131/ 5145/5145/
f 5190/5190/ 5189/5189/ 5145/5145/
f 5133/5133/ 5147/5147/ 5191/5191/
f 5133/5133/ 5191/5191/ 5192/5192/
f 5133/5133/ 5192/5192/ 5193/5193/
f 5133/5133/ 5193/5193/ 5173/5173/
f 5134/5134/ 5176/5176/ 5194/5194/
f 5195/5195/ 5177/5177/ 5138/5138/
f 5138/5138/ 5134/5134/ 5194/5194/
f 5138/5138/ 5194/5194/ 5195/5195/
f 5182/5182/ 5141/5141/ 5149/5149/
f 5196/5196/ 5182/5182/ 5149/5149/
f 5197/5197/ 5196/5196/ 5149/5149/
f 5198/5198/ 5197/5197/ 5149/5149/
f 5108/5108/ 5199/5199/ 5200/5200/
f 5201/5201/ 5188/5188/ 5144/5144/
f 5144/5144/ 5108/5108/ 5200/5200/
f 5144/5144/ 5200/5200/ 5201/5201/
f 5202/5202/ 5151/5151/ 5117/5117/
f 5203/5203/ 5202/5202/ 5117/5117/
f 5204/5204/ 5203/5203/ 5117/5117/
f 5204/5204/ 5117/5117/ 5205/5205/
f 5206/5206/ 5191/5191/ 5147/5147/
f 5151/5151/ 5202/5202/ 5207/5207/
f 5206/5206/ 5147/5147/ 5151/5151/
f 5207/5207/ 5206/5206/ 5151/5151/
f 5198/5198/ 5149/5149/ 5119/5119/
f 5208/5208/ 5198/5198/ 5119/5119/
f 5209/5209/ 5208/5208/ 5119/5119/
f 5209/5209/ 5119/5119/ 5210/5210/
f 5108/5108/ 5107/5107/ 5211/5211/
f 5108/5108/ 5211/5211/ 5212/5212/
f 5108/5108/ 5212/5212/ 5213/5213/
f 5108/5108/ 5213/5213/ 5199/5199/
f 5116/5116/ 5163/5163/ 5214/5214/
f 5215/5215/ 5205/5205/ 5117/5117/
f 5117/5117/ 5116/5116/ 5214/5214/
f 5117/5117/ 5214/5214/ 5215/5215/
f 5216/5216/ 5210/5210/ 5119/5119/
f 5113/5113/ 5170/5170/ 5217/5217/
f 5216/5216/ 5119/5119/ 5113/5113/
f 5217/5217/ 5216/5216/ 5113/5113/
f 5107/5107/ 5121/5121/ 5165/5165/
f 5107/5107/ 5165/5165/ 5218/5218/
f 5107/5107/ 5218/5218/ 5219/5219/
f 5107/5107/ 5219/5219/ 5211/5211/
f 5060/5060/ 5019/5019/ 5220/5220/
f 5221/5221/ 5060/5060/ 5220/5220/
f 4986/4986/ 4977/4977/ 5222/5222/
f 5223/5223/ 4986/4986/ 5222/5222/
f 5071/5071/ 5041/5041/ 5224/5224/
f 5225/5225/ 5071/5071/ 5224/5224/
f 5077/5077/ 5043/5043/ 5226/5226/
f 5227/5227/ 5077/5077/ 5226/5226/
f 5049/5049/ 5065/5065/ 5228/5228/
f 5229/5229/ 5049/5049/ 5228/5228/
f 4976/4976/ 5077/5077/ 5227/5227/
f 5230/5230/ 4976/4976/ 5227/5227/
f 4973/4973/ 4972/4972/ 5231/5231/
f 5232/5232/ 4973/4973/ 5231/5231/
f 4977/4977/ 4976/4976/ 5230/5230/
f 5222/5222/ 4977/4977/ 5230/5230/
f 4981/4981/ 4980/4980/ 5233/5233/
f 5234/5234/ 4981/4981/ 5233/5233/
f 4980/4980/ 4983/4983/ 5235/5235/
f 5233/5233/ 4980/4980/ 5235/5235/
f 4987/4987/ 4986/4986/ 5223/5223/
f 5236/5236/ 4987/4987/ 5223/5223/
f 4991/4991/ 4990/4990/ 5237/5237/
f 5238/5238/ 4991/4991/ 5237/5237/
f 4995/4995/ 4994/4994/ 5239/5239/
f 5240/5240/ 4995/4995/ 5239/5239/
f 4983/4983/ 4973/4973/ 5232/5232/
f 5235/5235/ 4983/4983/ 5232/5232/
f 4999/4999/ 4998/4998/ 5241/5241/
f 5242/5242/ 4999/4999/ 5241/5241/
f 5001/5001/ 4999/4999/ 5242/5242/
f 5243/5243/ 5001/5001/ 5242/5242/
f 4990/4990/ 5003/5003/ 5244/5244/
f 5237/5237/ 4990/4990/ 5244/5244/
f 5007/5007/ 5006/5006/ 5245/5245/
f 5246/5246/ 5007/5007/ 5245/5245/
f 5011/5011/ 5010/5010/ 5247/5247/
f 5248/5248/ 5011/5011/ 5247/5247/
f 5013/5013/ 5007/5007/ 5246/5246/
f 5249/5249/ 5013/5013/ 5246/5246/
f 5010/5010/ 4991/4991/ 5238/5238/
f 5247/5247/ 5010/5010/ 5238/5238/
f 4998/4998/ 5013/5013/ 5249/5249/
f 5241/5241/ 4998/4998/ 5249/5249/
f 5015/5015/ 4981/4981/ 5234/5234/
f 5250/5250/ 5015/5015/ 5234/5234/
f 5019/5019/ 5018/5018/ 5251/5251/
f 5220/5220/ 5019/5019/ 5251/5251/
f 5021/5021/ 5011/5011/ 5248/5248/
f 5252/5252/ 5021/5021/ 5248/5248/
f 5025/5025/ 5024/5024/ 5253/5253/
f 5254/5254/ 5025/5025/ 5253/5253/
f 5003/5003/ 5015/5015/ 5250/5250/
f 5244/5244/ 5003/5003/ 5250/5250/
f 5018/5018/ 5027/5027/ 5255/5255/
f 5251/5251/ 5018/5018/ 5255/5255/
f 4972/4972/ 4987/4987/ 5236/5236/
f 5231/5231/ 4972/4972/ 5236/5236/
f 5024/5024/ 5029/5029/ 5256/5256/
f 5253/5253/ 5024/5024/ 5256/5256/
f 5033/5033/ 5032/5032/ 5257/5257/
f 5258/5258/ 5033/5033/ 5257/5257/
f 5037/5037/ 5036/5036/ 5259/5259/
f 5260/5260/ 5037/5037/ 5259/5259/
f 5041/5041/ 5040/5040/ 5261/5261/
f 5224/5224/ 5041/5041/ 5261/5261/
f 5036/5036/ 5025/5025/ 5254/5254/
f 5259/5259/ 5036/5036/ 5254/5254/
f 5043/5043/ 4995/4995/ 5240/5240/
f 5226/5226/ 5043/5043/ 5240/5240/
f 5047/5047/ 5046/5046/ 5262/5262/
f 5263/5263/ 5047/5047/ 5262/5262/
f 5032/5032/ 5049/5049/ 5229/5229/
f 5257/5257/ 5032/5032/ 5229/5229/
f 5053/5053/ 5052/5052/ 5264/5264/
f 5265/5265/ 5053/5053/ 5264/5264/
f 5040/5040/ 5047/5047/ 5263/5263/
f 5261/5261/ 5040/5040/ 5263/5263/
f 5055/5055/ 5053/5053/ 5265/5265/
f 5266/5266/ 5055/5055/ 5265/5265/
f 5052/5052/ 5057/5057/ 5267/5267/
f 5264/5264/ 5052/5052/ 5267/5267/
f 5046/5046/ 5055/5055/ 5266/5266/
f 5262/5262/ 5046/5046/ 5266/5266/
f 5061/5061/ 5060/5060/ 5221/5221/
f 5268/5268/ 5061/5061/ 5221/5221/
f 5065/5065/ 5064/5064/ 5269/5269/
f 5228/5228/ 5065/5065/ 5269/5269/
f 5057/5057/ 5037/5037/ 5260/5260/
f 5267/5267/ 5057/5057/ 5260/5260/
f 5069/5069/ 5068/5068/ 5270/5270/
f 5271/5271/ 5069/5069/ 5270/5270/
f 5029/5029/ 5061/5061/ 5268/5268/
f 5256/5256/ 5029/5029/ 5268/5268/
f 5064/5064/ 5071/5071/ 5225/5225/
f 5269/5269/ 5064/5064/ 5225/5225/
f 5073/5073/ 5001/5001/ 5243/5243/
f 5272/5272/ 5073/5073/ 5243/5243/
f 5068/5068/ 5033/5033/ 5258/5258/
f 5270/5270/ 5068/5068/ 5258/5258/
f 5006/5006/ 5021/5021/ 5252/5252/
f 5245/5245/ 5006/5006/ 5252/5252/
f 4994/4994/ 5075/5075/ 5273/5273/
f 5239/5239/ 4994/4994/ 5273/5273/
f 5027/5027/ 5073/5073/ 5272/5272/
f 5255/5255/ 5027/5027/ 5272/5272/
f 5075/5075/ 5069/5069/ 5271/5271/
f 5273/5273/ 5075/5075/ 5271/5271/
f 5174/5174/ 5249/5249/ 5246/5246/
f 5193/5193/ 5249/5249/ 5173/5173/
f 5193/5193/ 5192/5192/ 5241/5241/
f 5191/5191/ 5242/5242/ 5192/5192/
f 5191/5191/ 5243/5243/ 5242/5242/
f 5206/5206/ 5243/5243/ 5191/5191/
f 5207/5207/ 5272/5272/ 5206/5206/
f 5207/5207/ 5255/5255/ 5272/5272/
f 5203/5203/ 5255/5255/ 5202/5202/
f 5203/5203/ 5251/5251/ 5255/5255/
f 5204/5204/ 5251/5251/ 5203/5203/
f 5205/5205/ 5220/5220/ 5204/5204/
f 5215/5215/ 5220/5220/ 5205/5205/
f 5214/5214/ 5221/5221/ 5215/5215/
f 5214/5214/ 5268/5268/ 5221/5221/
f 5163/5163/ 5268/5268/ 5214/5214/
f 5162/5162/ 5256/5256/ 5163/5163/
f 5162/5162/ 5253/5253/ 5256/5256/
f 5161/5161/ 5253/5253/ 5162/5162/
f 5161/5161/ 5254/5254/ 5253/5253/
f 5167/5167/ 5254/5254/ 5160/5160/
f 5167/5167/ 5168/5168/ 5259/5259/
f 5169/5169/ 5260/5260/ 5168/5168/
f 5169/5169/ 5267/5267/ 5260/5260/
f 5189/5189/ 5267/5267/ 5169/5169/
f 5190/5190/ 5264/5264/ 5189/5189/
f 5190/5190/ 5265/5265/ 5264/5264/
f 5186/5186/ 5265/5265/ 5185/5185/
f 5186/5186/ 5266/5266/ 5265/5265/
f 5187/5187/ 5266/5266/ 5186/5186/
f 5188/5188/ 5262/5262/ 5187/5187/
f 5201/5201/ 5262/5262/ 5188/5188/
f 5200/5200/ 5263/5263/ 5201/5201/
f 5200/5200/ 5261/5261/ 5263/5263/
f 5199/5199/ 5261/5261/ 5200/5200/
f 5213/5213/ 5224/5224/ 5199/5199/
f 5213/5213/ 5225/5225/ 5224/5224/
f 5212/5212/ 5225/5225/ 5213/5213/
f 5212/5212/ 5269/5269/ 5225/5225/
f 5219/5219/ 5269/5269/ 5211/5211/
f 5219/5219/ 5218/5218/ 5228/5228/
f 5165/5165/ 5229/5229/ 5218/5218/
f 5165/5165/ 5257/5257/ 5229/5229/
f 5164/5164/ 5257/5257/ 5165/5165/
f 5166/5166/ 5258/5258/ 5164/5164/
f 5166/5166/ 5270/5270/ 5258/5258/
f 5158/5158/ 5270/5270/ 5159/5159/
f 5158/5158/ 5271/5271/ 5270/5270/
f 5157/5157/ 5271/5271/ 5158/5158/
f 5156/5156/ 5273/5273/ 5157/5157/
f 5184/5184/ 5273/5273/ 5156/5156/
f 5183/5183/ 5239/5239/ 5184/5184/
f 5183/5183/ 5240/5240/ 5239/5239/
f 5182/5182/ 5240/5240/ 5183/5183/
f 5196/5196/ 5226/5226/ 5182/5182/
f 5196/5196/ 5227/5227/ 5226/5226/
f 5197/5197/ 5227/5227/ 5196/5196/
f 5197/5197/ 5230/5230/ 5227/5227/
f 5208/5208/ 5230/5230/ 5198/5198/
f 5208/5208/ 5209/5209/ 5222/5222/
f 5210/5210/ 5223/5223/ 5209/5209/
f 5210/5210/ 5236/5236/ 5223/5223/
f 5216/5216/ 5236/5236/ 5210/5210/
f 5217/5217/ 5231/5231/ 5216/5216/
f 5217/5217/ 5232/5232/ 5231/5231/
f 5171/5171/ 5232/5232/ 5170/5170/
f 5171/5171/ 5235/5235/ 5232/5232/
f 5172/5172/ 5235/5235/ 5171/5171/
f 5155/5155/ 5233/5233/ 5172/5172/
f 5154/5154/ 5233/5233/ 5155/5155/
f 5153/5153/ 5234/5234/ 5154/5154/
f 5153/5153/ 5250/5250/ 5234/5234/
f 5152/5152/ 5250/5250/ 5153/5153/
f 5181/5181/ 5244/5244/ 5152/5152/
f 5181/5181/ 5237/5237/ 5244/5244/
f 5179/5179/ 5237/5237/ 5180/5180/
f 5179/5179/ 5238/5238/ 5237/5237/
f 5178/5178/ 5238/5238/ 5179/5179/
f 5177/5177/ 5247/5247/ 5178/5178/
f 5195/5195/ 5247/5247/ 5177/5177/
f 5194/5194/ 5248/5248/ 5195/5195/
f 5194/5194/ 5252/5252/ 5248/5248/
f 5176/5176/ 5252/5252/ 5194/5194/
f 5175/5175/ 5245/5245/ 5176/5176/
f 5175/5175/ 5246/5246/ 5245/5245/
f 5174/5174/ 5246/5246/ 5175/5175/
f 5173/5173/ 5249/5249/ 5174/5174/
f 5241/5241/ 5249/5249/ 5193/5193/
f 5242/5242/ 5241/5241/ 5192/5192/
f 5272/5272/ 5243/5243/ 5206/5206/
f 5202/5202/ 5255/5255/ 5207/5207/
f 5220/5220/ 5251/5251/ 5204/5204/
f 5221/5221/ 5220/5220/ 5215/5215/
f 5256/5256/ 5268/5268/ 5163/5163/
f 5160/5160/ 5254/5254/ 5161/5161/
f 5259/5259/ 5254/5254/ 5167/5167/
f 5260/5260/ 5259/5259/ 5168/5168/
f 5264/5264/ 5267/5267/ 5189/5189/
f 5185/5185/ 5265/5265/ 5190/5190/
f 5262/5262/ 5266/5266/ 5187/5187/
f 5263/5263/ 5262/5262/ 5201/5201/
f 5224/5224/ 5261/5261/ 5199/5199/
f 5211/5211/ 5269/5269/ 5212/5212/
f 5228/5228/ 5269/5269/ 5219/5219/
f 5229/5229/ 5228/5228/ 5218/5218/
f 5258/5258/ 5257/5257/ 5164/5164/
f 5159/5159/ 5270/5270/ 5166/5166/
f 5273/5273/ 5271/5271/ 5157/5157/
f 5239/5239/ 5273/5273/ 5184/5184/
f 5226/5226/ 5240/5240/ 5182/5182/
f 5198/5198/ 5230/5230/ 5197/5197/
f 5222/5222/ 5230/5230/ 5208/5208/
f 5223/5223/ 5222/5222/ 5209/5209/
f 5231/5231/ 5236/5236/ 5216/5216/
f 5170/5170/ 5232/5232/ 5217/5217/
f 5233/5233/ 5235/5235/ 5172/5172/
f 5234/5234/ 5233/5233/ 5154/5154/
f 5244/5244/ 5250/5250/ 5152/5152/
f 5180/5180/ 5237/5237/ 5181/5181/
f 5247/5247/ 5238/5238/ 5178/5178/
f 5248/5248/ 5247/5247/ 5195/5195/
f 5245/5245/ 5252/5252/ 5176/5176/
f 5274/5274/ 5275/5275/ 3555/3555/
f 5276/5276/ 4291/4291/ 5277/5277/
f 3687/3687/ 5278/5278/ 5274/5274/
f 3555/3555/ 3687/3687/ 5274/5274/
f 5279/5279/ 5280/5280/ 4292/4292/
f 5281/5281/ 3957/3957/ 5282/5282/
f 2780/2780/ 5283/5283/ 5284/5284/
f 5285/5285/ 3837/3837/ 5286/5286/
f 4291/4291/ 5276/5276/ 5279/5279/
f 4292/4292/ 4291/4291/ 5279/5279/
f 5287/5287/ 5286/5286/ 3837/3837/
f 5288/5288/ 3957/3957/ 5281/5281/
f 4453/4453/ 5289/5289/ 5277/5277/
f 4291/4291/ 4453/4453/ 5277/5277/
f 5288/5288/ 5287/5287/ 3837/3837/
f 3957/3957/ 5288/5288/ 3837/3837/
f 5290/5290/ 4292/4292/ 5280/5280/
f 5289/5289/ 4453/4453/ 5291/5291/
f 2438/2438/ 5292/5292/ 5293/5293/
f 5294/5294/ 5295/5295/ 5296/5296/
f 5297/5297/ 2960/2960/ 5298/5298/
f 2148/2148/ 5299/5299/ 5300/5300/
f 5300/5300/ 5301/5301/ 2145/2145/
f 2148/2148/ 5300/5300/ 2145/2145/
f 5291/5291/ 4453/4453/ 5302/5302/
f 5303/5303/ 5304/5304/ 2322/2322/
f 2438/2438/ 5303/5303/ 2322/2322/
f 2960/2960/ 5297/5297/ 5305/5305/
f 2960/2960/ 5306/5306/ 5298/5298/
f 5283/5283/ 2780/2780/ 5307/5307/
f 5299/5299/ 2148/2148/ 5308/5308/
f 2780/2780/ 2960/2960/ 5305/5305/
f 5307/5307/ 2780/2780/ 5305/5305/
f 5309/5309/ 2145/2145/ 5301/5301/
f 5310/5310/ 5311/5311/ 4785/4785/
f 5309/5309/ 5310/5310/ 4785/4785/
f 2145/2145/ 5309/5309/ 4785/4785/
f 5312/5312/ 2612/2612/ 5313/5313/
f 4583/4583/ 4785/4785/ 5314/5314/
f 5315/5315/ 4583/4583/ 5314/5314/
f 2438/2438/ 5293/5293/ 5303/5303/
f 5294/5294/ 5296/5296/ 5306/5306/
f 2960/2960/ 5294/5294/ 5306/5306/
f 5316/5316/ 5313/5313/ 2612/2612/
f 2780/2780/ 5316/5316/ 2612/2612/
f 3357/3357/ 5317/5317/ 5318/5318/
f 5318/5318/ 5319/5319/ 3354/3354/
f 3357/3357/ 5318/5318/ 3354/3354/
f 3475/3475/ 5320/5320/ 5317/5317/
f 3357/3357/ 3475/3475/ 5317/5317/
f 2612/2612/ 5312/5312/ 5321/5321/
f 3354/3354/ 5319/5319/ 5295/5295/
f 5294/5294/ 3354/3354/ 5295/5295/
f 5322/5322/ 4583/4583/ 5315/5315/
f 5292/5292/ 2438/2438/ 5323/5323/
f 5324/5324/ 5302/5302/ 4453/4453/
f 3687/3687/ 3837/3837/ 5285/5285/
f 5325/5325/ 3687/3687/ 5285/5285/
f 3555/3555/ 5275/5275/ 5326/5326/
f 4583/4583/ 5322/5322/ 5324/5324/
f 4453/4453/ 4583/4583/ 5324/5324/
f 5326/5326/ 5320/5320/ 3475/3475/
f 3555/3555/ 5326/5326/ 3475/3475/
f 2438/2438/ 2612/2612/ 5321/5321/
f 5323/5323/ 2438/2438/ 5321/5321/
f 5282/5282/ 3957/3957/ 5327/5327/
f 2780/2780/ 5284/5284/ 5316/5316/
f 5304/5304/ 5308/5308/ 2148/2148/
f 2322/2322/ 5304/5304/ 2148/2148/
f 5314/5314/ 4785/4785/ 5311/5311/
f 4113/4113/ 5328/5328/ 5327/5327/
f 3957/3957/ 4113/4113/ 5327/5327/
f 5278/5278/ 3687/3687/ 5325/5325/
f 5329/5329/ 5330/5330/ 5300/5300/
f 5299/5299/ 5329/5329/ 5300/5300/
f 5302/5302/ 5324/5324/ 5331/5331/
f 5332/5332/ 5302/5302/ 5331/5331/
f 5333/5333/ 5334/5334/ 5320/5320/
f 5326/5326/ 5333/5333/ 5320/5320/
f 5308/5308/ 5304/5304/ 5335/5335/
f 5336/5336/ 5308/5308/ 5335/5335/
f 5337/5337/ 5333/5333/ 5326/5326/
f 5275/5275/ 5337/5337/ 5326/5326/
f 5315/5315/ 5314/5314/ 5338/5338/
f 5339/5339/ 5315/5315/ 5338/5338/
f 5340/5340/ 5341/5341/ 5274/5274/
f 5278/5278/ 5340/5340/ 5274/5274/
f 5336/5336/ 5329/5329/ 5299/5299/
f 5308/5308/ 5336/5336/ 5299/5299/
f 5278/5278/ 5325/5325/ 5342/5342/
f 5340/5340/ 5278/5278/ 5342/5342/
f 5304/5304/ 5303/5303/ 5343/5343/
f 5335/5335/ 5304/5304/ 5343/5343/
f 5314/5314/ 5311/5311/ 5344/5344/
f 5338/5338/ 5314/5314/ 5344/5344/
f 5345/5345/ 5346/5346/ 5310/5310/
f 5309/5309/ 5345/5345/ 5310/5310/
f 5275/5275/ 5274/5274/ 5341/5341/
f 5337/5337/ 5275/5275/ 5341/5341/
f 5347/5347/ 5343/5343/ 5303/5303/
f 5293/5293/ 5347/5347/ 5303/5303/
f 5325/5325/ 5285/5285/ 5348/5348/
f 5342/5342/ 5325/5325/ 5348/5348/
f 5349/5349/ 5350/5350/ 5321/5321/
f 5312/5312/ 5349/5349/ 5321/5321/
f 5311/5311/ 5310/5310/ 5346/5346/
f 5344/5344/ 5311/5311/ 5346/5346/
f 5285/5285/ 5286/5286/ 5351/5351/
f 5348/5348/ 5285/5285/ 5351/5351/
f 5323/5323/ 5321/5321/ 5350/5350/
f 5352/5352/ 5323/5323/ 5350/5350/
f 5353/5353/ 5354/5354/ 5288/5288/
f 5281/5281/ 5353/5353/ 5288/5288/
f 5292/5292/ 5323/5323/ 5352/5352/
f 5355/5355/ 5292/5292/ 5352/5352/
f 5281/5281/ 5282/5282/ 5356/5356/
f 5353/5353/ 5281/5281/ 5356/5356/
f 5355/5355/ 5347/5347/ 5293/5293/
f 5292/5292/ 5355/5355/ 5293/5293/
f 5357/5357/ 5349/5349/ 5312/5312/
f 5313/5313/ 5357/5357/ 5312/5312/
f 5354/5354/ 5358/5358/ 5287/5287/
f 5288/5288/ 5354/5354/ 5287/5287/
f 5359/5359/ 5357/5357/ 5313/5313/
f 5316/5316/ 5359/5359/ 5313/5313/
f 5286/5286/ 5287/5287/ 5358/5358/
f 5351/5351/ 5286/5286/ 5358/5358/
f 5360/5360/ 5359/5359/ 5316/5316/
f 5284/5284/ 5360/5360/ 5316/5316/
f 5361/5361/ 5356/5356/ 5282/5282/
f 5327/5327/ 5361/5361/ 5282/5282/
f 5327/5327/ 5328/5328/ 5362/5362/
f 5361/5361/ 5327/5327/ 5362/5362/
f 5363/5363/ 5364/5364/ 5305/5305/
f 5297/5297/ 5363/5363/ 5305/5305/
f 5290/5290/ 5280/5280/ 5365/5365/
f 5366/5366/ 5290/5290/ 5365/5365/
f 5307/5307/ 5305/5305/ 5364/5364/
f 5367/5367/ 5307/5307/ 5364/5364/
f 5368/5368/ 5369/5369/ 5279/5279/
f 5276/5276/ 5368/5368/ 5279/5279/
f 5283/5283/ 5307/5307/ 5367/5367/
f 5370/5370/ 5283/5283/ 5367/5367/
f 5276/5276/ 5277/5277/ 5371/5371/
f 5368/5368/ 5276/5276/ 5371/5371/
f 5370/5370/ 5360/5360/ 5284/5284/
f 5283/5283/ 5370/5370/ 5284/5284/
f 5372/5372/ 5363/5363/ 5297/5297/
f 5298/5298/ 5372/5372/ 5297/5297/
f 5373/5373/ 5372/5372/ 5298/5298/
f 5306/5306/ 5373/5373/ 5298/5298/
f 5280/5280/ 5279/5279/ 5369/5369/
f 5365/5365/ 5280/5280/ 5369/5369/
f 5374/5374/ 5373/5373/ 5306/5306/
f 5296/5296/ 5374/5374/ 5306/5306/
f 5375/5375/ 5371/5371/ 5277/5277/
f 5289/5289/ 5375/5375/ 5277/5277/
f 5289/5289/ 5291/5291/ 5376/5376/
f 5375/5375/ 5289/5289/ 5376/5376/
f 5319/5319/ 5318/5318/ 5377/5377/
f 5378/5378/ 5319/5319/ 5377/5377/
f 5291/5291/ 5302/5302/ 5332/5332/
f 5376/5376/ 5291/5291/ 5332/5332/
f 5379/5379/ 5345/5345/ 5309/5309/
f 5301/5301/ 5379/5379/ 5309/5309/
f 5380/5380/ 5331/5331/ 5324/5324/
f 5322/5322/ 5380/5380/ 5324/5324/
f 5295/5295/ 5319/5319/ 5378/5378/
f 5381/5381/ 5295/5295/ 5378/5378/
f 5322/5322/ 5315/5315/ 5339/5339/
f 5380/5380/ 5322/5322/ 5339/5339/
f 5381/5381/ 5374/5374/ 5296/5296/
f 5295/5295/ 5381/5381/ 5296/5296/
f 5330/5330/ 5379/5379/ 5301/5301/
f 5300/5300/ 5330/5330/ 5301/5301/
f 5317/5317/ 5320/5320/ 5334/5334/
f 5382/5382/ 5317/5317/ 5334/5334/
f 5382/5382/ 5377/5377/ 5318/5318/
f 5317/5317/ 5382/5382/ 5318/5318/
f 5383/5383/ 5384/5384/ 5385/5385/
f 5386/5386/ 5383/5383/ 5385/5385/
f 5384/5384/ 5387/5387/ 5388/5388/
f 5385/5385/ 5384/5384/ 5388/5388/
f 5387/5387/ 5389/5389/ 5390/5390/
f 5388/5388/ 5387/5387/ 5390/5390/
f 5389/5389/ 5391/5391/ 5392/5392/
f 5390/5390/ 5389/5389/ 5392/5392/
f 5391/5391/ 5393/5393/ 5394/5394/
f 5392/5392/ 5391/5391/ 5394/5394/
f 5393/5393/ 5395/5395/ 5396/5396/
f 5394/5394/ 5393/5393/ 5396/5396/
f 5395/5395/ 5397/5397/ 5398/5398/
f 5396/5396/ 5395/5395/ 5398/5398/
f 5397/5397/ 5399/5399/ 5400/5400/
f 5398/5398/ 5397/5397/ 5400/5400/
f 5399/5399/ 5401/5401/ 5402/5402/
f 5400/5400/ 5399/5399/ 5402/5402/
f 5401/5401/ 5403/5403/ 5404/5404/
f 5402/5402/ 5401/5401/ 5404/5404/
f 5403/5403/ 5405/5405/ 5406/5406/
f 5404/5404/ 5403/5403/ 5406/5406/
f 5405/5405/ 5407/5407/ 5408/5408/
f 5406/5406/ 5405/5405/ 5408/5408/
f 5407/5407/ 5409/5409/ 5410/5410/
f 5408/5408/ 5407/5407/ 5410/5410/
f 5409/5409/ 5411/5411/ 5412/5412/
f 5410/5410/ 5409/5409/ 5412/5412/
f 5411/5411/ 5413/5413/ 5414/5414/
f 5412/5412/ 5411/5411/ 5414/5414/
f 5413/5413/ 5415/5415/ 5416/5416/
f 5414/5414/ 5413/5413/ 5416/5416/
f 5415/5415/ 5417/5417/ 5418/5418/
f 5416/5416/ 5415/5415/ 5418/5418/
f 5417/5417/ 5419/5419/ 5420/5420/
f 5418/5418/ 5417/5417/ 5420/5420/
f 5419/5419/ 5421/5421/ 5422/5422/
f 5420/5420/ 5419/5419/ 5422/5422/
f 5421/5421/ 5423/5423/ 5424/5424/
f 5422/5422/ 5421/5421/ 5424/5424/
f 5423/5423/ 5425/5425/ 5426/5426/
f 5424/5424/ 5423/5423/ 5426/5426/
f 5425/5425/ 5427/5427/ 5428/5428/
f 5426/5426/ 5425/5425/ 5428/5428/
f 5427/5427/ 5429/5429/ 5430/5430/
f 5428/5428/ 5427/5427/ 5430/5430/
f 5429/5429/ 5431/5431/ 5432/5432/
f 5430/5430/ 5429/5429/ 5432/5432/
f 5431/5431/ 5433/5433/ 5434/5434/
f 5432/5432/ 5431/5431/ 5434/5434/
f 5433/5433/ 5435/5435/ 5436/5436/
f 5434/5434/ 5433/5433/ 5436/5436/
f 5435/5435/ 5437/5437/ 5438/5438/
f 5436/5436/ 5435/5435/ 5438/5438/
f 5437/5437/ 5439/5439/ 5440/5440/
f 5438/5438/ 5437/5437/ 5440/5440/
f 5439/5439/ 5441/5441/ 5442/5442/
f 5440/5440/ 5439/5439/ 5442/5442/
f 5441/5441/ 5443/5443/ 5444/5444/
f 5442/5442/ 5441/5441/ 5444/5444/
f 5443/5443/ 5445/5445/ 5446/5446/
f 5444/5444/ 5443/5443/ 5446/5446/
f 5445/5445/ 5447/5447/ 5448/5448/
f 5446/5446/ 5445/5445/ 5448/5448/
f 5447/5447/ 5449/5449/ 5450/5450/
f 5448/5448/ 5447/5447/ 5450/5450/
f 5449/5449/ 5451/5451/ 5452/5452/
f 5450/5450/ 5449/5449/ 5452/5452/
f 5451/5451/ 5453/5453/ 5454/5454/
f 5452/5452/ 5451/5451/ 5454/5454/
f 5455/5455/ 5456/5456/ 5457/5457/
f 5458/5458/ 5455/5455/ 5457/5457/
f 5456/5456/ 5459/5459/ 5460/5460/
f 5457/5457/ 5456/5456/ 5460/5460/
f 5459/5459/ 5461/5461/ 5462/5462/
f 5460/5460/ 5459/5459/ 5462/5462/
f 5461/5461/ 5463/5463/ 5464/5464/
f 5462/5462/ 5461/5461/ 5464/5464/
f 5463/5463/ 5465/5465/ 5466/5466/
f 5464/5464/ 5463/5463/ 5466/5466/
f 5465/5465/ 5467/5467/ 5468/5468/
f 5466/5466/ 5465/5465/ 5468/5468/
f 5467/5467/ 5469/5469/ 5470/5470/
f 5468/5468/ 5467/5467/ 5470/5470/
f 5469/5469/ 5471/5471/ 5472/5472/
f 5470/5470/ 5469/5469/ 5472/5472/
f 5471/5471/ 5473/5473/ 5474/5474/
f 5472/5472/ 5471/5471/ 5474/5474/
f 5473/5473/ 5475/5475/ 5476/5476/
f 5474/5474/ 5473/5473/ 5476/5476/
f 5475/5475/ 5477/5477/ 5478/5478/
f 5476/5476/ 5475/5475/ 5478/5478/
f 5477/5477/ 5479/5479/ 5480/5480/
f 5478/5478/ 5477/5477/ 5480/5480/
f 5479/5479/ 5481/5481/ 5482/5482/
f 5480/5480/ 5479/5479/ 5482/5482/
f 5481/5481/ 5483/5483/ 5484/5484/
f 5482/5482/ 5481/5481/ 5484/5484/
f 5483/5483/ 5485/5485/ 5486/5486/
f 5484/5484/ 5483/5483/ 5486/5486/
f 5485/5485/ 5487/5487/ 5488/5488/
f 5486/5486/ 5485/5485/ 5488/5488/
f 5487/5487/ 5489/5489/ 5490/5490/
f 5488/5488/ 5487/5487/ 5490/5490/
f 5489/5489/ 5491/5491/ 5492/5492/
f 5490/5490/ 5489/5489/ 5492/5492/
f 5491/5491/ 5383/5383/ 5386/5386/
f 5492/5492/ 5491/5491/ 5386/5386/
f 2247/2247/ 2236/2236/ 2295/2295/
f 2314/2314/ 2247/2247/ 2295/2295/
f 2984/2984/ 2991/2991/ 2925/2925/
f 2914/2914/ 2984/2984/ 2925/2925/
f 3153/3153/ 3095/3095/ 3104/3104/
f 3159/3159/ 3153/3153/ 3104/3104/
f 3140/3140/ 3120/3120/ 3119/3119/
f 3139/3139/ 3140/3140/ 3119/3119/
f 3297/3297/ 3227/3227/ 3226/3226/
f 4461/4461/ 4460/4460/ 4471/4471/
f 4519/4519/ 4461/4461/ 4471/4471/
f 4318/4318/ 4316/4316/ 4322/4322/
f 4335/4335/ 4318/4318/ 4322/4322/
f 2075/2075/ 2104/2104/ 2078/2078/
f 3864/3864/ 3843/3843/ 3877/3877/
f 3708/3708/ 3864/3864/ 3877/3877/
f 3844/3844/ 3865/3865/ 4011/4011/
f 3707/3707/ 3697/3697/ 3532/3532/
f 3553/3553/ 3707/3707/ 3532/3532/
f 3553/3553/ 3532/3532/ 3531/3531/
f 3131/3131/ 5493/5493/ 5294/5294/
f 2960/2960/ 3131/3131/ 5294/5294/
f 3355/3355/ 3354/3354/ 5294/5294/
f 5493/5493/ 3355/3355/ 5294/5294/
f 3475/3475/ 3476/3476/ 3555/3555/
f 3452/3452/ 3458/3458/ 3467/3467/
f 5490/5490/ 5492/5492/ 5494/5494/
f 5495/5495/ 5490/5490/ 5494/5494/
f 5488/5488/ 5490/5490/ 5495/5495/
f 5486/5486/ 5488/5488/ 5495/5495/
f 5492/5492/ 5386/5386/ 5496/5496/
f 5494/5494/ 5492/5492/ 5496/5496/
f 5385/5385/ 5497/5497/ 5496/5496/
f 5386/5386/ 5385/5385/ 5496/5496/
f 5385/5385/ 5388/5388/ 5497/5497/
f 5392/5392/ 5394/5394/ 5498/5498/
f 5497/5497/ 5392/5392/ 5498/5498/
f 5390/5390/ 5392/5392/ 5497/5497/
f 5388/5388/ 5390/5390/ 5497/5497/
f 5394/5394/ 5396/5396/ 5499/5499/
f 5498/5498/ 5394/5394/ 5499/5499/
f 5398/5398/ 5500/5500/ 5499/5499/
f 5396/5396/ 5398/5398/ 5499/5499/
f 5398/5398/ 5400/5400/ 5500/5500/
f 5404/5404/ 5406/5406/ 5501/5501/
f 5500/5500/ 5404/5404/ 5501/5501/
f 5402/5402/ 5404/5404/ 5500/5500/
f 5400/5400/ 5402/5402/ 5500/5500/
f 5408/5408/ 5502/5502/ 5501/5501/
f 5406/5406/ 5408/5408/ 5501/5501/
f 5410/5410/ 5503/5503/ 5502/5502/
f 5408/5408/ 5410/5410/ 5502/5502/
f 5410/5410/ 5412/5412/ 5503/5503/
f 5416/5416/ 5418/5418/ 5504/5504/
f 5503/5503/ 5416/5416/ 5504/5504/
f 5414/5414/ 5416/5416/ 5503/5503/
f 5412/5412/ 5414/5414/ 5503/5503/
f 5420/5420/ 5505/5505/ 5504/5504/
f 5418/5418/ 5420/5420/ 5504/5504/
f 5422/5422/ 5506/5506/ 5505/5505/
f 5420/5420/ 5422/5422/ 5505/5505/
f 5422/5422/ 5424/5424/ 5506/5506/
f 5430/5430/ 5507/5507/ 5508/5508/
f 5428/5428/ 5430/5430/ 5508/5508/
f 5428/5428/ 5508/5508/ 5506/5506/
f 5426/5426/ 5428/5428/ 5506/5506/
f 5424/5424/ 5426/5426/ 5506/5506/
f 5430/5430/ 5432/5432/ 5509/5509/
f 5507/5507/ 5430/5430/ 5509/5509/
f 5434/5434/ 5510/5510/ 5509/5509/
f 5432/5432/ 5434/5434/ 5509/5509/
f 5434/5434/ 5436/5436/ 5510/5510/
f 5440/5440/ 5442/5442/ 5511/5511/
f 5510/5510/ 5440/5440/ 5511/5511/
f 5438/5438/ 5440/5440/ 5510/5510/
f 5436/5436/ 5438/5438/ 5510/5510/
f 5442/5442/ 5444/5444/ 5512/5512/
f 5511/5511/ 5442/5442/ 5512/5512/
f 5446/5446/ 5513/5513/ 5512/5512/
f 5444/5444/ 5446/5446/ 5512/5512/
f 5446/5446/ 5448/5448/ 5513/5513/
f 5452/5452/ 5454/5454/ 5514/5514/
f 5513/5513/ 5452/5452/ 5514/5514/
f 5450/5450/ 5452/5452/ 5513/5513/
f 5448/5448/ 5450/5450/ 5513/5513/
f 5458/5458/ 5457/5457/ 5515/5515/
f 5516/5516/ 5458/5458/ 5515/5515/
f 5460/5460/ 5517/5517/ 5515/5515/
f 5457/5457/ 5460/5460/ 5515/5515/
f 5460/5460/ 5462/5462/ 5517/5517/
f 5466/5466/ 5468/5468/ 5518/5518/
f 5517/5517/ 5466/5466/ 5518/5518/
f 5464/5464/ 5466/5466/ 5517/5517/
f 5462/5462/ 5464/5464/ 5517/5517/
f 5468/5468/ 5470/5470/ 5519/5519/
f 5518/5518/ 5468/5468/ 5519/5519/
f 5472/5472/ 5520/5520/ 5519/5519/
f 5470/5470/ 5472/5472/ 5519/5519/
f 5472/5472/ 5474/5474/ 5520/5520/
f 5478/5478/ 5480/5480/ 5521/5521/
f 5520/5520/ 5478/5478/ 5521/5521/
f 5476/5476/ 5478/5478/ 5520/5520/
f 5474/5474/ 5476/5476/ 5520/5520/
f 5480/5480/ 5482/5482/ 5522/5522/
f 5521/5521/ 5480/5480/ 5522/5522/
f 5484/5484/ 5495/5495/ 5522/5522/
f 5482/5482/ 5484/5484/ 5522/5522/
f 5484/5484/ 5486/5486/ 5495/5495/
f 3636/3636/ 3634/3634/ 3623/3623/
f 3603/3603/ 3636/3636/ 3623/3623/
f 3464/3464/ 3432/3432/ 3467/3467/
f 3461/3461/ 3464/3464/ 3467/3467/
f 3467/3467/ 3432/3432/ 3452/3452/
f 2005/2005/ 2216/2216/ 4837/4837/
f 2008/2008/ 2005/2005/ 4837/4837/
f 2360/2360/ 5083/5083/ 2215/2215/
f 2004/2004/ 2360/2360/ 2215/2215/
f 2384/2384/ 2548/2548/ 5083/5083/
f 2360/2360/ 2384/2384/ 5083/5083/
f 2695/2695/ 2884/2884/ 2547/2547/
f 2544/2544/ 2695/2695/ 2547/2547/
f 3045/3045/ 5089/5089/ 2883/2883/
f 2694/2694/ 3045/3045/ 2883/2883/
f 3070/3070/ 3238/3238/ 5089/5089/
f 3045/3045/ 3070/3070/ 5089/5089/
f 3387/3387/ 3581/3581/ 3237/3237/
f 3223/3223/ 3387/3387/ 3237/3237/
f 3721/3721/ 5102/5102/ 3580/3580/
f 3386/3386/ 3721/3721/ 3580/3580/
f 3878/3878/ 3892/3892/ 5102/5102/
f 3721/3721/ 3878/3878/ 5102/5102/
f 4046/4046/ 4222/4222/ 3891/3891/
f 3881/3881/ 4046/4046/ 3891/3891/
f 4375/4375/ 5078/5078/ 4221/4221/
f 4210/4210/ 4375/4375/ 4221/4221/
f 4393/4393/ 4530/4530/ 5078/5078/
f 4375/4375/ 4393/4393/ 5078/5078/
f 4680/4680/ 4838/4838/ 5097/5097/
f 4655/4655/ 4680/4680/ 5097/5097/
f 5097/5097/ 4531/4531/ 4523/4523/
f 4655/4655/ 5097/5097/ 4523/4523/
f 5523/5523/ 4821/4821/ 2345/2345/
f 5524/5524/ 5523/5523/ 2345/2345/
f 5524/5524/ 2345/2345/ 2344/2344/
f 5525/5525/ 5524/5524/ 2344/2344/
f 5525/5525/ 2344/2344/ 2350/2350/
f 5526/5526/ 5525/5525/ 2350/2350/
f 5526/5526/ 2350/2350/ 2349/2349/
f 5527/5527/ 5526/5526/ 2349/2349/
f 5527/5527/ 2349/2349/ 2518/2518/
f 5528/5528/ 5527/5527/ 2518/2518/
f 5528/5528/ 2518/2518/ 2683/2683/
f 5529/5529/ 5528/5528/ 2683/2683/
f 2861/2861/ 2860/2860/ 5530/5530/
f 5531/5531/ 2861/2861/ 5530/5530/
f 2860/2860/ 3033/3033/ 5532/5532/
f 5530/5530/ 2860/2860/ 5532/5532/
f 3033/3033/ 3037/3037/ 5533/5533/
f 5532/5532/ 3033/3033/ 5533/5533/
f 3037/3037/ 3374/3374/ 5534/5534/
f 5533/5533/ 3037/3037/ 5534/5534/
f 3374/3374/ 3378/3378/ 5535/5535/
f 5534/5534/ 3374/3374/ 5535/5535/
f 3378/3378/ 3557/3557/ 5536/5536/
f 5535/5535/ 3378/3378/ 5536/5536/
f 3557/3557/ 3711/3711/ 5537/5537/
f 5536/5536/ 3557/3557/ 5537/5537/
f 3711/3711/ 3868/3868/ 5538/5538/
f 5537/5537/ 3711/3711/ 5538/5538/
f 3868/3868/ 3870/3870/ 5539/5539/
f 5538/5538/ 3868/3868/ 5539/5539/
f 3870/3870/ 4202/4202/ 5540/5540/
f 5539/5539/ 3870/3870/ 5540/5540/
f 4202/4202/ 4363/4363/ 5541/5541/
f 5540/5540/ 4202/4202/ 5541/5541/
f 4363/4363/ 3562/3562/ 5542/5542/
f 5541/5541/ 4363/4363/ 5542/5542/
f 3562/3562/ 3561/3561/ 5543/5543/
f 5542/5542/ 3562/3562/ 5543/5543/
f 5543/5543/ 3561/3561/ 4643/4643/
f 5544/5544/ 5543/5543/ 4643/4643/
f 5544/5544/ 4643/4643/ 2187/2187/
f 5545/5545/ 5544/5544/ 2187/2187/
f 5545/5545/ 2187/2187/ 2186/2186/
f 5546/5546/ 5545/5545/ 2186/2186/
f 5546/5546/ 2186/2186/ 2191/2191/
f 5547/5547/ 5546/5546/ 2191/2191/
f 5547/5547/ 2191/2191/ 2523/2523/
f 5548/5548/ 5547/5547/ 2523/2523/
f 5548/5548/ 2523/2523/ 2522/2522/
f 5549/5549/ 5548/5548/ 2522/2522/
f 5549/5549/ 2522/2522/ 2864/2864/
f 5550/5550/ 5549/5549/ 2864/2864/
f 5550/5550/ 2864/2864/ 4821/4821/
f 5523/5523/ 5550/5550/ 4821/4821/
f 4428/4428/ 4414/4414/ 4442/4442/
f 4428/4428/ 4442/4442/ 4445/4445/
f 3976/3976/ 3989/3989/ 3917/3917/
f 3916/3916/ 3976/3976/ 3917/3917/
f 3928/3928/ 3917/3917/ 3990/3990/
f 3999/3999/ 3928/3928/ 3990/3990/
f 3669/3669/ 3645/3645/ 3670/3670/
f 3817/3817/ 3774/3774/ 3819/3819/
f 2057/2057/ 2066/2066/ 2121/2121/
f 2120/2120/ 2057/2057/ 2121/2121/
f 4879/4879/ 4878/4878/ 4913/4913/
f 4603/4603/ 4602/4602/ 4474/4474/
f 5551/5551/ 4782/4782/ 4654/4654/
f 5552/5552/ 5551/5551/ 4654/4654/
f 4551/4551/ 4550/4550/ 4566/4566/
f 2991/2991/ 2990/2990/ 2992/2992/
f 2984/2984/ 2896/2896/ 2989/2989/
f 3153/3153/ 3075/3075/ 3092/3092/
f 3095/3095/ 3153/3153/ 3092/3092/
f 3140/3140/ 3147/3147/ 3146/3146/
f 3276/3276/ 3265/3265/ 3327/3327/
f 3328/3328/ 3276/3276/ 3327/3327/
f 5553/5553/ 3502/3502/ 3521/3521/
f 3523/3523/ 5553/5553/ 3521/3521/
f 3329/3329/ 3330/3330/ 5554/5554/
f 3348/3348/ 3329/3329/ 5554/5554/
f 3502/3502/ 3501/3501/ 3521/3521/
f 3438/3438/ 3447/3447/ 3521/3521/
f 3501/3501/ 3438/3438/ 3521/3521/
f 3664/3664/ 3606/3606/ 3658/3658/
f 4920/4920/ 4928/4928/ 4776/4776/
f 2808/2808/ 2807/2807/ 2823/2823/
f 2641/2641/ 2573/2573/ 2640/2640/
f 2642/2642/ 2641/2641/ 2640/2640/
f 2746/2746/ 2755/2755/ 2823/2823/
f 2807/2807/ 2746/2746/ 2823/2823/
f 2402/2402/ 5555/5555/ 2465/2465/
f 2459/2459/ 2402/2402/ 2465/2465/
f 5556/5556/ 5557/5557/ 5558/5558/
f 5559/5559/ 5560/5560/ 5561/5561/
f 5561/5561/ 5560/5560/ 5562/5562/
f 5563/5563/ 5564/5564/ 5565/5565/
f 5558/5558/ 5557/5557/ 5566/5566/
f 5567/5567/ 5568/5568/ 5569/5569/
f 5570/5570/ 5571/5571/ 5572/5572/
f 5565/5565/ 5564/5564/ 5573/5573/
f 5574/5574/ 5575/5575/ 5576/5576/
f 5577/5577/ 5578/5578/ 5579/5579/
f 5580/5580/ 5581/5581/ 5582/5582/
f 5583/5583/ 5580/5580/ 5582/5582/
f 5584/5584/ 5585/5585/ 5586/5586/
f 5587/5587/ 5584/5584/ 5586/5586/
f 5581/5581/ 5584/5584/ 5587/5587/
f 5582/5582/ 5581/5581/ 5587/5587/
f 5588/5588/ 5589/5589/ 5590/5590/
f 5591/5591/ 5588/5588/ 5590/5590/
f 5585/5585/ 5592/5592/ 5593/5593/
f 5586/5586/ 5585/5585/ 5593/5593/
f 5594/5594/ 5595/5595/ 5596/5596/
f 5597/5597/ 5594/5594/ 5596/5596/
f 5598/5598/ 5588/5588/ 5591/5591/
f 5599/5599/ 5598/5598/ 5591/5591/
f 5600/5600/ 5601/5601/ 5602/5602/
f 5603/5603/ 5600/5600/ 5602/5602/
f 5604/5604/ 5605/5605/ 5606/5606/
f 5607/5607/ 5604/5604/ 5606/5606/
f 5605/5605/ 5608/5608/ 5609/5609/
f 5606/5606/ 5605/5605/ 5609/5609/
f 5610/5610/ 5611/5611/ 5612/5612/
f 5613/5613/ 5610/5610/ 5612/5612/
f 5611/5611/ 5580/5580/ 5583/5583/
f 5612/5612/ 5611/5611/ 5583/5583/
f 5595/5595/ 5614/5614/ 5615/5615/
f 5596/5596/ 5595/5595/ 5615/5615/
f 5601/5601/ 5616/5616/ 5617/5617/
f 5602/5602/ 5601/5601/ 5617/5617/
f 5608/5608/ 5618/5618/ 5619/5619/
f 5609/5609/ 5608/5608/ 5619/5619/
f 5620/5620/ 5621/5621/ 5622/5622/
f 5623/5623/ 5620/5620/ 5622/5622/
f 5624/5624/ 5600/5600/ 5603/5603/
f 5625/5625/ 5624/5624/ 5603/5603/
f 5616/5616/ 5626/5626/ 5627/5627/
f 5617/5617/ 5616/5616/ 5627/5627/
f 5589/5589/ 5604/5604/ 5607/5607/
f 5590/5590/ 5589/5589/ 5607/5607/
f 5626/5626/ 5598/5598/ 5599/5599/
f 5627/5627/ 5626/5626/ 5599/5599/
f 5614/5614/ 5610/5610/ 5613/5613/
f 5615/5615/ 5614/5614/ 5613/5613/
f 5628/5628/ 5620/5620/ 5623/5623/
f 5629/5629/ 5628/5628/ 5623/5623/
f 5621/5621/ 5594/5594/ 5597/5597/
f 5622/5622/ 5621/5621/ 5597/5597/
f 5618/5618/ 5628/5628/ 5629/5629/
f 5619/5619/ 5618/5618/ 5629/5629/
f 5630/5630/ 5631/5631/ 5632/5632/
f 5633/5633/ 5630/5630/ 5632/5632/
f 5634/5634/ 5635/5635/ 5636/5636/
f 5637/5637/ 5634/5634/ 5636/5636/
f 5631/5631/ 5638/5638/ 5639/5639/
f 5632/5632/ 5631/5631/ 5639/5639/
f 5640/5640/ 5641/5641/ 5642/5642/
f 5643/5643/ 5640/5640/ 5642/5642/
f 5644/5644/ 5645/5645/ 5646/5646/
f 5647/5647/ 5644/5644/ 5646/5646/
f 5648/5648/ 5649/5649/ 5650/5650/
f 5651/5651/ 5648/5648/ 5650/5650/
f 5652/5652/ 5644/5644/ 5647/5647/
f 5653/5653/ 5652/5652/ 5647/5647/
f 5654/5654/ 5655/5655/ 5656/5656/
f 5657/5657/ 5654/5654/ 5656/5656/
f 5638/5638/ 5634/5634/ 5637/5637/
f 5639/5639/ 5638/5638/ 5637/5637/
f 5658/5658/ 5630/5630/ 5633/5633/
f 5659/5659/ 5658/5658/ 5633/5633/
f 5660/5660/ 5652/5652/ 5653/5653/
f 5661/5661/ 5660/5660/ 5653/5653/
f 5640/5640/ 5643/5643/ 5662/5662/
f 5663/5663/ 5640/5640/ 5662/5662/
f 5664/5664/ 5665/5665/ 5666/5666/
f 5667/5667/ 5664/5664/ 5666/5666/
f 5641/5641/ 5664/5664/ 5667/5667/
f 5642/5642/ 5641/5641/ 5667/5667/
f 5668/5668/ 5658/5658/ 5659/5659/
f 5669/5669/ 5668/5668/ 5659/5659/
f 5649/5649/ 5668/5668/ 5669/5669/
f 5650/5650/ 5649/5649/ 5669/5669/
f 5655/5655/ 5660/5660/ 5661/5661/
f 5656/5656/ 5655/5655/ 5661/5661/
f 5645/5645/ 5670/5670/ 5671/5671/
f 5646/5646/ 5645/5645/ 5671/5671/
f 5663/5663/ 5662/5662/ 5636/5636/
f 5635/5635/ 5663/5663/ 5636/5636/
f 5672/5672/ 5654/5654/ 5657/5657/
f 5673/5673/ 5672/5672/ 5657/5657/
f 5670/5670/ 5648/5648/ 5651/5651/
f 5671/5671/ 5670/5670/ 5651/5651/
f 5674/5674/ 5675/5675/ 5676/5676/
f 5677/5677/ 5674/5674/ 5676/5676/
f 5675/5675/ 5672/5672/ 5673/5673/
f 5676/5676/ 5675/5675/ 5673/5673/
f 5665/5665/ 5674/5674/ 5677/5677/
f 5666/5666/ 5665/5665/ 5677/5677/
f 5678/5678/ 5679/5679/ 5680/5680/
f 5681/5681/ 5678/5678/ 5680/5680/
f 5682/5682/ 5683/5683/ 5684/5684/
f 5685/5685/ 5682/5682/ 5684/5684/
f 5679/5679/ 5682/5682/ 5685/5685/
f 5680/5680/ 5679/5679/ 5685/5685/
f 5686/5686/ 5687/5687/ 5688/5688/
f 5689/5689/ 5686/5686/ 5688/5688/
f 5683/5683/ 5690/5690/ 5691/5691/
f 5684/5684/ 5683/5683/ 5691/5691/
f 5692/5692/ 5693/5693/ 5694/5694/
f 5695/5695/ 5692/5692/ 5694/5694/
f 5696/5696/ 5686/5686/ 5689/5689/
f 5697/5697/ 5696/5696/ 5689/5689/
f 5698/5698/ 5699/5699/ 5700/5700/
f 5701/5701/ 5698/5698/ 5700/5700/
f 5702/5702/ 5703/5703/ 5704/5704/
f 5705/5705/ 5702/5702/ 5704/5704/
f 5703/5703/ 5706/5706/ 5707/5707/
f 5704/5704/ 5703/5703/ 5707/5707/
f 5708/5708/ 5709/5709/ 5710/5710/
f 5711/5711/ 5708/5708/ 5710/5710/
f 5709/5709/ 5678/5678/ 5681/5681/
f 5710/5710/ 5709/5709/ 5681/5681/
f 5693/5693/ 5712/5712/ 5713/5713/
f 5694/5694/ 5693/5693/ 5713/5713/
f 5699/5699/ 5714/5714/ 5715/5715/
f 5700/5700/ 5699/5699/ 5715/5715/
f 5706/5706/ 5716/5716/ 5717/5717/
f 5707/5707/ 5706/5706/ 5717/5717/
f 5718/5718/ 5719/5719/ 5720/5720/
f 5721/5721/ 5718/5718/ 5720/5720/
f 5722/5722/ 5698/5698/ 5701/5701/
f 5723/5723/ 5722/5722/ 5701/5701/
f 5714/5714/ 5724/5724/ 5725/5725/
f 5715/5715/ 5714/5714/ 5725/5725/
f 5687/5687/ 5702/5702/ 5705/5705/
f 5688/5688/ 5687/5687/ 5705/5705/
f 5724/5724/ 5696/5696/ 5697/5697/
f 5725/5725/ 5724/5724/ 5697/5697/
f 5712/5712/ 5708/5708/ 5711/5711/
f 5713/5713/ 5712/5712/ 5711/5711/
f 5726/5726/ 5718/5718/ 5721/5721/
f 5727/5727/ 5726/5726/ 5721/5721/
f 5719/5719/ 5692/5692/ 5695/5695/
f 5720/5720/ 5719/5719/ 5695/5695/
f 5716/5716/ 5726/5726/ 5727/5727/
f 5717/5717/ 5716/5716/ 5727/5727/
f 5728/5728/ 5729/5729/ 5730/5730/
f 5731/5731/ 5728/5728/ 5730/5730/
f 5732/5732/ 5728/5728/ 5731/5731/
f 5733/5733/ 5732/5732/ 5731/5731/
f 5734/5734/ 5735/5735/ 5736/5736/
f 5737/5737/ 5734/5734/ 5736/5736/
f 5738/5738/ 5734/5734/ 5737/5737/
f 5739/5739/ 5738/5738/ 5737/5737/
f 5740/5740/ 5741/5741/ 5742/5742/
f 5743/5743/ 5740/5740/ 5742/5742/
f 5744/5744/ 5745/5745/ 5746/5746/
f 5747/5747/ 5744/5744/ 5746/5746/
f 5748/5748/ 5749/5749/ 5750/5750/
f 5751/5751/ 5748/5748/ 5750/5750/
f 5752/5752/ 5753/5753/ 5754/5754/
f 5755/5755/ 5752/5752/ 5754/5754/
f 5745/5745/ 5756/5756/ 5757/5757/
f 5746/5746/ 5745/5745/ 5757/5757/
f 5758/5758/ 5759/5759/ 5760/5760/
f 5761/5761/ 5758/5758/ 5760/5760/
f 5759/5759/ 5752/5752/ 5755/5755/
f 5760/5760/ 5759/5759/ 5755/5755/
f 5729/5729/ 5758/5758/ 5761/5761/
f 5730/5730/ 5729/5729/ 5761/5761/
f 5762/5762/ 5763/5763/ 5764/5764/
f 5765/5765/ 5762/5762/ 5764/5764/
f 5766/5766/ 5751/5751/ 5750/5750/
f 5767/5767/ 5766/5766/ 5750/5750/
f 5763/5763/ 5768/5768/ 5769/5769/
f 5764/5764/ 5763/5763/ 5769/5769/
f 5770/5770/ 5732/5732/ 5733/5733/
f 5771/5771/ 5770/5770/ 5733/5733/
f 5772/5772/ 5744/5744/ 5747/5747/
f 5773/5773/ 5772/5772/ 5747/5747/
f 5756/5756/ 5738/5738/ 5739/5739/
f 5757/5757/ 5756/5756/ 5739/5739/
f 5774/5774/ 5772/5772/ 5773/5773/
f 5775/5775/ 5774/5774/ 5773/5773/
f 5753/5753/ 5740/5740/ 5743/5743/
f 5754/5754/ 5753/5753/ 5743/5743/
f 5768/5768/ 5766/5766/ 5767/5767/
f 5769/5769/ 5768/5768/ 5767/5767/
f 5762/5762/ 5765/5765/ 5736/5736/
f 5735/5735/ 5762/5762/ 5736/5736/
f 5741/5741/ 5774/5774/ 5775/5775/
f 5742/5742/ 5741/5741/ 5775/5775/
f 5748/5748/ 5770/5770/ 5771/5771/
f 5749/5749/ 5748/5748/ 5771/5771/
f 5776/5776/ 5777/5777/ 5778/5778/
f 5779/5779/ 5776/5776/ 5778/5778/
f 5780/5780/ 5781/5781/ 5782/5782/
f 5783/5783/ 5780/5780/ 5782/5782/
f 5784/5784/ 5785/5785/ 5786/5786/
f 5787/5787/ 5784/5784/ 5786/5786/
f 5788/5788/ 5784/5784/ 5787/5787/
f 5789/5789/ 5788/5788/ 5787/5787/
f 5739/5739/ 5737/5737/ 5790/5790/
f 5791/5791/ 5739/5739/ 5790/5790/
f 5743/5743/ 5742/5742/ 5792/5792/
f 5793/5793/ 5743/5743/ 5792/5792/
f 5747/5747/ 5746/5746/ 5794/5794/
f 5795/5795/ 5747/5747/ 5794/5794/
f 5750/5750/ 5749/5749/ 5796/5796/
f 5797/5797/ 5750/5750/ 5796/5796/
f 5755/5755/ 5754/5754/ 5798/5798/
f 5799/5799/ 5755/5755/ 5798/5798/
f 5746/5746/ 5757/5757/ 5800/5800/
f 5794/5794/ 5746/5746/ 5800/5800/
f 5761/5761/ 5760/5760/ 5801/5801/
f 5802/5802/ 5761/5761/ 5801/5801/
f 5760/5760/ 5755/5755/ 5799/5799/
f 5801/5801/ 5760/5760/ 5799/5799/
f 5730/5730/ 5761/5761/ 5802/5802/
f 5803/5803/ 5730/5730/ 5802/5802/
f 5765/5765/ 5764/5764/ 5804/5804/
f 5805/5805/ 5765/5765/ 5804/5804/
f 5767/5767/ 5750/5750/ 5797/5797/
f 5806/5806/ 5767/5767/ 5797/5797/
f 5764/5764/ 5769/5769/ 5807/5807/
f 5804/5804/ 5764/5764/ 5807/5807/
f 5771/5771/ 5733/5733/ 5808/5808/
f 5809/5809/ 5771/5771/ 5808/5808/
f 5773/5773/ 5747/5747/ 5795/5795/
f 5810/5810/ 5773/5773/ 5795/5795/
f 5757/5757/ 5739/5739/ 5791/5791/
f 5800/5800/ 5757/5757/ 5791/5791/
f 5775/5775/ 5773/5773/ 5810/5810/
f 5811/5811/ 5775/5775/ 5810/5810/
f 5754/5754/ 5743/5743/ 5793/5793/
f 5798/5798/ 5754/5754/ 5793/5793/
f 5769/5769/ 5767/5767/ 5806/5806/
f 5807/5807/ 5769/5769/ 5806/5806/
f 5736/5736/ 5765/5765/ 5805/5805/
f 5812/5812/ 5736/5736/ 5805/5805/
f 5742/5742/ 5775/5775/ 5811/5811/
f 5792/5792/ 5742/5742/ 5811/5811/
f 5749/5749/ 5771/5771/ 5809/5809/
f 5796/5796/ 5749/5749/ 5809/5809/
f 5731/5731/ 5730/5730/ 5803/5803/
f 5813/5813/ 5731/5731/ 5803/5803/
f 5733/5733/ 5731/5731/ 5813/5813/
f 5808/5808/ 5733/5733/ 5813/5813/
f 5737/5737/ 5736/5736/ 5812/5812/
f 5790/5790/ 5737/5737/ 5812/5812/
f 5777/5777/ 5814/5814/ 5815/5815/
f 5778/5778/ 5777/5777/ 5815/5815/
f 5816/5816/ 5817/5817/ 5818/5818/
f 5819/5819/ 5816/5816/ 5818/5818/
f 5781/5781/ 5816/5816/ 5819/5819/
f 5782/5782/ 5781/5781/ 5819/5819/
f 5820/5820/ 5776/5776/ 5779/5779/
f 5821/5821/ 5820/5820/ 5779/5779/
f 5822/5822/ 5823/5823/ 5824/5824/
f 5825/5825/ 5822/5822/ 5824/5824/
f 5785/5785/ 5780/5780/ 5783/5783/
f 5786/5786/ 5785/5785/ 5783/5783/
f 5826/5826/ 5827/5827/ 5828/5828/
f 5829/5829/ 5826/5826/ 5828/5828/
f 5814/5814/ 5788/5788/ 5789/5789/
f 5815/5815/ 5814/5814/ 5789/5789/
f 5830/5830/ 5820/5820/ 5821/5821/
f 5831/5831/ 5830/5830/ 5821/5821/
f 5817/5817/ 5832/5832/ 5833/5833/
f 5818/5818/ 5817/5817/ 5833/5833/
f 5834/5834/ 5835/5835/ 5836/5836/
f 5837/5837/ 5834/5834/ 5836/5836/
f 5832/5832/ 5838/5838/ 5839/5839/
f 5833/5833/ 5832/5832/ 5839/5839/
f 5827/5827/ 5834/5834/ 5837/5837/
f 5828/5828/ 5827/5827/ 5837/5837/
f 5838/5838/ 5840/5840/ 5841/5841/
f 5839/5839/ 5838/5838/ 5841/5841/
f 5842/5842/ 5826/5826/ 5829/5829/
f 5843/5843/ 5842/5842/ 5829/5829/
f 5844/5844/ 5842/5842/ 5843/5843/
f 5845/5845/ 5844/5844/ 5843/5843/
f 5846/5846/ 5844/5844/ 5845/5845/
f 5847/5847/ 5846/5846/ 5845/5845/
f 5848/5848/ 5846/5846/ 5847/5847/
f 5849/5849/ 5848/5848/ 5847/5847/
f 5823/5823/ 5848/5848/ 5849/5849/
f 5824/5824/ 5823/5823/ 5849/5849/
f 5840/5840/ 5822/5822/ 5825/5825/
f 5841/5841/ 5840/5840/ 5825/5825/
f 5850/5850/ 5851/5851/ 5852/5852/
f 5853/5853/ 5854/5854/ 5855/5855/
f 5856/5856/ 5857/5857/ 5858/5858/
f 5859/5859/ 5856/5856/ 5858/5858/
f 5860/5860/ 5861/5861/ 5862/5862/
f 5863/5863/ 5860/5860/ 5862/5862/
f 5864/5864/ 5865/5865/ 5866/5866/
f 5867/5867/ 5864/5864/ 5866/5866/
f 5868/5868/ 5869/5869/ 5870/5870/
f 5871/5871/ 5868/5868/ 5870/5870/
f 5872/5872/ 5873/5873/ 5874/5874/
f 5875/5875/ 5872/5872/ 5874/5874/
f 5876/5876/ 5877/5877/ 5878/5878/
f 5879/5879/ 5876/5876/ 5878/5878/
f 5880/5880/ 5881/5881/ 5882/5882/
f 5883/5883/ 5884/5884/ 5885/5885/
f 5886/5886/ 5883/5883/ 5885/5885/
f 5887/5887/ 5888/5888/ 5889/5889/
f 5890/5890/ 5887/5887/ 5889/5889/
f 5891/5891/ 5892/5892/ 5893/5893/
f 5894/5894/ 5891/5891/ 5893/5893/
f 5882/5882/ 5881/5881/ 5895/5895/
f 5896/5896/ 5882/5882/ 5895/5895/
f 5869/5869/ 5897/5897/ 5898/5898/
f 5870/5870/ 5869/5869/ 5898/5898/
f 5899/5899/ 5900/5900/ 5901/5901/
f 5902/5902/ 5899/5899/ 5901/5901/
f 5903/5903/ 5904/5904/ 5905/5905/
f 5906/5906/ 5903/5903/ 5905/5905/
f 5865/5865/ 5907/5907/ 5908/5908/
f 5866/5866/ 5865/5865/ 5908/5908/
f 5909/5909/ 5910/5910/ 5885/5885/
f 5884/5884/ 5909/5909/ 5885/5885/
f 5911/5911/ 5887/5887/ 5890/5890/
f 5912/5912/ 5911/5911/ 5890/5890/
f 5877/5877/ 5913/5913/ 5914/5914/
f 5878/5878/ 5877/5877/ 5914/5914/
f 5915/5915/ 5910/5910/ 5916/5916/
f 5917/5917/ 5915/5915/ 5916/5916/
f 5918/5918/ 5886/5886/ 5919/5919/
f 5920/5920/ 5918/5918/ 5919/5919/
f 5861/5861/ 5921/5921/ 5922/5922/
f 5862/5862/ 5861/5861/ 5922/5922/
f 5873/5873/ 5923/5923/ 5924/5924/
f 5874/5874/ 5873/5873/ 5924/5924/
f 5925/5925/ 5920/5920/ 5919/5919/
f 5900/5900/ 5925/5925/ 5919/5919/
f 5926/5926/ 5927/5927/ 5928/5928/
f 5880/5880/ 5929/5929/ 5881/5881/
f 5930/5930/ 5900/5900/ 5899/5899/
f 5931/5931/ 5883/5883/ 5886/5886/
f 5918/5918/ 5931/5931/ 5886/5886/
f 5932/5932/ 5910/5910/ 5909/5909/
f 5891/5891/ 5933/5933/ 5892/5892/
f 5927/5927/ 5934/5934/ 5928/5928/
f 5932/5932/ 5916/5916/ 5910/5910/
f 5933/5933/ 5935/5935/ 5892/5892/
f 5930/5930/ 5925/5925/ 5900/5900/
f 5934/5934/ 5896/5896/ 5895/5895/
f 5928/5928/ 5934/5934/ 5895/5895/
f 5936/5936/ 5937/5937/ 5938/5938/
f 5939/5939/ 5936/5936/ 5938/5938/
f 5940/5940/ 5941/5941/ 5938/5938/
f 5937/5937/ 5940/5940/ 5938/5938/
f 5942/5942/ 5906/5906/ 5905/5905/
f 5943/5943/ 5942/5942/ 5905/5905/
f 5944/5944/ 5945/5945/ 5946/5946/
f 5947/5947/ 5944/5944/ 5946/5946/
f 5903/5903/ 5948/5948/ 5949/5949/
f 5904/5904/ 5903/5903/ 5949/5949/
f 5936/5936/ 5939/5939/ 5946/5946/
f 5945/5945/ 5936/5936/ 5946/5946/
f 5856/5856/ 5950/5950/ 5951/5951/
f 5857/5857/ 5856/5856/ 5951/5951/
f 5926/5926/ 5928/5928/ 5915/5915/
f 5917/5917/ 5926/5926/ 5915/5915/
f 5942/5942/ 5943/5943/ 5951/5951/
f 5950/5950/ 5942/5942/ 5951/5951/
f 5944/5944/ 5947/5947/ 5949/5949/
f 5948/5948/ 5944/5944/ 5949/5949/
f 5940/5940/ 5859/5859/ 5858/5858/
f 5941/5941/ 5940/5940/ 5858/5858/
f 5952/5952/ 5953/5953/ 5954/5954/
f 5955/5955/ 5952/5952/ 5954/5954/
f 5956/5956/ 5957/5957/ 5958/5958/
f 5959/5959/ 5956/5956/ 5958/5958/
f 5960/5960/ 5961/5961/ 5962/5962/
f 5963/5963/ 5960/5960/ 5962/5962/
f 5953/5953/ 5964/5964/ 5965/5965/
f 5954/5954/ 5953/5953/ 5965/5965/
f 5966/5966/ 5967/5967/ 5968/5968/
f 5969/5969/ 5966/5966/ 5968/5968/
f 5970/5970/ 5971/5971/ 5972/5972/
f 5973/5973/ 5970/5970/ 5972/5972/
f 5974/5974/ 5975/5975/ 5976/5976/
f 5977/5977/ 5974/5974/ 5976/5976/
f 5978/5978/ 5974/5974/ 5977/5977/
f 5979/5979/ 5978/5978/ 5977/5977/
f 5975/5975/ 5980/5980/ 5981/5981/
f 5976/5976/ 5975/5975/ 5981/5981/
f 5957/5957/ 5982/5982/ 5983/5983/
f 5958/5958/ 5957/5957/ 5983/5983/
f 5964/5964/ 5984/5984/ 5985/5985/
f 5965/5965/ 5964/5964/ 5985/5985/
f 5986/5986/ 5987/5987/ 5988/5988/
f 5989/5989/ 5986/5986/ 5988/5988/
f 5961/5961/ 5990/5990/ 5991/5991/
f 5962/5962/ 5961/5961/ 5991/5991/
f 5992/5992/ 5966/5966/ 5969/5969/
f 5993/5993/ 5992/5992/ 5969/5969/
f 5994/5994/ 5978/5978/ 5979/5979/
f 5995/5995/ 5994/5994/ 5979/5979/
f 5980/5980/ 5992/5992/ 5993/5993/
f 5981/5981/ 5980/5980/ 5993/5993/
f 5987/5987/ 5996/5996/ 5997/5997/
f 5988/5988/ 5987/5987/ 5997/5997/
f 5971/5971/ 5960/5960/ 5963/5963/
f 5972/5972/ 5971/5971/ 5963/5963/
f 5967/5967/ 5970/5970/ 5973/5973/
f 5968/5968/ 5967/5967/ 5973/5973/
f 5996/5996/ 5956/5956/ 5959/5959/
f 5997/5997/ 5996/5996/ 5959/5959/
f 5998/5998/ 5952/5952/ 5955/5955/
f 5999/5999/ 5998/5998/ 5955/5955/
f 5982/5982/ 5994/5994/ 5995/5995/
f 5983/5983/ 5982/5982/ 5995/5995/
f 5984/5984/ 5986/5986/ 5989/5989/
f 5985/5985/ 5984/5984/ 5989/5989/
f 5990/5990/ 5998/5998/ 5999/5999/
f 5991/5991/ 5990/5990/ 5999/5999/
f 6000/6000/ 6001/6001/ 6002/6002/
f 6003/6003/ 6000/6000/ 6002/6002/
f 6004/6004/ 6005/6005/ 6006/6006/
f 6007/6007/ 6004/6004/ 6006/6006/
f 6008/6008/ 6009/6009/ 6010/6010/
f 6011/6011/ 6008/6008/ 6010/6010/
f 6012/6012/ 6013/6013/ 6014/6014/
f 6015/6015/ 6012/6012/ 6014/6014/
f 6016/6016/ 6017/6017/ 6018/6018/
f 6019/6019/ 6016/6016/ 6018/6018/
f 6020/6020/ 6021/6021/ 6022/6022/
f 6023/6023/ 6020/6020/ 6022/6022/
f 6024/6024/ 6012/6012/ 6015/6015/
f 6025/6025/ 6024/6024/ 6015/6015/
f 6017/6017/ 6026/6026/ 6027/6027/
f 6018/6018/ 6017/6017/ 6027/6027/
f 6028/6028/ 6000/6000/ 6003/6003/
f 6029/6029/ 6028/6028/ 6003/6003/
f 6030/6030/ 6008/6008/ 6011/6011/
f 6031/6031/ 6030/6030/ 6011/6011/
f 6021/6021/ 6032/6032/ 6033/6033/
f 6022/6022/ 6021/6021/ 6033/6033/
f 6001/6001/ 6034/6034/ 6035/6035/
f 6002/6002/ 6001/6001/ 6035/6035/
f 6036/6036/ 6037/6037/ 6038/6038/
f 6039/6039/ 6036/6036/ 6038/6038/
f 6040/6040/ 6024/6024/ 6025/6025/
f 6041/6041/ 6040/6040/ 6025/6025/
f 6037/6037/ 6042/6042/ 6043/6043/
f 6038/6038/ 6037/6037/ 6043/6043/
f 6013/6013/ 6028/6028/ 6029/6029/
f 6014/6014/ 6013/6013/ 6029/6029/
f 6032/6032/ 6004/6004/ 6007/6007/
f 6033/6033/ 6032/6032/ 6007/6007/
f 6026/6026/ 6020/6020/ 6023/6023/
f 6027/6027/ 6026/6026/ 6023/6023/
f 6042/6042/ 6016/6016/ 6019/6019/
f 6043/6043/ 6042/6042/ 6019/6019/
f 6044/6044/ 6040/6040/ 6041/6041/
f 6045/6045/ 6044/6044/ 6041/6041/
f 6005/6005/ 6046/6046/ 6047/6047/
f 6006/6006/ 6005/6005/ 6047/6047/
f 6034/6034/ 6036/6036/ 6039/6039/
f 6035/6035/ 6034/6034/ 6039/6039/
f 6009/6009/ 6044/6044/ 6045/6045/
f 6010/6010/ 6009/6009/ 6045/6045/
f 6046/6046/ 6048/6048/ 6049/6049/
f 6047/6047/ 6046/6046/ 6049/6049/
f 5906/5906/ 5942/5942/ 6050/6050/
f 6051/6051/ 5906/5906/ 6050/6050/
f 5906/5906/ 6052/6052/ 6053/6053/
f 5903/5903/ 5906/5906/ 6053/6053/
f 5950/5950/ 5856/5856/ 6054/6054/
f 6055/6055/ 5950/5950/ 6054/6054/
f 5950/5950/ 6056/6056/ 6050/6050/
f 5942/5942/ 5950/5950/ 6050/6050/
f 5859/5859/ 5940/5940/ 6057/6057/
f 6058/6058/ 5859/5859/ 6057/6057/
f 5859/5859/ 6059/6059/ 6054/6054/
f 5856/5856/ 5859/5859/ 6054/6054/
f 5937/5937/ 5936/5936/ 6060/6060/
f 6061/6061/ 5937/5937/ 6060/6060/
f 5937/5937/ 6062/6062/ 6057/6057/
f 5940/5940/ 5937/5937/ 6057/6057/
f 5945/5945/ 5944/5944/ 6063/6063/
f 6064/6064/ 5945/5945/ 6063/6063/
f 5945/5945/ 6065/6065/ 6060/6060/
f 5936/5936/ 5945/5945/ 6060/6060/
f 6053/6053/ 6066/6066/ 5948/5948/
f 5903/5903/ 6053/6053/ 5948/5948/
f 5948/5948/ 6067/6067/ 6063/6063/
f 5944/5944/ 5948/5948/ 6063/6063/
f 5935/5935/ 5902/5902/ 5901/5901/
f 5892/5892/ 5935/5935/ 5901/5901/
f 5928/5928/ 5895/5895/ 5943/5943/
f 5905/5905/ 5928/5928/ 5943/5943/
f 5928/5928/ 5905/5905/ 5904/5904/
f 5915/5915/ 5928/5928/ 5904/5904/
f 5929/5929/ 5894/5894/ 5893/5893/
f 5881/5881/ 5929/5929/ 5893/5893/
f 5881/5881/ 5893/5893/ 5857/5857/
f 5951/5951/ 5881/5881/ 5857/5857/
f 5881/5881/ 5951/5951/ 5943/5943/
f 5895/5895/ 5881/5881/ 5943/5943/
f 5892/5892/ 5901/5901/ 5941/5941/
f 5858/5858/ 5892/5892/ 5941/5941/
f 5892/5892/ 5858/5858/ 5857/5857/
f 5893/5893/ 5892/5892/ 5857/5857/
f 5900/5900/ 5919/5919/ 5939/5939/
f 5938/5938/ 5900/5900/ 5939/5939/
f 5900/5900/ 5938/5938/ 5941/5941/
f 5901/5901/ 5900/5900/ 5941/5941/
f 5886/5886/ 5885/5885/ 5947/5947/
f 5946/5946/ 5886/5886/ 5947/5947/
f 5886/5886/ 5946/5946/ 5939/5939/
f 5919/5919/ 5886/5886/ 5939/5939/
f 5904/5904/ 5949/5949/ 5910/5910/
f 5915/5915/ 5904/5904/ 5910/5910/
f 5910/5910/ 5949/5949/ 5947/5947/
f 5885/5885/ 5910/5910/ 5947/5947/
f 1977/1977/ 1973/1973/ 1975/1975/
f 6068/6068/ 6069/6069/ 6070/6070/
f 6071/6071/ 6072/6072/ 6073/6073/
f 6074/6074/ 6071/6071/ 6073/6073/
f 6075/6075/ 6076/6076/ 6077/6077/
f 6078/6078/ 6075/6075/ 6077/6077/
f 6079/6079/ 6080/6080/ 6081/6081/
f 6082/6082/ 6079/6079/ 6081/6081/
f 6083/6083/ 6084/6084/ 6085/6085/
f 6086/6086/ 6083/6083/ 6085/6085/
f 6087/6087/ 6088/6088/ 6089/6089/
f 6090/6090/ 6087/6087/ 6089/6089/
f 6080/6080/ 6091/6091/ 6092/6092/
f 6081/6081/ 6080/6080/ 6092/6092/
f 6093/6093/ 6083/6083/ 6086/6086/
f 6094/6094/ 6093/6093/ 6086/6086/
f 6095/6095/ 6096/6096/ 6097/6097/
f 6098/6098/ 6095/6095/ 6097/6097/
f 6099/6099/ 6100/6100/ 6101/6101/
f 6102/6102/ 6099/6099/ 6101/6101/
f 6103/6103/ 6104/6104/ 6105/6105/
f 6106/6106/ 6103/6103/ 6105/6105/
f 6076/6076/ 6103/6103/ 6106/6106/
f 6077/6077/ 6076/6076/ 6106/6106/
f 6072/6072/ 6107/6107/ 6108/6108/
f 6073/6073/ 6072/6072/ 6108/6108/
f 6104/6104/ 6095/6095/ 6098/6098/
f 6105/6105/ 6104/6104/ 6098/6098/
f 6084/6084/ 6099/6099/ 6102/6102/
f 6085/6085/ 6084/6084/ 6102/6102/
f 6109/6109/ 6110/6110/ 6111/6111/
f 6112/6112/ 6109/6109/ 6111/6111/
f 6091/6091/ 6113/6113/ 6114/6114/
f 6092/6092/ 6091/6091/ 6114/6114/
f 6115/6115/ 6075/6075/ 6078/6078/
f 6116/6116/ 6115/6115/ 6078/6078/
f 6096/6096/ 6093/6093/ 6094/6094/
f 6097/6097/ 6096/6096/ 6094/6094/
f 6117/6117/ 6109/6109/ 6112/6112/
f 6118/6118/ 6117/6117/ 6112/6112/
f 6110/6110/ 6087/6087/ 6090/6090/
f 6111/6111/ 6110/6110/ 6090/6090/
f 6088/6088/ 6115/6115/ 6116/6116/
f 6089/6089/ 6088/6088/ 6116/6116/
f 6113/6113/ 6071/6071/ 6074/6074/
f 6114/6114/ 6113/6113/ 6074/6074/
f 6107/6107/ 6117/6117/ 6118/6118/
f 6108/6108/ 6107/6107/ 6118/6118/
f 6100/6100/ 6119/6119/ 6120/6120/
f 6101/6101/ 6100/6100/ 6120/6120/
f 6121/6121/ 6122/6122/ 6123/6123/
f 6124/6124/ 6121/6121/ 6123/6123/
f 6125/6125/ 6126/6126/ 6127/6127/
f 6128/6128/ 6125/6125/ 6127/6127/
f 6124/6124/ 6123/6123/ 6126/6126/
f 6125/6125/ 6124/6124/ 6126/6126/
f 6129/6129/ 6130/6130/ 6122/6122/
f 6121/6121/ 6129/6129/ 6122/6122/
f 6131/6131/ 6132/6132/ 6130/6130/
f 6129/6129/ 6131/6131/ 6130/6130/
f 6133/6133/ 6134/6134/ 6132/6132/
f 6131/6131/ 6133/6133/ 6132/6132/
f 6135/6135/ 6136/6136/ 6137/6137/
f 6138/6138/ 6135/6135/ 6137/6137/
f 6139/6139/ 6140/6140/ 6134/6134/
f 6133/6133/ 6139/6139/ 6134/6134/
f 6138/6138/ 6137/6137/ 6140/6140/
f 6139/6139/ 6138/6138/ 6140/6140/
f 6141/6141/ 6142/6142/ 6136/6136/
f 6135/6135/ 6141/6141/ 6136/6136/
f 6143/6143/ 6144/6144/ 6142/6142/
f 6141/6141/ 6143/6143/ 6142/6142/
f 6145/6145/ 6146/6146/ 6144/6144/
f 6143/6143/ 6145/6145/ 6144/6144/
f 6147/6147/ 6148/6148/ 6149/6149/
f 6150/6150/ 6147/6147/ 6149/6149/
f 6151/6151/ 6152/6152/ 6146/6146/
f 6145/6145/ 6151/6151/ 6146/6146/
f 6150/6150/ 6149/6149/ 6152/6152/
f 6151/6151/ 6150/6150/ 6152/6152/
f 6153/6153/ 6154/6154/ 6148/6148/
f 6147/6147/ 6153/6153/ 6148/6148/
f 6155/6155/ 6156/6156/ 6154/6154/
f 6153/6153/ 6155/6155/ 6154/6154/
f 6157/6157/ 6158/6158/ 6156/6156/
f 6155/6155/ 6157/6157/ 6156/6156/
f 6159/6159/ 6160/6160/ 6161/6161/
f 6162/6162/ 6159/6159/ 6161/6161/
f 6163/6163/ 6164/6164/ 6158/6158/
f 6157/6157/ 6163/6163/ 6158/6158/
f 6162/6162/ 6161/6161/ 6164/6164/
f 6163/6163/ 6162/6162/ 6164/6164/
f 6165/6165/ 6166/6166/ 6160/6160/
f 6159/6159/ 6165/6165/ 6160/6160/
f 6167/6167/ 6168/6168/ 6166/6166/
f 6165/6165/ 6167/6167/ 6166/6166/
f 6169/6169/ 6170/6170/ 6168/6168/
f 6167/6167/ 6169/6169/ 6168/6168/
f 6171/6171/ 6172/6172/ 6173/6173/
f 6174/6174/ 6171/6171/ 6173/6173/
f 6175/6175/ 6176/6176/ 6170/6170/
f 6169/6169/ 6175/6175/ 6170/6170/
f 6174/6174/ 6173/6173/ 6176/6176/
f 6175/6175/ 6174/6174/ 6176/6176/
f 6177/6177/ 6178/6178/ 6172/6172/
f 6171/6171/ 6177/6177/ 6172/6172/
f 6179/6179/ 6180/6180/ 6178/6178/
f 6177/6177/ 6179/6179/ 6178/6178/
f 6181/6181/ 6182/6182/ 6180/6180/
f 6179/6179/ 6181/6181/ 6180/6180/
f 6183/6183/ 6184/6184/ 6185/6185/
f 6186/6186/ 6183/6183/ 6185/6185/
f 6187/6187/ 6188/6188/ 6182/6182/
f 6181/6181/ 6187/6187/ 6182/6182/
f 6186/6186/ 6185/6185/ 6188/6188/
f 6187/6187/ 6186/6186/ 6188/6188/
f 6189/6189/ 6190/6190/ 6184/6184/
f 6183/6183/ 6189/6189/ 6184/6184/
f 6191/6191/ 6192/6192/ 6190/6190/
f 6189/6189/ 6191/6191/ 6190/6190/
f 6193/6193/ 6194/6194/ 6192/6192/
f 6191/6191/ 6193/6193/ 6192/6192/
f 6195/6195/ 6196/6196/ 6197/6197/
f 6198/6198/ 6195/6195/ 6197/6197/
f 6199/6199/ 6200/6200/ 6194/6194/
f 6193/6193/ 6199/6199/ 6194/6194/
f 6198/6198/ 6197/6197/ 6200/6200/
f 6199/6199/ 6198/6198/ 6200/6200/
f 6201/6201/ 6202/6202/ 6196/6196/
f 6195/6195/ 6201/6201/ 6196/6196/
f 6203/6203/ 6204/6204/ 6202/6202/
f 6201/6201/ 6203/6203/ 6202/6202/
f 6205/6205/ 6206/6206/ 6204/6204/
f 6203/6203/ 6205/6205/ 6204/6204/
f 6207/6207/ 6208/6208/ 6209/6209/
f 6210/6210/ 6207/6207/ 6209/6209/
f 6211/6211/ 6212/6212/ 6206/6206/
f 6205/6205/ 6211/6211/ 6206/6206/
f 6210/6210/ 6209/6209/ 6212/6212/
f 6211/6211/ 6210/6210/ 6212/6212/
f 6213/6213/ 6214/6214/ 6208/6208/
f 6207/6207/ 6213/6213/ 6208/6208/
f 6215/6215/ 6216/6216/ 6214/6214/
f 6213/6213/ 6215/6215/ 6214/6214/
f 6217/6217/ 6218/6218/ 6216/6216/
f 6215/6215/ 6217/6217/ 6216/6216/
f 6219/6219/ 6220/6220/ 6221/6221/
f 6222/6222/ 6219/6219/ 6221/6221/
f 6223/6223/ 6224/6224/ 6218/6218/
f 6217/6217/ 6223/6223/ 6218/6218/
f 6222/6222/ 6221/6221/ 6224/6224/
f 6223/6223/ 6222/6222/ 6224/6224/
f 6225/6225/ 6226/6226/ 6220/6220/
f 6219/6219/ 6225/6225/ 6220/6220/
f 6227/6227/ 6228/6228/ 6226/6226/
f 6225/6225/ 6227/6227/ 6226/6226/
f 6128/6128/ 6127/6127/ 6228/6228/
f 6227/6227/ 6128/6128/ 6228/6228/
f 6229/6229/ 6230/6230/ 6231/6231/
f 6232/6232/ 6233/6233/ 6234/6234/
f 6235/6235/ 6236/6236/ 6237/6237/
f 6238/6238/ 6235/6235/ 6237/6237/
f 6239/6239/ 6240/6240/ 6241/6241/
f 6242/6242/ 6239/6239/ 6241/6241/
f 6243/6243/ 6244/6244/ 6245/6245/
f 6246/6246/ 6243/6243/ 6245/6245/
f 6247/6247/ 6248/6248/ 6249/6249/
f 6250/6250/ 6247/6247/ 6249/6249/
f 6251/6251/ 6252/6252/ 6253/6253/
f 6254/6254/ 6255/6255/ 6256/6256/
f 6244/6244/ 6257/6257/ 6258/6258/
f 6259/6259/ 6260/6260/ 6261/6261/
f 6262/6262/ 6263/6263/ 6264/6264/
f 6265/6265/ 6262/6262/ 6264/6264/
f 6266/6266/ 6267/6267/ 6268/6268/
f 6269/6269/ 6270/6270/ 6271/6271/
f 6272/6272/ 6273/6273/ 6274/6274/
f 6275/6275/ 6272/6272/ 6274/6274/
f 6276/6276/ 6277/6277/ 6278/6278/
f 6279/6279/ 6280/6280/ 6281/6281/
f 6282/6282/ 6283/6283/ 6284/6284/
f 6285/6285/ 6282/6282/ 6284/6284/
f 6286/6286/ 6287/6287/ 6288/6288/
f 6289/6289/ 6286/6286/ 6288/6288/
f 6290/6290/ 6268/6268/ 6267/6267/
f 6291/6291/ 6290/6290/ 6267/6267/
f 6292/6292/ 6293/6293/ 6294/6294/
f 6295/6295/ 6292/6292/ 6294/6294/
f 6296/6296/ 6297/6297/ 6298/6298/
f 6299/6299/ 6296/6296/ 6298/6298/
f 6300/6300/ 6301/6301/ 6302/6302/
f 6303/6303/ 6300/6300/ 6302/6302/
f 6304/6304/ 6305/6305/ 6306/6306/
f 6307/6307/ 6304/6304/ 6306/6306/
f 6308/6308/ 6309/6309/ 6310/6310/
f 6311/6311/ 6312/6312/ 6313/6313/
f 6314/6314/ 6315/6315/ 6316/6316/
f 6317/6317/ 6314/6314/ 6316/6316/
f 6318/6318/ 6319/6319/ 6320/6320/
f 6321/6321/ 6318/6318/ 6320/6320/
f 6322/6322/ 6323/6323/ 6324/6324/
f 6325/6325/ 6326/6326/ 6327/6327/
f 6328/6328/ 6278/6278/ 6277/6277/
f 6329/6329/ 6330/6330/ 6331/6331/
f 6332/6332/ 6333/6333/ 6334/6334/
f 6335/6335/ 6336/6336/ 6337/6337/
f 6338/6338/ 6339/6339/ 6340/6340/
f 6341/6341/ 6338/6338/ 6340/6340/
f 6342/6342/ 6343/6343/ 6344/6344/
f 6345/6345/ 6346/6346/ 6347/6347/
f 6348/6348/ 6349/6349/ 6350/6350/
f 6351/6351/ 6348/6348/ 6350/6350/
f 6352/6352/ 6353/6353/ 6354/6354/
f 6355/6355/ 6352/6352/ 6354/6354/
f 6356/6356/ 6357/6357/ 6358/6358/
f 6359/6359/ 6356/6356/ 6358/6358/
f 6360/6360/ 6361/6361/ 6362/6362/
f 6363/6363/ 6364/6364/ 6365/6365/
f 6366/6366/ 6367/6367/ 6368/6368/
f 6369/6369/ 6370/6370/ 6371/6371/
f 6372/6372/ 6373/6373/ 6374/6374/
f 6375/6375/ 6372/6372/ 6374/6374/
f 6376/6376/ 6358/6358/ 6357/6357/
f 6377/6377/ 6376/6376/ 6357/6357/
f 6378/6378/ 6379/6379/ 6380/6380/
f 6381/6381/ 6382/6382/ 6383/6383/
f 6384/6384/ 6385/6385/ 6386/6386/
f 6387/6387/ 6384/6384/ 6386/6386/
f 6388/6388/ 6389/6389/ 6390/6390/
f 6391/6391/ 6388/6388/ 6390/6390/
f 6392/6392/ 6393/6393/ 6394/6394/
f 6395/6395/ 6396/6396/ 6397/6397/
f 6398/6398/ 6395/6395/ 6397/6397/
f 6399/6399/ 6400/6400/ 6401/6401/
f 6402/6402/ 6399/6399/ 6401/6401/
f 6403/6403/ 6404/6404/ 6405/6405/
f 6406/6406/ 6403/6403/ 6405/6405/
f 6407/6407/ 6408/6408/ 6409/6409/
f 6410/6410/ 6407/6407/ 6409/6409/
f 6411/6411/ 6412/6412/ 6413/6413/
f 6414/6414/ 6415/6415/ 6416/6416/
f 6417/6417/ 6418/6418/ 6419/6419/
f 6420/6420/ 6417/6417/ 6419/6419/
f 6421/6421/ 6422/6422/ 6423/6423/
f 6424/6424/ 6421/6421/ 6423/6423/
f 6425/6425/ 6411/6411/ 6426/6426/
f 6427/6427/ 6425/6425/ 6426/6426/
f 6428/6428/ 6429/6429/ 6430/6430/
f 6431/6431/ 6432/6432/ 6433/6433/
f 6434/6434/ 6435/6435/ 6436/6436/
f 6437/6437/ 6438/6438/ 6439/6439/
f 6440/6440/ 6441/6441/ 6442/6442/
f 6443/6443/ 6440/6440/ 6442/6442/
f 6444/6444/ 6445/6445/ 6446/6446/
f 6447/6447/ 6448/6448/ 6449/6449/
f 6450/6450/ 6451/6451/ 6452/6452/
f 6453/6453/ 6450/6450/ 6452/6452/
f 6454/6454/ 6455/6455/ 6456/6456/
f 6439/6439/ 6457/6457/ 6458/6458/
f 6459/6459/ 6460/6460/ 6461/6461/
f 6462/6462/ 6459/6459/ 6461/6461/
f 6463/6463/ 6233/6233/ 6232/6232/
f 6464/6464/ 6465/6465/ 6466/6466/
f 6467/6467/ 6468/6468/ 6469/6469/
f 6470/6470/ 6471/6471/ 6472/6472/
f 6473/6473/ 6474/6474/ 6475/6475/
f 6476/6476/ 6477/6477/ 6478/6478/
f 6479/6479/ 6480/6480/ 6481/6481/
f 6482/6482/ 6479/6479/ 6481/6481/
f 6483/6483/ 6484/6484/ 6485/6485/
f 6486/6486/ 6487/6487/ 6488/6488/
f 6489/6489/ 6490/6490/ 6491/6491/
f 6492/6492/ 6493/6493/ 6494/6494/
f 6486/6486/ 6488/6488/ 6474/6474/
f 6473/6473/ 6486/6486/ 6474/6474/
f 6482/6482/ 6481/6481/ 6495/6495/
f 6493/6493/ 6482/6482/ 6495/6495/
f 6496/6496/ 6475/6475/ 6497/6497/
f 6498/6498/ 6476/6476/ 6499/6499/
f 6500/6500/ 6501/6501/ 6502/6502/
f 6503/6503/ 6504/6504/ 6505/6505/
f 6506/6506/ 6497/6497/ 6507/6507/
f 6500/6500/ 6498/6498/ 6501/6501/
f 6508/6508/ 6509/6509/ 6510/6510/
f 6511/6511/ 6512/6512/ 6513/6513/
f 6514/6514/ 6515/6515/ 6516/6516/
f 6517/6517/ 6480/6480/ 6518/6518/
f 6517/6517/ 6519/6519/ 6520/6520/
f 6508/6508/ 6517/6517/ 6509/6509/
f 6521/6521/ 6510/6510/ 6522/6522/
f 6523/6523/ 6511/6511/ 6524/6524/
f 6525/6525/ 6526/6526/ 6527/6527/
f 6528/6528/ 6529/6529/ 6530/6530/
f 6523/6523/ 6524/6524/ 6531/6531/
f 6525/6525/ 6532/6532/ 6526/6526/
f 6533/6533/ 6534/6534/ 6535/6535/
f 6502/6502/ 6536/6536/ 6535/6535/
f 6537/6537/ 6538/6538/ 6539/6539/
f 6540/6540/ 6537/6537/ 6539/6539/
f 6538/6538/ 6537/6537/ 6541/6541/
f 6536/6536/ 6542/6542/ 6534/6534/
f 6543/6543/ 6544/6544/ 6545/6545/
f 6546/6546/ 6547/6547/ 6548/6548/
f 6549/6549/ 6550/6550/ 6546/6546/
f 6548/6548/ 6549/6549/ 6546/6546/
f 6551/6551/ 6552/6552/ 6528/6528/
f 6530/6530/ 6551/6551/ 6528/6528/
f 6553/6553/ 6554/6554/ 6555/6555/
f 6556/6556/ 6553/6553/ 6555/6555/
f 6554/6554/ 6553/6553/ 6557/6557/
f 6551/6551/ 6558/6558/ 6552/6552/
f 6559/6559/ 6560/6560/ 6561/6561/
f 6562/6562/ 6563/6563/ 6564/6564/
f 6565/6565/ 6566/6566/ 6562/6562/
f 6567/6567/ 6568/6568/ 6569/6569/
f 6550/6550/ 6549/6549/ 6540/6540/
f 6539/6539/ 6550/6550/ 6540/6540/
f 6570/6570/ 6571/6571/ 6572/6572/
f 6573/6573/ 6570/6570/ 6572/6572/
f 6544/6544/ 6543/6543/ 6574/6574/
f 6575/6575/ 6576/6576/ 6577/6577/
f 6578/6578/ 6568/6568/ 6556/6556/
f 6579/6579/ 6580/6580/ 6581/6581/
f 6575/6575/ 6577/6577/ 6582/6582/
f 6570/6570/ 6583/6583/ 6571/6571/
f 6573/6573/ 6572/6572/ 6584/6584/
f 6585/6585/ 6573/6573/ 6584/6584/
f 6586/6586/ 6587/6587/ 6588/6588/
f 6589/6589/ 6590/6590/ 6591/6591/
f 6585/6585/ 6584/6584/ 6592/6592/
f 6586/6586/ 6593/6593/ 6587/6587/
f 6594/6594/ 6595/6595/ 6596/6596/
f 6597/6597/ 6598/6598/ 6599/6599/
f 6560/6560/ 6559/6559/ 6600/6600/
f 6601/6601/ 6560/6560/ 6600/6600/
f 6601/6601/ 6600/6600/ 6602/6602/
f 6594/6594/ 6603/6603/ 6595/6595/
f 6597/6597/ 6599/6599/ 6604/6604/
f 6605/6605/ 6597/6597/ 6604/6604/
f 6606/6606/ 6607/6607/ 6608/6608/
f 6609/6609/ 6610/6610/ 6611/6611/
f 6605/6605/ 6604/6604/ 6612/6612/
f 6613/6613/ 6614/6614/ 6615/6615/
f 6616/6616/ 6617/6617/ 6618/6618/
f 6619/6619/ 6620/6620/ 6621/6621/
f 6589/6589/ 6591/6591/ 6622/6622/
f 6623/6623/ 6589/6589/ 6622/6622/
f 6623/6623/ 6622/6622/ 6624/6624/
f 6625/6625/ 6626/6626/ 6627/6627/
f 6628/6628/ 6629/6629/ 6630/6630/
f 6631/6631/ 6619/6619/ 6632/6632/
f 6633/6633/ 6634/6634/ 6635/6635/
f 6636/6636/ 6633/6633/ 6635/6635/
f 6637/6637/ 6630/6630/ 6634/6634/
f 6633/6633/ 6637/6637/ 6634/6634/
f 6638/6638/ 6639/6639/ 6640/6640/
f 6641/6641/ 6638/6638/ 6640/6640/
f 6642/6642/ 6643/6643/ 6644/6644/
f 6645/6645/ 6646/6646/ 6647/6647/
f 6648/6648/ 6642/6642/ 6649/6649/
f 6650/6650/ 6651/6651/ 6652/6652/
f 6653/6653/ 6487/6487/ 6654/6654/
f 6655/6655/ 6653/6653/ 6654/6654/
f 6656/6656/ 6657/6657/ 6655/6655/
f 6654/6654/ 6656/6656/ 6655/6655/
f 6658/6658/ 6659/6659/ 6636/6636/
f 6635/6635/ 6658/6658/ 6636/6636/
f 6660/6660/ 6661/6661/ 6492/6492/
f 6491/6491/ 6662/6662/ 6663/6663/
f 6664/6664/ 6662/6662/ 6665/6665/
f 6658/6658/ 6661/6661/ 6659/6659/
f 6666/6666/ 6667/6667/ 6668/6668/
f 6647/6647/ 6657/6657/ 6645/6645/
f 6669/6669/ 6670/6670/ 6658/6658/
f 6635/6635/ 6669/6669/ 6658/6658/
f 6671/6671/ 6666/6666/ 6672/6672/
f 6673/6673/ 6655/6655/ 6674/6674/
f 6492/6492/ 6661/6661/ 6675/6675/
f 6676/6676/ 6492/6492/ 6675/6675/
f 6677/6677/ 6678/6678/ 6650/6650/
f 6641/6641/ 6679/6679/ 6638/6638/
f 6680/6680/ 6681/6681/ 6515/6515/
f 6682/6682/ 6680/6680/ 6515/6515/
f 6522/6522/ 6510/6510/ 6683/6683/
f 6684/6684/ 6522/6522/ 6683/6683/
f 6685/6685/ 6672/6672/ 6666/6666/
f 6647/6647/ 6686/6686/ 6657/6657/
f 6670/6670/ 6675/6675/ 6661/6661/
f 6658/6658/ 6670/6670/ 6661/6661/
f 6687/6687/ 6680/6680/ 6682/6682/
f 6493/6493/ 6688/6688/ 6482/6482/
f 6647/6647/ 6689/6689/ 6690/6690/
f 6686/6686/ 6647/6647/ 6690/6690/
f 6673/6673/ 6691/6691/ 6653/6653/
f 6671/6671/ 6692/6692/ 6484/6484/
f 6676/6676/ 6688/6688/ 6493/6493/
f 6492/6492/ 6676/6676/ 6493/6493/
f 6497/6497/ 6475/6475/ 6693/6693/
f 6694/6694/ 6499/6499/ 6695/6695/
f 6696/6696/ 6697/6697/ 6698/6698/
f 6650/6650/ 6678/6678/ 6651/6651/
f 6634/6634/ 6630/6630/ 6699/6699/
f 6700/6700/ 6634/6634/ 6699/6699/
f 6630/6630/ 6629/6629/ 6701/6701/
f 6699/6699/ 6630/6630/ 6701/6701/
f 6635/6635/ 6634/6634/ 6700/6700/
f 6669/6669/ 6635/6635/ 6700/6700/
f 6622/6622/ 6591/6591/ 6702/6702/
f 6703/6703/ 6622/6622/ 6702/6702/
f 6612/6612/ 6604/6604/ 6704/6704/
f 6705/6705/ 6612/6612/ 6704/6704/
f 6629/6629/ 6624/6624/ 6706/6706/
f 6701/6701/ 6629/6629/ 6706/6706/
f 6707/6707/ 6708/6708/ 6709/6709/
f 6704/6704/ 6604/6604/ 6710/6710/
f 6624/6624/ 6622/6622/ 6703/6703/
f 6706/6706/ 6624/6624/ 6703/6703/
f 6641/6641/ 6612/6612/ 6705/6705/
f 6679/6679/ 6641/6641/ 6705/6705/
f 6711/6711/ 6712/6712/ 6713/6713/
f 6714/6714/ 6600/6600/ 6715/6715/
f 6599/6599/ 6716/6716/ 6717/6717/
f 6718/6718/ 6719/6719/ 6720/6720/
f 6584/6584/ 6572/6572/ 6721/6721/
f 6722/6722/ 6584/6584/ 6721/6721/
f 6723/6723/ 6724/6724/ 6725/6725/
f 6726/6726/ 6592/6592/ 6722/6722/
f 6602/6602/ 6600/6600/ 6714/6714/
f 6717/6717/ 6716/6716/ 6727/6727/
f 6591/6591/ 6592/6592/ 6726/6726/
f 6702/6702/ 6591/6591/ 6726/6726/
f 6728/6728/ 6547/6547/ 6729/6729/
f 6730/6730/ 6728/6728/ 6729/6729/
f 6572/6572/ 6571/6571/ 6731/6731/
f 6721/6721/ 6572/6572/ 6731/6731/
f 6732/6732/ 6733/6733/ 6734/6734/
f 6731/6731/ 6571/6571/ 6730/6730/
f 6569/6569/ 6578/6578/ 6735/6735/
f 6736/6736/ 6569/6569/ 6735/6735/
f 6737/6737/ 6738/6738/ 6739/6739/
f 6527/6527/ 6737/6737/ 6739/6739/
f 6740/6740/ 6735/6735/ 6578/6578/
f 6555/6555/ 6740/6740/ 6578/6578/
f 6546/6546/ 6550/6550/ 6741/6741/
f 6742/6742/ 6546/6546/ 6741/6741/
f 6743/6743/ 6558/6558/ 6744/6744/
f 6745/6745/ 6743/6743/ 6744/6744/
f 6746/6746/ 6747/6747/ 6536/6536/
f 6505/6505/ 6748/6748/ 6749/6749/
f 6750/6750/ 6751/6751/ 6563/6563/
f 6569/6569/ 6736/6736/ 6712/6712/
f 6752/6752/ 6741/6741/ 6550/6550/
f 6539/6539/ 6752/6752/ 6550/6550/
f 6738/6738/ 6753/6753/ 6554/6554/
f 6739/6739/ 6738/6738/ 6554/6554/
f 6539/6539/ 6538/6538/ 6754/6754/
f 6752/6752/ 6539/6539/ 6754/6754/
f 6742/6742/ 6729/6729/ 6547/6547/
f 6546/6546/ 6742/6742/ 6547/6547/
f 6755/6755/ 6754/6754/ 6538/6538/
f 6536/6536/ 6747/6747/ 6542/6542/
f 6526/6526/ 6522/6522/ 6684/6684/
f 6756/6756/ 6531/6531/ 6757/6757/
f 6530/6530/ 6531/6531/ 6756/6756/
f 6737/6737/ 6527/6527/ 6758/6758/
f 6516/6516/ 6515/6515/ 6681/6681/
f 6759/6759/ 6516/6516/ 6681/6681/
f 6501/6501/ 6499/6499/ 6694/6694/
f 6760/6760/ 6507/6507/ 6761/6761/
f 6510/6510/ 6509/6509/ 6762/6762/
f 6763/6763/ 6513/6513/ 6764/6764/
f 6765/6765/ 6516/6516/ 6759/6759/
f 6762/6762/ 6509/6509/ 6766/6766/
f 6505/6505/ 6507/6507/ 6760/6760/
f 6748/6748/ 6505/6505/ 6760/6760/
f 6488/6488/ 6653/6653/ 6691/6691/
f 6767/6767/ 6485/6485/ 6768/6768/
f 6475/6475/ 6474/6474/ 6769/6769/
f 6693/6693/ 6475/6475/ 6769/6769/
f 6770/6770/ 6485/6485/ 6767/6767/
f 6771/6771/ 6770/6770/ 6767/6767/
f 6772/6772/ 6773/6773/ 6774/6774/
f 6775/6775/ 6776/6776/ 6777/6777/
f 6778/6778/ 6775/6775/ 6777/6777/
f 6779/6779/ 6780/6780/ 6781/6781/
f 6782/6782/ 6779/6779/ 6781/6781/
f 6783/6783/ 6784/6784/ 6785/6785/
f 6786/6786/ 6783/6783/ 6785/6785/
f 6787/6787/ 6788/6788/ 6789/6789/
f 6790/6790/ 6787/6787/ 6789/6789/
f 6791/6791/ 6792/6792/ 6793/6793/
f 6794/6794/ 6791/6791/ 6793/6793/
f 6795/6795/ 6796/6796/ 6780/6780/
f 6779/6779/ 6795/6795/ 6780/6780/
f 6784/6784/ 6783/6783/ 6790/6790/
f 6789/6789/ 6784/6784/ 6790/6790/
f 6797/6797/ 6798/6798/ 6799/6799/
f 6800/6800/ 6797/6797/ 6799/6799/
f 6801/6801/ 6802/6802/ 6794/6794/
f 6793/6793/ 6801/6801/ 6794/6794/
f 6802/6802/ 6801/6801/ 6803/6803/
f 6804/6804/ 6802/6802/ 6803/6803/
f 6805/6805/ 6806/6806/ 6792/6792/
f 6791/6791/ 6805/6805/ 6792/6792/
f 6798/6798/ 6797/6797/ 6804/6804/
f 6803/6803/ 6798/6798/ 6804/6804/
f 6807/6807/ 6808/6808/ 6809/6809/
f 6810/6810/ 6807/6807/ 6809/6809/
f 6811/6811/ 6812/6812/ 6808/6808/
f 6807/6807/ 6811/6811/ 6808/6808/
f 6810/6810/ 6809/6809/ 6786/6786/
f 6785/6785/ 6810/6810/ 6786/6786/
f 6813/6813/ 6814/6814/ 6815/6815/
f 6816/6816/ 6813/6813/ 6815/6815/
f 6817/6817/ 6818/6818/ 6819/6819/
f 6820/6820/ 6817/6817/ 6819/6819/
f 6821/6821/ 6822/6822/ 6823/6823/
f 6824/6824/ 6821/6821/ 6823/6823/
f 6816/6816/ 6815/6815/ 6818/6818/
f 6817/6817/ 6816/6816/ 6818/6818/
f 6825/6825/ 6826/6826/ 6822/6822/
f 6821/6821/ 6825/6825/ 6822/6822/
f 6824/6824/ 6823/6823/ 6800/6800/
f 6799/6799/ 6824/6824/ 6800/6800/
f 6827/6827/ 6828/6828/ 6829/6829/
f 6830/6830/ 6827/6827/ 6829/6829/
f 6831/6831/ 6832/6832/ 6826/6826/
f 6825/6825/ 6831/6831/ 6826/6826/
f 6833/6833/ 6834/6834/ 6835/6835/
f 6836/6836/ 6833/6833/ 6835/6835/
f 6837/6837/ 6838/6838/ 6839/6839/
f 6840/6840/ 6837/6837/ 6839/6839/
f 6841/6841/ 6842/6842/ 6836/6836/
f 6835/6835/ 6841/6841/ 6836/6836/
f 6842/6842/ 6841/6841/ 6843/6843/
f 6844/6844/ 6842/6842/ 6843/6843/
f 6814/6814/ 6813/6813/ 6834/6834/
f 6833/6833/ 6814/6814/ 6834/6834/
f 6838/6838/ 6837/6837/ 6844/6844/
f 6843/6843/ 6838/6838/ 6844/6844/
f 6830/6830/ 6829/6829/ 6832/6832/
f 6831/6831/ 6830/6830/ 6832/6832/
f 6845/6845/ 6846/6846/ 6847/6847/
f 6848/6848/ 6845/6845/ 6847/6847/
f 6849/6849/ 6850/6850/ 6851/6851/
f 6852/6852/ 6849/6849/ 6851/6851/
f 6853/6853/ 6854/6854/ 6855/6855/
f 6856/6856/ 6853/6853/ 6855/6855/
f 6857/6857/ 6858/6858/ 6850/6850/
f 6849/6849/ 6857/6857/ 6850/6850/
f 6852/6852/ 6851/6851/ 6840/6840/
f 6839/6839/ 6852/6852/ 6840/6840/
f 6859/6859/ 6860/6860/ 6861/6861/
f 6862/6862/ 6859/6859/ 6861/6861/
f 6846/6846/ 6845/6845/ 6856/6856/
f 6855/6855/ 6846/6846/ 6856/6856/
f 6860/6860/ 6859/6859/ 6863/6863/
f 6864/6864/ 6860/6860/ 6863/6863/
f 6865/6865/ 6866/6866/ 6867/6867/
f 6868/6868/ 6865/6865/ 6867/6867/
f 6869/6869/ 6870/6870/ 6858/6858/
f 6857/6857/ 6869/6869/ 6858/6858/
f 6871/6871/ 6872/6872/ 6866/6866/
f 6865/6865/ 6871/6871/ 6866/6866/
f 6864/6864/ 6863/6863/ 6870/6870/
f 6869/6869/ 6864/6864/ 6870/6870/
f 6868/6868/ 6867/6867/ 6828/6828/
f 6827/6827/ 6868/6868/ 6828/6828/
f 6873/6873/ 6874/6874/ 6778/6778/
f 6777/6777/ 6873/6873/ 6778/6778/
f 6875/6875/ 6876/6876/ 6854/6854/
f 6853/6853/ 6875/6875/ 6854/6854/
f 6876/6876/ 6875/6875/ 6862/6862/
f 6861/6861/ 6876/6876/ 6862/6862/
f 6796/6796/ 6795/6795/ 6877/6877/
f 6878/6878/ 6796/6796/ 6877/6877/
f 6879/6879/ 6880/6880/ 6872/6872/
f 6871/6871/ 6879/6879/ 6872/6872/
f 6881/6881/ 6882/6882/ 6883/6883/
f 6884/6884/ 6881/6881/ 6883/6883/
f 6878/6878/ 6877/6877/ 6880/6880/
f 6879/6879/ 6878/6878/ 6880/6880/
f 6776/6776/ 6775/6775/ 6806/6806/
f 6805/6805/ 6776/6776/ 6806/6806/
f 6874/6874/ 6873/6873/ 6882/6882/
f 6881/6881/ 6874/6874/ 6882/6882/
f 6884/6884/ 6883/6883/ 6848/6848/
f 6847/6847/ 6884/6884/ 6848/6848/
f 6782/6782/ 6781/6781/ 6788/6788/
f 6787/6787/ 6782/6782/ 6788/6788/
f 6885/6885/ 6886/6886/ 6887/6887/
f 6888/6888/ 6885/6885/ 6887/6887/
f 6889/6889/ 6890/6890/ 6891/6891/
f 6892/6892/ 6889/6889/ 6891/6891/
f 6889/6889/ 6893/6893/ 6894/6894/
f 6890/6890/ 6889/6889/ 6894/6894/
f 6895/6895/ 6896/6896/ 6897/6897/
f 6898/6898/ 6895/6895/ 6897/6897/
f 6899/6899/ 6888/6888/ 6887/6887/
f 6900/6900/ 6899/6899/ 6887/6887/
f 6901/6901/ 6902/6902/ 6903/6903/
f 6904/6904/ 6901/6901/ 6903/6903/
f 6905/6905/ 6906/6906/ 6886/6886/
f 6885/6885/ 6905/6905/ 6886/6886/
f 6907/6907/ 6908/6908/ 6903/6903/
f 6902/6902/ 6907/6907/ 6903/6903/
f 6893/6893/ 6909/6909/ 6910/6910/
f 6894/6894/ 6893/6893/ 6910/6910/
f 6911/6911/ 6899/6899/ 6900/6900/
f 6912/6912/ 6911/6911/ 6900/6900/
f 6895/6895/ 6911/6911/ 6912/6912/
f 6896/6896/ 6895/6895/ 6912/6912/
f 6913/6913/ 6914/6914/ 6915/6915/
f 6916/6916/ 6913/6913/ 6915/6915/
f 6898/6898/ 6897/6897/ 6917/6917/
f 6918/6918/ 6898/6898/ 6917/6917/
f 6907/6907/ 6892/6892/ 6891/6891/
f 6908/6908/ 6907/6907/ 6891/6891/
f 6918/6918/ 6917/6917/ 6914/6914/
f 6913/6913/ 6918/6918/ 6914/6914/
f 6916/6916/ 6915/6915/ 6919/6919/
f 6920/6920/ 6916/6916/ 6919/6919/
f 6921/6921/ 6922/6922/ 6923/6923/
f 6924/6924/ 6921/6921/ 6923/6923/
f 6920/6920/ 6919/6919/ 6922/6922/
f 6921/6921/ 6920/6920/ 6922/6922/
f 6925/6925/ 6926/6926/ 6927/6927/
f 6928/6928/ 6925/6925/ 6927/6927/
f 6901/6901/ 6904/6904/ 6929/6929/
f 6930/6930/ 6901/6901/ 6929/6929/
f 6930/6930/ 6929/6929/ 6926/6926/
f 6925/6925/ 6930/6930/ 6926/6926/
f 6931/6931/ 6932/6932/ 6933/6933/
f 6934/6934/ 6931/6931/ 6933/6933/
f 6935/6935/ 6936/6936/ 6937/6937/
f 6938/6938/ 6935/6935/ 6937/6937/
f 6934/6934/ 6933/6933/ 6936/6936/
f 6935/6935/ 6934/6934/ 6936/6936/
f 6939/6939/ 6924/6924/ 6923/6923/
f 6940/6940/ 6939/6939/ 6923/6923/
f 6941/6941/ 6942/6942/ 6943/6943/
f 6944/6944/ 6941/6941/ 6943/6943/
f 6941/6941/ 6939/6939/ 6940/6940/
f 6942/6942/ 6941/6941/ 6940/6940/
f 6945/6945/ 6946/6946/ 6947/6947/
f 6948/6948/ 6945/6945/ 6947/6947/
f 6949/6949/ 6950/6950/ 6947/6947/
f 6946/6946/ 6949/6949/ 6947/6947/
f 6951/6951/ 6938/6938/ 6937/6937/
f 6952/6952/ 6951/6951/ 6937/6937/
f 6953/6953/ 6954/6954/ 6955/6955/
f 6956/6956/ 6953/6953/ 6955/6955/
f 6953/6953/ 6951/6951/ 6952/6952/
f 6954/6954/ 6953/6953/ 6952/6952/
f 6957/6957/ 6958/6958/ 6959/6959/
f 6960/6960/ 6957/6957/ 6959/6959/
f 6961/6961/ 6962/6962/ 6959/6959/
f 6958/6958/ 6961/6961/ 6959/6959/
f 6949/6949/ 6944/6944/ 6943/6943/
f 6950/6950/ 6949/6949/ 6943/6943/
f 6963/6963/ 6964/6964/ 6965/6965/
f 6966/6966/ 6963/6963/ 6965/6965/
f 6945/6945/ 6948/6948/ 6967/6967/
f 6968/6968/ 6945/6945/ 6967/6967/
f 6961/6961/ 6956/6956/ 6955/6955/
f 6962/6962/ 6961/6961/ 6955/6955/
f 6968/6968/ 6967/6967/ 6964/6964/
f 6963/6963/ 6968/6968/ 6964/6964/
f 6966/6966/ 6965/6965/ 6969/6969/
f 6970/6970/ 6966/6966/ 6969/6969/
f 6971/6971/ 6972/6972/ 6973/6973/
f 6974/6974/ 6971/6971/ 6973/6973/
f 6970/6970/ 6969/6969/ 6972/6972/
f 6971/6971/ 6970/6970/ 6972/6972/
f 6975/6975/ 6976/6976/ 6977/6977/
f 6978/6978/ 6975/6975/ 6977/6977/
f 6957/6957/ 6960/6960/ 6979/6979/
f 6980/6980/ 6957/6957/ 6979/6979/
f 6980/6980/ 6979/6979/ 6976/6976/
f 6975/6975/ 6980/6980/ 6976/6976/
f 6978/6978/ 6977/6977/ 6981/6981/
f 6982/6982/ 6978/6978/ 6981/6981/
f 6983/6983/ 6984/6984/ 6906/6906/
f 6905/6905/ 6983/6983/ 6906/6906/
f 6982/6982/ 6981/6981/ 6984/6984/
f 6983/6983/ 6982/6982/ 6984/6984/
f 6985/6985/ 6986/6986/ 6987/6987/
f 6988/6988/ 6985/6985/ 6987/6987/
f 6974/6974/ 6973/6973/ 6989/6989/
f 6990/6990/ 6974/6974/ 6989/6989/
f 6990/6990/ 6989/6989/ 6986/6986/
f 6985/6985/ 6990/6990/ 6986/6986/
f 6988/6988/ 6987/6987/ 6991/6991/
f 6992/6992/ 6988/6988/ 6991/6991/
f 6993/6993/ 6994/6994/ 6910/6910/
f 6909/6909/ 6993/6993/ 6910/6910/
f 6992/6992/ 6991/6991/ 6994/6994/
f 6993/6993/ 6992/6992/ 6994/6994/
f 6886/6886/ 6906/6906/ 6995/6995/
f 6996/6996/ 6886/6886/ 6995/6995/
f 6891/6891/ 6890/6890/ 6997/6997/
f 6998/6998/ 6891/6891/ 6997/6997/
f 6999/6999/ 7000/7000/ 6896/6896/
f 6912/6912/ 6999/6999/ 6896/6896/
f 6994/6994/ 6991/6991/ 7001/7001/
f 7002/7002/ 6994/6994/ 7001/7001/
f 6897/6897/ 6896/6896/ 7000/7000/
f 7003/7003/ 6897/6897/ 7000/7000/
f 6991/6991/ 6987/6987/ 7004/7004/
f 7001/7001/ 6991/6991/ 7004/7004/
f 7005/7005/ 6999/6999/ 6912/6912/
f 6900/6900/ 7005/7005/ 6912/6912/
f 6910/6910/ 6994/6994/ 7002/7002/
f 7006/7006/ 6910/6910/ 7002/7002/
f 6887/6887/ 6886/6886/ 6996/6996/
f 7007/7007/ 6887/6887/ 6996/6996/
f 7007/7007/ 7005/7005/ 6900/6900/
f 6887/6887/ 7007/7007/ 6900/6900/
f 6989/6989/ 6973/6973/ 7008/7008/
f 7009/7009/ 6989/6989/ 7008/7008/
f 6984/6984/ 6981/6981/ 7010/7010/
f 7011/7011/ 6984/6984/ 7010/7010/
f 6987/6987/ 6986/6986/ 7012/7012/
f 7004/7004/ 6987/6987/ 7012/7012/
f 6981/6981/ 6977/6977/ 7013/7013/
f 7010/7010/ 6981/6981/ 7013/7013/
f 6986/6986/ 6989/6989/ 7009/7009/
f 7012/7012/ 6986/6986/ 7009/7009/
f 6906/6906/ 6984/6984/ 7011/7011/
f 6995/6995/ 6906/6906/ 7011/7011/
f 6979/6979/ 6960/6960/ 7014/7014/
f 7015/7015/ 6979/6979/ 7014/7014/
f 6977/6977/ 6976/6976/ 7016/7016/
f 7013/7013/ 6977/6977/ 7016/7016/
f 6969/6969/ 6965/6965/ 7017/7017/
f 7018/7018/ 6969/6969/ 7017/7017/
f 6972/6972/ 6969/6969/ 7018/7018/
f 7019/7019/ 6972/6972/ 7018/7018/
f 6976/6976/ 6979/6979/ 7015/7015/
f 7016/7016/ 6976/6976/ 7015/7015/
f 6973/6973/ 6972/6972/ 7019/7019/
f 7008/7008/ 6973/6973/ 7019/7019/
f 6967/6967/ 6948/6948/ 7020/7020/
f 7021/7021/ 6967/6967/ 7020/7020/
f 6965/6965/ 6964/6964/ 7022/7022/
f 7017/7017/ 6965/6965/ 7022/7022/
f 6964/6964/ 6967/6967/ 7021/7021/
f 7022/7022/ 6964/6964/ 7021/7021/
f 6959/6959/ 6962/6962/ 7023/7023/
f 7024/7024/ 6959/6959/ 7023/7023/
f 7025/7025/ 7026/7026/ 6952/6952/
f 6937/6937/ 7025/7025/ 6952/6952/
f 7027/7027/ 7023/7023/ 6962/6962/
f 6955/6955/ 7027/7027/ 6962/6962/
f 6947/6947/ 6950/6950/ 7028/7028/
f 7029/7029/ 6947/6947/ 7028/7028/
f 6955/6955/ 6954/6954/ 7030/7030/
f 7027/7027/ 6955/6955/ 7030/7030/
f 7031/7031/ 7032/7032/ 6940/6940/
f 6923/6923/ 7031/7031/ 6940/6940/
f 7024/7024/ 7014/7014/ 6960/6960/
f 6959/6959/ 7024/7024/ 6960/6960/
f 7033/7033/ 7028/7028/ 6950/6950/
f 6943/6943/ 7033/7033/ 6950/6950/
f 7026/7026/ 7030/7030/ 6954/6954/
f 6952/6952/ 7026/7026/ 6954/6954/
f 6943/6943/ 6942/6942/ 7034/7034/
f 7033/7033/ 6943/6943/ 7034/7034/
f 7029/7029/ 7020/7020/ 6948/6948/
f 6947/6947/ 7029/7029/ 6948/6948/
f 7032/7032/ 7034/7034/ 6942/6942/
f 6940/6940/ 7032/7032/ 6942/6942/
f 6936/6936/ 6933/6933/ 7035/7035/
f 7036/7036/ 6936/6936/ 7035/7035/
f 6933/6933/ 6932/6932/ 7037/7037/
f 7035/7035/ 6933/6933/ 7037/7037/
f 6937/6937/ 6936/6936/ 7036/7036/
f 7025/7025/ 6937/6937/ 7036/7036/
f 6929/6929/ 6904/6904/ 7038/7038/
f 7039/7039/ 6929/6929/ 7038/7038/
f 6922/6922/ 6919/6919/ 7040/7040/
f 7041/7041/ 6922/6922/ 7040/7040/
f 6927/6927/ 6926/6926/ 7042/7042/
f 7043/7043/ 6927/6927/ 7042/7042/
f 6919/6919/ 6915/6915/ 7044/7044/
f 7040/7040/ 6919/6919/ 7044/7044/
f 6926/6926/ 6929/6929/ 7039/7039/
f 7042/7042/ 6926/6926/ 7039/7039/
f 6923/6923/ 6922/6922/ 7041/7041/
f 7031/7031/ 6923/6923/ 7041/7041/
f 6917/6917/ 6897/6897/ 7003/7003/
f 7045/7045/ 6917/6917/ 7003/7003/
f 6915/6915/ 6914/6914/ 7046/7046/
f 7044/7044/ 6915/6915/ 7046/7046/
f 6914/6914/ 6917/6917/ 7045/7045/
f 7046/7046/ 6914/6914/ 7045/7045/
f 6903/6903/ 6908/6908/ 7047/7047/
f 7048/7048/ 6903/6903/ 7047/7047/
f 7006/7006/ 7049/7049/ 6894/6894/
f 6910/6910/ 7006/7006/ 6894/6894/
f 6998/6998/ 7047/7047/ 6908/6908/
f 6891/6891/ 6998/6998/ 6908/6908/
f 7048/7048/ 7038/7038/ 6904/6904/
f 6903/6903/ 7048/7048/ 6904/6904/
f 7049/7049/ 6997/6997/ 6890/6890/
f 6894/6894/ 7049/7049/ 6890/6890/
f 7050/7050/ 7051/7051/ 7052/7052/
f 7053/7053/ 7054/7054/ 7052/7052/
f 7055/7055/ 7056/7056/ 7052/7052/
f 7051/7051/ 7055/7055/ 7052/7052/
f 7054/7054/ 7057/7057/ 7052/7052/
f 7058/7058/ 7059/7059/ 7052/7052/
f 7060/7060/ 7061/7061/ 7052/7052/
f 7057/7057/ 7060/7060/ 7052/7052/
f 7062/7062/ 7063/7063/ 7052/7052/
f 7064/7064/ 7065/7065/ 7052/7052/
f 7066/7066/ 7067/7067/ 7052/7052/
f 7063/7063/ 7066/7066/ 7052/7052/
f 7065/7065/ 7068/7068/ 7052/7052/
f 7069/7069/ 7050/7050/ 7052/7052/
f 7070/7070/ 7071/7071/ 7052/7052/
f 7068/7068/ 7070/7070/ 7052/7052/
f 7059/7059/ 7072/7072/ 7052/7052/
f 7073/7073/ 7074/7074/ 7052/7052/
f 7075/7075/ 7076/7076/ 7052/7052/
f 7072/7072/ 7075/7075/ 7052/7052/
f 7074/7074/ 7077/7077/ 7052/7052/
f 7078/7078/ 7062/7062/ 7052/7052/
f 7079/7079/ 7080/7080/ 7052/7052/
f 7077/7077/ 7079/7079/ 7052/7052/
f 7080/7080/ 7078/7078/ 7052/7052/
f 7067/7067/ 7064/7064/ 7052/7052/
f 7071/7071/ 7069/7069/ 7052/7052/
f 7056/7056/ 7053/7053/ 7052/7052/
f 7061/7061/ 7058/7058/ 7052/7052/
f 7076/7076/ 7073/7073/ 7052/7052/
f 7081/7081/ 7082/7082/ 7083/7083/
f 7084/7084/ 7081/7081/ 7083/7083/
f 7081/7081/ 7084/7084/ 7085/7085/
f 7086/7086/ 7081/7081/ 7085/7085/
f 7087/7087/ 7086/7086/ 7085/7085/
f 7088/7088/ 7087/7087/ 7085/7085/
f 7089/7089/ 7090/7090/ 7091/7091/
f 7092/7092/ 7089/7089/ 7091/7091/
f 7089/7089/ 7092/7092/ 7093/7093/
f 7094/7094/ 7089/7089/ 7093/7093/
f 7094/7094/ 7093/7093/ 7095/7095/
f 7096/7096/ 7094/7094/ 7095/7095/
f 7097/7097/ 7098/7098/ 7099/7099/
f 7100/7100/ 7097/7097/ 7099/7099/
f 7101/7101/ 7099/7099/ 7098/7098/
f 7102/7102/ 7101/7101/ 7098/7098/
f 7103/7103/ 7101/7101/ 7102/7102/
f 7104/7104/ 7103/7103/ 7102/7102/
f 7105/7105/ 7106/7106/ 7107/7107/
f 7108/7108/ 7105/7105/ 7107/7107/
f 7109/7109/ 7108/7108/ 7107/7107/
f 7110/7110/ 7109/7109/ 7107/7107/
f 7111/7111/ 7112/7112/ 7113/7113/
f 7114/7114/ 7111/7111/ 7113/7113/
f 7114/7114/ 7113/7113/ 7115/7115/
f 7116/7116/ 7114/7114/ 7115/7115/
f 7116/7116/ 7115/7115/ 7117/7117/
f 7118/7118/ 7116/7116/ 7117/7117/
f 7119/7119/ 7120/7120/ 7121/7121/
f 7122/7122/ 7119/7119/ 7121/7121/
f 7082/7082/ 7122/7122/ 7121/7121/
f 7083/7083/ 7082/7082/ 7121/7121/
f 7123/7123/ 7124/7124/ 7125/7125/
f 7126/7126/ 7123/7123/ 7125/7125/
f 7127/7127/ 7126/7126/ 7125/7125/
f 7128/7128/ 7127/7127/ 7125/7125/
f 7129/7129/ 7127/7127/ 7128/7128/
f 7130/7130/ 7129/7129/ 7128/7128/
f 7131/7131/ 7132/7132/ 7133/7133/
f 7134/7134/ 7131/7131/ 7133/7133/
f 7134/7134/ 7133/7133/ 7135/7135/
f 7136/7136/ 7134/7134/ 7135/7135/
f 7136/7136/ 7135/7135/ 7137/7137/
f 7138/7138/ 7136/7136/ 7137/7137/
f 7139/7139/ 7138/7138/ 7137/7137/
f 7140/7140/ 7139/7139/ 7137/7137/
f 7141/7141/ 7139/7139/ 7140/7140/
f 7142/7142/ 7141/7141/ 7140/7140/
f 7143/7143/ 7141/7141/ 7142/7142/
f 7144/7144/ 7143/7143/ 7142/7142/
f 7145/7145/ 7146/7146/ 7147/7147/
f 7148/7148/ 7145/7145/ 7147/7147/
f 7145/7145/ 7148/7148/ 7149/7149/
f 7150/7150/ 7145/7145/ 7149/7149/
f 7150/7150/ 7149/7149/ 7151/7151/
f 7152/7152/ 7150/7150/ 7151/7151/
f 7153/7153/ 7152/7152/ 7151/7151/
f 7154/7154/ 7153/7153/ 7151/7151/
f 7155/7155/ 7153/7153/ 7154/7154/
f 7156/7156/ 7155/7155/ 7154/7154/
f 7157/7157/ 7158/7158/ 7159/7159/
f 7160/7160/ 7157/7157/ 7159/7159/
f 7160/7160/ 7159/7159/ 7124/7124/
f 7123/7123/ 7160/7160/ 7124/7124/
f 7161/7161/ 7162/7162/ 7082/7082/
f 7081/7081/ 7161/7161/ 7082/7082/
f 7161/7161/ 7081/7081/ 7086/7086/
f 7163/7163/ 7161/7161/ 7086/7086/
f 7164/7164/ 7163/7163/ 7086/7086/
f 7087/7087/ 7164/7164/ 7086/7086/
f 7165/7165/ 7166/7166/ 7090/7090/
f 7089/7089/ 7165/7165/ 7090/7090/
f 7167/7167/ 7165/7165/ 7089/7089/
f 7094/7094/ 7167/7167/ 7089/7089/
f 7168/7168/ 7167/7167/ 7094/7094/
f 7096/7096/ 7168/7168/ 7094/7094/
f 7169/7169/ 7100/7100/ 7099/7099/
f 7170/7170/ 7169/7169/ 7099/7099/
f 7170/7170/ 7099/7099/ 7101/7101/
f 7171/7171/ 7170/7170/ 7101/7101/
f 7171/7171/ 7101/7101/ 7103/7103/
f 7172/7172/ 7171/7171/ 7103/7103/
f 7173/7173/ 7105/7105/ 7108/7108/
f 7174/7174/ 7173/7173/ 7108/7108/
f 7175/7175/ 7174/7174/ 7108/7108/
f 7109/7109/ 7175/7175/ 7108/7108/
f 7176/7176/ 7111/7111/ 7114/7114/
f 7177/7177/ 7176/7176/ 7114/7114/
f 7177/7177/ 7114/7114/ 7116/7116/
f 7178/7178/ 7177/7177/ 7116/7116/
f 7178/7178/ 7116/7116/ 7118/7118/
f 7179/7179/ 7178/7178/ 7118/7118/
f 7180/7180/ 7119/7119/ 7122/7122/
f 7181/7181/ 7180/7180/ 7122/7122/
f 7162/7162/ 7181/7181/ 7122/7122/
f 7082/7082/ 7162/7162/ 7122/7122/
f 7159/7159/ 7182/7182/ 7183/7183/
f 7124/7124/ 7159/7159/ 7183/7183/
f 7158/7158/ 7184/7184/ 7182/7182/
f 7159/7159/ 7158/7158/ 7182/7182/
f 7156/7156/ 7154/7154/ 7185/7185/
f 7186/7186/ 7156/7156/ 7185/7185/
f 7154/7154/ 7151/7151/ 7187/7187/
f 7185/7185/ 7154/7154/ 7187/7187/
f 7149/7149/ 7188/7188/ 7187/7187/
f 7151/7151/ 7149/7149/ 7187/7187/
f 7149/7149/ 7148/7148/ 7189/7189/
f 7188/7188/ 7149/7149/ 7189/7189/
f 7148/7148/ 7147/7147/ 7190/7190/
f 7189/7189/ 7148/7148/ 7190/7190/
f 7132/7132/ 7191/7191/ 7192/7192/
f 7133/7133/ 7132/7132/ 7192/7192/
f 7130/7130/ 7128/7128/ 7193/7193/
f 7194/7194/ 7130/7130/ 7193/7193/
f 7128/7128/ 7125/7125/ 7195/7195/
f 7193/7193/ 7128/7128/ 7195/7195/
f 7124/7124/ 7183/7183/ 7195/7195/
f 7125/7125/ 7124/7124/ 7195/7195/
f 7183/7183/ 7182/7182/ 7196/7196/
f 7197/7197/ 7183/7183/ 7196/7196/
f 7182/7182/ 7184/7184/ 7198/7198/
f 7196/7196/ 7182/7182/ 7198/7198/
f 7185/7185/ 7199/7199/ 7200/7200/
f 7186/7186/ 7185/7185/ 7200/7200/
f 7185/7185/ 7187/7187/ 7201/7201/
f 7199/7199/ 7185/7185/ 7201/7201/
f 7187/7187/ 7188/7188/ 7202/7202/
f 7201/7201/ 7187/7187/ 7202/7202/
f 7189/7189/ 7203/7203/ 7202/7202/
f 7188/7188/ 7189/7189/ 7202/7202/
f 7189/7189/ 7190/7190/ 7204/7204/
f 7203/7203/ 7189/7189/ 7204/7204/
f 7192/7192/ 7191/7191/ 7205/7205/
f 7206/7206/ 7192/7192/ 7205/7205/
f 7194/7194/ 7193/7193/ 7207/7207/
f 7208/7208/ 7194/7194/ 7207/7207/
f 7193/7193/ 7195/7195/ 7209/7209/
f 7207/7207/ 7193/7193/ 7209/7209/
f 7183/7183/ 7197/7197/ 7209/7209/
f 7195/7195/ 7183/7183/ 7209/7209/
f 7198/7198/ 7210/7210/ 7211/7211/
f 7196/7196/ 7198/7198/ 7211/7211/
f 7200/7200/ 7199/7199/ 7212/7212/
f 7213/7213/ 7200/7200/ 7212/7212/
f 7204/7204/ 7214/7214/ 7215/7215/
f 7203/7203/ 7204/7204/ 7215/7215/
f 7206/7206/ 7205/7205/ 7216/7216/
f 7217/7217/ 7206/7206/ 7216/7216/
f 7218/7218/ 7219/7219/ 7220/7220/
f 7221/7221/ 7218/7218/ 7220/7220/
f 7222/7222/ 7223/7223/ 7224/7224/
f 7225/7225/ 7222/7222/ 7224/7224/
f 7226/7226/ 7227/7227/ 7228/7228/
f 7229/7229/ 7226/7226/ 7228/7228/
f 7230/7230/ 7231/7231/ 7232/7232/
f 7233/7233/ 7230/7230/ 7232/7232/
f 7234/7234/ 7235/7235/ 7231/7231/
f 7230/7230/ 7234/7234/ 7231/7231/
f 7236/7236/ 7237/7237/ 7235/7235/
f 7234/7234/ 7236/7236/ 7235/7235/
f 7238/7238/ 7239/7239/ 7240/7240/
f 7241/7241/ 7238/7238/ 7240/7240/
f 7239/7239/ 7242/7242/ 7243/7243/
f 7240/7240/ 7239/7239/ 7243/7243/
f 7244/7244/ 7245/7245/ 7243/7243/
f 7242/7242/ 7244/7244/ 7243/7243/
f 7219/7219/ 7181/7181/ 7162/7162/
f 7246/7246/ 7219/7219/ 7162/7162/
f 7218/7218/ 7180/7180/ 7181/7181/
f 7219/7219/ 7218/7218/ 7181/7181/
f 7225/7225/ 7178/7178/ 7179/7179/
f 7222/7222/ 7225/7225/ 7179/7179/
f 7247/7247/ 7177/7177/ 7178/7178/
f 7225/7225/ 7247/7247/ 7178/7178/
f 7248/7248/ 7176/7176/ 7177/7177/
f 7247/7247/ 7248/7248/ 7177/7177/
f 7249/7249/ 7229/7229/ 7174/7174/
f 7175/7175/ 7249/7249/ 7174/7174/
f 7229/7229/ 7228/7228/ 7173/7173/
f 7174/7174/ 7229/7229/ 7173/7173/
f 7231/7231/ 7171/7171/ 7172/7172/
f 7232/7232/ 7231/7231/ 7172/7172/
f 7235/7235/ 7170/7170/ 7171/7171/
f 7231/7231/ 7235/7235/ 7171/7171/
f 7237/7237/ 7169/7169/ 7170/7170/
f 7235/7235/ 7237/7237/ 7170/7170/
f 7241/7241/ 7240/7240/ 7167/7167/
f 7168/7168/ 7241/7241/ 7167/7167/
f 7240/7240/ 7243/7243/ 7165/7165/
f 7167/7167/ 7240/7240/ 7165/7165/
f 7243/7243/ 7245/7245/ 7166/7166/
f 7165/7165/ 7243/7243/ 7166/7166/
f 7250/7250/ 7251/7251/ 7163/7163/
f 7164/7164/ 7250/7250/ 7163/7163/
f 7252/7252/ 7161/7161/ 7163/7163/
f 7251/7251/ 7252/7252/ 7163/7163/
f 7252/7252/ 7246/7246/ 7162/7162/
f 7161/7161/ 7252/7252/ 7162/7162/
f 7244/7244/ 7242/7242/ 7217/7217/
f 7216/7216/ 7244/7244/ 7217/7217/
f 7253/7253/ 7227/7227/ 7226/7226/
f 7254/7254/ 7253/7253/ 7226/7226/
f 7223/7223/ 7213/7213/ 7212/7212/
f 7224/7224/ 7223/7223/ 7212/7212/
f 7220/7220/ 7211/7211/ 7210/7210/
f 7221/7221/ 7220/7220/ 7210/7210/
f 7214/7214/ 7253/7253/ 7254/7254/
f 7215/7215/ 7214/7214/ 7254/7254/
f 7160/7160/ 7255/7255/ 7256/7256/
f 7157/7157/ 7160/7160/ 7256/7256/
f 7155/7155/ 7257/7257/ 7258/7258/
f 7153/7153/ 7155/7155/ 7258/7258/
f 7152/7152/ 7153/7153/ 7258/7258/
f 7259/7259/ 7152/7152/ 7258/7258/
f 7152/7152/ 7259/7259/ 7260/7260/
f 7150/7150/ 7152/7152/ 7260/7260/
f 7150/7150/ 7260/7260/ 7261/7261/
f 7145/7145/ 7150/7150/ 7261/7261/
f 7146/7146/ 7145/7145/ 7261/7261/
f 7262/7262/ 7146/7146/ 7261/7261/
f 7141/7141/ 7143/7143/ 7263/7263/
f 7264/7264/ 7141/7141/ 7263/7263/
f 7139/7139/ 7141/7141/ 7264/7264/
f 7265/7265/ 7139/7139/ 7264/7264/
f 7138/7138/ 7139/7139/ 7265/7265/
f 7266/7266/ 7138/7138/ 7265/7265/
f 7138/7138/ 7266/7266/ 7267/7267/
f 7136/7136/ 7138/7138/ 7267/7267/
f 7136/7136/ 7267/7267/ 7268/7268/
f 7134/7134/ 7136/7136/ 7268/7268/
f 7134/7134/ 7268/7268/ 7269/7269/
f 7131/7131/ 7134/7134/ 7269/7269/
f 7127/7127/ 7129/7129/ 7270/7270/
f 7271/7271/ 7127/7127/ 7270/7270/
f 7126/7126/ 7127/7127/ 7271/7271/
f 7272/7272/ 7126/7126/ 7271/7271/
f 7126/7126/ 7272/7272/ 7273/7273/
f 7123/7123/ 7126/7126/ 7273/7273/
f 7123/7123/ 7273/7273/ 7255/7255/
f 7160/7160/ 7123/7123/ 7255/7255/
f 7274/7274/ 7275/7275/ 7276/7276/
f 7277/7277/ 7274/7274/ 7276/7276/
f 7274/7274/ 7278/7278/ 7279/7279/
f 7275/7275/ 7274/7274/ 7279/7279/
f 7280/7280/ 7281/7281/ 7282/7282/
f 7283/7283/ 7280/7280/ 7282/7282/
f 7281/7281/ 7284/7284/ 7285/7285/
f 7282/7282/ 7281/7281/ 7285/7285/
f 7285/7285/ 7284/7284/ 7286/7286/
f 7287/7287/ 7285/7285/ 7286/7286/
f 7288/7288/ 7289/7289/ 7287/7287/
f 7286/7286/ 7288/7288/ 7287/7287/
f 7278/7278/ 7290/7290/ 7291/7291/
f 7279/7279/ 7278/7278/ 7291/7291/
f 7280/7280/ 7283/7283/ 7277/7277/
f 7276/7276/ 7280/7280/ 7277/7277/
f 7276/7276/ 7207/7207/ 7209/7209/
f 7280/7280/ 7276/7276/ 7209/7209/
f 7281/7281/ 7280/7280/ 7209/7209/
f 7197/7197/ 7281/7281/ 7209/7209/
f 7290/7290/ 7292/7292/ 7293/7293/
f 7291/7291/ 7290/7290/ 7293/7293/
f 7289/7289/ 7288/7288/ 7293/7293/
f 7292/7292/ 7289/7289/ 7293/7293/
f 7291/7291/ 7293/7293/ 7252/7252/
f 7251/7251/ 7291/7291/ 7252/7252/
f 7288/7288/ 7246/7246/ 7252/7252/
f 7293/7293/ 7288/7288/ 7252/7252/
f 7219/7219/ 7246/7246/ 7294/7294/
f 7220/7220/ 7219/7219/ 7294/7294/
f 7246/7246/ 7288/7288/ 7286/7286/
f 7294/7294/ 7246/7246/ 7286/7286/
f 7197/7197/ 7295/7295/ 7284/7284/
f 7281/7281/ 7197/7197/ 7284/7284/
f 7196/7196/ 7211/7211/ 7295/7295/
f 7197/7197/ 7196/7196/ 7295/7295/
f 7295/7295/ 7294/7294/ 7286/7286/
f 7284/7284/ 7295/7295/ 7286/7286/
f 7211/7211/ 7220/7220/ 7294/7294/
f 7295/7295/ 7211/7211/ 7294/7294/
f 7279/7279/ 7291/7291/ 7251/7251/
f 7296/7296/ 7279/7279/ 7251/7251/
f 7279/7279/ 7296/7296/ 7297/7297/
f 7275/7275/ 7279/7279/ 7297/7297/
f 7298/7298/ 7297/7297/ 7296/7296/
f 7299/7299/ 7298/7298/ 7296/7296/
f 7296/7296/ 7251/7251/ 7250/7250/
f 7299/7299/ 7296/7296/ 7250/7250/
f 7275/7275/ 7297/7297/ 7207/7207/
f 7276/7276/ 7275/7275/ 7207/7207/
f 7208/7208/ 7207/7207/ 7297/7297/
f 7298/7298/ 7208/7208/ 7297/7297/
f 7144/7144/ 7142/7142/ 7300/7300/
f 7301/7301/ 7144/7144/ 7300/7300/
f 7301/7301/ 7300/7300/ 7302/7302/
f 7303/7303/ 7301/7301/ 7302/7302/
f 7302/7302/ 7304/7304/ 7305/7305/
f 7303/7303/ 7302/7302/ 7305/7305/
f 7306/7306/ 7305/7305/ 7304/7304/
f 7307/7307/ 7306/7306/ 7304/7304/
f 7233/7233/ 7306/7306/ 7307/7307/
f 7230/7230/ 7233/7233/ 7307/7307/
f 7308/7308/ 7309/7309/ 7310/7310/
f 7311/7311/ 7308/7308/ 7310/7310/
f 7312/7312/ 7313/7313/ 7311/7311/
f 7310/7310/ 7312/7312/ 7311/7311/
f 7309/7309/ 7308/7308/ 7314/7314/
f 7315/7315/ 7309/7309/ 7314/7314/
f 7313/7313/ 7312/7312/ 7316/7316/
f 7317/7317/ 7313/7313/ 7316/7316/
f 7316/7316/ 7318/7318/ 7319/7319/
f 7317/7317/ 7316/7316/ 7319/7319/
f 7318/7318/ 7320/7320/ 7321/7321/
f 7319/7319/ 7318/7318/ 7321/7321/
f 7320/7320/ 7322/7322/ 7323/7323/
f 7321/7321/ 7320/7320/ 7323/7323/
f 7322/7322/ 7324/7324/ 7325/7325/
f 7323/7323/ 7322/7322/ 7325/7325/
f 7324/7324/ 7326/7326/ 7327/7327/
f 7325/7325/ 7324/7324/ 7327/7327/
f 7315/7315/ 7314/7314/ 7328/7328/
f 7329/7329/ 7315/7315/ 7328/7328/
f 7111/7111/ 7109/7109/ 7110/7110/
f 7112/7112/ 7111/7111/ 7110/7110/
f 7176/7176/ 7175/7175/ 7109/7109/
f 7111/7111/ 7176/7176/ 7109/7109/
f 7248/7248/ 7249/7249/ 7175/7175/
f 7176/7176/ 7248/7248/ 7175/7175/
f 7317/7317/ 7248/7248/ 7247/7247/
f 7313/7313/ 7317/7317/ 7247/7247/
f 7319/7319/ 7249/7249/ 7248/7248/
f 7317/7317/ 7319/7319/ 7248/7248/
f 7247/7247/ 7330/7330/ 7311/7311/
f 7313/7313/ 7247/7247/ 7311/7311/
f 7225/7225/ 7224/7224/ 7330/7330/
f 7247/7247/ 7225/7225/ 7330/7330/
f 7229/7229/ 7249/7249/ 7331/7331/
f 7226/7226/ 7229/7229/ 7331/7331/
f 7249/7249/ 7319/7319/ 7321/7321/
f 7331/7331/ 7249/7249/ 7321/7321/
f 7321/7321/ 7323/7323/ 7332/7332/
f 7331/7331/ 7321/7321/ 7332/7332/
f 7331/7331/ 7332/7332/ 7254/7254/
f 7226/7226/ 7331/7331/ 7254/7254/
f 7333/7333/ 7332/7332/ 7323/7323/
f 7325/7325/ 7333/7333/ 7323/7323/
f 7332/7332/ 7333/7333/ 7215/7215/
f 7254/7254/ 7332/7332/ 7215/7215/
f 7325/7325/ 7327/7327/ 7334/7334/
f 7333/7333/ 7325/7325/ 7334/7334/
f 7333/7333/ 7334/7334/ 7203/7203/
f 7215/7215/ 7333/7333/ 7203/7203/
f 7330/7330/ 7335/7335/ 7308/7308/
f 7311/7311/ 7330/7330/ 7308/7308/
f 7224/7224/ 7212/7212/ 7335/7335/
f 7330/7330/ 7224/7224/ 7335/7335/
f 7308/7308/ 7335/7335/ 7336/7336/
f 7314/7314/ 7308/7308/ 7336/7336/
f 7199/7199/ 7336/7336/ 7335/7335/
f 7212/7212/ 7199/7199/ 7335/7335/
f 7314/7314/ 7336/7336/ 7337/7337/
f 7328/7328/ 7314/7314/ 7337/7337/
f 7338/7338/ 7327/7327/ 7326/7326/
f 7339/7339/ 7338/7338/ 7326/7326/
f 7340/7340/ 7334/7334/ 7327/7327/
f 7338/7338/ 7340/7340/ 7327/7327/
f 7337/7337/ 7340/7340/ 7338/7338/
f 7328/7328/ 7337/7337/ 7338/7338/
f 7328/7328/ 7338/7338/ 7339/7339/
f 7329/7329/ 7328/7328/ 7339/7339/
f 7201/7201/ 7337/7337/ 7336/7336/
f 7199/7199/ 7201/7201/ 7336/7336/
f 7202/7202/ 7203/7203/ 7334/7334/
f 7340/7340/ 7202/7202/ 7334/7334/
f 7201/7201/ 7202/7202/ 7340/7340/
f 7337/7337/ 7201/7201/ 7340/7340/
f 7341/7341/ 7342/7342/ 7343/7343/
f 7344/7344/ 7341/7341/ 7343/7343/
f 7345/7345/ 7346/7346/ 7342/7342/
f 7341/7341/ 7345/7345/ 7342/7342/
f 7347/7347/ 7348/7348/ 7349/7349/
f 7350/7350/ 7347/7347/ 7349/7349/
f 7351/7351/ 7347/7347/ 7350/7350/
f 7352/7352/ 7351/7351/ 7350/7350/
f 7351/7351/ 7352/7352/ 7353/7353/
f 7354/7354/ 7351/7351/ 7353/7353/
f 7355/7355/ 7356/7356/ 7357/7357/
f 7358/7358/ 7355/7355/ 7357/7357/
f 7359/7359/ 7357/7357/ 7356/7356/
f 7360/7360/ 7359/7359/ 7356/7356/
f 7359/7359/ 7360/7360/ 7361/7361/
f 7362/7362/ 7359/7359/ 7361/7361/
f 7363/7363/ 7364/7364/ 7362/7362/
f 7361/7361/ 7363/7363/ 7362/7362/
f 7365/7365/ 7364/7364/ 7363/7363/
f 7366/7366/ 7365/7365/ 7363/7363/
f 7367/7367/ 7368/7368/ 7369/7369/
f 7370/7370/ 7367/7367/ 7369/7369/
f 7367/7367/ 7344/7344/ 7343/7343/
f 7368/7368/ 7367/7367/ 7343/7343/
f 7371/7371/ 7372/7372/ 7373/7373/
f 7374/7374/ 7371/7371/ 7373/7373/
f 7375/7375/ 7376/7376/ 7373/7373/
f 7372/7372/ 7375/7375/ 7373/7373/
f 7377/7377/ 7378/7378/ 7379/7379/
f 7380/7380/ 7377/7377/ 7379/7379/
f 7381/7381/ 7382/7382/ 7383/7383/
f 7384/7384/ 7381/7381/ 7383/7383/
f 7377/7377/ 7380/7380/ 7384/7384/
f 7383/7383/ 7377/7377/ 7384/7384/
f 7385/7385/ 7386/7386/ 7387/7387/
f 7388/7388/ 7385/7385/ 7387/7387/
f 7382/7382/ 7381/7381/ 7389/7389/
f 7390/7390/ 7382/7382/ 7389/7389/
f 7387/7387/ 7386/7386/ 7391/7391/
f 7392/7392/ 7387/7387/ 7391/7391/
f 7389/7389/ 7392/7392/ 7391/7391/
f 7390/7390/ 7389/7389/ 7391/7391/
f 7378/7378/ 7393/7393/ 7394/7394/
f 7379/7379/ 7378/7378/ 7394/7394/
f 7395/7395/ 7396/7396/ 7397/7397/
f 7398/7398/ 7395/7395/ 7397/7397/
f 7396/7396/ 7394/7394/ 7393/7393/
f 7397/7397/ 7396/7396/ 7393/7393/
f 7100/7100/ 7096/7096/ 7095/7095/
f 7097/7097/ 7100/7100/ 7095/7095/
f 7169/7169/ 7168/7168/ 7096/7096/
f 7100/7100/ 7169/7169/ 7096/7096/
f 7237/7237/ 7241/7241/ 7168/7168/
f 7169/7169/ 7237/7237/ 7168/7168/
f 7241/7241/ 7237/7237/ 7236/7236/
f 7238/7238/ 7241/7241/ 7236/7236/
f 7398/7398/ 7397/7397/ 7236/7236/
f 7234/7234/ 7398/7398/ 7236/7236/
f 7397/7397/ 7393/7393/ 7238/7238/
f 7236/7236/ 7397/7397/ 7238/7238/
f 7378/7378/ 7239/7239/ 7238/7238/
f 7393/7393/ 7378/7378/ 7238/7238/
f 7377/7377/ 7399/7399/ 7239/7239/
f 7378/7378/ 7377/7377/ 7239/7239/
f 7242/7242/ 7239/7239/ 7399/7399/
f 7217/7217/ 7242/7242/ 7399/7399/
f 7383/7383/ 7400/7400/ 7399/7399/
f 7377/7377/ 7383/7383/ 7399/7399/
f 7217/7217/ 7399/7399/ 7400/7400/
f 7206/7206/ 7217/7217/ 7400/7400/
f 7382/7382/ 7401/7401/ 7400/7400/
f 7383/7383/ 7382/7382/ 7400/7400/
f 7400/7400/ 7401/7401/ 7192/7192/
f 7206/7206/ 7400/7400/ 7192/7192/
f 7382/7382/ 7390/7390/ 7402/7402/
f 7401/7401/ 7382/7382/ 7402/7402/
f 7133/7133/ 7192/7192/ 7401/7401/
f 7133/7133/ 7401/7401/ 7402/7402/
f 7133/7133/ 7402/7402/ 7135/7135/
f 7403/7403/ 7402/7402/ 7390/7390/
f 7391/7391/ 7403/7403/ 7390/7390/
f 7135/7135/ 7402/7402/ 7403/7403/
f 7137/7137/ 7135/7135/ 7403/7403/
f 7386/7386/ 7404/7404/ 7403/7403/
f 7391/7391/ 7386/7386/ 7403/7403/
f 7140/7140/ 7137/7137/ 7403/7403/
f 7404/7404/ 7140/7140/ 7403/7403/
f 7405/7405/ 7300/7300/ 7142/7142/
f 7404/7404/ 7405/7405/ 7142/7142/
f 7140/7140/ 7404/7404/ 7142/7142/
f 7385/7385/ 7405/7405/ 7404/7404/
f 7386/7386/ 7385/7385/ 7404/7404/
f 7398/7398/ 7376/7376/ 7375/7375/
f 7395/7395/ 7398/7398/ 7375/7375/
f 7234/7234/ 7406/7406/ 7376/7376/
f 7398/7398/ 7234/7234/ 7376/7376/
f 7230/7230/ 7307/7307/ 7406/7406/
f 7234/7234/ 7230/7230/ 7406/7406/
f 7373/7373/ 7376/7376/ 7406/7406/
f 7407/7407/ 7373/7373/ 7406/7406/
f 7407/7407/ 7406/7406/ 7307/7307/
f 7304/7304/ 7407/7407/ 7307/7307/
f 7407/7407/ 7408/7408/ 7374/7374/
f 7373/7373/ 7407/7407/ 7374/7374/
f 7304/7304/ 7302/7302/ 7408/7408/
f 7407/7407/ 7304/7304/ 7408/7408/
f 7374/7374/ 7385/7385/ 7388/7388/
f 7371/7371/ 7374/7374/ 7388/7388/
f 7408/7408/ 7405/7405/ 7385/7385/
f 7374/7374/ 7408/7408/ 7385/7385/
f 7408/7408/ 7302/7302/ 7300/7300/
f 7405/7405/ 7408/7408/ 7300/7300/
f 7409/7409/ 7410/7410/ 7411/7411/
f 7412/7412/ 7409/7409/ 7411/7411/
f 7411/7411/ 7413/7413/ 7414/7414/
f 7412/7412/ 7411/7411/ 7414/7414/
f 7413/7413/ 7415/7415/ 7416/7416/
f 7414/7414/ 7413/7413/ 7416/7416/
f 7415/7415/ 7417/7417/ 7418/7418/
f 7416/7416/ 7415/7415/ 7418/7418/
f 7419/7419/ 7420/7420/ 7421/7421/
f 7422/7422/ 7419/7419/ 7421/7421/
f 7423/7423/ 7419/7419/ 7422/7422/
f 7424/7424/ 7423/7423/ 7422/7422/
f 7424/7424/ 7425/7425/ 7426/7426/
f 7423/7423/ 7424/7424/ 7426/7426/
f 7425/7425/ 7427/7427/ 7428/7428/
f 7426/7426/ 7425/7425/ 7428/7428/
f 7429/7429/ 7428/7428/ 7427/7427/
f 7430/7430/ 7429/7429/ 7427/7427/
f 7430/7430/ 7431/7431/ 7432/7432/
f 7429/7429/ 7430/7430/ 7432/7432/
f 7433/7433/ 7434/7434/ 7435/7435/
f 7436/7436/ 7433/7433/ 7435/7435/
f 7410/7410/ 7409/7409/ 7434/7434/
f 7433/7433/ 7410/7410/ 7434/7434/
f 7437/7437/ 7438/7438/ 7439/7439/
f 7440/7440/ 7441/7441/ 7437/7437/
f 7440/7440/ 7437/7437/ 7442/7442/
f 7442/7442/ 7437/7437/ 7443/7443/
f 7443/7443/ 7437/7437/ 7444/7444/
f 7444/7444/ 7437/7437/ 7445/7445/
f 7445/7445/ 7437/7437/ 7446/7446/
f 7446/7446/ 7437/7437/ 7447/7447/
f 7447/7447/ 7437/7437/ 7439/7439/
f 7437/7437/ 7448/7448/ 7438/7438/
f 7437/7437/ 7449/7449/ 7448/7448/
f 7437/7437/ 7450/7450/ 7449/7449/
f 7437/7437/ 7451/7451/ 7450/7450/
f 7437/7437/ 7452/7452/ 7451/7451/
f 7437/7437/ 7453/7453/ 7452/7452/
f 7437/7437/ 7441/7441/ 7453/7453/
f 7454/7454/ 7455/7455/ 7456/7456/
f 7457/7457/ 7454/7454/ 7456/7456/
f 7458/7458/ 7459/7459/ 7455/7455/
f 7454/7454/ 7458/7458/ 7455/7455/
f 7460/7460/ 7461/7461/ 7462/7462/
f 7463/7463/ 7460/7460/ 7462/7462/
f 7464/7464/ 7465/7465/ 7466/7466/
f 7467/7467/ 7464/7464/ 7466/7466/
f 7468/7468/ 7469/7469/ 7470/7470/
f 7471/7471/ 7468/7468/ 7470/7470/
f 7472/7472/ 7473/7473/ 7469/7469/
f 7468/7468/ 7472/7472/ 7469/7469/
f 7474/7474/ 7475/7475/ 7476/7476/
f 7477/7477/ 7474/7474/ 7476/7476/
f 7478/7478/ 7479/7479/ 7480/7480/
f 7481/7481/ 7478/7478/ 7480/7480/
f 7479/7479/ 7482/7482/ 7483/7483/
f 7480/7480/ 7479/7479/ 7483/7483/
f 7484/7484/ 7485/7485/ 7486/7486/
f 7487/7487/ 7484/7484/ 7486/7486/
f 7488/7488/ 7489/7489/ 7490/7490/
f 7491/7491/ 7488/7488/ 7490/7490/
f 7492/7492/ 7490/7490/ 7489/7489/
f 7493/7493/ 7492/7492/ 7489/7489/
f 7494/7494/ 7495/7495/ 7485/7485/
f 7484/7484/ 7494/7494/ 7485/7485/
f 7477/7477/ 7476/7476/ 7496/7496/
f 7497/7497/ 7477/7477/ 7496/7496/
f 7463/7463/ 7462/7462/ 7498/7498/
f 7499/7499/ 7463/7463/ 7498/7498/
f 7467/7467/ 7466/7466/ 7500/7500/
f 7501/7501/ 7467/7467/ 7500/7500/
f 7502/7502/ 7503/7503/ 7504/7504/
f 7505/7505/ 7502/7502/ 7504/7504/
f 7506/7506/ 7507/7507/ 7504/7504/
f 7503/7503/ 7506/7506/ 7504/7504/
f 7457/7457/ 7456/7456/ 7508/7508/
f 7509/7509/ 7457/7457/ 7508/7508/
f 7471/7471/ 7470/7470/ 7510/7510/
f 7511/7511/ 7471/7471/ 7510/7510/
f 7512/7512/ 7513/7513/ 7514/7514/
f 7515/7515/ 7512/7512/ 7514/7514/
f 7516/7516/ 7517/7517/ 7513/7513/
f 7512/7512/ 7516/7516/ 7513/7513/
f 7478/7478/ 7481/7481/ 7518/7518/
f 7519/7519/ 7478/7478/ 7518/7518/
f 7520/7520/ 7521/7521/ 7522/7522/
f 7523/7523/ 7520/7520/ 7522/7522/
f 7520/7520/ 7524/7524/ 7525/7525/
f 7521/7521/ 7520/7520/ 7525/7525/
f 7526/7526/ 7527/7527/ 7492/7492/
f 7493/7493/ 7526/7526/ 7492/7492/
f 7528/7528/ 7529/7529/ 7530/7530/
f 7531/7531/ 7528/7528/ 7530/7530/
f 7532/7532/ 7530/7530/ 7529/7529/
f 7533/7533/ 7532/7532/ 7529/7529/
f 7534/7534/ 7535/7535/ 7527/7527/
f 7526/7526/ 7534/7534/ 7527/7527/
f 7519/7519/ 7518/7518/ 7536/7536/
f 7537/7537/ 7519/7519/ 7536/7536/
f 7538/7538/ 7509/7509/ 7508/7508/
f 7539/7539/ 7538/7538/ 7508/7508/
f 7511/7511/ 7510/7510/ 7540/7540/
f 7541/7541/ 7511/7511/ 7540/7540/
f 7542/7542/ 7543/7543/ 7544/7544/
f 7545/7545/ 7542/7542/ 7544/7544/
f 7546/7546/ 7547/7547/ 7543/7543/
f 7542/7542/ 7546/7546/ 7543/7543/
f 7548/7548/ 7549/7549/ 7550/7550/
f 7551/7551/ 7548/7548/ 7550/7550/
f 7552/7552/ 7553/7553/ 7554/7554/
f 7555/7555/ 7552/7552/ 7554/7554/
f 7556/7556/ 7557/7557/ 7558/7558/
f 7559/7559/ 7556/7556/ 7558/7558/
f 7560/7560/ 7561/7561/ 7557/7557/
f 7556/7556/ 7560/7560/ 7557/7557/
f 7562/7562/ 7563/7563/ 7564/7564/
f 7565/7565/ 7562/7562/ 7564/7564/
f 7566/7566/ 7567/7567/ 7568/7568/
f 7569/7569/ 7566/7566/ 7568/7568/
f 7570/7570/ 7571/7571/ 7572/7572/
f 7573/7573/ 7570/7570/ 7572/7572/
f 7574/7574/ 7575/7575/ 7576/7576/
f 7577/7577/ 7574/7574/ 7576/7576/
f 7575/7575/ 7578/7578/ 7579/7579/
f 7576/7576/ 7575/7575/ 7579/7579/
f 7571/7571/ 7580/7580/ 7581/7581/
f 7572/7572/ 7571/7571/ 7581/7581/
f 7582/7582/ 7583/7583/ 7584/7584/
f 7585/7585/ 7582/7582/ 7584/7584/
f 7586/7586/ 7587/7587/ 7588/7588/
f 7589/7589/ 7586/7586/ 7588/7588/
f 7590/7590/ 7588/7588/ 7587/7587/
f 7591/7591/ 7590/7590/ 7587/7587/
f 7592/7592/ 7582/7582/ 7585/7585/
f 7593/7593/ 7592/7592/ 7585/7585/
f 7594/7594/ 7595/7595/ 7563/7563/
f 7562/7562/ 7594/7594/ 7563/7563/
f 7568/7568/ 7596/7596/ 7597/7597/
f 7569/7569/ 7568/7568/ 7597/7597/
f 7598/7598/ 7551/7551/ 7550/7550/
f 7599/7599/ 7598/7598/ 7550/7550/
f 7555/7555/ 7554/7554/ 7600/7600/
f 7601/7601/ 7555/7555/ 7600/7600/
f 7602/7602/ 7603/7603/ 7604/7604/
f 7605/7605/ 7602/7602/ 7604/7604/
f 7606/7606/ 7607/7607/ 7603/7603/
f 7602/7602/ 7606/7606/ 7603/7603/
f 7608/7608/ 7545/7545/ 7544/7544/
f 7609/7609/ 7608/7608/ 7544/7544/
f 7559/7559/ 7558/7558/ 7610/7610/
f 7611/7611/ 7559/7559/ 7610/7610/
f 7612/7612/ 7613/7613/ 7614/7614/
f 7615/7615/ 7612/7612/ 7614/7614/
f 7616/7616/ 7617/7617/ 7613/7613/
f 7612/7612/ 7616/7616/ 7613/7613/
f 7573/7573/ 7618/7618/ 7619/7619/
f 7570/7570/ 7573/7573/ 7619/7619/
f 7574/7574/ 7577/7577/ 7620/7620/
f 7621/7621/ 7574/7574/ 7620/7620/
f 7622/7622/ 7623/7623/ 7624/7624/
f 7625/7625/ 7622/7622/ 7624/7624/
f 7626/7626/ 7627/7627/ 7628/7628/
f 7629/7629/ 7626/7626/ 7628/7628/
f 7626/7626/ 7630/7630/ 7631/7631/
f 7627/7627/ 7626/7626/ 7631/7631/
f 7623/7623/ 7632/7632/ 7633/7633/
f 7624/7624/ 7623/7623/ 7633/7633/
f 7634/7634/ 7635/7635/ 7590/7590/
f 7591/7591/ 7634/7634/ 7590/7590/
f 7636/7636/ 7637/7637/ 7638/7638/
f 7639/7639/ 7636/7636/ 7638/7638/
f 7640/7640/ 7638/7638/ 7637/7637/
f 7641/7641/ 7640/7640/ 7637/7637/
f 7642/7642/ 7643/7643/ 7635/7635/
f 7634/7634/ 7642/7642/ 7635/7635/
f 7644/7644/ 7645/7645/ 7619/7619/
f 7618/7618/ 7644/7644/ 7619/7619/
f 7620/7620/ 7646/7646/ 7647/7647/
f 7621/7621/ 7620/7620/ 7647/7647/
f 7648/7648/ 7608/7608/ 7609/7609/
f 7649/7649/ 7648/7648/ 7609/7609/
f 7611/7611/ 7610/7610/ 7650/7650/
f 7651/7651/ 7611/7611/ 7650/7650/
f 7652/7652/ 7653/7653/ 7654/7654/
f 7655/7655/ 7652/7652/ 7654/7654/
f 7656/7656/ 7657/7657/ 7653/7653/
f 7652/7652/ 7656/7656/ 7653/7653/
f 7658/7658/ 7502/7502/ 7505/7505/
f 7659/7659/ 7658/7658/ 7505/7505/
f 7515/7515/ 7514/7514/ 7660/7660/
f 7661/7661/ 7515/7515/ 7660/7660/
f 7662/7662/ 7663/7663/ 7664/7664/
f 7665/7665/ 7662/7662/ 7664/7664/
f 7666/7666/ 7667/7667/ 7663/7663/
f 7662/7662/ 7666/7666/ 7663/7663/
f 7522/7522/ 7668/7668/ 7669/7669/
f 7523/7523/ 7522/7522/ 7669/7669/
f 7670/7670/ 7671/7671/ 7672/7672/
f 7673/7673/ 7670/7670/ 7672/7672/
f 7671/7671/ 7674/7674/ 7675/7675/
f 7672/7672/ 7671/7671/ 7675/7675/
f 7676/7676/ 7677/7677/ 7532/7532/
f 7533/7533/ 7676/7676/ 7532/7532/
f 7678/7678/ 7679/7679/ 7680/7680/
f 7681/7681/ 7678/7678/ 7680/7680/
f 7682/7682/ 7680/7680/ 7679/7679/
f 7683/7683/ 7682/7682/ 7679/7679/
f 7684/7684/ 7685/7685/ 7677/7677/
f 7676/7676/ 7684/7684/ 7677/7677/
f 7669/7669/ 7668/7668/ 7686/7686/
f 7687/7687/ 7669/7669/ 7686/7686/
f 7688/7688/ 7658/7658/ 7659/7659/
f 7689/7689/ 7688/7688/ 7659/7659/
f 7661/7661/ 7660/7660/ 7690/7690/
f 7691/7691/ 7661/7661/ 7690/7690/
f 7692/7692/ 7693/7693/ 7549/7549/
f 7548/7548/ 7692/7692/ 7549/7549/
f 7694/7694/ 7695/7695/ 7693/7693/
f 7692/7692/ 7694/7694/ 7693/7693/
f 7696/7696/ 7697/7697/ 7698/7698/
f 7699/7699/ 7696/7696/ 7698/7698/
f 7700/7700/ 7701/7701/ 7702/7702/
f 7703/7703/ 7700/7700/ 7702/7702/
f 7704/7704/ 7705/7705/ 7553/7553/
f 7552/7552/ 7704/7704/ 7553/7553/
f 7706/7706/ 7707/7707/ 7705/7705/
f 7704/7704/ 7706/7706/ 7705/7705/
f 7708/7708/ 7709/7709/ 7710/7710/
f 7711/7711/ 7708/7708/ 7710/7710/
f 7712/7712/ 7713/7713/ 7714/7714/
f 7715/7715/ 7712/7712/ 7714/7714/
f 7564/7564/ 7716/7716/ 7717/7717/
f 7565/7565/ 7564/7564/ 7717/7717/
f 7718/7718/ 7719/7719/ 7567/7567/
f 7566/7566/ 7718/7718/ 7567/7567/
f 7720/7720/ 7721/7721/ 7719/7719/
f 7718/7718/ 7720/7720/ 7719/7719/
f 7716/7716/ 7722/7722/ 7723/7723/
f 7717/7717/ 7716/7716/ 7723/7723/
f 7724/7724/ 7725/7725/ 7726/7726/
f 7727/7727/ 7724/7724/ 7726/7726/
f 7728/7728/ 7729/7729/ 7730/7730/
f 7731/7731/ 7728/7728/ 7730/7730/
f 7583/7583/ 7730/7730/ 7729/7729/
f 7584/7584/ 7583/7583/ 7729/7729/
f 7732/7732/ 7733/7733/ 7725/7725/
f 7724/7724/ 7732/7732/ 7725/7725/
f 7734/7734/ 7735/7735/ 7709/7709/
f 7708/7708/ 7734/7734/ 7709/7709/
f 7715/7715/ 7736/7736/ 7737/7737/
f 7712/7712/ 7715/7715/ 7737/7737/
f 7738/7738/ 7699/7699/ 7698/7698/
f 7739/7739/ 7738/7738/ 7698/7698/
f 7703/7703/ 7702/7702/ 7740/7740/
f 7741/7741/ 7703/7703/ 7740/7740/
f 7742/7742/ 7743/7743/ 7744/7744/
f 7745/7745/ 7742/7742/ 7744/7744/
f 7744/7744/ 7743/7743/ 7746/7746/
f 7747/7747/ 7744/7744/ 7746/7746/
f 7748/7748/ 7749/7749/ 7750/7750/
f 7751/7751/ 7748/7748/ 7750/7750/
f 7749/7749/ 7752/7752/ 7753/7753/
f 7750/7750/ 7749/7749/ 7753/7753/
f 7752/7752/ 7754/7754/ 7755/7755/
f 7753/7753/ 7752/7752/ 7755/7755/
f 7755/7755/ 7754/7754/ 7756/7756/
f 7757/7757/ 7755/7755/ 7756/7756/
f 7758/7758/ 7759/7759/ 7760/7760/
f 7761/7761/ 7758/7758/ 7760/7760/
f 7759/7759/ 7762/7762/ 7763/7763/
f 7760/7760/ 7759/7759/ 7763/7763/
f 7764/7764/ 7765/7765/ 7766/7766/
f 7767/7767/ 7764/7764/ 7766/7766/
f 7765/7765/ 7764/7764/ 7768/7768/
f 7769/7769/ 7765/7765/ 7768/7768/
f 7770/7770/ 7771/7771/ 7772/7772/
f 7773/7773/ 7770/7770/ 7772/7772/
f 7774/7774/ 7775/7775/ 7772/7772/
f 7771/7771/ 7774/7774/ 7772/7772/
f 7774/7774/ 7776/7776/ 7777/7777/
f 7775/7775/ 7774/7774/ 7777/7777/
f 7777/7777/ 7776/7776/ 7778/7778/
f 7779/7779/ 7777/7777/ 7778/7778/
f 7780/7780/ 7781/7781/ 7782/7782/
f 7783/7783/ 7780/7780/ 7782/7782/
f 7781/7781/ 7784/7784/ 7785/7785/
f 7782/7782/ 7781/7781/ 7785/7785/
f 7786/7786/ 7787/7787/ 7785/7785/
f 7784/7784/ 7786/7786/ 7785/7785/
f 7787/7787/ 7786/7786/ 7788/7788/
f 7789/7789/ 7787/7787/ 7788/7788/
f 7790/7790/ 7791/7791/ 7792/7792/
f 7793/7793/ 7790/7790/ 7792/7792/
f 7792/7792/ 7794/7794/ 7795/7795/
f 7793/7793/ 7792/7792/ 7795/7795/
f 7796/7796/ 7797/7797/ 7798/7798/
f 7799/7799/ 7796/7796/ 7798/7798/
f 7797/7797/ 7796/7796/ 7800/7800/
f 7801/7801/ 7797/7797/ 7800/7800/
f 7802/7802/ 7803/7803/ 7804/7804/
f 7805/7805/ 7802/7802/ 7804/7804/
f 7803/7803/ 7742/7742/ 7745/7745/
f 7804/7804/ 7803/7803/ 7745/7745/
f 7624/7624/ 7806/7806/ 7807/7807/
f 7625/7625/ 7624/7624/ 7807/7807/
f 7808/7808/ 7806/7806/ 7624/7624/
f 7633/7633/ 7808/7808/ 7624/7624/
f 7618/7618/ 7809/7809/ 7810/7810/
f 7644/7644/ 7618/7618/ 7810/7810/
f 7811/7811/ 7809/7809/ 7618/7618/
f 7573/7573/ 7811/7811/ 7618/7618/
f 7572/7572/ 7812/7812/ 7811/7811/
f 7573/7573/ 7572/7572/ 7811/7811/
f 7581/7581/ 7813/7813/ 7812/7812/
f 7572/7572/ 7581/7581/ 7812/7812/
f 7562/7562/ 7814/7814/ 7815/7815/
f 7594/7594/ 7562/7562/ 7815/7815/
f 7816/7816/ 7814/7814/ 7562/7562/
f 7565/7565/ 7816/7816/ 7562/7562/
f 7717/7717/ 7817/7817/ 7816/7816/
f 7565/7565/ 7717/7717/ 7816/7816/
f 7723/7723/ 7818/7818/ 7817/7817/
f 7717/7717/ 7723/7723/ 7817/7817/
f 7734/7734/ 7708/7708/ 7819/7819/
f 7820/7820/ 7734/7734/ 7819/7819/
f 7821/7821/ 7819/7819/ 7708/7708/
f 7711/7711/ 7821/7821/ 7708/7708/
f 7733/7733/ 7732/7732/ 7728/7728/
f 7731/7731/ 7733/7733/ 7728/7728/
f 7734/7734/ 7820/7820/ 7818/7818/
f 7723/7723/ 7734/7734/ 7818/7818/
f 7723/7723/ 7822/7822/ 7823/7823/
f 7734/7734/ 7723/7723/ 7823/7823/
f 7788/7788/ 7791/7791/ 7790/7790/
f 7789/7789/ 7788/7788/ 7790/7790/
f 7737/7737/ 7736/7736/ 7721/7721/
f 7720/7720/ 7737/7737/ 7721/7721/
f 7738/7738/ 7739/7739/ 7695/7695/
f 7694/7694/ 7738/7738/ 7695/7695/
f 7741/7741/ 7740/7740/ 7707/7707/
f 7706/7706/ 7741/7741/ 7707/7707/
f 7589/7589/ 7592/7592/ 7593/7593/
f 7586/7586/ 7589/7589/ 7593/7593/
f 7594/7594/ 7815/7815/ 7813/7813/
f 7581/7581/ 7594/7594/ 7813/7813/
f 7581/7581/ 7824/7824/ 7825/7825/
f 7594/7594/ 7581/7581/ 7825/7825/
f 7780/7780/ 7783/7783/ 7779/7779/
f 7778/7778/ 7780/7780/ 7779/7779/
f 7597/7597/ 7596/7596/ 7579/7579/
f 7578/7578/ 7597/7597/ 7579/7579/
f 7598/7598/ 7599/7599/ 7547/7547/
f 7546/7546/ 7598/7598/ 7547/7547/
f 7601/7601/ 7600/7600/ 7561/7561/
f 7560/7560/ 7601/7601/ 7561/7561/
f 7643/7643/ 7642/7642/ 7636/7636/
f 7639/7639/ 7643/7643/ 7636/7636/
f 7644/7644/ 7810/7810/ 7808/7808/
f 7633/7633/ 7644/7644/ 7808/7808/
f 7633/7633/ 7826/7826/ 7645/7645/
f 7644/7644/ 7633/7633/ 7645/7645/
f 7770/7770/ 7773/7773/ 7769/7769/
f 7768/7768/ 7770/7770/ 7769/7769/
f 7647/7647/ 7646/7646/ 7631/7631/
f 7630/7630/ 7647/7647/ 7631/7631/
f 7648/7648/ 7649/7649/ 7607/7607/
f 7606/7606/ 7648/7648/ 7607/7607/
f 7651/7651/ 7650/7650/ 7617/7617/
f 7616/7616/ 7651/7651/ 7617/7617/
f 7495/7495/ 7494/7494/ 7488/7488/
f 7491/7491/ 7495/7495/ 7488/7488/
f 7758/7758/ 7761/7761/ 7757/7757/
f 7756/7756/ 7758/7758/ 7757/7757/
f 7497/7497/ 7496/7496/ 7483/7483/
f 7482/7482/ 7497/7497/ 7483/7483/
f 7499/7499/ 7498/7498/ 7459/7459/
f 7458/7458/ 7499/7499/ 7459/7459/
f 7501/7501/ 7500/7500/ 7473/7473/
f 7472/7472/ 7501/7501/ 7473/7473/
f 7535/7535/ 7534/7534/ 7528/7528/
f 7531/7531/ 7535/7535/ 7528/7528/
f 7748/7748/ 7751/7751/ 7747/7747/
f 7746/7746/ 7748/7748/ 7747/7747/
f 7537/7537/ 7536/7536/ 7525/7525/
f 7524/7524/ 7537/7537/ 7525/7525/
f 7538/7538/ 7539/7539/ 7507/7507/
f 7506/7506/ 7538/7538/ 7507/7507/
f 7541/7541/ 7540/7540/ 7517/7517/
f 7516/7516/ 7541/7541/ 7517/7517/
f 7685/7685/ 7684/7684/ 7678/7678/
f 7681/7681/ 7685/7685/ 7678/7678/
f 7800/7800/ 7802/7802/ 7805/7805/
f 7801/7801/ 7800/7800/ 7805/7805/
f 7687/7687/ 7686/7686/ 7675/7675/
f 7674/7674/ 7687/7687/ 7675/7675/
f 7688/7688/ 7689/7689/ 7657/7657/
f 7656/7656/ 7688/7688/ 7657/7657/
f 7691/7691/ 7690/7690/ 7667/7667/
f 7666/7666/ 7691/7691/ 7667/7667/
f 7744/7744/ 7827/7827/ 7828/7828/
f 7745/7745/ 7744/7744/ 7828/7828/
f 7827/7827/ 7744/7744/ 7747/7747/
f 7829/7829/ 7827/7827/ 7747/7747/
f 7751/7751/ 7830/7830/ 7831/7831/
f 7747/7747/ 7751/7751/ 7831/7831/
f 7751/7751/ 7750/7750/ 7832/7832/
f 7833/7833/ 7751/7751/ 7832/7832/
f 7750/7750/ 7753/7753/ 7834/7834/
f 7832/7832/ 7750/7750/ 7834/7834/
f 7755/7755/ 7835/7835/ 7834/7834/
f 7753/7753/ 7755/7755/ 7834/7834/
f 7835/7835/ 7755/7755/ 7757/7757/
f 7836/7836/ 7835/7835/ 7757/7757/
f 7761/7761/ 7837/7837/ 7838/7838/
f 7757/7757/ 7761/7761/ 7838/7838/
f 7761/7761/ 7760/7760/ 7839/7839/
f 7840/7840/ 7761/7761/ 7839/7839/
f 7760/7760/ 7763/7763/ 7841/7841/
f 7839/7839/ 7760/7760/ 7841/7841/
f 7765/7765/ 7842/7842/ 7843/7843/
f 7766/7766/ 7765/7765/ 7843/7843/
f 7842/7842/ 7765/7765/ 7769/7769/
f 7844/7844/ 7842/7842/ 7769/7769/
f 7773/7773/ 7845/7845/ 7846/7846/
f 7769/7769/ 7773/7773/ 7846/7846/
f 7773/7773/ 7772/7772/ 7847/7847/
f 7845/7845/ 7773/7773/ 7847/7847/
f 7772/7772/ 7775/7775/ 7848/7848/
f 7847/7847/ 7772/7772/ 7848/7848/
f 7777/7777/ 7849/7849/ 7848/7848/
f 7775/7775/ 7777/7777/ 7848/7848/
f 7849/7849/ 7777/7777/ 7779/7779/
f 7850/7850/ 7849/7849/ 7779/7779/
f 7783/7783/ 7851/7851/ 7852/7852/
f 7779/7779/ 7783/7783/ 7852/7852/
f 7783/7783/ 7782/7782/ 7853/7853/
f 7854/7854/ 7783/7783/ 7853/7853/
f 7782/7782/ 7785/7785/ 7855/7855/
f 7853/7853/ 7782/7782/ 7855/7855/
f 7787/7787/ 7856/7856/ 7855/7855/
f 7785/7785/ 7787/7787/ 7855/7855/
f 7856/7856/ 7787/7787/ 7789/7789/
f 7857/7857/ 7856/7856/ 7789/7789/
f 7790/7790/ 7858/7858/ 7859/7859/
f 7789/7789/ 7790/7790/ 7859/7859/
f 7790/7790/ 7793/7793/ 7860/7860/
f 7861/7861/ 7790/7790/ 7860/7860/
f 7793/7793/ 7795/7795/ 7862/7862/
f 7860/7860/ 7793/7793/ 7862/7862/
f 7797/7797/ 7863/7863/ 7864/7864/
f 7798/7798/ 7797/7797/ 7864/7864/
f 7863/7863/ 7797/7797/ 7801/7801/
f 7865/7865/ 7863/7863/ 7801/7801/
f 7805/7805/ 7866/7866/ 7867/7867/
f 7801/7801/ 7805/7805/ 7867/7867/
f 7805/7805/ 7804/7804/ 7868/7868/
f 7869/7869/ 7805/7805/ 7868/7868/
f 7804/7804/ 7745/7745/ 7828/7828/
f 7868/7868/ 7804/7804/ 7828/7828/
f 7870/7870/ 7477/7477/ 7497/7497/
f 7871/7871/ 7870/7870/ 7497/7497/
f 7871/7871/ 7497/7497/ 7482/7482/
f 7872/7872/ 7871/7871/ 7482/7482/
f 7479/7479/ 7873/7873/ 7872/7872/
f 7482/7482/ 7479/7479/ 7872/7872/
f 7873/7873/ 7479/7479/ 7478/7478/
f 7874/7874/ 7873/7873/ 7478/7478/
f 7874/7874/ 7478/7478/ 7519/7519/
f 7875/7875/ 7874/7874/ 7519/7519/
f 7876/7876/ 7875/7875/ 7519/7519/
f 7537/7537/ 7876/7876/ 7519/7519/
f 7876/7876/ 7537/7537/ 7524/7524/
f 7877/7877/ 7876/7876/ 7524/7524/
f 7520/7520/ 7878/7878/ 7877/7877/
f 7524/7524/ 7520/7520/ 7877/7877/
f 7878/7878/ 7520/7520/ 7523/7523/
f 7879/7879/ 7878/7878/ 7523/7523/
f 7879/7879/ 7523/7523/ 7669/7669/
f 7880/7880/ 7879/7879/ 7669/7669/
f 7881/7881/ 7880/7880/ 7669/7669/
f 7687/7687/ 7881/7881/ 7669/7669/
f 7881/7881/ 7687/7687/ 7674/7674/
f 7882/7882/ 7881/7881/ 7674/7674/
f 7671/7671/ 7883/7883/ 7882/7882/
f 7674/7674/ 7671/7671/ 7882/7882/
f 7883/7883/ 7671/7671/ 7670/7670/
f 7884/7884/ 7883/7883/ 7670/7670/
f 7885/7885/ 7713/7713/ 7712/7712/
f 7886/7886/ 7885/7885/ 7712/7712/
f 7887/7887/ 7886/7886/ 7712/7712/
f 7737/7737/ 7887/7887/ 7712/7712/
f 7887/7887/ 7737/7737/ 7720/7720/
f 7888/7888/ 7887/7887/ 7720/7720/
f 7718/7718/ 7889/7889/ 7888/7888/
f 7720/7720/ 7718/7718/ 7888/7888/
f 7889/7889/ 7718/7718/ 7566/7566/
f 7890/7890/ 7889/7889/ 7566/7566/
f 7890/7890/ 7566/7566/ 7569/7569/
f 7891/7891/ 7890/7890/ 7569/7569/
f 7892/7892/ 7891/7891/ 7569/7569/
f 7597/7597/ 7892/7892/ 7569/7569/
f 7892/7892/ 7597/7597/ 7578/7578/
f 7893/7893/ 7892/7892/ 7578/7578/
f 7575/7575/ 7894/7894/ 7893/7893/
f 7578/7578/ 7575/7575/ 7893/7893/
f 7894/7894/ 7575/7575/ 7574/7574/
f 7895/7895/ 7894/7894/ 7574/7574/
f 7896/7896/ 7895/7895/ 7574/7574/
f 7621/7621/ 7896/7896/ 7574/7574/
f 7897/7897/ 7896/7896/ 7621/7621/
f 7647/7647/ 7897/7897/ 7621/7621/
f 7897/7897/ 7647/7647/ 7630/7630/
f 7898/7898/ 7897/7897/ 7630/7630/
f 7626/7626/ 7899/7899/ 7898/7898/
f 7630/7630/ 7626/7626/ 7898/7898/
f 7899/7899/ 7626/7626/ 7629/7629/
f 7900/7900/ 7899/7899/ 7629/7629/
f 7901/7901/ 7474/7474/ 7477/7477/
f 7870/7870/ 7901/7901/ 7477/7477/
f 7505/7505/ 7504/7504/ 7902/7902/
f 7903/7903/ 7505/7505/ 7902/7902/
f 7507/7507/ 7904/7904/ 7902/7902/
f 7504/7504/ 7507/7507/ 7902/7902/
f 7507/7507/ 7539/7539/ 7905/7905/
f 7904/7904/ 7507/7507/ 7905/7905/
f 7539/7539/ 7508/7508/ 7906/7906/
f 7905/7905/ 7539/7539/ 7906/7906/
f 7456/7456/ 7907/7907/ 7906/7906/
f 7508/7508/ 7456/7456/ 7906/7906/
f 7455/7455/ 7908/7908/ 7907/7907/
f 7456/7456/ 7455/7455/ 7907/7907/
f 7459/7459/ 7909/7909/ 7908/7908/
f 7455/7455/ 7459/7459/ 7908/7908/
f 7498/7498/ 7910/7910/ 7909/7909/
f 7459/7459/ 7498/7498/ 7909/7909/
f 7498/7498/ 7462/7462/ 7911/7911/
f 7910/7910/ 7498/7498/ 7911/7911/
f 7461/7461/ 7912/7912/ 7911/7911/
f 7462/7462/ 7461/7461/ 7911/7911/
f 7603/7603/ 7913/7913/ 7914/7914/
f 7604/7604/ 7603/7603/ 7914/7914/
f 7607/7607/ 7915/7915/ 7913/7913/
f 7603/7603/ 7607/7607/ 7913/7913/
f 7649/7649/ 7916/7916/ 7915/7915/
f 7607/7607/ 7649/7649/ 7915/7915/
f 7649/7649/ 7609/7609/ 7917/7917/
f 7916/7916/ 7649/7649/ 7917/7917/
f 7609/7609/ 7544/7544/ 7918/7918/
f 7917/7917/ 7609/7609/ 7918/7918/
f 7543/7543/ 7919/7919/ 7918/7918/
f 7544/7544/ 7543/7543/ 7918/7918/
f 7547/7547/ 7920/7920/ 7919/7919/
f 7543/7543/ 7547/7547/ 7919/7919/
f 7599/7599/ 7921/7921/ 7920/7920/
f 7547/7547/ 7599/7599/ 7920/7920/
f 7599/7599/ 7550/7550/ 7922/7922/
f 7921/7921/ 7599/7599/ 7922/7922/
f 7549/7549/ 7923/7923/ 7922/7922/
f 7550/7550/ 7549/7549/ 7922/7922/
f 7693/7693/ 7924/7924/ 7923/7923/
f 7549/7549/ 7693/7693/ 7923/7923/
f 7695/7695/ 7925/7925/ 7924/7924/
f 7693/7693/ 7695/7695/ 7924/7924/
f 7739/7739/ 7926/7926/ 7925/7925/
f 7695/7695/ 7739/7739/ 7925/7925/
f 7739/7739/ 7698/7698/ 7927/7927/
f 7926/7926/ 7739/7739/ 7927/7927/
f 7697/7697/ 7928/7928/ 7927/7927/
f 7698/7698/ 7697/7697/ 7927/7927/
f 7653/7653/ 7929/7929/ 7930/7930/
f 7654/7654/ 7653/7653/ 7930/7930/
f 7657/7657/ 7931/7931/ 7929/7929/
f 7653/7653/ 7657/7657/ 7929/7929/
f 7657/7657/ 7689/7689/ 7932/7932/
f 7931/7931/ 7657/7657/ 7932/7932/
f 7689/7689/ 7659/7659/ 7933/7933/
f 7932/7932/ 7689/7689/ 7933/7933/
f 7659/7659/ 7505/7505/ 7903/7903/
f 7933/7933/ 7659/7659/ 7903/7903/
f 7934/7934/ 7935/7935/ 7870/7870/
f 7871/7871/ 7934/7934/ 7870/7870/
f 7934/7934/ 7871/7871/ 7872/7872/
f 7936/7936/ 7934/7934/ 7872/7872/
f 7873/7873/ 7937/7937/ 7936/7936/
f 7872/7872/ 7873/7873/ 7936/7936/
f 7937/7937/ 7873/7873/ 7874/7874/
f 7938/7938/ 7937/7937/ 7874/7874/
f 7938/7938/ 7874/7874/ 7875/7875/
f 7939/7939/ 7938/7938/ 7875/7875/
f 7940/7940/ 7939/7939/ 7875/7875/
f 7876/7876/ 7940/7940/ 7875/7875/
f 7940/7940/ 7876/7876/ 7877/7877/
f 7941/7941/ 7940/7940/ 7877/7877/
f 7878/7878/ 7942/7942/ 7941/7941/
f 7877/7877/ 7878/7878/ 7941/7941/
f 7942/7942/ 7878/7878/ 7879/7879/
f 7943/7943/ 7942/7942/ 7879/7879/
f 7943/7943/ 7879/7879/ 7880/7880/
f 7944/7944/ 7943/7943/ 7880/7880/
f 7945/7945/ 7944/7944/ 7880/7880/
f 7881/7881/ 7945/7945/ 7880/7880/
f 7945/7945/ 7881/7881/ 7882/7882/
f 7946/7946/ 7945/7945/ 7882/7882/
f 7883/7883/ 7947/7947/ 7946/7946/
f 7882/7882/ 7883/7883/ 7946/7946/
f 7947/7947/ 7883/7883/ 7884/7884/
f 7948/7948/ 7947/7947/ 7884/7884/
f 7949/7949/ 7885/7885/ 7886/7886/
f 7950/7950/ 7949/7949/ 7886/7886/
f 7951/7951/ 7950/7950/ 7886/7886/
f 7887/7887/ 7951/7951/ 7886/7886/
f 7951/7951/ 7887/7887/ 7888/7888/
f 7952/7952/ 7951/7951/ 7888/7888/
f 7889/7889/ 7953/7953/ 7952/7952/
f 7888/7888/ 7889/7889/ 7952/7952/
f 7953/7953/ 7889/7889/ 7890/7890/
f 7954/7954/ 7953/7953/ 7890/7890/
f 7954/7954/ 7890/7890/ 7891/7891/
f 7955/7955/ 7954/7954/ 7891/7891/
f 7956/7956/ 7955/7955/ 7891/7891/
f 7892/7892/ 7956/7956/ 7891/7891/
f 7956/7956/ 7892/7892/ 7893/7893/
f 7957/7957/ 7956/7956/ 7893/7893/
f 7894/7894/ 7958/7958/ 7957/7957/
f 7893/7893/ 7894/7894/ 7957/7957/
f 7958/7958/ 7894/7894/ 7895/7895/
f 7959/7959/ 7958/7958/ 7895/7895/
f 7960/7960/ 7959/7959/ 7895/7895/
f 7896/7896/ 7960/7960/ 7895/7895/
f 7961/7961/ 7960/7960/ 7896/7896/
f 7897/7897/ 7961/7961/ 7896/7896/
f 7961/7961/ 7897/7897/ 7898/7898/
f 7962/7962/ 7961/7961/ 7898/7898/
f 7899/7899/ 7963/7963/ 7962/7962/
f 7898/7898/ 7899/7899/ 7962/7962/
f 7963/7963/ 7899/7899/ 7900/7900/
f 7964/7964/ 7963/7963/ 7900/7900/
f 7965/7965/ 7901/7901/ 7870/7870/
f 7935/7935/ 7965/7965/ 7870/7870/
f 7966/7966/ 7910/7910/ 7911/7911/
f 7967/7967/ 7966/7966/ 7911/7911/
f 7910/7910/ 7966/7966/ 7968/7968/
f 7909/7909/ 7910/7910/ 7968/7968/
f 7969/7969/ 7908/7908/ 7909/7909/
f 7968/7968/ 7969/7969/ 7909/7909/
f 7908/7908/ 7969/7969/ 7970/7970/
f 7907/7907/ 7908/7908/ 7970/7970/
f 7907/7907/ 7970/7970/ 7971/7971/
f 7906/7906/ 7907/7907/ 7971/7971/
f 7905/7905/ 7906/7906/ 7971/7971/
f 7972/7972/ 7905/7905/ 7971/7971/
f 7905/7905/ 7972/7972/ 7973/7973/
f 7904/7904/ 7905/7905/ 7973/7973/
f 7974/7974/ 7902/7902/ 7904/7904/
f 7973/7973/ 7974/7974/ 7904/7904/
f 7902/7902/ 7974/7974/ 7975/7975/
f 7903/7903/ 7902/7902/ 7975/7975/
f 7903/7903/ 7975/7975/ 7976/7976/
f 7933/7933/ 7903/7903/ 7976/7976/
f 7932/7932/ 7933/7933/ 7976/7976/
f 7977/7977/ 7932/7932/ 7976/7976/
f 7932/7932/ 7977/7977/ 7978/7978/
f 7931/7931/ 7932/7932/ 7978/7978/
f 7979/7979/ 7929/7929/ 7931/7931/
f 7978/7978/ 7979/7979/ 7931/7931/
f 7929/7929/ 7979/7979/ 7980/7980/
f 7930/7930/ 7929/7929/ 7980/7980/
f 7928/7928/ 7981/7981/ 7982/7982/
f 7927/7927/ 7928/7928/ 7982/7982/
f 7926/7926/ 7927/7927/ 7982/7982/
f 7983/7983/ 7926/7926/ 7982/7982/
f 7926/7926/ 7983/7983/ 7984/7984/
f 7925/7925/ 7926/7926/ 7984/7984/
f 7985/7985/ 7924/7924/ 7925/7925/
f 7984/7984/ 7985/7985/ 7925/7925/
f 7924/7924/ 7985/7985/ 7986/7986/
f 7923/7923/ 7924/7924/ 7986/7986/
f 7923/7923/ 7986/7986/ 7987/7987/
f 7922/7922/ 7923/7923/ 7987/7987/
f 7921/7921/ 7922/7922/ 7987/7987/
f 7988/7988/ 7921/7921/ 7987/7987/
f 7921/7921/ 7988/7988/ 7989/7989/
f 7920/7920/ 7921/7921/ 7989/7989/
f 7990/7990/ 7919/7919/ 7920/7920/
f 7989/7989/ 7990/7990/ 7920/7920/
f 7919/7919/ 7990/7990/ 7991/7991/
f 7918/7918/ 7919/7919/ 7991/7991/
f 7917/7917/ 7918/7918/ 7991/7991/
f 7992/7992/ 7917/7917/ 7991/7991/
f 7993/7993/ 7917/7917/ 7992/7992/
f 7994/7994/ 7993/7993/ 7992/7992/
f 7993/7993/ 7994/7994/ 7995/7995/
f 7915/7915/ 7993/7993/ 7995/7995/
f 7996/7996/ 7913/7913/ 7915/7915/
f 7995/7995/ 7996/7996/ 7915/7915/
f 7913/7913/ 7996/7996/ 7997/7997/
f 7914/7914/ 7913/7913/ 7997/7997/
f 7912/7912/ 7998/7998/ 7967/7967/
f 7911/7911/ 7912/7912/ 7967/7967/
f 7999/7999/ 8000/8000/ 8001/8001/
f 8002/8002/ 7999/7999/ 8001/8001/
f 8003/8003/ 8004/8004/ 8005/8005/
f 8006/8006/ 8003/8003/ 8005/8005/
f 8007/8007/ 8008/8008/ 8009/8009/
f 8010/8010/ 8007/8007/ 8009/8009/
f 8007/8007/ 8010/8010/ 8000/8000/
f 7999/7999/ 8007/8007/ 8000/8000/
f 8011/8011/ 8012/8012/ 8005/8005/
f 8004/8004/ 8011/8011/ 8005/8005/
f 8013/8013/ 8014/8014/ 8015/8015/
f 8016/8016/ 8013/8013/ 8015/8015/
f 8017/8017/ 8018/8018/ 8019/8019/
f 8020/8020/ 8017/8017/ 8019/8019/
f 8017/8017/ 8020/8020/ 8012/8012/
f 8011/8011/ 8017/8017/ 8012/8012/
f 8021/8021/ 8022/8022/ 8023/8023/
f 8024/8024/ 8021/8021/ 8023/8023/
f 8025/8025/ 8026/8026/ 8027/8027/
f 8028/8028/ 8025/8025/ 8027/8027/
f 8029/8029/ 8030/8030/ 8031/8031/
f 8032/8032/ 8029/8029/ 8031/8031/
f 8029/8029/ 8032/8032/ 8022/8022/
f 8021/8021/ 8029/8029/ 8022/8022/
f 8033/8033/ 8034/8034/ 8027/8027/
f 8026/8026/ 8033/8033/ 8027/8027/
f 8035/8035/ 8036/8036/ 8037/8037/
f 8038/8038/ 8035/8035/ 8037/8037/
f 8039/8039/ 8040/8040/ 8041/8041/
f 8042/8042/ 8039/8039/ 8041/8041/
f 8039/8039/ 8042/8042/ 8034/8034/
f 8033/8033/ 8039/8039/ 8034/8034/
f 8043/8043/ 8044/8044/ 8015/8015/
f 8014/8014/ 8043/8043/ 8015/8015/
f 8045/8045/ 8046/8046/ 8047/8047/
f 8048/8048/ 8045/8045/ 8047/8047/
f 8049/8049/ 8050/8050/ 8051/8051/
f 8052/8052/ 8049/8049/ 8051/8051/
f 8049/8049/ 8052/8052/ 8044/8044/
f 8043/8043/ 8049/8049/ 8044/8044/
f 8053/8053/ 8054/8054/ 8047/8047/
f 8046/8046/ 8053/8053/ 8047/8047/
f 8055/8055/ 8024/8024/ 8023/8023/
f 8056/8056/ 8055/8055/ 8023/8023/
f 8057/8057/ 8058/8058/ 8059/8059/
f 8060/8060/ 8057/8057/ 8059/8059/
f 8060/8060/ 8059/8059/ 8054/8054/
f 8053/8053/ 8060/8060/ 8054/8054/
f 8057/8057/ 8055/8055/ 8056/8056/
f 8058/8058/ 8057/8057/ 8056/8056/
f 8030/8030/ 8025/8025/ 8028/8028/
f 8031/8031/ 8030/8030/ 8028/8028/
f 8040/8040/ 8035/8035/ 8038/8038/
f 8041/8041/ 8040/8040/ 8038/8038/
f 8008/8008/ 8003/8003/ 8006/8006/
f 8009/8009/ 8008/8008/ 8006/8006/
f 8018/8018/ 8013/8013/ 8016/8016/
f 8019/8019/ 8018/8018/ 8016/8016/
f 8050/8050/ 8045/8045/ 8048/8048/
f 8051/8051/ 8050/8050/ 8048/8048/
f 8061/8061/ 8062/8062/ 8063/8063/
f 8064/8064/ 8061/8061/ 8063/8063/
f 8061/8061/ 8065/8065/ 8066/8066/
f 8062/8062/ 8061/8061/ 8066/8066/
f 8067/8067/ 8068/8068/ 8066/8066/
f 8065/8065/ 8067/8067/ 8066/8066/
f 8069/8069/ 8070/8070/ 8068/8068/
f 8067/8067/ 8069/8069/ 8068/8068/
f 8071/8071/ 8070/8070/ 8069/8069/
f 8072/8072/ 8071/8071/ 8069/8069/
f 8073/8073/ 8074/8074/ 8071/8071/
f 8072/8072/ 8073/8073/ 8071/8071/
f 8073/8073/ 8075/8075/ 8076/8076/
f 8074/8074/ 8073/8073/ 8076/8076/
f 8077/8077/ 8078/8078/ 8076/8076/
f 8075/8075/ 8077/8077/ 8076/8076/
f 8079/8079/ 8080/8080/ 8078/8078/
f 8077/8077/ 8079/8079/ 8078/8078/
f 8081/8081/ 8082/8082/ 8080/8080/
f 8079/8079/ 8081/8081/ 8080/8080/
f 8081/8081/ 8083/8083/ 8084/8084/
f 8082/8082/ 8081/8081/ 8084/8084/
f 8083/8083/ 8085/8085/ 8086/8086/
f 8084/8084/ 8083/8083/ 8086/8086/
f 8087/8087/ 8088/8088/ 8086/8086/
f 8085/8085/ 8087/8087/ 8086/8086/
f 8089/8089/ 8090/8090/ 8088/8088/
f 8087/8087/ 8089/8089/ 8088/8088/
f 8091/8091/ 8092/8092/ 8090/8090/
f 8089/8089/ 8091/8091/ 8090/8090/
f 8093/8093/ 8094/8094/ 8095/8095/
f 8096/8096/ 8093/8093/ 8095/8095/
f 8093/8093/ 8097/8097/ 8098/8098/
f 8094/8094/ 8093/8093/ 8098/8098/
f 8099/8099/ 8100/8100/ 8098/8098/
f 8097/8097/ 8099/8099/ 8098/8098/
f 8101/8101/ 8102/8102/ 8100/8100/
f 8099/8099/ 8101/8101/ 8100/8100/
f 8103/8103/ 8104/8104/ 8102/8102/
f 8101/8101/ 8103/8103/ 8102/8102/
f 8103/8103/ 8105/8105/ 8106/8106/
f 8104/8104/ 8103/8103/ 8106/8106/
f 8105/8105/ 8107/8107/ 8108/8108/
f 8106/8106/ 8105/8105/ 8108/8108/
f 8109/8109/ 8110/8110/ 8108/8108/
f 8107/8107/ 8109/8109/ 8108/8108/
f 8111/8111/ 8112/8112/ 8110/8110/
f 8109/8109/ 8111/8111/ 8110/8110/
f 8111/8111/ 8113/8113/ 8114/8114/
f 8112/8112/ 8111/8111/ 8114/8114/
f 8115/8115/ 8116/8116/ 8114/8114/
f 8113/8113/ 8115/8115/ 8114/8114/
f 8115/8115/ 8117/8117/ 8118/8118/
f 8116/8116/ 8115/8115/ 8118/8118/
f 8119/8119/ 8120/8120/ 8121/8121/
f 8122/8122/ 8119/8119/ 8121/8121/
f 8123/8123/ 8124/8124/ 8125/8125/
f 8126/8126/ 8123/8123/ 8125/8125/
f 8127/8127/ 8128/8128/ 8129/8129/
f 8130/8130/ 8127/8127/ 8129/8129/
f 8131/8131/ 8132/8132/ 8133/8133/
f 8134/8134/ 8131/8131/ 8133/8133/
f 8135/8135/ 8136/8136/ 8137/8137/
f 8138/8138/ 8135/8135/ 8137/8137/
f 8139/8139/ 8140/8140/ 8141/8141/
f 8142/8142/ 8139/8139/ 8141/8141/
f 8143/8143/ 8144/8144/ 8145/8145/
f 8146/8146/ 8143/8143/ 8145/8145/
f 8147/8147/ 8148/8148/ 8149/8149/
f 8150/8150/ 8147/8147/ 8149/8149/
f 8151/8151/ 8147/8147/ 8150/8150/
f 8152/8152/ 8151/8151/ 8150/8150/
f 8128/8128/ 8153/8153/ 8154/8154/
f 8129/8129/ 8128/8128/ 8154/8154/
f 8155/8155/ 8156/8156/ 8124/8124/
f 8123/8123/ 8155/8155/ 8124/8124/
f 8157/8157/ 8147/8147/ 8151/8151/
f 8158/8158/ 8157/8157/ 8151/8151/
f 8159/8159/ 8148/8148/ 8147/8147/
f 8157/8157/ 8159/8159/ 8147/8147/
f 8144/8144/ 8143/8143/ 8160/8160/
f 8161/8161/ 8144/8144/ 8160/8160/
f 8146/8146/ 8145/8145/ 8162/8162/
f 8163/8163/ 8146/8146/ 8162/8162/
f 8152/8152/ 8150/8150/ 8164/8164/
f 8165/8165/ 8152/8152/ 8164/8164/
f 8150/8150/ 8149/8149/ 8166/8166/
f 8164/8164/ 8150/8150/ 8166/8166/
f 8130/8130/ 8129/8129/ 8164/8164/
f 8166/8166/ 8130/8130/ 8164/8164/
f 8129/8129/ 8154/8154/ 8165/8165/
f 8164/8164/ 8129/8129/ 8165/8165/
f 8163/8163/ 8162/8162/ 8141/8141/
f 8140/8140/ 8163/8163/ 8141/8141/
f 8167/8167/ 8168/8168/ 8128/8128/
f 8127/8127/ 8167/8167/ 8128/8128/
f 8168/8168/ 8169/8169/ 8153/8153/
f 8128/8128/ 8168/8168/ 8153/8153/
f 8170/8170/ 8139/8139/ 8142/8142/
f 8171/8171/ 8170/8170/ 8142/8142/
f 8120/8120/ 8123/8123/ 8126/8126/
f 8121/8121/ 8120/8120/ 8126/8126/
f 8132/8132/ 8138/8138/ 8137/8137/
f 8133/8133/ 8132/8132/ 8137/8137/
f 8172/8172/ 8173/8173/ 8174/8174/
f 8175/8175/ 8172/8172/ 8174/8174/
f 8174/8174/ 8176/8176/ 8177/8177/
f 8175/8175/ 8174/8174/ 8177/8177/
f 8176/8176/ 8178/8178/ 8179/8179/
f 8177/8177/ 8176/8176/ 8179/8179/
f 8180/8180/ 8181/8181/ 8182/8182/
f 8183/8183/ 8180/8180/ 8182/8182/
f 8183/8183/ 8182/8182/ 8184/8184/
f 8185/8185/ 8183/8183/ 8184/8184/
f 8184/8184/ 8186/8186/ 8187/8187/
f 8185/8185/ 8184/8184/ 8187/8187/
f 8188/8188/ 8187/8187/ 8186/8186/
f 8189/8189/ 8188/8188/ 8186/8186/
f 8190/8190/ 8188/8188/ 8189/8189/
f 8191/8191/ 8190/8190/ 8189/8189/
f 8192/8192/ 8190/8190/ 8191/8191/
f 8193/8193/ 8192/8192/ 8191/8191/
f 8122/8122/ 8121/8121/ 8174/8174/
f 8173/8173/ 8122/8122/ 8174/8174/
f 8176/8176/ 8174/8174/ 8121/8121/
f 8126/8126/ 8176/8176/ 8121/8121/
f 8125/8125/ 8178/8178/ 8176/8176/
f 8126/8126/ 8125/8125/ 8176/8176/
f 8167/8167/ 8127/8127/ 8182/8182/
f 8181/8181/ 8167/8167/ 8182/8182/
f 8130/8130/ 8184/8184/ 8182/8182/
f 8127/8127/ 8130/8130/ 8182/8182/
f 8186/8186/ 8184/8184/ 8130/8130/
f 8166/8166/ 8186/8186/ 8130/8130/
f 8149/8149/ 8189/8189/ 8186/8186/
f 8166/8166/ 8149/8149/ 8186/8186/
f 8148/8148/ 8191/8191/ 8189/8189/
f 8149/8149/ 8148/8148/ 8189/8189/
f 8193/8193/ 8191/8191/ 8148/8148/
f 8159/8159/ 8193/8193/ 8148/8148/
f 8134/8134/ 8133/8133/ 8194/8194/
f 8195/8195/ 8134/8134/ 8194/8194/
f 8196/8196/ 8194/8194/ 8133/8133/
f 8137/8137/ 8196/8196/ 8133/8133/
f 8136/8136/ 8197/8197/ 8196/8196/
f 8137/8137/ 8136/8136/ 8196/8196/
f 8171/8171/ 8142/8142/ 8198/8198/
f 8199/8199/ 8171/8171/ 8198/8198/
f 8142/8142/ 8141/8141/ 8200/8200/
f 8198/8198/ 8142/8142/ 8200/8200/
f 8162/8162/ 8201/8201/ 8200/8200/
f 8141/8141/ 8162/8162/ 8200/8200/
f 8202/8202/ 8201/8201/ 8162/8162/
f 8145/8145/ 8202/8202/ 8162/8162/
f 8144/8144/ 8203/8203/ 8202/8202/
f 8145/8145/ 8144/8144/ 8202/8202/
f 8161/8161/ 8204/8204/ 8203/8203/
f 8144/8144/ 8161/8161/ 8203/8203/
f 8195/8195/ 8194/8194/ 8205/8205/
f 8206/8206/ 8195/8195/ 8205/8205/
f 8194/8194/ 8196/8196/ 8207/8207/
f 8205/8205/ 8194/8194/ 8207/8207/
f 8196/8196/ 8197/8197/ 8208/8208/
f 8207/8207/ 8196/8196/ 8208/8208/
f 8199/8199/ 8198/8198/ 8209/8209/
f 8210/8210/ 8199/8199/ 8209/8209/
f 8198/8198/ 8200/8200/ 8211/8211/
f 8209/8209/ 8198/8198/ 8211/8211/
f 8211/8211/ 8200/8200/ 8201/8201/
f 8212/8212/ 8211/8211/ 8201/8201/
f 8213/8213/ 8212/8212/ 8201/8201/
f 8202/8202/ 8213/8213/ 8201/8201/
f 8214/8214/ 8213/8213/ 8202/8202/
f 8203/8203/ 8214/8214/ 8202/8202/
f 8204/8204/ 8215/8215/ 8214/8214/
f 8203/8203/ 8204/8204/ 8214/8214/
f 8216/8216/ 8155/8155/ 8123/8123/
f 8120/8120/ 8216/8216/ 8123/8123/
f 8119/8119/ 8217/8217/ 8216/8216/
f 8120/8120/ 8119/8119/ 8216/8216/
f 8215/8215/ 8218/8218/ 8219/8219/
f 8214/8214/ 8215/8215/ 8219/8219/
f 8219/8219/ 8220/8220/ 8213/8213/
f 8214/8214/ 8219/8219/ 8213/8213/
f 8220/8220/ 8221/8221/ 8212/8212/
f 8213/8213/ 8220/8220/ 8212/8212/
f 8222/8222/ 8211/8211/ 8212/8212/
f 8221/8221/ 8222/8222/ 8212/8212/
f 8209/8209/ 8211/8211/ 8222/8222/
f 8223/8223/ 8209/8209/ 8222/8222/
f 8210/8210/ 8209/8209/ 8223/8223/
f 8224/8224/ 8210/8210/ 8223/8223/
f 8207/8207/ 8208/8208/ 8225/8225/
f 8226/8226/ 8207/8207/ 8225/8225/
f 8207/8207/ 8226/8226/ 8227/8227/
f 8205/8205/ 8207/8207/ 8227/8227/
f 8206/8206/ 8205/8205/ 8227/8227/
f 8228/8228/ 8206/8206/ 8227/8227/
f 8179/8179/ 8178/8178/ 8181/8181/
f 8180/8180/ 8179/8179/ 8181/8181/
f 8167/8167/ 8181/8181/ 8178/8178/
f 8125/8125/ 8167/8167/ 8178/8178/
f 8124/8124/ 8168/8168/ 8167/8167/
f 8125/8125/ 8124/8124/ 8167/8167/
f 8156/8156/ 8169/8169/ 8168/8168/
f 8124/8124/ 8156/8156/ 8168/8168/
f 8225/8225/ 8208/8208/ 8210/8210/
f 8224/8224/ 8225/8225/ 8210/8210/
f 8208/8208/ 8197/8197/ 8199/8199/
f 8210/8210/ 8208/8208/ 8199/8199/
f 8171/8171/ 8199/8199/ 8197/8197/
f 8136/8136/ 8171/8171/ 8197/8197/
f 8170/8170/ 8171/8171/ 8136/8136/
f 8135/8135/ 8170/8170/ 8136/8136/
f 8229/8229/ 8230/8230/ 8231/8231/
f 8232/8232/ 8229/8229/ 8231/8231/
f 8233/8233/ 8234/8234/ 8231/8231/
f 8234/8234/ 8232/8232/ 8231/8231/
f 8229/8229/ 8235/8235/ 8230/8230/
f 8236/8236/ 8237/8237/ 8238/8238/
f 8239/8239/ 8240/8240/ 8241/8241/
f 8242/8242/ 8243/8243/ 8244/8244/
f 8243/8243/ 8245/8245/ 8244/8244/
f 8246/8246/ 8247/8247/ 8244/8244/
f 8245/8245/ 8246/8246/ 8244/8244/
f 8239/8239/ 8241/8241/ 8248/8248/
f 8249/8249/ 8239/8239/ 8248/8248/
f 8237/8237/ 8250/8250/ 8251/8251/
f 8238/8238/ 8237/8237/ 8251/8251/
f 8233/8233/ 8231/8231/ 8247/8247/
f 8252/8252/ 8233/8233/ 8247/8247/
f 8253/8253/ 8249/8249/ 8248/8248/
f 8250/8250/ 8254/8254/ 8251/8251/
f 8255/8255/ 8248/8248/ 8256/8256/
f 8257/8257/ 8255/8255/ 8256/8256/
f 8242/8242/ 8244/8244/ 8258/8258/
f 8259/8259/ 8242/8242/ 8258/8258/
f 8260/8260/ 8261/8261/ 8262/8262/
f 8263/8263/ 8264/8264/ 8256/8256/
f 8265/8265/ 8260/8260/ 8262/8262/
f 8254/8254/ 8266/8266/ 8251/8251/
f 8255/8255/ 8253/8253/ 8248/8248/
f 8266/8266/ 8265/8265/ 8262/8262/
f 8251/8251/ 8266/8266/ 8262/8262/
f 8264/8264/ 8257/8257/ 8256/8256/
f 8246/8246/ 8267/8267/ 8247/8247/
f 8267/8267/ 8252/8252/ 8247/8247/
f 8268/8268/ 8269/8269/ 8270/8270/
f 8271/8271/ 8268/8268/ 8270/8270/
f 8272/8272/ 8273/8273/ 8274/8274/
f 8275/8275/ 8272/8272/ 8274/8274/
f 8276/8276/ 8277/8277/ 8278/8278/
f 8279/8279/ 8276/8276/ 8278/8278/
f 8280/8280/ 8281/8281/ 8282/8282/
f 8283/8283/ 8280/8280/ 8282/8282/
f 8269/8269/ 8284/8284/ 8285/8285/
f 8286/8286/ 8269/8269/ 8285/8285/
f 8287/8287/ 8288/8288/ 8289/8289/
f 8290/8290/ 8287/8287/ 8289/8289/
f 8291/8291/ 8292/8292/ 8293/8293/
f 8294/8294/ 8291/8291/ 8293/8293/
f 8295/8295/ 8296/8296/ 8277/8277/
f 8297/8297/ 8295/8295/ 8277/8277/
f 8298/8298/ 8299/8299/ 8300/8300/
f 8301/8301/ 8298/8298/ 8300/8300/
f 8302/8302/ 8294/8294/ 8293/8293/
f 8303/8303/ 8302/8302/ 8293/8293/
f 8304/8304/ 8305/8305/ 8306/8306/
f 8307/8307/ 8304/8304/ 8306/8306/
f 8308/8308/ 8305/8305/ 8304/8304/
f 8309/8309/ 8308/8308/ 8304/8304/
f 8310/8310/ 8311/8311/ 8312/8312/
f 8313/8313/ 8310/8310/ 8312/8312/
f 8311/8311/ 8314/8314/ 8315/8315/
f 8312/8312/ 8311/8311/ 8315/8315/
f 8316/8316/ 8317/8317/ 8318/8318/
f 8319/8319/ 8316/8316/ 8318/8318/
f 8319/8319/ 8318/8318/ 8320/8320/
f 8321/8321/ 8319/8319/ 8320/8320/
f 8322/8322/ 8323/8323/ 8324/8324/
f 8325/8325/ 8322/8322/ 8324/8324/
f 8326/8326/ 8327/8327/ 8328/8328/
f 8329/8329/ 8326/8326/ 8328/8328/
f 8330/8330/ 8331/8331/ 8332/8332/
f 8333/8333/ 8330/8330/ 8332/8332/
f 8334/8334/ 8335/8335/ 8336/8336/
f 8337/8337/ 8334/8334/ 8336/8336/
f 8338/8338/ 8339/8339/ 8340/8340/
f 8341/8341/ 8338/8338/ 8340/8340/
f 8342/8342/ 8343/8343/ 8344/8344/
f 8345/8345/ 8342/8342/ 8344/8344/
f 8346/8346/ 8347/8347/ 8348/8348/
f 8349/8349/ 8346/8346/ 8348/8348/
f 8350/8350/ 8351/8351/ 8352/8352/
f 8353/8353/ 8350/8350/ 8352/8352/
f 8354/8354/ 8355/8355/ 8356/8356/
f 8357/8357/ 8354/8354/ 8356/8356/
f 8358/8358/ 8359/8359/ 8360/8360/
f 8361/8361/ 8358/8358/ 8360/8360/
f 8362/8362/ 8363/8363/ 8356/8356/
f 8355/8355/ 8362/8362/ 8356/8356/
f 8364/8364/ 8359/8359/ 8358/8358/
f 8365/8365/ 8364/8364/ 8358/8358/
f 8366/8366/ 8367/8367/ 8368/8368/
f 8369/8369/ 8366/8366/ 8368/8368/
f 8370/8370/ 8371/8371/ 8372/8372/
f 8373/8373/ 8370/8370/ 8372/8372/
f 8374/8374/ 8375/8375/ 8376/8376/
f 8377/8377/ 8374/8374/ 8376/8376/
f 8378/8378/ 8379/8379/ 8380/8380/
f 8381/8381/ 8378/8378/ 8380/8380/
f 8382/8382/ 8357/8357/ 8356/8356/
f 8363/8363/ 8382/8382/ 8356/8356/
f 8358/8358/ 8361/8361/ 8383/8383/
f 8365/8365/ 8358/8358/ 8383/8383/
f 8384/8384/ 8357/8357/ 8382/8382/
f 8385/8385/ 8384/8384/ 8382/8382/
f 8383/8383/ 8361/8361/ 8386/8386/
f 8387/8387/ 8383/8383/ 8386/8386/
f 8377/8377/ 8378/8378/ 8381/8381/
f 8374/8374/ 8377/8377/ 8381/8381/
f 8337/8337/ 8336/8336/ 8350/8350/
f 8353/8353/ 8337/8337/ 8350/8350/
f 8333/8333/ 8338/8338/ 8341/8341/
f 8330/8330/ 8333/8333/ 8341/8341/
f 8309/8309/ 8304/8304/ 8388/8388/
f 8321/8321/ 8309/8309/ 8388/8388/
f 8389/8389/ 8388/8388/ 8304/8304/
f 8307/8307/ 8389/8389/ 8304/8304/
f 8303/8303/ 8293/8293/ 8390/8390/
f 8391/8391/ 8303/8303/ 8390/8390/
f 8292/8292/ 8313/8313/ 8390/8390/
f 8293/8293/ 8292/8292/ 8390/8390/
f 8345/8345/ 8344/8344/ 8323/8323/
f 8322/8322/ 8345/8345/ 8323/8323/
f 8327/8327/ 8349/8349/ 8348/8348/
f 8328/8328/ 8327/8327/ 8348/8348/
f 8373/8373/ 8372/8372/ 8367/8367/
f 8366/8366/ 8373/8373/ 8367/8367/
f 8345/8345/ 8348/8348/ 8347/8347/
f 8342/8342/ 8345/8345/ 8347/8347/
f 8322/8322/ 8328/8328/ 8348/8348/
f 8345/8345/ 8322/8322/ 8348/8348/
f 8325/8325/ 8329/8329/ 8328/8328/
f 8322/8322/ 8325/8325/ 8328/8328/
f 8279/8279/ 8278/8278/ 8280/8280/
f 8283/8283/ 8279/8279/ 8280/8280/
f 8300/8300/ 8299/8299/ 8296/8296/
f 8295/8295/ 8300/8300/ 8296/8296/
f 8287/8287/ 8285/8285/ 8284/8284/
f 8288/8288/ 8287/8287/ 8284/8284/
f 8271/8271/ 8275/8275/ 8274/8274/
f 8268/8268/ 8271/8271/ 8274/8274/
f 8331/8331/ 8330/8330/ 8336/8336/
f 8335/8335/ 8331/8331/ 8336/8336/
f 8330/8330/ 8341/8341/ 8350/8350/
f 8336/8336/ 8330/8330/ 8350/8350/
f 8341/8341/ 8340/8340/ 8351/8351/
f 8350/8350/ 8341/8341/ 8351/8351/
f 8392/8392/ 8393/8393/ 8379/8379/
f 8378/8378/ 8392/8392/ 8379/8379/
f 8377/8377/ 8394/8394/ 8392/8392/
f 8378/8378/ 8377/8377/ 8392/8392/
f 8394/8394/ 8377/8377/ 8376/8376/
f 8395/8395/ 8394/8394/ 8376/8376/
f 8355/8355/ 8396/8396/ 8397/8397/
f 8362/8362/ 8355/8355/ 8397/8397/
f 8398/8398/ 8396/8396/ 8355/8355/
f 8354/8354/ 8398/8398/ 8355/8355/
f 8399/8399/ 8360/8360/ 8359/8359/
f 8400/8400/ 8399/8399/ 8359/8359/
f 8401/8401/ 8400/8400/ 8359/8359/
f 8364/8364/ 8401/8401/ 8359/8359/
f 8402/8402/ 8403/8403/ 8368/8368/
f 8367/8367/ 8402/8402/ 8368/8368/
f 8367/8367/ 8372/8372/ 8404/8404/
f 8402/8402/ 8367/8367/ 8404/8404/
f 8404/8404/ 8372/8372/ 8371/8371/
f 8405/8405/ 8404/8404/ 8371/8371/
f 8406/8406/ 8385/8385/ 8382/8382/
f 8407/8407/ 8406/8406/ 8382/8382/
f 8407/8407/ 8382/8382/ 8363/8363/
f 8375/8375/ 8407/8407/ 8363/8363/
f 8375/8375/ 8363/8363/ 8362/8362/
f 8376/8376/ 8375/8375/ 8362/8362/
f 8362/8362/ 8397/8397/ 8395/8395/
f 8376/8376/ 8362/8362/ 8395/8395/
f 8272/8272/ 8275/8275/ 8335/8335/
f 8334/8334/ 8272/8272/ 8335/8335/
f 8331/8331/ 8335/8335/ 8275/8275/
f 8271/8271/ 8331/8331/ 8275/8275/
f 8271/8271/ 8270/8270/ 8332/8332/
f 8331/8331/ 8271/8271/ 8332/8332/
f 8309/8309/ 8408/8408/ 8409/8409/
f 8308/8308/ 8309/8309/ 8409/8409/
f 8408/8408/ 8309/8309/ 8321/8321/
f 8410/8410/ 8408/8408/ 8321/8321/
f 8321/8321/ 8320/8320/ 8411/8411/
f 8410/8410/ 8321/8321/ 8411/8411/
f 8412/8412/ 8310/8310/ 8313/8313/
f 8413/8413/ 8412/8412/ 8313/8313/
f 8414/8414/ 8413/8413/ 8313/8313/
f 8292/8292/ 8414/8414/ 8313/8313/
f 8292/8292/ 8291/8291/ 8415/8415/
f 8414/8414/ 8292/8292/ 8415/8415/
f 8279/8279/ 8325/8325/ 8324/8324/
f 8276/8276/ 8279/8279/ 8324/8324/
f 8325/8325/ 8279/8279/ 8283/8283/
f 8329/8329/ 8325/8325/ 8283/8283/
f 8282/8282/ 8326/8326/ 8329/8329/
f 8283/8283/ 8282/8282/ 8329/8329/
f 8364/8364/ 8368/8368/ 8403/8403/
f 8401/8401/ 8364/8364/ 8403/8403/
f 8365/8365/ 8369/8369/ 8368/8368/
f 8364/8364/ 8365/8365/ 8368/8368/
f 8416/8416/ 8369/8369/ 8365/8365/
f 8383/8383/ 8416/8416/ 8365/8365/
f 8417/8417/ 8416/8416/ 8383/8383/
f 8387/8387/ 8417/8417/ 8383/8383/
f 8410/8410/ 8411/8411/ 8339/8339/
f 8338/8338/ 8410/8410/ 8339/8339/
f 8408/8408/ 8410/8410/ 8338/8338/
f 8333/8333/ 8408/8408/ 8338/8338/
f 8333/8333/ 8332/8332/ 8409/8409/
f 8408/8408/ 8333/8333/ 8409/8409/
f 8270/8270/ 8308/8308/ 8409/8409/
f 8332/8332/ 8270/8270/ 8409/8409/
f 8308/8308/ 8270/8270/ 8269/8269/
f 8305/8305/ 8308/8308/ 8269/8269/
f 8305/8305/ 8269/8269/ 8286/8286/
f 8418/8418/ 8305/8305/ 8286/8286/
f 8297/8297/ 8277/8277/ 8294/8294/
f 8419/8419/ 8297/8297/ 8294/8294/
f 8291/8291/ 8294/8294/ 8277/8277/
f 8276/8276/ 8291/8291/ 8277/8277/
f 8276/8276/ 8324/8324/ 8415/8415/
f 8291/8291/ 8276/8276/ 8415/8415/
f 8415/8415/ 8324/8324/ 8323/8323/
f 8414/8414/ 8415/8415/ 8323/8323/
f 8414/8414/ 8323/8323/ 8344/8344/
f 8413/8413/ 8414/8414/ 8344/8344/
f 8413/8413/ 8344/8344/ 8343/8343/
f 8412/8412/ 8413/8413/ 8343/8343/
f 8405/8405/ 8346/8346/ 8349/8349/
f 8404/8404/ 8405/8405/ 8349/8349/
f 8402/8402/ 8404/8404/ 8349/8349/
f 8327/8327/ 8402/8402/ 8349/8349/
f 8327/8327/ 8326/8326/ 8403/8403/
f 8402/8402/ 8327/8327/ 8403/8403/
f 8401/8401/ 8403/8403/ 8326/8326/
f 8282/8282/ 8401/8401/ 8326/8326/
f 8282/8282/ 8281/8281/ 8400/8400/
f 8401/8401/ 8282/8282/ 8400/8400/
f 8400/8400/ 8298/8298/ 8301/8301/
f 8399/8399/ 8400/8400/ 8301/8301/
f 8290/8290/ 8289/8289/ 8396/8396/
f 8398/8398/ 8290/8290/ 8396/8396/
f 8396/8396/ 8273/8273/ 8272/8272/
f 8397/8397/ 8396/8396/ 8272/8272/
f 8334/8334/ 8395/8395/ 8397/8397/
f 8272/8272/ 8334/8334/ 8397/8397/
f 8395/8395/ 8334/8334/ 8337/8337/
f 8394/8394/ 8395/8395/ 8337/8337/
f 8394/8394/ 8337/8337/ 8353/8353/
f 8392/8392/ 8394/8394/ 8353/8353/
f 8353/8353/ 8352/8352/ 8393/8393/
f 8392/8392/ 8353/8353/ 8393/8393/
f 8420/8420/ 8421/8421/ 8422/8422/
f 8423/8423/ 8424/8424/ 8425/8425/
f 8426/8426/ 8427/8427/ 8428/8428/
f 8429/8429/ 8426/8426/ 8428/8428/
f 8430/8430/ 8431/8431/ 8428/8428/
f 8432/8432/ 8433/8433/ 8434/8434/
f 8435/8435/ 8436/8436/ 8429/8429/
f 8437/8437/ 8435/8435/ 8429/8429/
f 8427/8427/ 8430/8430/ 8428/8428/
f 8438/8438/ 8439/8439/ 8440/8440/
f 8441/8441/ 8442/8442/ 8434/8434/
f 8443/8443/ 8441/8441/ 8434/8434/
f 8444/8444/ 8445/8445/ 8446/8446/
f 8447/8447/ 8448/8448/ 8449/8449/
f 8450/8450/ 8447/8447/ 8449/8449/
f 8424/8424/ 8451/8451/ 8425/8425/
f 8423/8423/ 8425/8425/ 8434/8434/
f 8433/8433/ 8423/8423/ 8434/8434/
f 8431/8431/ 8452/8452/ 8440/8440/
f 8428/8428/ 8431/8431/ 8440/8440/
f 8442/8442/ 8432/8432/ 8434/8434/
f 8453/8453/ 8454/8454/ 8440/8440/
f 8439/8439/ 8453/8453/ 8440/8440/
f 8448/8448/ 8455/8455/ 8449/8449/
f 8456/8456/ 8457/8457/ 8422/8422/
f 8421/8421/ 8456/8456/ 8422/8422/
f 8458/8458/ 8459/8459/ 8446/8446/
f 8445/8445/ 8458/8458/ 8446/8446/
f 8436/8436/ 8426/8426/ 8429/8429/
f 8460/8460/ 8450/8450/ 8461/8461/
f 8462/8462/ 8460/8460/ 8461/8461/
f 8463/8463/ 8464/8464/ 8465/8465/
f 8459/8459/ 8463/8463/ 8465/8465/
f 8420/8420/ 8422/8422/ 8425/8425/
f 8451/8451/ 8420/8420/ 8425/8425/
f 8458/8458/ 8466/8466/ 8459/8459/
f 8467/8467/ 8447/8447/ 8450/8450/
f 8468/8468/ 8469/8469/ 8443/8443/
f 8470/8470/ 8471/8471/ 8454/8454/
f 8452/8452/ 8438/8438/ 8440/8440/
f 8469/8469/ 8441/8441/ 8443/8443/
f 8453/8453/ 8470/8470/ 8454/8454/
f 8456/8456/ 8472/8472/ 8457/8457/
f 8460/8460/ 8467/8467/ 8450/8450/
f 8473/8473/ 8435/8435/ 8437/8437/
f 8466/8466/ 8463/8463/ 8459/8459/
f 8474/8474/ 8475/8475/ 8476/8476/
f 8477/8477/ 8474/8474/ 8476/8476/
f 8478/8478/ 8479/8479/ 8480/8480/
f 8481/8481/ 8478/8478/ 8480/8480/
f 8482/8482/ 8483/8483/ 8484/8484/
f 8485/8485/ 8482/8482/ 8484/8484/
f 8486/8486/ 8487/8487/ 8488/8488/
f 8489/8489/ 8486/8486/ 8488/8488/
f 8490/8490/ 8491/8491/ 8492/8492/
f 8493/8493/ 8490/8490/ 8492/8492/
f 8494/8494/ 8495/8495/ 8496/8496/
f 8497/8497/ 8494/8494/ 8496/8496/
f 8498/8498/ 8499/8499/ 8500/8500/
f 8501/8501/ 8498/8498/ 8500/8500/
f 8502/8502/ 8503/8503/ 8504/8504/
f 8505/8505/ 8502/8502/ 8504/8504/
f 8506/8506/ 8502/8502/ 8505/8505/
f 8507/8507/ 8506/8506/ 8505/8505/
f 8483/8483/ 8508/8508/ 8509/8509/
f 8484/8484/ 8483/8483/ 8509/8509/
f 8510/8510/ 8511/8511/ 8479/8479/
f 8478/8478/ 8510/8510/ 8479/8479/
f 8512/8512/ 8502/8502/ 8506/8506/
f 8513/8513/ 8512/8512/ 8506/8506/
f 8514/8514/ 8503/8503/ 8502/8502/
f 8512/8512/ 8514/8514/ 8502/8502/
f 8499/8499/ 8498/8498/ 8515/8515/
f 8516/8516/ 8499/8499/ 8515/8515/
f 8501/8501/ 8500/8500/ 8517/8517/
f 8518/8518/ 8501/8501/ 8517/8517/
f 8507/8507/ 8505/8505/ 8519/8519/
f 8520/8520/ 8507/8507/ 8519/8519/
f 8505/8505/ 8504/8504/ 8521/8521/
f 8519/8519/ 8505/8505/ 8521/8521/
f 8485/8485/ 8484/8484/ 8519/8519/
f 8521/8521/ 8485/8485/ 8519/8519/
f 8484/8484/ 8509/8509/ 8520/8520/
f 8519/8519/ 8484/8484/ 8520/8520/
f 8518/8518/ 8517/8517/ 8496/8496/
f 8495/8495/ 8518/8518/ 8496/8496/
f 8522/8522/ 8523/8523/ 8483/8483/
f 8482/8482/ 8522/8522/ 8483/8483/
f 8523/8523/ 8524/8524/ 8508/8508/
f 8483/8483/ 8523/8523/ 8508/8508/
f 8525/8525/ 8494/8494/ 8497/8497/
f 8526/8526/ 8525/8525/ 8497/8497/
f 8475/8475/ 8478/8478/ 8481/8481/
f 8476/8476/ 8475/8475/ 8481/8481/
f 8493/8493/ 8492/8492/ 8488/8488/
f 8487/8487/ 8493/8493/ 8488/8488/
f 8527/8527/ 8528/8528/ 8529/8529/
f 8530/8530/ 8527/8527/ 8529/8529/
f 8529/8529/ 8531/8531/ 8532/8532/
f 8530/8530/ 8529/8529/ 8532/8532/
f 8531/8531/ 8533/8533/ 8534/8534/
f 8532/8532/ 8531/8531/ 8534/8534/
f 8535/8535/ 8536/8536/ 8537/8537/
f 8538/8538/ 8535/8535/ 8537/8537/
f 8538/8538/ 8537/8537/ 8539/8539/
f 8540/8540/ 8538/8538/ 8539/8539/
f 8539/8539/ 8541/8541/ 8542/8542/
f 8540/8540/ 8539/8539/ 8542/8542/
f 8543/8543/ 8542/8542/ 8541/8541/
f 8544/8544/ 8543/8543/ 8541/8541/
f 8545/8545/ 8543/8543/ 8544/8544/
f 8546/8546/ 8545/8545/ 8544/8544/
f 8547/8547/ 8545/8545/ 8546/8546/
f 8548/8548/ 8547/8547/ 8546/8546/
f 8476/8476/ 8529/8529/ 8528/8528/
f 8477/8477/ 8476/8476/ 8528/8528/
f 8531/8531/ 8529/8529/ 8476/8476/
f 8481/8481/ 8531/8531/ 8476/8476/
f 8480/8480/ 8533/8533/ 8531/8531/
f 8481/8481/ 8480/8480/ 8531/8531/
f 8522/8522/ 8482/8482/ 8537/8537/
f 8536/8536/ 8522/8522/ 8537/8537/
f 8485/8485/ 8539/8539/ 8537/8537/
f 8482/8482/ 8485/8485/ 8537/8537/
f 8541/8541/ 8539/8539/ 8485/8485/
f 8521/8521/ 8541/8541/ 8485/8485/
f 8504/8504/ 8544/8544/ 8541/8541/
f 8521/8521/ 8504/8504/ 8541/8541/
f 8503/8503/ 8546/8546/ 8544/8544/
f 8504/8504/ 8503/8503/ 8544/8544/
f 8548/8548/ 8546/8546/ 8503/8503/
f 8514/8514/ 8548/8548/ 8503/8503/
f 8489/8489/ 8488/8488/ 8549/8549/
f 8550/8550/ 8489/8489/ 8549/8549/
f 8551/8551/ 8549/8549/ 8488/8488/
f 8492/8492/ 8551/8551/ 8488/8488/
f 8491/8491/ 8552/8552/ 8551/8551/
f 8492/8492/ 8491/8491/ 8551/8551/
f 8526/8526/ 8497/8497/ 8553/8553/
f 8554/8554/ 8526/8526/ 8553/8553/
f 8497/8497/ 8496/8496/ 8555/8555/
f 8553/8553/ 8497/8497/ 8555/8555/
f 8517/8517/ 8556/8556/ 8555/8555/
f 8496/8496/ 8517/8517/ 8555/8555/
f 8557/8557/ 8556/8556/ 8517/8517/
f 8500/8500/ 8557/8557/ 8517/8517/
f 8499/8499/ 8558/8558/ 8557/8557/
f 8500/8500/ 8499/8499/ 8557/8557/
f 8516/8516/ 8559/8559/ 8558/8558/
f 8499/8499/ 8516/8516/ 8558/8558/
f 8550/8550/ 8549/8549/ 8560/8560/
f 8561/8561/ 8550/8550/ 8560/8560/
f 8549/8549/ 8551/8551/ 8562/8562/
f 8560/8560/ 8549/8549/ 8562/8562/
f 8551/8551/ 8552/8552/ 8563/8563/
f 8562/8562/ 8551/8551/ 8563/8563/
f 8554/8554/ 8553/8553/ 8564/8564/
f 8565/8565/ 8554/8554/ 8564/8564/
f 8553/8553/ 8555/8555/ 8566/8566/
f 8564/8564/ 8553/8553/ 8566/8566/
f 8566/8566/ 8555/8555/ 8556/8556/
f 8567/8567/ 8566/8566/ 8556/8556/
f 8568/8568/ 8567/8567/ 8556/8556/
f 8557/8557/ 8568/8568/ 8556/8556/
f 8569/8569/ 8568/8568/ 8557/8557/
f 8558/8558/ 8569/8569/ 8557/8557/
f 8559/8559/ 8570/8570/ 8569/8569/
f 8558/8558/ 8559/8559/ 8569/8569/
f 8571/8571/ 8510/8510/ 8478/8478/
f 8475/8475/ 8571/8571/ 8478/8478/
f 8474/8474/ 8572/8572/ 8571/8571/
f 8475/8475/ 8474/8474/ 8571/8571/
f 8570/8570/ 8573/8573/ 8574/8574/
f 8569/8569/ 8570/8570/ 8574/8574/
f 8574/8574/ 8575/8575/ 8568/8568/
f 8569/8569/ 8574/8574/ 8568/8568/
f 8575/8575/ 8576/8576/ 8567/8567/
f 8568/8568/ 8575/8575/ 8567/8567/
f 8577/8577/ 8566/8566/ 8567/8567/
f 8576/8576/ 8577/8577/ 8567/8567/
f 8564/8564/ 8566/8566/ 8577/8577/
f 8578/8578/ 8564/8564/ 8577/8577/
f 8565/8565/ 8564/8564/ 8578/8578/
f 8579/8579/ 8565/8565/ 8578/8578/
f 8562/8562/ 8563/8563/ 8580/8580/
f 8581/8581/ 8562/8562/ 8580/8580/
f 8562/8562/ 8581/8581/ 8582/8582/
f 8560/8560/ 8562/8562/ 8582/8582/
f 8561/8561/ 8560/8560/ 8582/8582/
f 8583/8583/ 8561/8561/ 8582/8582/
f 8534/8534/ 8533/8533/ 8536/8536/
f 8535/8535/ 8534/8534/ 8536/8536/
f 8522/8522/ 8536/8536/ 8533/8533/
f 8480/8480/ 8522/8522/ 8533/8533/
f 8479/8479/ 8523/8523/ 8522/8522/
f 8480/8480/ 8479/8479/ 8522/8522/
f 8511/8511/ 8524/8524/ 8523/8523/
f 8479/8479/ 8511/8511/ 8523/8523/
f 8580/8580/ 8563/8563/ 8565/8565/
f 8579/8579/ 8580/8580/ 8565/8565/
f 8563/8563/ 8552/8552/ 8554/8554/
f 8565/8565/ 8563/8563/ 8554/8554/
f 8526/8526/ 8554/8554/ 8552/8552/
f 8491/8491/ 8526/8526/ 8552/8552/
f 8525/8525/ 8526/8526/ 8491/8491/
f 8490/8490/ 8525/8525/ 8491/8491/
f 8584/8584/ 8585/8585/ 8586/8586/
f 8587/8587/ 8584/8584/ 8586/8586/
f 8588/8588/ 8589/8589/ 8586/8586/
f 8589/8589/ 8587/8587/ 8586/8586/
f 8584/8584/ 8590/8590/ 8585/8585/
f 8591/8591/ 8592/8592/ 8593/8593/
f 8594/8594/ 8595/8595/ 8596/8596/
f 8597/8597/ 8598/8598/ 8599/8599/
f 8600/8600/ 8601/8601/ 8602/8602/
f 8603/8603/ 8604/8604/ 8605/8605/
f 8601/8601/ 8606/8606/ 8602/8602/
f 8607/8607/ 8603/8603/ 8605/8605/
f 8606/8606/ 8608/8608/ 8609/8609/
f 8602/8602/ 8606/8606/ 8609/8609/
f 8610/8610/ 8607/8607/ 8605/8605/
f 8611/8611/ 8610/8610/ 8605/8605/
f 8597/8597/ 8599/8599/ 8612/8612/
f 8613/8613/ 8597/8597/ 8612/8612/
f 8595/8595/ 8614/8614/ 8615/8615/
f 8596/8596/ 8595/8595/ 8615/8615/
f 8592/8592/ 8616/8616/ 8617/8617/
f 8593/8593/ 8592/8592/ 8617/8617/
f 8618/8618/ 8619/8619/ 8611/8611/
f 8615/8615/ 8618/8618/ 8611/8611/
f 8588/8588/ 8586/8586/ 8609/8609/
f 8620/8620/ 8588/8588/ 8609/8609/
f 8614/8614/ 8621/8621/ 8615/8615/
f 8622/8622/ 8613/8613/ 8612/8612/
f 8616/8616/ 8623/8623/ 8617/8617/
f 8624/8624/ 8612/8612/ 8625/8625/
f 8626/8626/ 8624/8624/ 8625/8625/
f 8627/8627/ 8600/8600/ 8602/8602/
f 8628/8628/ 8627/8627/ 8602/8602/
f 8629/8629/ 8625/8625/ 8605/8605/
f 8604/8604/ 8629/8629/ 8605/8605/
f 8630/8630/ 8627/8627/ 8628/8628/
f 8629/8629/ 8631/8631/ 8625/8625/
f 8632/8632/ 8630/8630/ 8628/8628/
f 8623/8623/ 8633/8633/ 8617/8617/
f 8624/8624/ 8622/8622/ 8612/8612/
f 8621/8621/ 8618/8618/ 8615/8615/
f 8634/8634/ 8632/8632/ 8628/8628/
f 8635/8635/ 8634/8634/ 8628/8628/
f 8631/8631/ 8626/8626/ 8625/8625/
f 8636/8636/ 8610/8610/ 8611/8611/
f 8608/8608/ 8637/8637/ 8609/8609/
f 8619/8619/ 8636/8636/ 8611/8611/
f 8637/8637/ 8620/8620/ 8609/8609/
f 8638/8638/ 8639/8639/ 8640/8640/
f 8641/8641/ 8638/8638/ 8640/8640/
f 8638/8638/ 8642/8642/ 8643/8643/
f 8639/8639/ 8638/8638/ 8643/8643/
f 8644/8644/ 8645/8645/ 8646/8646/
f 8647/8647/ 8644/8644/ 8646/8646/
f 8644/8644/ 8647/8647/ 8648/8648/
f 8649/8649/ 8644/8644/ 8648/8648/
f 8650/8650/ 8651/8651/ 8652/8652/
f 8653/8653/ 8650/8650/ 8652/8652/
f 8651/8651/ 8654/8654/ 8655/8655/
f 8652/8652/ 8651/8651/ 8655/8655/
f 8655/8655/ 8654/8654/ 8656/8656/
f 8657/8657/ 8655/8655/ 8656/8656/
f 8658/8658/ 8659/8659/ 8641/8641/
f 8640/8640/ 8658/8658/ 8641/8641/
f 8660/8660/ 8661/8661/ 8659/8659/
f 8658/8658/ 8660/8660/ 8659/8659/
f 8662/8662/ 8657/8657/ 8656/8656/
f 8663/8663/ 8662/8662/ 8656/8656/
f 8664/8664/ 8665/8665/ 8666/8666/
f 8667/8667/ 8664/8664/ 8666/8666/
f 8666/8666/ 8668/8668/ 8669/8669/
f 8667/8667/ 8666/8666/ 8669/8669/
f 8670/8670/ 8671/8671/ 8672/8672/
f 8673/8673/ 8670/8670/ 8672/8672/
f 8674/8674/ 8675/8675/ 8676/8676/
f 8677/8677/ 8674/8674/ 8676/8676/
f 8675/8675/ 8678/8678/ 8679/8679/
f 8676/8676/ 8675/8675/ 8679/8679/
f 8680/8680/ 8681/8681/ 8671/8671/
f 8670/8670/ 8680/8680/ 8671/8671/
f 8682/8682/ 8683/8683/ 8684/8684/
f 8685/8685/ 8682/8682/ 8684/8684/
f 8686/8686/ 8685/8685/ 8684/8684/
f 8687/8687/ 8686/8686/ 8684/8684/
f 8688/8688/ 8689/8689/ 8690/8690/
f 8691/8691/ 8688/8688/ 8690/8690/
f 8692/8692/ 8691/8691/ 8690/8690/
f 8693/8693/ 8692/8692/ 8690/8690/
f 8694/8694/ 8695/8695/ 8696/8696/
f 8697/8697/ 8694/8694/ 8696/8696/
f 8698/8698/ 8699/8699/ 8700/8700/
f 8701/8701/ 8698/8698/ 8700/8700/
f 8702/8702/ 8703/8703/ 8699/8699/
f 8698/8698/ 8702/8702/ 8699/8699/
f 8697/8697/ 8696/8696/ 8704/8704/
f 8705/8705/ 8697/8697/ 8704/8704/
f 8706/8706/ 8707/8707/ 8674/8674/
f 8677/8677/ 8706/8706/ 8674/8674/
f 8708/8708/ 8709/8709/ 8710/8710/
f 8711/8711/ 8708/8708/ 8710/8710/
f 8709/8709/ 8712/8712/ 8713/8713/
f 8710/8710/ 8709/8709/ 8713/8713/
f 8714/8714/ 8715/8715/ 8707/8707/
f 8706/8706/ 8714/8714/ 8707/8707/
f 8692/8692/ 8693/8693/ 8716/8716/
f 8717/8717/ 8692/8692/ 8716/8716/
f 8718/8718/ 8717/8717/ 8716/8716/
f 8719/8719/ 8718/8718/ 8716/8716/
f 8720/8720/ 8721/8721/ 8722/8722/
f 8723/8723/ 8720/8720/ 8722/8722/
f 8724/8724/ 8723/8723/ 8722/8722/
f 8725/8725/ 8724/8724/ 8722/8722/
f 8701/8701/ 8700/8700/ 8726/8726/
f 8727/8727/ 8701/8701/ 8726/8726/
f 8728/8728/ 8729/8729/ 8730/8730/
f 8731/8731/ 8728/8728/ 8730/8730/
f 8732/8732/ 8733/8733/ 8729/8729/
f 8728/8728/ 8732/8732/ 8729/8729/
f 8727/8727/ 8726/8726/ 8734/8734/
f 8735/8735/ 8727/8727/ 8734/8734/
f 8736/8736/ 8737/8737/ 8738/8738/
f 8739/8739/ 8736/8736/ 8738/8738/
f 8740/8740/ 8739/8739/ 8738/8738/
f 8741/8741/ 8740/8740/ 8738/8738/
f 8742/8742/ 8743/8743/ 8744/8744/
f 8745/8745/ 8742/8742/ 8744/8744/
f 8746/8746/ 8745/8745/ 8744/8744/
f 8747/8747/ 8746/8746/ 8744/8744/
f 8748/8748/ 8749/8749/ 8750/8750/
f 8751/8751/ 8748/8748/ 8750/8750/
f 8752/8752/ 8753/8753/ 8754/8754/
f 8755/8755/ 8752/8752/ 8754/8754/
f 8756/8756/ 8757/8757/ 8753/8753/
f 8752/8752/ 8756/8756/ 8753/8753/
f 8751/8751/ 8750/8750/ 8758/8758/
f 8759/8759/ 8751/8751/ 8758/8758/
f 8746/8746/ 8747/8747/ 8760/8760/
f 8761/8761/ 8746/8746/ 8760/8760/
f 8762/8762/ 8761/8761/ 8760/8760/
f 8763/8763/ 8762/8762/ 8760/8760/
f 8764/8764/ 8765/8765/ 8766/8766/
f 8767/8767/ 8764/8764/ 8766/8766/
f 8767/8767/ 8766/8766/ 8768/8768/
f 8769/8769/ 8767/8767/ 8768/8768/
f 8755/8755/ 8754/8754/ 8770/8770/
f 8771/8771/ 8755/8755/ 8770/8770/
f 8772/8772/ 8773/8773/ 8774/8774/
f 8775/8775/ 8772/8772/ 8774/8774/
f 8776/8776/ 8777/8777/ 8773/8773/
f 8772/8772/ 8776/8776/ 8773/8773/
f 8771/8771/ 8770/8770/ 8778/8778/
f 8779/8779/ 8771/8771/ 8778/8778/
f 8780/8780/ 8781/8781/ 8708/8708/
f 8711/8711/ 8780/8780/ 8708/8708/
f 8782/8782/ 8783/8783/ 8784/8784/
f 8785/8785/ 8782/8782/ 8784/8784/
f 8783/8783/ 8786/8786/ 8787/8787/
f 8784/8784/ 8783/8783/ 8787/8787/
f 8788/8788/ 8789/8789/ 8781/8781/
f 8780/8780/ 8788/8788/ 8781/8781/
f 8725/8725/ 8790/8790/ 8791/8791/
f 8724/8724/ 8725/8725/ 8791/8791/
f 8792/8792/ 8791/8791/ 8790/8790/
f 8793/8793/ 8792/8792/ 8790/8790/
f 8794/8794/ 8795/8795/ 8796/8796/
f 8797/8797/ 8794/8794/ 8796/8796/
f 8798/8798/ 8797/8797/ 8796/8796/
f 8799/8799/ 8798/8798/ 8796/8796/
f 8731/8731/ 8730/8730/ 8800/8800/
f 8801/8801/ 8731/8731/ 8800/8800/
f 8802/8802/ 8803/8803/ 8804/8804/
f 8805/8805/ 8802/8802/ 8804/8804/
f 8806/8806/ 8807/8807/ 8803/8803/
f 8802/8802/ 8806/8806/ 8803/8803/
f 8801/8801/ 8800/8800/ 8808/8808/
f 8809/8809/ 8801/8801/ 8808/8808/
f 8810/8810/ 8811/8811/ 8812/8812/
f 8813/8813/ 8810/8810/ 8812/8812/
f 8814/8814/ 8813/8813/ 8812/8812/
f 8815/8815/ 8814/8814/ 8812/8812/
f 8816/8816/ 8817/8817/ 8818/8818/
f 8819/8819/ 8816/8816/ 8818/8818/
f 8736/8736/ 8819/8819/ 8818/8818/
f 8737/8737/ 8736/8736/ 8818/8818/
f 8820/8820/ 8821/8821/ 8822/8822/
f 8823/8823/ 8820/8820/ 8822/8822/
f 8824/8824/ 8825/8825/ 8749/8749/
f 8748/8748/ 8824/8824/ 8749/8749/
f 8826/8826/ 8827/8827/ 8825/8825/
f 8824/8824/ 8826/8826/ 8825/8825/
f 8823/8823/ 8822/8822/ 8828/8828/
f 8829/8829/ 8823/8823/ 8828/8828/
f 8710/8710/ 8830/8830/ 8831/8831/
f 8711/8711/ 8710/8710/ 8831/8831/
f 8832/8832/ 8830/8830/ 8710/8710/
f 8713/8713/ 8832/8832/ 8710/8710/
f 8706/8706/ 8833/8833/ 8834/8834/
f 8714/8714/ 8706/8706/ 8834/8834/
f 8835/8835/ 8833/8833/ 8706/8706/
f 8677/8677/ 8835/8835/ 8706/8706/
f 8676/8676/ 8836/8836/ 8835/8835/
f 8677/8677/ 8676/8676/ 8835/8835/
f 8837/8837/ 8836/8836/ 8676/8676/
f 8679/8679/ 8837/8837/ 8676/8676/
f 8670/8670/ 8838/8838/ 8839/8839/
f 8680/8680/ 8670/8670/ 8839/8839/
f 8840/8840/ 8838/8838/ 8670/8670/
f 8673/8673/ 8840/8840/ 8670/8670/
f 8784/8784/ 8841/8841/ 8842/8842/
f 8785/8785/ 8784/8784/ 8842/8842/
f 8787/8787/ 8843/8843/ 8841/8841/
f 8784/8784/ 8787/8787/ 8841/8841/
f 8788/8788/ 8780/8780/ 8844/8844/
f 8845/8845/ 8788/8788/ 8844/8844/
f 8831/8831/ 8844/8844/ 8780/8780/
f 8711/8711/ 8831/8831/ 8780/8780/
f 8846/8846/ 8847/8847/ 8848/8848/
f 8849/8849/ 8846/8846/ 8848/8848/
f 8829/8829/ 8828/8828/ 8827/8827/
f 8826/8826/ 8829/8829/ 8827/8827/
f 8850/8850/ 8851/8851/ 8852/8852/
f 8853/8853/ 8850/8850/ 8852/8852/
f 8759/8759/ 8758/8758/ 8757/8757/
f 8756/8756/ 8759/8759/ 8757/8757/
f 8854/8854/ 8762/8762/ 8763/8763/
f 8855/8855/ 8854/8854/ 8763/8763/
f 8779/8779/ 8778/8778/ 8777/8777/
f 8776/8776/ 8779/8779/ 8777/8777/
f 8679/8679/ 8680/8680/ 8839/8839/
f 8837/8837/ 8679/8679/ 8839/8839/
f 8679/8679/ 8856/8856/ 8857/8857/
f 8680/8680/ 8679/8679/ 8857/8857/
f 8858/8858/ 8859/8859/ 8860/8860/
f 8861/8861/ 8858/8858/ 8860/8860/
f 8705/8705/ 8704/8704/ 8703/8703/
f 8702/8702/ 8705/8705/ 8703/8703/
f 8714/8714/ 8834/8834/ 8832/8832/
f 8713/8713/ 8714/8714/ 8832/8832/
f 8862/8862/ 8863/8863/ 8714/8714/
f 8713/8713/ 8862/8862/ 8714/8714/
f 8864/8864/ 8865/8865/ 8866/8866/
f 8867/8867/ 8864/8864/ 8866/8866/
f 8735/8735/ 8734/8734/ 8733/8733/
f 8732/8732/ 8735/8735/ 8733/8733/
f 8788/8788/ 8845/8845/ 8843/8843/
f 8787/8787/ 8788/8788/ 8843/8843/
f 8787/8787/ 8868/8868/ 8869/8869/
f 8788/8788/ 8787/8787/ 8869/8869/
f 8870/8870/ 8871/8871/ 8872/8872/
f 8873/8873/ 8870/8870/ 8872/8872/
f 8809/8809/ 8808/8808/ 8807/8807/
f 8806/8806/ 8809/8809/ 8807/8807/
f 8874/8874/ 8875/8875/ 8876/8876/
f 8877/8877/ 8874/8874/ 8876/8876/
f 8878/8878/ 8879/8879/ 8875/8875/
f 8874/8874/ 8878/8878/ 8875/8875/
f 8878/8878/ 8880/8880/ 8881/8881/
f 8879/8879/ 8878/8878/ 8881/8881/
f 8882/8882/ 8883/8883/ 8884/8884/
f 8885/8885/ 8886/8886/ 8887/8887/
f 8888/8888/ 8885/8885/ 8887/8887/
f 8889/8889/ 8888/8888/ 8887/8887/
f 8890/8890/ 8889/8889/ 8887/8887/
f 8883/8883/ 8891/8891/ 8892/8892/
f 8884/8884/ 8883/8883/ 8892/8892/
f 8893/8893/ 8894/8894/ 8890/8890/
f 8892/8892/ 8893/8893/ 8890/8890/
f 8891/8891/ 8895/8895/ 8892/8892/
f 8886/8886/ 8896/8896/ 8897/8897/
f 8887/8887/ 8886/8886/ 8897/8897/
f 8895/8895/ 8893/8893/ 8892/8892/
f 8898/8898/ 8889/8889/ 8890/8890/
f 8894/8894/ 8898/8898/ 8890/8890/
