grand_prix,year,driver,stint_id,lap_number,lap_in_stint,fuel_load_kg,gap_ahead_s,track_evolution_factor,compound_idx,compound_name,track_temp_c,lap_time_s,observed_delta_s
Bahrain,2023,ALB,2023_Bahrain_ALB_1.0,3,1.0,104.47368421052632,3.5,1.0091766293548226,0.0,SOFT,31.01180124223602,100.143,0.382000000000005
Bahrain,2023,ALB,2023_Bahrain_ALB_1.0,4,2.0,102.63157894736842,3.5,1.0105962588565203,0.0,SOFT,31.01180124223602,99.761,0.0
Bahrain,2023,ALB,2023_Bahrain_ALB_1.0,5,3.0,100.78947368421052,3.5,1.011846977555182,0.0,SOFT,31.01180124223602,100.606,0.8449999999999989
Bahrain,2023,ALB,2023_Bahrain_ALB_1.0,6,4.0,98.94736842105263,3.5,1.012977713690461,0.0,SOFT,31.01180124223602,100.744,0.9830000000000041
Bahrain,2023,ALB,2023_Bahrain_ALB_1.0,7,5.0,97.10526315789474,3.5,1.0140175328810093,0.0,SOFT,31.01180124223602,100.646,0.8850000000000051
Bahrain,2023,ALB,2023_Bahrain_ALB_1.0,8,6.0,95.26315789473684,3.5,1.014985372985307,0.0,SOFT,31.01180124223602,100.918,1.1570000000000107
Bahrain,2023,ALB,2023_Bahrain_ALB_1.0,9,7.0,93.42105263157895,3.5,1.0158943882847806,0.0,SOFT,31.01180124223602,100.969,1.2079999999999984
Bahrain,2023,ALB,2023_Bahrain_ALB_1.0,10,8.0,91.57894736842105,3.5,1.0167541563316678,0.0,SOFT,31.01180124223602,101.119,1.358000000000004
Bahrain,2023,ALB,2023_Bahrain_ALB_2.0,13,1.0,86.05263157894737,3.5,1.0191026773176368,0.0,SOFT,31.01180124223602,98.649,0.1770000000000067
Bahrain,2023,ALB,2023_Bahrain_ALB_2.0,14,2.0,84.21052631578947,3.5,1.019823785111334,0.0,SOFT,31.01180124223602,98.472,0.0
Bahrain,2023,ALB,2023_Bahrain_ALB_2.0,15,3.0,82.36842105263158,3.5,1.020519567041703,0.0,SOFT,31.01180124223602,99.158,0.686000000000007
Bahrain,2023,ALB,2023_Bahrain_ALB_2.0,16,4.0,80.52631578947368,3.5,1.0211925177130408,0.0,SOFT,31.01180124223602,99.253,0.7810000000000059
Bahrain,2023,ALB,2023_Bahrain_ALB_2.0,17,5.0,78.68421052631578,3.5,1.02184474725091,0.0,SOFT,31.01180124223602,99.094,0.6219999999999999
Bahrain,2023,ALB,2023_Bahrain_ALB_2.0,18,6.0,76.84210526315789,3.5,1.0224780594779606,0.0,SOFT,31.01180124223602,99.049,0.5770000000000124
Bahrain,2023,ALB,2023_Bahrain_ALB_2.0,19,7.0,75.0,3.5,1.023094010767585,0.0,SOFT,31.01180124223602,99.272,0.8000000000000114
Bahrain,2023,ALB,2023_Bahrain_ALB_2.0,20,8.0,73.15789473684211,3.5,1.0236939551103637,0.0,SOFT,31.01180124223602,99.299,0.8270000000000124
Bahrain,2023,ALB,2023_Bahrain_ALB_2.0,21,9.0,71.3157894736842,3.5,1.0242790791466754,0.0,SOFT,31.01180124223602,99.591,1.1189999999999998
Bahrain,2023,ALB,2023_Bahrain_ALB_2.0,22,10.0,69.47368421052632,3.5,1.0248504297678958,0.0,SOFT,31.01180124223602,99.588,1.1159999999999997
Bahrain,2023,ALB,2023_Bahrain_ALB_2.0,23,11.0,67.63157894736841,3.5,1.025408936126641,0.0,SOFT,31.01180124223602,99.802,1.3300000000000125
Bahrain,2023,ALB,2023_Bahrain_ALB_2.0,24,12.0,65.78947368421052,3.5,1.025955427380922,0.0,SOFT,31.01180124223602,99.89,1.4180000000000064
Bahrain,2023,ALB,2023_Bahrain_ALB_2.0,25,13.0,63.94736842105263,3.5,1.026490647141301,0.0,SOFT,31.01180124223602,99.832,1.3599999999999994
Bahrain,2023,ALB,2023_Bahrain_ALB_3.0,28,1.0,58.421052631578945,3.5,1.0280350657620185,2.0,HARD,31.01180124223602,97.503,0.0
Bahrain,2023,ALB,2023_Bahrain_ALB_3.0,29,2.0,56.578947368421055,3.5,1.0285313001407104,2.0,HARD,31.01180124223602,98.127,0.6239999999999952
Bahrain,2023,ALB,2023_Bahrain_ALB_3.0,30,3.0,54.73684210526316,3.5,1.0290190500044005,2.0,HARD,31.01180124223602,97.931,0.42799999999999727
Bahrain,2023,ALB,2023_Bahrain_ALB_3.0,31,4.0,52.89473684210526,3.5,1.029498736220328,2.0,HARD,31.01180124223602,98.104,0.6009999999999991
Bahrain,2023,ALB,2023_Bahrain_ALB_3.0,32,5.0,51.05263157894737,3.5,1.0299707459706142,2.0,HARD,31.01180124223602,97.919,0.4159999999999968
Bahrain,2023,ALB,2023_Bahrain_ALB_3.0,33,6.0,49.21052631578947,3.5,1.0304354364101074,2.0,HARD,31.01180124223602,98.104,0.6009999999999991
Bahrain,2023,ALB,2023_Bahrain_ALB_3.0,34,7.0,47.368421052631575,3.5,1.0308931378288493,2.0,HARD,31.01180124223602,97.961,0.4579999999999984
Bahrain,2023,ALB,2023_Bahrain_ALB_3.0,35,8.0,45.526315789473685,3.5,1.031344156398775,2.0,HARD,31.01180124223602,97.984,0.48099999999999454
Bahrain,2023,ALB,2023_Bahrain_ALB_3.0,36,9.0,43.68421052631579,3.5,1.031788776569561,2.0,HARD,31.01180124223602,98.176,0.6730000000000018
Bahrain,2023,ALB,2023_Bahrain_ALB_3.0,37,10.0,41.84210526315789,3.5,1.0322272631668914,2.0,HARD,31.01180124223602,98.038,0.5349999999999966
Bahrain,2023,ALB,2023_Bahrain_ALB_3.0,38,11.0,40.0,3.5,1.0326598632371091,2.0,HARD,31.01180124223602,98.33,0.8269999999999982
Bahrain,2023,ALB,2023_Bahrain_ALB_3.0,39,12.0,38.1578947368421,3.5,1.0330868076747404,2.0,HARD,31.01180124223602,98.346,0.8430000000000035
Bahrain,2023,ALB,2023_Bahrain_ALB_4.0,42,1.0,32.631578947368425,3.5,1.034335803011158,0.0,SOFT,31.01180124223602,97.211,0.06699999999999307
Bahrain,2023,ALB,2023_Bahrain_ALB_4.0,43,2.0,30.789473684210527,3.5,1.0347421580196114,0.0,SOFT,31.01180124223602,97.144,0.0
Bahrain,2023,ALB,2023_Bahrain_ALB_4.0,44,3.0,28.94736842105263,3.5,1.0351438148085583,0.0,SOFT,31.01180124223602,97.327,0.18299999999999272
Bahrain,2023,ALB,2023_Bahrain_ALB_4.0,45,4.0,27.105263157894736,3.5,1.0355409326655456,0.0,SOFT,31.01180124223602,97.503,0.35899999999999466
Bahrain,2023,ALB,2023_Bahrain_ALB_4.0,46,5.0,25.263157894736842,3.5,1.0359336620757673,0.0,SOFT,31.01180124223602,97.577,0.4329999999999927
Bahrain,2023,ALB,2023_Bahrain_ALB_4.0,47,6.0,23.421052631578945,3.5,1.036322145388372,0.0,SOFT,31.01180124223602,97.545,0.40099999999999625
Bahrain,2023,ALB,2023_Bahrain_ALB_4.0,48,7.0,21.57894736842105,3.5,1.03670651741929,0.0,SOFT,31.01180124223602,97.684,0.539999999999992
Bahrain,2023,ALB,2023_Bahrain_ALB_4.0,49,8.0,19.736842105263158,3.5,1.0370869059978212,0.0,SOFT,31.01180124223602,97.609,0.4649999999999892
Bahrain,2023,ALB,2023_Bahrain_ALB_4.0,50,9.0,17.894736842105264,3.5,1.0374634324632677,0.0,SOFT,31.01180124223602,97.695,0.5509999999999877
Bahrain,2023,ALB,2023_Bahrain_ALB_4.0,51,10.0,16.05263157894737,3.5,1.0378362121170768,0.0,SOFT,31.01180124223602,97.727,0.5829999999999984
Bahrain,2023,ALB,2023_Bahrain_ALB_4.0,52,11.0,14.210526315789473,3.5,1.0382053546352736,0.0,SOFT,31.01180124223602,97.861,0.7169999999999987
Bahrain,2023,ALB,2023_Bahrain_ALB_4.0,53,12.0,12.368421052631579,3.5,1.0385709644453651,0.0,SOFT,31.01180124223602,97.778,0.6340000000000003
Bahrain,2023,ALB,2023_Bahrain_ALB_4.0,54,13.0,10.526315789473685,3.5,1.038933141071383,0.0,SOFT,31.01180124223602,97.78,0.6359999999999957
Bahrain,2023,ALB,2023_Bahrain_ALB_4.0,55,14.0,8.68421052631579,3.5,1.0392919794503002,0.0,SOFT,31.01180124223602,97.803,0.6589999999999918
Bahrain,2023,ALB,2023_Bahrain_ALB_4.0,56,15.0,6.842105263157895,3.5,1.0396475702226682,0.0,SOFT,31.01180124223602,98.159,1.0150000000000006
Bahrain,2023,ALB,2023_Bahrain_ALB_4.0,57,16.0,5.0,3.5,1.04,0.0,SOFT,31.01180124223602,98.137,0.992999999999995
Bahrain,2023,ALO,2023_Bahrain_ALO_1.0,3,1.0,104.47368421052632,3.5,1.0091766293548226,0.0,SOFT,31.01180124223602,99.1,0.0
Bahrain,2023,ALO,2023_Bahrain_ALO_1.0,4,2.0,102.63157894736842,3.5,1.0105962588565203,0.0,SOFT,31.01180124223602,99.548,0.4480000000000075
Bahrain,2023,ALO,2023_Bahrain_ALO_1.0,5,3.0,100.78947368421052,3.5,1.011846977555182,0.0,SOFT,31.01180124223602,99.662,0.5620000000000118
Bahrain,2023,ALO,2023_Bahrain_ALO_1.0,6,4.0,98.94736842105263,3.5,1.012977713690461,0.0,SOFT,31.01180124223602,99.674,0.5740000000000123
Bahrain,2023,ALO,2023_Bahrain_ALO_1.0,7,5.0,97.10526315789474,3.5,1.0140175328810093,0.0,SOFT,31.01180124223602,99.729,0.6290000000000049
Bahrain,2023,ALO,2023_Bahrain_ALO_1.0,8,6.0,95.26315789473684,3.5,1.014985372985307,0.0,SOFT,31.01180124223602,99.959,0.8590000000000089
Bahrain,2023,ALO,2023_Bahrain_ALO_1.0,9,7.0,93.42105263157895,3.5,1.0158943882847806,0.0,SOFT,31.01180124223602,100.275,1.1750000000000114
Bahrain,2023,ALO,2023_Bahrain_ALO_1.0,10,8.0,91.57894736842105,3.5,1.0167541563316678,0.0,SOFT,31.01180124223602,100.203,1.1030000000000086
Bahrain,2023,ALO,2023_Bahrain_ALO_1.0,11,9.0,89.73684210526315,3.5,1.0175719074042793,0.0,SOFT,31.01180124223602,101.147,2.0470000000000113
Bahrain,2023,ALO,2023_Bahrain_ALO_1.0,12,10.0,87.89473684210526,3.5,1.0183532587096449,0.0,SOFT,31.01180124223602,100.934,1.8340000000000032
Bahrain,2023,ALO,2023_Bahrain_ALO_1.0,13,11.0,86.05263157894737,3.5,1.0191026773176368,0.0,SOFT,31.01180124223602,100.341,1.2409999999999997
Bahrain,2023,ALO,2023_Bahrain_ALO_2.0,16,1.0,80.52631578947368,3.5,1.0211925177130408,2.0,HARD,31.01180124223602,97.542,0.0
Bahrain,2023,ALO,2023_Bahrain_ALO_2.0,17,2.0,78.68421052631578,3.5,1.02184474725091,2.0,HARD,31.01180124223602,98.139,0.5969999999999942
Bahrain,2023,ALO,2023_Bahrain_ALO_2.0,18,3.0,76.84210526315789,3.5,1.0224780594779606,2.0,HARD,31.01180124223602,98.124,0.5819999999999936
Bahrain,2023,ALO,2023_Bahrain_ALO_2.0,19,4.0,75.0,3.5,1.023094010767585,2.0,HARD,31.01180124223602,98.361,0.8190000000000026
Bahrain,2023,ALO,2023_Bahrain_ALO_2.0,20,5.0,73.15789473684211,3.5,1.0236939551103637,2.0,HARD,31.01180124223602,98.318,0.7759999999999962
Bahrain,2023,ALO,2023_Bahrain_ALO_2.0,21,6.0,71.3157894736842,3.5,1.0242790791466754,2.0,HARD,31.01180124223602,98.407,0.8649999999999949
Bahrain,2023,ALO,2023_Bahrain_ALO_2.0,22,7.0,69.47368421052632,3.5,1.0248504297678958,2.0,HARD,31.01180124223602,98.2,0.6580000000000013
Bahrain,2023,ALO,2023_Bahrain_ALO_2.0,23,8.0,67.63157894736841,3.5,1.025408936126641,2.0,HARD,31.01180124223602,97.853,0.31099999999999284
Bahrain,2023,ALO,2023_Bahrain_ALO_2.0,24,9.0,65.78947368421052,3.5,1.025955427380922,2.0,HARD,31.01180124223602,97.878,0.3359999999999985
Bahrain,2023,ALO,2023_Bahrain_ALO_2.0,25,10.0,63.94736842105263,3.5,1.026490647141301,2.0,HARD,31.01180124223602,98.139,0.5969999999999942
Bahrain,2023,ALO,2023_Bahrain_ALO_2.0,26,11.0,62.10526315789473,3.5,1.027015265340239,2.0,HARD,31.01180124223602,98.127,0.5849999999999937
Bahrain,2023,ALO,2023_Bahrain_ALO_2.0,27,12.0,60.26315789473684,3.5,1.0275298880644674,2.0,HARD,31.01180124223602,98.612,1.0699999999999932
Bahrain,2023,ALO,2023_Bahrain_ALO_2.0,28,13.0,58.421052631578945,3.5,1.0280350657620185,2.0,HARD,31.01180124223602,98.199,0.6569999999999965
Bahrain,2023,ALO,2023_Bahrain_ALO_2.0,29,14.0,56.578947368421055,3.5,1.0285313001407104,2.0,HARD,31.01180124223602,98.585,1.0429999999999922
Bahrain,2023,ALO,2023_Bahrain_ALO_2.0,30,15.0,54.73684210526316,3.5,1.0290190500044005,2.0,HARD,31.01180124223602,98.282,0.7399999999999949
Bahrain,2023,ALO,2023_Bahrain_ALO_2.0,31,16.0,52.89473684210526,3.5,1.029498736220328,2.0,HARD,31.01180124223602,98.009,0.46699999999999875
Bahrain,2023,ALO,2023_Bahrain_ALO_2.0,32,17.0,51.05263157894737,3.5,1.0299707459706142,2.0,HARD,31.01180124223602,97.871,0.3289999999999935
Bahrain,2023,ALO,2023_Bahrain_ALO_2.0,33,18.0,49.21052631578947,3.5,1.0304354364101074,2.0,HARD,31.01180124223602,97.769,0.22700000000000387
Bahrain,2023,ALO,2023_Bahrain_ALO_3.0,36,1.0,43.68421052631579,3.5,1.031788776569561,2.0,HARD,31.01180124223602,96.156,0.0
Bahrain,2023,ALO,2023_Bahrain_ALO_3.0,37,2.0,41.84210526315789,3.5,1.0322272631668914,2.0,HARD,31.01180124223602,97.431,1.2749999999999915
Bahrain,2023,ALO,2023_Bahrain_ALO_3.0,38,3.0,40.0,3.5,1.0326598632371091,2.0,HARD,31.01180124223602,97.002,0.8459999999999894
Bahrain,2023,ALO,2023_Bahrain_ALO_3.0,39,4.0,38.1578947368421,3.5,1.0330868076747404,2.0,HARD,31.01180124223602,97.243,1.086999999999989
Bahrain,2023,ALO,2023_Bahrain_ALO_3.0,42,5.0,32.631578947368425,3.5,1.034335803011158,2.0,HARD,31.01180124223602,96.334,0.17799999999999727
Bahrain,2023,ALO,2023_Bahrain_ALO_3.0,43,6.0,30.789473684210527,3.5,1.0347421580196114,2.0,HARD,31.01180124223602,96.911,0.7549999999999955
Bahrain,2023,ALO,2023_Bahrain_ALO_3.0,44,7.0,28.94736842105263,3.5,1.0351438148085583,2.0,HARD,31.01180124223602,97.022,0.8659999999999997
Bahrain,2023,ALO,2023_Bahrain_ALO_3.0,45,8.0,27.105263157894736,3.5,1.0355409326655456,2.0,HARD,31.01180124223602,97.931,1.7749999999999915
Bahrain,2023,ALO,2023_Bahrain_ALO_3.0,46,9.0,25.263157894736842,3.5,1.0359336620757673,2.0,HARD,31.01180124223602,97.087,0.9309999999999974
Bahrain,2023,ALO,2023_Bahrain_ALO_3.0,47,10.0,23.421052631578945,3.5,1.036322145388372,2.0,HARD,31.01180124223602,97.326,1.1699999999999875
Bahrain,2023,ALO,2023_Bahrain_ALO_3.0,48,11.0,21.57894736842105,3.5,1.03670651741929,2.0,HARD,31.01180124223602,96.783,0.6269999999999953
Bahrain,2023,ALO,2023_Bahrain_ALO_3.0,49,12.0,19.736842105263158,3.5,1.0370869059978212,2.0,HARD,31.01180124223602,96.726,0.5699999999999932
Bahrain,2023,ALO,2023_Bahrain_ALO_3.0,50,13.0,17.894736842105264,3.5,1.0374634324632677,2.0,HARD,31.01180124223602,96.331,0.17499999999999716
Bahrain,2023,ALO,2023_Bahrain_ALO_3.0,51,14.0,16.05263157894737,3.5,1.0378362121170768,2.0,HARD,31.01180124223602,96.96,0.8039999999999878
Bahrain,2023,ALO,2023_Bahrain_ALO_3.0,52,15.0,14.210526315789473,3.5,1.0382053546352736,2.0,HARD,31.01180124223602,97.01,0.8539999999999992
Bahrain,2023,ALO,2023_Bahrain_ALO_3.0,53,16.0,12.368421052631579,3.5,1.0385709644453651,2.0,HARD,31.01180124223602,97.01,0.8539999999999992
Bahrain,2023,ALO,2023_Bahrain_ALO_3.0,54,17.0,10.526315789473685,3.5,1.038933141071383,2.0,HARD,31.01180124223602,97.599,1.4429999999999978
Bahrain,2023,ALO,2023_Bahrain_ALO_3.0,55,18.0,8.68421052631579,3.5,1.0392919794503002,2.0,HARD,31.01180124223602,97.662,1.5060000000000002
Bahrain,2023,ALO,2023_Bahrain_ALO_3.0,56,19.0,6.842105263157895,3.5,1.0396475702226682,2.0,HARD,31.01180124223602,97.473,1.316999999999993
Bahrain,2023,ALO,2023_Bahrain_ALO_3.0,57,20.0,5.0,3.5,1.04,2.0,HARD,31.01180124223602,97.422,1.2659999999999911
Bahrain,2023,BOT,2023_Bahrain_BOT_1.0,3,1.0,104.47368421052632,3.5,1.0091766293548226,0.0,SOFT,31.01180124223602,99.397,0.0
Bahrain,2023,BOT,2023_Bahrain_BOT_1.0,4,2.0,102.63157894736842,3.5,1.0105962588565203,0.0,SOFT,31.01180124223602,99.823,0.4259999999999877
Bahrain,2023,BOT,2023_Bahrain_BOT_1.0,5,3.0,100.78947368421052,3.5,1.011846977555182,0.0,SOFT,31.01180124223602,101.033,1.6359999999999957
Bahrain,2023,BOT,2023_Bahrain_BOT_1.0,6,4.0,98.94736842105263,3.5,1.012977713690461,0.0,SOFT,31.01180124223602,100.265,0.867999999999995
Bahrain,2023,BOT,2023_Bahrain_BOT_1.0,7,5.0,97.10526315789474,3.5,1.0140175328810093,0.0,SOFT,31.01180124223602,100.564,1.1669999999999874
Bahrain,2023,BOT,2023_Bahrain_BOT_1.0,8,6.0,95.26315789473684,3.5,1.014985372985307,0.0,SOFT,31.01180124223602,100.387,0.9899999999999949
Bahrain,2023,BOT,2023_Bahrain_BOT_1.0,9,7.0,93.42105263157895,3.5,1.0158943882847806,0.0,SOFT,31.01180124223602,100.275,0.8780000000000001
Bahrain,2023,BOT,2023_Bahrain_BOT_1.0,10,8.0,91.57894736842105,3.5,1.0167541563316678,0.0,SOFT,31.01180124223602,100.676,1.2789999999999964
Bahrain,2023,BOT,2023_Bahrain_BOT_2.0,13,1.0,86.05263157894737,3.5,1.0191026773176368,2.0,HARD,31.01180124223602,98.03,0.0
Bahrain,2023,BOT,2023_Bahrain_BOT_2.0,14,2.0,84.21052631578947,3.5,1.019823785111334,2.0,HARD,31.01180124223602,98.098,0.06799999999999784
Bahrain,2023,BOT,2023_Bahrain_BOT_2.0,15,3.0,82.36842105263158,3.5,1.020519567041703,2.0,HARD,31.01180124223602,98.851,0.820999999999998
Bahrain,2023,BOT,2023_Bahrain_BOT_2.0,16,4.0,80.52631578947368,3.5,1.0211925177130408,2.0,HARD,31.01180124223602,98.494,0.46399999999999864
Bahrain,2023,BOT,2023_Bahrain_BOT_2.0,17,5.0,78.68421052631578,3.5,1.02184474725091,2.0,HARD,31.01180124223602,99.973,1.9429999999999978
Bahrain,2023,BOT,2023_Bahrain_BOT_2.0,18,6.0,76.84210526315789,3.5,1.0224780594779606,2.0,HARD,31.01180124223602,100.24,2.2099999999999937
Bahrain,2023,BOT,2023_Bahrain_BOT_2.0,19,7.0,75.0,3.5,1.023094010767585,2.0,HARD,31.01180124223602,99.497,1.4669999999999987
Bahrain,2023,BOT,2023_Bahrain_BOT_2.0,20,8.0,73.15789473684211,3.5,1.0236939551103637,2.0,HARD,31.01180124223602,100.442,2.411999999999992
Bahrain,2023,BOT,2023_Bahrain_BOT_2.0,21,9.0,71.3157894736842,3.5,1.0242790791466754,2.0,HARD,31.01180124223602,99.355,1.3250000000000028
Bahrain,2023,BOT,2023_Bahrain_BOT_2.0,22,10.0,69.47368421052632,3.5,1.0248504297678958,2.0,HARD,31.01180124223602,99.356,1.3259999999999934
Bahrain,2023,BOT,2023_Bahrain_BOT_2.0,23,11.0,67.63157894736841,3.5,1.025408936126641,2.0,HARD,31.01180124223602,99.311,1.281000000000006
Bahrain,2023,BOT,2023_Bahrain_BOT_2.0,24,12.0,65.78947368421052,3.5,1.025955427380922,2.0,HARD,31.01180124223602,99.427,1.3970000000000056
Bahrain,2023,BOT,2023_Bahrain_BOT_2.0,25,13.0,63.94736842105263,3.5,1.026490647141301,2.0,HARD,31.01180124223602,99.49,1.4599999999999937
Bahrain,2023,BOT,2023_Bahrain_BOT_2.0,26,14.0,62.10526315789473,3.5,1.027015265340239,2.0,HARD,31.01180124223602,99.5,1.4699999999999989
Bahrain,2023,BOT,2023_Bahrain_BOT_2.0,27,15.0,60.26315789473684,3.5,1.0275298880644674,2.0,HARD,31.01180124223602,99.287,1.257000000000005
Bahrain,2023,BOT,2023_Bahrain_BOT_2.0,28,16.0,58.421052631578945,3.5,1.0280350657620185,2.0,HARD,31.01180124223602,99.016,0.9860000000000042
Bahrain,2023,BOT,2023_Bahrain_BOT_3.0,31,1.0,52.89473684210526,3.5,1.029498736220328,2.0,HARD,31.01180124223602,97.379,0.0
Bahrain,2023,BOT,2023_Bahrain_BOT_3.0,32,2.0,51.05263157894737,3.5,1.0299707459706142,2.0,HARD,31.01180124223602,97.675,0.29599999999999227
Bahrain,2023,BOT,2023_Bahrain_BOT_3.0,33,3.0,49.21052631578947,3.5,1.0304354364101074,2.0,HARD,31.01180124223602,97.775,0.3960000000000008
Bahrain,2023,BOT,2023_Bahrain_BOT_3.0,34,4.0,47.368421052631575,3.5,1.0308931378288493,2.0,HARD,31.01180124223602,97.774,0.394999999999996
Bahrain,2023,BOT,2023_Bahrain_BOT_3.0,35,5.0,45.526315789473685,3.5,1.031344156398775,2.0,HARD,31.01180124223602,97.817,0.4379999999999882
Bahrain,2023,BOT,2023_Bahrain_BOT_3.0,36,6.0,43.68421052631579,3.5,1.031788776569561,2.0,HARD,31.01180124223602,97.827,0.4479999999999933
Bahrain,2023,BOT,2023_Bahrain_BOT_3.0,37,7.0,41.84210526315789,3.5,1.0322272631668914,2.0,HARD,31.01180124223602,97.774,0.394999999999996
Bahrain,2023,BOT,2023_Bahrain_BOT_3.0,38,8.0,40.0,3.5,1.0326598632371091,2.0,HARD,31.01180124223602,97.658,0.27899999999999636
Bahrain,2023,BOT,2023_Bahrain_BOT_3.0,39,9.0,38.1578947368421,3.5,1.0330868076747404,2.0,HARD,31.01180124223602,97.784,0.40500000000000114
Bahrain,2023,BOT,2023_Bahrain_BOT_3.0,42,10.0,32.631578947368425,3.5,1.034335803011158,2.0,HARD,31.01180124223602,97.736,0.3569999999999993
Bahrain,2023,BOT,2023_Bahrain_BOT_3.0,43,11.0,30.789473684210527,3.5,1.0347421580196114,2.0,HARD,31.01180124223602,97.813,0.4339999999999975
Bahrain,2023,BOT,2023_Bahrain_BOT_3.0,44,12.0,28.94736842105263,3.5,1.0351438148085583,2.0,HARD,31.01180124223602,97.868,0.4889999999999901
Bahrain,2023,BOT,2023_Bahrain_BOT_3.0,45,13.0,27.105263157894736,3.5,1.0355409326655456,2.0,HARD,31.01180124223602,97.688,0.3089999999999975
Bahrain,2023,BOT,2023_Bahrain_BOT_3.0,46,14.0,25.263157894736842,3.5,1.0359336620757673,2.0,HARD,31.01180124223602,97.83,0.4509999999999934
Bahrain,2023,BOT,2023_Bahrain_BOT_3.0,47,15.0,23.421052631578945,3.5,1.036322145388372,2.0,HARD,31.01180124223602,97.815,0.43599999999999284
Bahrain,2023,BOT,2023_Bahrain_BOT_3.0,48,16.0,21.57894736842105,3.5,1.03670651741929,2.0,HARD,31.01180124223602,97.5,0.12099999999999511
Bahrain,2023,BOT,2023_Bahrain_BOT_3.0,49,17.0,19.736842105263158,3.5,1.0370869059978212,2.0,HARD,31.01180124223602,97.85,0.4709999999999894
Bahrain,2023,BOT,2023_Bahrain_BOT_3.0,50,18.0,17.894736842105264,3.5,1.0374634324632677,2.0,HARD,31.01180124223602,97.71,0.33099999999998886
Bahrain,2023,BOT,2023_Bahrain_BOT_3.0,51,19.0,16.05263157894737,3.5,1.0378362121170768,2.0,HARD,31.01180124223602,97.816,0.4369999999999976
Bahrain,2023,BOT,2023_Bahrain_BOT_3.0,52,20.0,14.210526315789473,3.5,1.0382053546352736,2.0,HARD,31.01180124223602,97.947,0.5679999999999978
Bahrain,2023,BOT,2023_Bahrain_BOT_3.0,53,21.0,12.368421052631579,3.5,1.0385709644453651,2.0,HARD,31.01180124223602,97.856,0.47699999999998965
Bahrain,2023,BOT,2023_Bahrain_BOT_3.0,54,22.0,10.526315789473685,3.5,1.038933141071383,2.0,HARD,31.01180124223602,97.738,0.35899999999999466
Bahrain,2023,BOT,2023_Bahrain_BOT_3.0,55,23.0,8.68421052631579,3.5,1.0392919794503002,2.0,HARD,31.01180124223602,97.807,0.42799999999999727
Bahrain,2023,BOT,2023_Bahrain_BOT_3.0,56,24.0,6.842105263157895,3.5,1.0396475702226682,2.0,HARD,31.01180124223602,98.16,0.7809999999999917
Bahrain,2023,BOT,2023_Bahrain_BOT_3.0,57,25.0,5.0,3.5,1.04,2.0,HARD,31.01180124223602,98.407,1.0279999999999916
Bahrain,2023,DEV,2023_Bahrain_DEV_1.0,3,1.0,104.47368421052632,3.5,1.0091766293548226,0.0,SOFT,31.01180124223602,100.914,0.5409999999999968
Bahrain,2023,DEV,2023_Bahrain_DEV_1.0,4,2.0,102.63157894736842,3.5,1.0105962588565203,0.0,SOFT,31.01180124223602,100.373,0.0
Bahrain,2023,DEV,2023_Bahrain_DEV_1.0,5,3.0,100.78947368421052,3.5,1.011846977555182,0.0,SOFT,31.01180124223602,100.63,0.2569999999999908
Bahrain,2023,DEV,2023_Bahrain_DEV_1.0,6,4.0,98.94736842105263,3.5,1.012977713690461,0.0,SOFT,31.01180124223602,101.125,0.7519999999999953
Bahrain,2023,DEV,2023_Bahrain_DEV_1.0,7,5.0,97.10526315789474,3.5,1.0140175328810093,0.0,SOFT,31.01180124223602,101.166,0.7929999999999922
Bahrain,2023,DEV,2023_Bahrain_DEV_1.0,8,6.0,95.26315789473684,3.5,1.014985372985307,0.0,SOFT,31.01180124223602,101.23,0.8569999999999993
Bahrain,2023,DEV,2023_Bahrain_DEV_1.0,9,7.0,93.42105263157895,3.5,1.0158943882847806,0.0,SOFT,31.01180124223602,101.573,1.1999999999999886
Bahrain,2023,DEV,2023_Bahrain_DEV_1.0,10,8.0,91.57894736842105,3.5,1.0167541563316678,0.0,SOFT,31.01180124223602,101.666,1.2929999999999922
Bahrain,2023,DEV,2023_Bahrain_DEV_2.0,13,1.0,86.05263157894737,3.5,1.0191026773176368,2.0,HARD,31.01180124223602,98.924,0.09500000000001307
Bahrain,2023,DEV,2023_Bahrain_DEV_2.0,14,2.0,84.21052631578947,3.5,1.019823785111334,2.0,HARD,31.01180124223602,98.829,0.0
Bahrain,2023,DEV,2023_Bahrain_DEV_2.0,15,3.0,82.36842105263158,3.5,1.020519567041703,2.0,HARD,31.01180124223602,98.868,0.03900000000000148
Bahrain,2023,DEV,2023_Bahrain_DEV_2.0,16,4.0,80.52631578947368,3.5,1.0211925177130408,2.0,HARD,31.01180124223602,99.127,0.2980000000000018
Bahrain,2023,DEV,2023_Bahrain_DEV_2.0,17,5.0,78.68421052631578,3.5,1.02184474725091,2.0,HARD,31.01180124223602,98.996,0.1670000000000016
Bahrain,2023,DEV,2023_Bahrain_DEV_2.0,18,6.0,76.84210526315789,3.5,1.0224780594779606,2.0,HARD,31.01180124223602,99.054,0.22500000000000853
Bahrain,2023,DEV,2023_Bahrain_DEV_2.0,19,7.0,75.0,3.5,1.023094010767585,2.0,HARD,31.01180124223602,99.078,0.24900000000000944
Bahrain,2023,DEV,2023_Bahrain_DEV_2.0,20,8.0,73.15789473684211,3.5,1.0236939551103637,2.0,HARD,31.01180124223602,99.182,0.35300000000000864
Bahrain,2023,DEV,2023_Bahrain_DEV_2.0,21,9.0,71.3157894736842,3.5,1.0242790791466754,2.0,HARD,31.01180124223602,99.182,0.35300000000000864
Bahrain,2023,DEV,2023_Bahrain_DEV_2.0,22,10.0,69.47368421052632,3.5,1.0248504297678958,2.0,HARD,31.01180124223602,99.296,0.46700000000001296
Bahrain,2023,DEV,2023_Bahrain_DEV_2.0,23,11.0,67.63157894736841,3.5,1.025408936126641,2.0,HARD,31.01180124223602,99.542,0.7130000000000081
Bahrain,2023,DEV,2023_Bahrain_DEV_2.0,24,12.0,65.78947368421052,3.5,1.025955427380922,2.0,HARD,31.01180124223602,99.807,0.9780000000000086
Bahrain,2023,DEV,2023_Bahrain_DEV_2.0,25,13.0,63.94736842105263,3.5,1.026490647141301,2.0,HARD,31.01180124223602,100.96,2.1310000000000002
Bahrain,2023,DEV,2023_Bahrain_DEV_2.0,26,14.0,62.10526315789473,3.5,1.027015265340239,2.0,HARD,31.01180124223602,99.97,1.1410000000000053
Bahrain,2023,DEV,2023_Bahrain_DEV_3.0,29,1.0,56.578947368421055,3.5,1.0285313001407104,2.0,HARD,31.01180124223602,98.121,0.41199999999999193
Bahrain,2023,DEV,2023_Bahrain_DEV_3.0,30,2.0,54.73684210526316,3.5,1.0290190500044005,2.0,HARD,31.01180124223602,97.709,0.0
Bahrain,2023,DEV,2023_Bahrain_DEV_3.0,31,3.0,52.89473684210526,3.5,1.029498736220328,2.0,HARD,31.01180124223602,97.909,0.20000000000000284
Bahrain,2023,DEV,2023_Bahrain_DEV_3.0,32,4.0,51.05263157894737,3.5,1.0299707459706142,2.0,HARD,31.01180124223602,97.902,0.19299999999999784
Bahrain,2023,DEV,2023_Bahrain_DEV_3.0,33,5.0,49.21052631578947,3.5,1.0304354364101074,2.0,HARD,31.01180124223602,97.933,0.22400000000000375
Bahrain,2023,DEV,2023_Bahrain_DEV_3.0,34,6.0,47.368421052631575,3.5,1.0308931378288493,2.0,HARD,31.01180124223602,98.266,0.5570000000000022
Bahrain,2023,DEV,2023_Bahrain_DEV_3.0,35,7.0,45.526315789473685,3.5,1.031344156398775,2.0,HARD,31.01180124223602,98.123,0.4140000000000015
Bahrain,2023,DEV,2023_Bahrain_DEV_3.0,36,8.0,43.68421052631579,3.5,1.031788776569561,2.0,HARD,31.01180124223602,98.206,0.4969999999999999
Bahrain,2023,DEV,2023_Bahrain_DEV_3.0,37,9.0,41.84210526315789,3.5,1.0322272631668914,2.0,HARD,31.01180124223602,98.423,0.7139999999999986
Bahrain,2023,DEV,2023_Bahrain_DEV_3.0,38,10.0,40.0,3.5,1.0326598632371091,2.0,HARD,31.01180124223602,98.379,0.6700000000000017
Bahrain,2023,DEV,2023_Bahrain_DEV_3.0,39,11.0,38.1578947368421,3.5,1.0330868076747404,2.0,HARD,31.01180124223602,98.535,0.8259999999999934
Bahrain,2023,DEV,2023_Bahrain_DEV_3.0,42,12.0,32.631578947368425,3.5,1.034335803011158,2.0,HARD,31.01180124223602,99.873,2.1640000000000015
Bahrain,2023,DEV,2023_Bahrain_DEV_3.0,43,13.0,30.789473684210527,3.5,1.0347421580196114,2.0,HARD,31.01180124223602,100.177,2.4680000000000035
Bahrain,2023,DEV,2023_Bahrain_DEV_3.0,44,14.0,28.94736842105263,3.5,1.0351438148085583,2.0,HARD,31.01180124223602,99.588,1.8789999999999907
Bahrain,2023,DEV,2023_Bahrain_DEV_3.0,45,15.0,27.105263157894736,3.5,1.0355409326655456,2.0,HARD,31.01180124223602,98.889,1.1799999999999926
Bahrain,2023,DEV,2023_Bahrain_DEV_3.0,46,16.0,25.263157894736842,3.5,1.0359336620757673,2.0,HARD,31.01180124223602,98.871,1.161999999999992
Bahrain,2023,DEV,2023_Bahrain_DEV_3.0,47,17.0,23.421052631578945,3.5,1.036322145388372,2.0,HARD,31.01180124223602,98.921,1.2120000000000033
Bahrain,2023,DEV,2023_Bahrain_DEV_3.0,48,18.0,21.57894736842105,3.5,1.03670651741929,2.0,HARD,31.01180124223602,100.441,2.7319999999999993
Bahrain,2023,DEV,2023_Bahrain_DEV_3.0,49,19.0,19.736842105263158,3.5,1.0370869059978212,2.0,HARD,31.01180124223602,98.985,1.2759999999999962
Bahrain,2023,DEV,2023_Bahrain_DEV_3.0,50,20.0,17.894736842105264,3.5,1.0374634324632677,2.0,HARD,31.01180124223602,99.089,1.3799999999999955
Bahrain,2023,DEV,2023_Bahrain_DEV_3.0,51,21.0,16.05263157894737,3.5,1.0378362121170768,2.0,HARD,31.01180124223602,100.475,2.765999999999991
Bahrain,2023,DEV,2023_Bahrain_DEV_3.0,52,22.0,14.210526315789473,3.5,1.0382053546352736,2.0,HARD,31.01180124223602,100.33,2.620999999999995
Bahrain,2023,DEV,2023_Bahrain_DEV_3.0,53,23.0,12.368421052631579,3.5,1.0385709644453651,2.0,HARD,31.01180124223602,99.15,1.4410000000000025
Bahrain,2023,DEV,2023_Bahrain_DEV_3.0,54,24.0,10.526315789473685,3.5,1.038933141071383,2.0,HARD,31.01180124223602,98.885,1.176000000000002
Bahrain,2023,DEV,2023_Bahrain_DEV_3.0,55,25.0,8.68421052631579,3.5,1.0392919794503002,2.0,HARD,31.01180124223602,99.239,1.5300000000000011
Bahrain,2023,DEV,2023_Bahrain_DEV_3.0,56,26.0,6.842105263157895,3.5,1.0396475702226682,2.0,HARD,31.01180124223602,99.161,1.4519999999999982
Bahrain,2023,GAS,2023_Bahrain_GAS_1.0,3,1.0,104.47368421052632,3.5,1.0091766293548226,0.0,SOFT,31.01180124223602,100.643,0.0
Bahrain,2023,GAS,2023_Bahrain_GAS_1.0,4,2.0,102.63157894736842,3.5,1.0105962588565203,0.0,SOFT,31.01180124223602,100.894,0.2510000000000048
Bahrain,2023,GAS,2023_Bahrain_GAS_1.0,5,3.0,100.78947368421052,3.5,1.011846977555182,0.0,SOFT,31.01180124223602,100.818,0.17499999999999716
Bahrain,2023,GAS,2023_Bahrain_GAS_1.0,6,4.0,98.94736842105263,3.5,1.012977713690461,0.0,SOFT,31.01180124223602,101.11,0.46699999999999875
Bahrain,2023,GAS,2023_Bahrain_GAS_1.0,7,5.0,97.10526315789474,3.5,1.0140175328810093,0.0,SOFT,31.01180124223602,101.134,0.49099999999999966
Bahrain,2023,GAS,2023_Bahrain_GAS_1.0,8,6.0,95.26315789473684,3.5,1.014985372985307,0.0,SOFT,31.01180124223602,101.173,0.5300000000000011
Bahrain,2023,GAS,2023_Bahrain_GAS_2.0,11,1.0,89.73684210526315,3.5,1.0175719074042793,2.0,HARD,31.01180124223602,98.762,0.0
Bahrain,2023,GAS,2023_Bahrain_GAS_2.0,12,2.0,87.89473684210526,3.5,1.0183532587096449,2.0,HARD,31.01180124223602,98.928,0.16599999999999682
Bahrain,2023,GAS,2023_Bahrain_GAS_2.0,13,3.0,86.05263157894737,3.5,1.0191026773176368,2.0,HARD,31.01180124223602,99.349,0.5870000000000033
Bahrain,2023,GAS,2023_Bahrain_GAS_2.0,14,4.0,84.21052631578947,3.5,1.019823785111334,2.0,HARD,31.01180124223602,98.859,0.0969999999999942
Bahrain,2023,GAS,2023_Bahrain_GAS_2.0,15,5.0,82.36842105263158,3.5,1.020519567041703,2.0,HARD,31.01180124223602,98.985,0.22299999999999898
Bahrain,2023,GAS,2023_Bahrain_GAS_2.0,16,6.0,80.52631578947368,3.5,1.0211925177130408,2.0,HARD,31.01180124223602,98.945,0.18299999999999272
Bahrain,2023,GAS,2023_Bahrain_GAS_2.0,17,7.0,78.68421052631578,3.5,1.02184474725091,2.0,HARD,31.01180124223602,99.011,0.24899999999999523
Bahrain,2023,GAS,2023_Bahrain_GAS_2.0,18,8.0,76.84210526315789,3.5,1.0224780594779606,2.0,HARD,31.01180124223602,99.029,0.2669999999999959
Bahrain,2023,GAS,2023_Bahrain_GAS_2.0,19,9.0,75.0,3.5,1.023094010767585,2.0,HARD,31.01180124223602,99.066,0.30400000000000205
Bahrain,2023,GAS,2023_Bahrain_GAS_2.0,20,10.0,73.15789473684211,3.5,1.0236939551103637,2.0,HARD,31.01180124223602,99.017,0.25499999999999545
Bahrain,2023,GAS,2023_Bahrain_GAS_2.0,21,11.0,71.3157894736842,3.5,1.0242790791466754,2.0,HARD,31.01180124223602,99.327,0.5649999999999977
Bahrain,2023,GAS,2023_Bahrain_GAS_2.0,22,12.0,69.47368421052632,3.5,1.0248504297678958,2.0,HARD,31.01180124223602,99.485,0.722999999999999
Bahrain,2023,GAS,2023_Bahrain_GAS_2.0,23,13.0,67.63157894736841,3.5,1.025408936126641,2.0,HARD,31.01180124223602,99.263,0.5010000000000048
Bahrain,2023,GAS,2023_Bahrain_GAS_2.0,24,14.0,65.78947368421052,3.5,1.025955427380922,2.0,HARD,31.01180124223602,99.761,0.9989999999999952
Bahrain,2023,GAS,2023_Bahrain_GAS_3.0,27,1.0,60.26315789473684,3.5,1.0275298880644674,2.0,HARD,31.01180124223602,98.729,0.9680000000000035
Bahrain,2023,GAS,2023_Bahrain_GAS_3.0,28,2.0,58.421052631578945,3.5,1.0280350657620185,2.0,HARD,31.01180124223602,97.761,0.0
Bahrain,2023,GAS,2023_Bahrain_GAS_3.0,29,3.0,56.578947368421055,3.5,1.0285313001407104,2.0,HARD,31.01180124223602,98.012,0.2510000000000048
Bahrain,2023,GAS,2023_Bahrain_GAS_3.0,30,4.0,54.73684210526316,3.5,1.0290190500044005,2.0,HARD,31.01180124223602,97.76,-0.000999999999990564
Bahrain,2023,GAS,2023_Bahrain_GAS_3.0,31,5.0,52.89473684210526,3.5,1.029498736220328,2.0,HARD,31.01180124223602,97.968,0.20700000000000784
Bahrain,2023,GAS,2023_Bahrain_GAS_3.0,32,6.0,51.05263157894737,3.5,1.0299707459706142,2.0,HARD,31.01180124223602,98.012,0.2510000000000048
Bahrain,2023,GAS,2023_Bahrain_GAS_3.0,33,7.0,49.21052631578947,3.5,1.0304354364101074,2.0,HARD,31.01180124223602,97.974,0.21300000000000807
Bahrain,2023,GAS,2023_Bahrain_GAS_3.0,34,8.0,47.368421052631575,3.5,1.0308931378288493,2.0,HARD,31.01180124223602,98.022,0.2610000000000099
Bahrain,2023,GAS,2023_Bahrain_GAS_3.0,35,9.0,45.526315789473685,3.5,1.031344156398775,2.0,HARD,31.01180124223602,98.088,0.3269999999999982
Bahrain,2023,GAS,2023_Bahrain_GAS_3.0,36,10.0,43.68421052631579,3.5,1.031788776569561,2.0,HARD,31.01180124223602,98.184,0.4230000000000018
Bahrain,2023,GAS,2023_Bahrain_GAS_3.0,37,11.0,41.84210526315789,3.5,1.0322272631668914,2.0,HARD,31.01180124223602,98.133,0.3719999999999999
Bahrain,2023,GAS,2023_Bahrain_GAS_3.0,38,12.0,40.0,3.5,1.0326598632371091,2.0,HARD,31.01180124223602,98.108,0.3470000000000084
Bahrain,2023,GAS,2023_Bahrain_GAS_3.0,39,13.0,38.1578947368421,3.5,1.0330868076747404,2.0,HARD,31.01180124223602,98.537,0.7760000000000105
Bahrain,2023,GAS,2023_Bahrain_GAS_4.0,42,1.0,32.631578947368425,3.5,1.034335803011158,0.0,SOFT,31.01180124223602,95.068,0.0
Bahrain,2023,GAS,2023_Bahrain_GAS_4.0,43,2.0,30.789473684210527,3.5,1.0347421580196114,0.0,SOFT,31.01180124223602,95.942,0.8739999999999952
Bahrain,2023,GAS,2023_Bahrain_GAS_4.0,44,3.0,28.94736842105263,3.5,1.0351438148085583,0.0,SOFT,31.01180124223602,95.792,0.7240000000000038
Bahrain,2023,GAS,2023_Bahrain_GAS_4.0,45,4.0,27.105263157894736,3.5,1.0355409326655456,0.0,SOFT,31.01180124223602,96.186,1.1180000000000092
Bahrain,2023,GAS,2023_Bahrain_GAS_4.0,46,5.0,25.263157894736842,3.5,1.0359336620757673,0.0,SOFT,31.01180124223602,96.041,0.972999999999999
Bahrain,2023,GAS,2023_Bahrain_GAS_4.0,47,6.0,23.421052631578945,3.5,1.036322145388372,0.0,SOFT,31.01180124223602,96.12,1.0520000000000067
Bahrain,2023,GAS,2023_Bahrain_GAS_4.0,48,7.0,21.57894736842105,3.5,1.03670651741929,0.0,SOFT,31.01180124223602,96.368,1.2999999999999972
Bahrain,2023,GAS,2023_Bahrain_GAS_4.0,49,8.0,19.736842105263158,3.5,1.0370869059978212,0.0,SOFT,31.01180124223602,96.803,1.7349999999999994
Bahrain,2023,GAS,2023_Bahrain_GAS_4.0,50,9.0,17.894736842105264,3.5,1.0374634324632677,0.0,SOFT,31.01180124223602,96.551,1.483000000000004
Bahrain,2023,GAS,2023_Bahrain_GAS_4.0,51,10.0,16.05263157894737,3.5,1.0378362121170768,0.0,SOFT,31.01180124223602,96.635,1.5670000000000073
Bahrain,2023,GAS,2023_Bahrain_GAS_4.0,52,11.0,14.210526315789473,3.5,1.0382053546352736,0.0,SOFT,31.01180124223602,96.891,1.8230000000000075
Bahrain,2023,GAS,2023_Bahrain_GAS_4.0,53,12.0,12.368421052631579,3.5,1.0385709644453651,0.0,SOFT,31.01180124223602,96.979,1.9110000000000014
Bahrain,2023,GAS,2023_Bahrain_GAS_4.0,54,13.0,10.526315789473685,3.5,1.038933141071383,0.0,SOFT,31.01180124223602,97.222,2.1539999999999964
Bahrain,2023,GAS,2023_Bahrain_GAS_4.0,55,14.0,8.68421052631579,3.5,1.0392919794503002,0.0,SOFT,31.01180124223602,97.559,2.4909999999999997
Bahrain,2023,GAS,2023_Bahrain_GAS_4.0,56,15.0,6.842105263157895,3.5,1.0396475702226682,0.0,SOFT,31.01180124223602,97.845,2.777000000000001
Bahrain,2023,GAS,2023_Bahrain_GAS_4.0,57,16.0,5.0,3.5,1.04,0.0,SOFT,31.01180124223602,98.147,3.0790000000000077
Bahrain,2023,HAM,2023_Bahrain_HAM_1.0,3,1.0,104.47368421052632,3.5,1.0091766293548226,0.0,SOFT,31.01180124223602,99.22,0.02200000000000557
Bahrain,2023,HAM,2023_Bahrain_HAM_1.0,4,2.0,102.63157894736842,3.5,1.0105962588565203,0.0,SOFT,31.01180124223602,99.198,0.0
Bahrain,2023,HAM,2023_Bahrain_HAM_1.0,5,3.0,100.78947368421052,3.5,1.011846977555182,0.0,SOFT,31.01180124223602,99.335,0.13700000000000045
Bahrain,2023,HAM,2023_Bahrain_HAM_1.0,6,4.0,98.94736842105263,3.5,1.012977713690461,0.0,SOFT,31.01180124223602,99.756,0.5580000000000069
Bahrain,2023,HAM,2023_Bahrain_HAM_1.0,7,5.0,97.10526315789474,3.5,1.0140175328810093,0.0,SOFT,31.01180124223602,99.757,0.5590000000000117
Bahrain,2023,HAM,2023_Bahrain_HAM_1.0,8,6.0,95.26315789473684,3.5,1.014985372985307,0.0,SOFT,31.01180124223602,100.267,1.0690000000000026
Bahrain,2023,HAM,2023_Bahrain_HAM_1.0,9,7.0,93.42105263157895,3.5,1.0158943882847806,0.0,SOFT,31.01180124223602,100.323,1.125
Bahrain,2023,HAM,2023_Bahrain_HAM_1.0,10,8.0,91.57894736842105,3.5,1.0167541563316678,0.0,SOFT,31.01180124223602,100.289,1.0910000000000082
Bahrain,2023,HAM,2023_Bahrain_HAM_1.0,11,9.0,89.73684210526315,3.5,1.0175719074042793,0.0,SOFT,31.01180124223602,100.752,1.554000000000002
Bahrain,2023,HAM,2023_Bahrain_HAM_2.0,14,1.0,84.21052631578947,3.5,1.019823785111334,2.0,HARD,31.01180124223602,98.308,0.0
Bahrain,2023,HAM,2023_Bahrain_HAM_2.0,15,2.0,82.36842105263158,3.5,1.020519567041703,2.0,HARD,31.01180124223602,98.527,0.2189999999999941
Bahrain,2023,HAM,2023_Bahrain_HAM_2.0,16,3.0,80.52631578947368,3.5,1.0211925177130408,2.0,HARD,31.01180124223602,98.617,0.3089999999999975
Bahrain,2023,HAM,2023_Bahrain_HAM_2.0,17,4.0,78.68421052631578,3.5,1.02184474725091,2.0,HARD,31.01180124223602,98.704,0.3959999999999866
Bahrain,2023,HAM,2023_Bahrain_HAM_2.0,18,5.0,76.84210526315789,3.5,1.0224780594779606,2.0,HARD,31.01180124223602,98.69,0.3819999999999908
Bahrain,2023,HAM,2023_Bahrain_HAM_2.0,19,6.0,75.0,3.5,1.023094010767585,2.0,HARD,31.01180124223602,98.684,0.37599999999999056
Bahrain,2023,HAM,2023_Bahrain_HAM_2.0,20,7.0,73.15789473684211,3.5,1.0236939551103637,2.0,HARD,31.01180124223602,98.478,0.1699999999999875
Bahrain,2023,HAM,2023_Bahrain_HAM_2.0,21,8.0,71.3157894736842,3.5,1.0242790791466754,2.0,HARD,31.01180124223602,98.581,0.27299999999999613
Bahrain,2023,HAM,2023_Bahrain_HAM_2.0,22,9.0,69.47368421052632,3.5,1.0248504297678958,2.0,HARD,31.01180124223602,98.46,0.1519999999999868
Bahrain,2023,HAM,2023_Bahrain_HAM_2.0,23,10.0,67.63157894736841,3.5,1.025408936126641,2.0,HARD,31.01180124223602,98.384,0.0759999999999934
Bahrain,2023,HAM,2023_Bahrain_HAM_2.0,24,11.0,65.78947368421052,3.5,1.025955427380922,2.0,HARD,31.01180124223602,98.367,0.0589999999999975
Bahrain,2023,HAM,2023_Bahrain_HAM_2.0,25,12.0,63.94736842105263,3.5,1.026490647141301,2.0,HARD,31.01180124223602,98.29,-0.018000000000000682
Bahrain,2023,HAM,2023_Bahrain_HAM_2.0,26,13.0,62.10526315789473,3.5,1.027015265340239,2.0,HARD,31.01180124223602,98.339,0.0309999999999917
Bahrain,2023,HAM,2023_Bahrain_HAM_2.0,27,14.0,60.26315789473684,3.5,1.0275298880644674,2.0,HARD,31.01180124223602,98.369,0.06099999999999284
Bahrain,2023,HAM,2023_Bahrain_HAM_2.0,28,15.0,58.421052631578945,3.5,1.0280350657620185,2.0,HARD,31.01180124223602,98.265,-0.043000000000006366
Bahrain,2023,HAM,2023_Bahrain_HAM_2.0,29,16.0,56.578947368421055,3.5,1.0285313001407104,2.0,HARD,31.01180124223602,98.38,0.07199999999998852
Bahrain,2023,HAM,2023_Bahrain_HAM_3.0,32,1.0,51.05263157894737,3.5,1.0299707459706142,2.0,HARD,31.01180124223602,97.563,0.013999999999995794
Bahrain,2023,HAM,2023_Bahrain_HAM_3.0,33,2.0,49.21052631578947,3.5,1.0304354364101074,2.0,HARD,31.01180124223602,97.549,0.0
Bahrain,2023,HAM,2023_Bahrain_HAM_3.0,34,3.0,47.368421052631575,3.5,1.0308931378288493,2.0,HARD,31.01180124223602,98.135,0.5859999999999985
Bahrain,2023,HAM,2023_Bahrain_HAM_3.0,35,4.0,45.526315789473685,3.5,1.031344156398775,2.0,HARD,31.01180124223602,96.831,-0.7180000000000035
Bahrain,2023,HAM,2023_Bahrain_HAM_3.0,36,5.0,43.68421052631579,3.5,1.031788776569561,2.0,HARD,31.01180124223602,96.546,-1.0030000000000001
Bahrain,2023,HAM,2023_Bahrain_HAM_3.0,37,6.0,41.84210526315789,3.5,1.0322272631668914,2.0,HARD,31.01180124223602,97.388,-0.16100000000000136
Bahrain,2023,HAM,2023_Bahrain_HAM_3.0,38,7.0,40.0,3.5,1.0326598632371091,2.0,HARD,31.01180124223602,98.304,0.7549999999999955
Bahrain,2023,HAM,2023_Bahrain_HAM_3.0,39,8.0,38.1578947368421,3.5,1.0330868076747404,2.0,HARD,31.01180124223602,97.478,-0.07100000000001216
Bahrain,2023,HAM,2023_Bahrain_HAM_3.0,42,9.0,32.631578947368425,3.5,1.034335803011158,2.0,HARD,31.01180124223602,97.061,-0.48799999999999955
Bahrain,2023,HAM,2023_Bahrain_HAM_3.0,43,10.0,30.789473684210527,3.5,1.0347421580196114,2.0,HARD,31.01180124223602,97.111,-0.4380000000000024
Bahrain,2023,HAM,2023_Bahrain_HAM_3.0,44,11.0,28.94736842105263,3.5,1.0351438148085583,2.0,HARD,31.01180124223602,97.048,-0.5010000000000048
Bahrain,2023,HAM,2023_Bahrain_HAM_3.0,45,12.0,27.105263157894736,3.5,1.0355409326655456,2.0,HARD,31.01180124223602,97.661,0.11199999999999477
Bahrain,2023,HAM,2023_Bahrain_HAM_3.0,46,13.0,25.263157894736842,3.5,1.0359336620757673,2.0,HARD,31.01180124223602,97.779,0.22999999999998977
Bahrain,2023,HAM,2023_Bahrain_HAM_3.0,47,14.0,23.421052631578945,3.5,1.036322145388372,2.0,HARD,31.01180124223602,98.517,0.9679999999999893
Bahrain,2023,HAM,2023_Bahrain_HAM_3.0,48,15.0,21.57894736842105,3.5,1.03670651741929,2.0,HARD,31.01180124223602,97.844,0.2949999999999875
Bahrain,2023,HAM,2023_Bahrain_HAM_3.0,49,16.0,19.736842105263158,3.5,1.0370869059978212,2.0,HARD,31.01180124223602,97.954,0.4049999999999869
Bahrain,2023,HAM,2023_Bahrain_HAM_3.0,50,17.0,17.894736842105264,3.5,1.0374634324632677,2.0,HARD,31.01180124223602,97.77,0.22099999999998943
Bahrain,2023,HAM,2023_Bahrain_HAM_3.0,51,18.0,16.05263157894737,3.5,1.0378362121170768,2.0,HARD,31.01180124223602,98.014,0.4649999999999892
Bahrain,2023,HAM,2023_Bahrain_HAM_3.0,52,19.0,14.210526315789473,3.5,1.0382053546352736,2.0,HARD,31.01180124223602,97.803,0.2539999999999907
Bahrain,2023,HAM,2023_Bahrain_HAM_3.0,53,20.0,12.368421052631579,3.5,1.0385709644453651,2.0,HARD,31.01180124223602,97.988,0.43899999999999295
Bahrain,2023,HAM,2023_Bahrain_HAM_3.0,54,21.0,10.526315789473685,3.5,1.038933141071383,2.0,HARD,31.01180124223602,98.076,0.5269999999999868
Bahrain,2023,HAM,2023_Bahrain_HAM_3.0,55,22.0,8.68421052631579,3.5,1.0392919794503002,2.0,HARD,31.01180124223602,97.955,0.4059999999999917
Bahrain,2023,HAM,2023_Bahrain_HAM_3.0,56,23.0,6.842105263157895,3.5,1.0396475702226682,2.0,HARD,31.01180124223602,98.111,0.5619999999999976
Bahrain,2023,HAM,2023_Bahrain_HAM_3.0,57,24.0,5.0,3.5,1.04,2.0,HARD,31.01180124223602,98.255,0.7059999999999889
Bahrain,2023,HUL,2023_Bahrain_HUL_1.0,3,1.0,104.47368421052632,3.5,1.0091766293548226,0.0,SOFT,31.01180124223602,100.484,0.0
Bahrain,2023,HUL,2023_Bahrain_HUL_1.0,4,2.0,102.63157894736842,3.5,1.0105962588565203,0.0,SOFT,31.01180124223602,101.004,0.5200000000000102
Bahrain,2023,HUL,2023_Bahrain_HUL_1.0,5,3.0,100.78947368421052,3.5,1.011846977555182,0.0,SOFT,31.01180124223602,101.002,0.5180000000000007
Bahrain,2023,HUL,2023_Bahrain_HUL_1.0,6,4.0,98.94736842105263,3.5,1.012977713690461,0.0,SOFT,31.01180124223602,101.002,0.5180000000000007
Bahrain,2023,HUL,2023_Bahrain_HUL_1.0,7,5.0,97.10526315789474,3.5,1.0140175328810093,0.0,SOFT,31.01180124223602,101.148,0.6640000000000015
Bahrain,2023,HUL,2023_Bahrain_HUL_1.0,8,6.0,95.26315789473684,3.5,1.014985372985307,0.0,SOFT,31.01180124223602,101.249,0.7650000000000006
Bahrain,2023,HUL,2023_Bahrain_HUL_1.0,9,7.0,93.42105263157895,3.5,1.0158943882847806,0.0,SOFT,31.01180124223602,101.615,1.1310000000000002
Bahrain,2023,HUL,2023_Bahrain_HUL_1.0,10,8.0,91.57894736842105,3.5,1.0167541563316678,0.0,SOFT,31.01180124223602,102.252,1.7680000000000007
Bahrain,2023,HUL,2023_Bahrain_HUL_2.0,13,1.0,86.05263157894737,3.5,1.0191026773176368,2.0,HARD,31.01180124223602,99.406,0.5590000000000117
Bahrain,2023,HUL,2023_Bahrain_HUL_2.0,14,2.0,84.21052631578947,3.5,1.019823785111334,2.0,HARD,31.01180124223602,98.847,0.0
Bahrain,2023,HUL,2023_Bahrain_HUL_2.0,15,3.0,82.36842105263158,3.5,1.020519567041703,2.0,HARD,31.01180124223602,98.972,0.125
Bahrain,2023,HUL,2023_Bahrain_HUL_2.0,16,4.0,80.52631578947368,3.5,1.0211925177130408,2.0,HARD,31.01180124223602,99.136,0.2890000000000015
Bahrain,2023,HUL,2023_Bahrain_HUL_2.0,17,5.0,78.68421052631578,3.5,1.02184474725091,2.0,HARD,31.01180124223602,99.396,0.5490000000000066
Bahrain,2023,HUL,2023_Bahrain_HUL_2.0,18,6.0,76.84210526315789,3.5,1.0224780594779606,2.0,HARD,31.01180124223602,100.323,1.475999999999999
Bahrain,2023,HUL,2023_Bahrain_HUL_2.0,19,7.0,75.0,3.5,1.023094010767585,2.0,HARD,31.01180124223602,99.633,0.7860000000000014
Bahrain,2023,HUL,2023_Bahrain_HUL_2.0,20,8.0,73.15789473684211,3.5,1.0236939551103637,2.0,HARD,31.01180124223602,99.495,0.6480000000000103
Bahrain,2023,HUL,2023_Bahrain_HUL_2.0,21,9.0,71.3157894736842,3.5,1.0242790791466754,2.0,HARD,31.01180124223602,99.703,0.8560000000000088
Bahrain,2023,HUL,2023_Bahrain_HUL_2.0,22,10.0,69.47368421052632,3.5,1.0248504297678958,2.0,HARD,31.01180124223602,99.934,1.0870000000000033
Bahrain,2023,HUL,2023_Bahrain_HUL_2.0,23,11.0,67.63157894736841,3.5,1.025408936126641,2.0,HARD,31.01180124223602,99.866,1.0190000000000055
Bahrain,2023,HUL,2023_Bahrain_HUL_2.0,24,12.0,65.78947368421052,3.5,1.025955427380922,2.0,HARD,31.01180124223602,99.855,1.0080000000000098
Bahrain,2023,HUL,2023_Bahrain_HUL_2.0,25,13.0,63.94736842105263,3.5,1.026490647141301,2.0,HARD,31.01180124223602,100.295,1.4480000000000075
Bahrain,2023,HUL,2023_Bahrain_HUL_3.0,28,1.0,58.421052631578945,3.5,1.0280350657620185,2.0,HARD,31.01180124223602,96.981,0.0
Bahrain,2023,HUL,2023_Bahrain_HUL_3.0,29,2.0,56.578947368421055,3.5,1.0285313001407104,2.0,HARD,31.01180124223602,97.398,0.4170000000000016
Bahrain,2023,HUL,2023_Bahrain_HUL_3.0,30,3.0,54.73684210526316,3.5,1.0290190500044005,2.0,HARD,31.01180124223602,97.617,0.6360000000000099
Bahrain,2023,HUL,2023_Bahrain_HUL_3.0,31,4.0,52.89473684210526,3.5,1.029498736220328,2.0,HARD,31.01180124223602,97.891,0.9100000000000108
Bahrain,2023,HUL,2023_Bahrain_HUL_3.0,32,5.0,51.05263157894737,3.5,1.0299707459706142,2.0,HARD,31.01180124223602,97.806,0.8250000000000028
Bahrain,2023,HUL,2023_Bahrain_HUL_3.0,33,6.0,49.21052631578947,3.5,1.0304354364101074,2.0,HARD,31.01180124223602,97.761,0.7800000000000011
Bahrain,2023,HUL,2023_Bahrain_HUL_3.0,34,7.0,47.368421052631575,3.5,1.0308931378288493,2.0,HARD,31.01180124223602,97.895,0.9140000000000015
Bahrain,2023,HUL,2023_Bahrain_HUL_3.0,35,8.0,45.526315789473685,3.5,1.031344156398775,2.0,HARD,31.01180124223602,98.093,1.112000000000009
Bahrain,2023,HUL,2023_Bahrain_HUL_3.0,36,9.0,43.68421052631579,3.5,1.031788776569561,2.0,HARD,31.01180124223602,98.245,1.26400000000001
Bahrain,2023,HUL,2023_Bahrain_HUL_3.0,37,10.0,41.84210526315789,3.5,1.0322272631668914,2.0,HARD,31.01180124223602,98.108,1.1270000000000095
Bahrain,2023,HUL,2023_Bahrain_HUL_3.0,38,11.0,40.0,3.5,1.0326598632371091,2.0,HARD,31.01180124223602,98.191,1.210000000000008
Bahrain,2023,HUL,2023_Bahrain_HUL_3.0,39,12.0,38.1578947368421,3.5,1.0330868076747404,2.0,HARD,31.01180124223602,98.184,1.203000000000003
Bahrain,2023,HUL,2023_Bahrain_HUL_4.0,42,1.0,32.631578947368425,3.5,1.034335803011158,0.0,SOFT,31.01180124223602,96.616,0.0
Bahrain,2023,HUL,2023_Bahrain_HUL_4.0,43,2.0,30.789473684210527,3.5,1.0347421580196114,0.0,SOFT,31.01180124223602,96.793,0.1770000000000067
Bahrain,2023,HUL,2023_Bahrain_HUL_4.0,44,3.0,28.94736842105263,3.5,1.0351438148085583,0.0,SOFT,31.01180124223602,97.076,0.45999999999999375
Bahrain,2023,HUL,2023_Bahrain_HUL_4.0,45,4.0,27.105263157894736,3.5,1.0355409326655456,0.0,SOFT,31.01180124223602,97.314,0.6979999999999933
Bahrain,2023,HUL,2023_Bahrain_HUL_4.0,46,5.0,25.263157894736842,3.5,1.0359336620757673,0.0,SOFT,31.01180124223602,99.972,3.3559999999999945
Bahrain,2023,HUL,2023_Bahrain_HUL_4.0,47,6.0,23.421052631578945,3.5,1.036322145388372,0.0,SOFT,31.01180124223602,96.806,0.18999999999999773
Bahrain,2023,HUL,2023_Bahrain_HUL_4.0,48,7.0,21.57894736842105,3.5,1.03670651741929,0.0,SOFT,31.01180124223602,97.086,0.46999999999999886
Bahrain,2023,HUL,2023_Bahrain_HUL_4.0,49,8.0,19.736842105263158,3.5,1.0370869059978212,0.0,SOFT,31.01180124223602,97.077,0.4609999999999985
Bahrain,2023,HUL,2023_Bahrain_HUL_4.0,50,9.0,17.894736842105264,3.5,1.0374634324632677,0.0,SOFT,31.01180124223602,97.242,0.6260000000000048
Bahrain,2023,HUL,2023_Bahrain_HUL_4.0,51,10.0,16.05263157894737,3.5,1.0378362121170768,0.0,SOFT,31.01180124223602,97.306,0.6899999999999977
Bahrain,2023,HUL,2023_Bahrain_HUL_4.0,52,11.0,14.210526315789473,3.5,1.0382053546352736,0.0,SOFT,31.01180124223602,97.917,1.301000000000002
Bahrain,2023,HUL,2023_Bahrain_HUL_4.0,53,12.0,12.368421052631579,3.5,1.0385709644453651,0.0,SOFT,31.01180124223602,98.067,1.4509999999999934
Bahrain,2023,HUL,2023_Bahrain_HUL_4.0,54,13.0,10.526315789473685,3.5,1.038933141071383,0.0,SOFT,31.01180124223602,98.458,1.8419999999999987
Bahrain,2023,HUL,2023_Bahrain_HUL_4.0,55,14.0,8.68421052631579,3.5,1.0392919794503002,0.0,SOFT,31.01180124223602,98.564,1.9479999999999933
Bahrain,2023,HUL,2023_Bahrain_HUL_4.0,56,15.0,6.842105263157895,3.5,1.0396475702226682,0.0,SOFT,31.01180124223602,99.206,2.5900000000000034
Bahrain,2023,LEC,2023_Bahrain_LEC_1.0,3,1.0,104.47368421052632,3.5,1.0091766293548226,0.0,SOFT,31.01180124223602,98.658,0.0
Bahrain,2023,LEC,2023_Bahrain_LEC_1.0,4,2.0,102.63157894736842,3.5,1.0105962588565203,0.0,SOFT,31.01180124223602,98.825,0.1670000000000016
Bahrain,2023,LEC,2023_Bahrain_LEC_1.0,5,3.0,100.78947368421052,3.5,1.011846977555182,0.0,SOFT,31.01180124223602,98.664,0.006000000000000227
Bahrain,2023,LEC,2023_Bahrain_LEC_1.0,6,4.0,98.94736842105263,3.5,1.012977713690461,0.0,SOFT,31.01180124223602,98.572,-0.08599999999999852
Bahrain,2023,LEC,2023_Bahrain_LEC_1.0,7,5.0,97.10526315789474,3.5,1.0140175328810093,0.0,SOFT,31.01180124223602,98.691,0.03300000000000125
Bahrain,2023,LEC,2023_Bahrain_LEC_1.0,8,6.0,95.26315789473684,3.5,1.014985372985307,0.0,SOFT,31.01180124223602,98.614,-0.04399999999999693
Bahrain,2023,LEC,2023_Bahrain_LEC_1.0,9,7.0,93.42105263157895,3.5,1.0158943882847806,0.0,SOFT,31.01180124223602,98.828,0.1700000000000017
Bahrain,2023,LEC,2023_Bahrain_LEC_1.0,10,8.0,91.57894736842105,3.5,1.0167541563316678,0.0,SOFT,31.01180124223602,99.073,0.41499999999999204
Bahrain,2023,LEC,2023_Bahrain_LEC_1.0,11,9.0,89.73684210526315,3.5,1.0175719074042793,0.0,SOFT,31.01180124223602,99.212,0.554000000000002
Bahrain,2023,LEC,2023_Bahrain_LEC_1.0,12,10.0,87.89473684210526,3.5,1.0183532587096449,0.0,SOFT,31.01180124223602,99.489,0.8310000000000031
Bahrain,2023,LEC,2023_Bahrain_LEC_2.0,15,1.0,82.36842105263158,3.5,1.020519567041703,2.0,HARD,31.01180124223602,98.477,0.5240000000000009
Bahrain,2023,LEC,2023_Bahrain_LEC_2.0,16,2.0,80.52631578947368,3.5,1.0211925177130408,2.0,HARD,31.01180124223602,97.953,0.0
Bahrain,2023,LEC,2023_Bahrain_LEC_2.0,17,3.0,78.68421052631578,3.5,1.02184474725091,2.0,HARD,31.01180124223602,98.031,0.07800000000000296
Bahrain,2023,LEC,2023_Bahrain_LEC_2.0,18,4.0,76.84210526315789,3.5,1.0224780594779606,2.0,HARD,31.01180124223602,97.798,-0.15500000000000114
Bahrain,2023,LEC,2023_Bahrain_LEC_2.0,19,5.0,75.0,3.5,1.023094010767585,2.0,HARD,31.01180124223602,97.858,-0.09499999999999886
Bahrain,2023,LEC,2023_Bahrain_LEC_2.0,20,6.0,73.15789473684211,3.5,1.0236939551103637,2.0,HARD,31.01180124223602,97.631,-0.32200000000000273
Bahrain,2023,LEC,2023_Bahrain_LEC_2.0,21,7.0,71.3157894736842,3.5,1.0242790791466754,2.0,HARD,31.01180124223602,97.753,-0.20000000000000284
Bahrain,2023,LEC,2023_Bahrain_LEC_2.0,22,8.0,69.47368421052632,3.5,1.0248504297678958,2.0,HARD,31.01180124223602,98.162,0.20900000000000318
Bahrain,2023,LEC,2023_Bahrain_LEC_2.0,23,9.0,67.63157894736841,3.5,1.025408936126641,2.0,HARD,31.01180124223602,98.054,0.10099999999999909
Bahrain,2023,LEC,2023_Bahrain_LEC_2.0,24,10.0,65.78947368421052,3.5,1.025955427380922,2.0,HARD,31.01180124223602,97.972,0.018999999999991246
Bahrain,2023,LEC,2023_Bahrain_LEC_2.0,25,11.0,63.94736842105263,3.5,1.026490647141301,2.0,HARD,31.01180124223602,98.541,0.5879999999999939
Bahrain,2023,LEC,2023_Bahrain_LEC_2.0,26,12.0,62.10526315789473,3.5,1.027015265340239,2.0,HARD,31.01180124223602,99.668,1.7150000000000034
Bahrain,2023,LEC,2023_Bahrain_LEC_2.0,27,13.0,60.26315789473684,3.5,1.0275298880644674,2.0,HARD,31.01180124223602,98.814,0.86099999999999
Bahrain,2023,LEC,2023_Bahrain_LEC_2.0,28,14.0,58.421052631578945,3.5,1.0280350657620185,2.0,HARD,31.01180124223602,98.618,0.664999999999992
Bahrain,2023,LEC,2023_Bahrain_LEC_2.0,29,15.0,56.578947368421055,3.5,1.0285313001407104,2.0,HARD,31.01180124223602,98.447,0.4939999999999998
Bahrain,2023,LEC,2023_Bahrain_LEC_2.0,30,16.0,54.73684210526316,3.5,1.0290190500044005,2.0,HARD,31.01180124223602,98.39,0.4369999999999976
Bahrain,2023,LEC,2023_Bahrain_LEC_2.0,31,17.0,52.89473684210526,3.5,1.029498736220328,2.0,HARD,31.01180124223602,98.746,0.7929999999999922
Bahrain,2023,LEC,2023_Bahrain_LEC_2.0,32,18.0,51.05263157894737,3.5,1.0299707459706142,2.0,HARD,31.01180124223602,98.948,0.9949999999999903
Bahrain,2023,MAG,2023_Bahrain_MAG_1.0,3,1.0,104.47368421052632,3.5,1.0091766293548226,2.0,HARD,31.01180124223602,101.978,1.2049999999999983
Bahrain,2023,MAG,2023_Bahrain_MAG_1.0,4,2.0,102.63157894736842,3.5,1.0105962588565203,2.0,HARD,31.01180124223602,100.773,0.0
Bahrain,2023,MAG,2023_Bahrain_MAG_1.0,5,3.0,100.78947368421052,3.5,1.011846977555182,2.0,HARD,31.01180124223602,101.34,0.5670000000000073
Bahrain,2023,MAG,2023_Bahrain_MAG_1.0,6,4.0,98.94736842105263,3.5,1.012977713690461,2.0,HARD,31.01180124223602,101.125,0.35200000000000387
Bahrain,2023,MAG,2023_Bahrain_MAG_1.0,7,5.0,97.10526315789474,3.5,1.0140175328810093,2.0,HARD,31.01180124223602,101.526,0.7530000000000001
Bahrain,2023,MAG,2023_Bahrain_MAG_1.0,8,6.0,95.26315789473684,3.5,1.014985372985307,2.0,HARD,31.01180124223602,101.283,0.5100000000000051
Bahrain,2023,MAG,2023_Bahrain_MAG_1.0,9,7.0,93.42105263157895,3.5,1.0158943882847806,2.0,HARD,31.01180124223602,101.278,0.5050000000000097
Bahrain,2023,MAG,2023_Bahrain_MAG_1.0,10,8.0,91.57894736842105,3.5,1.0167541563316678,2.0,HARD,31.01180124223602,101.719,0.945999999999998
Bahrain,2023,MAG,2023_Bahrain_MAG_1.0,11,9.0,89.73684210526315,3.5,1.0175719074042793,2.0,HARD,31.01180124223602,102.049,1.2760000000000105
Bahrain,2023,MAG,2023_Bahrain_MAG_1.0,12,10.0,87.89473684210526,3.5,1.0183532587096449,2.0,HARD,31.01180124223602,101.345,0.5720000000000027
Bahrain,2023,MAG,2023_Bahrain_MAG_1.0,13,11.0,86.05263157894737,3.5,1.0191026773176368,2.0,HARD,31.01180124223602,101.654,0.8810000000000002
Bahrain,2023,MAG,2023_Bahrain_MAG_1.0,14,12.0,84.21052631578947,3.5,1.019823785111334,2.0,HARD,31.01180124223602,101.739,0.9660000000000082
Bahrain,2023,MAG,2023_Bahrain_MAG_2.0,17,1.0,78.68421052631578,3.5,1.02184474725091,2.0,HARD,31.01180124223602,98.319,0.045000000000001705
Bahrain,2023,MAG,2023_Bahrain_MAG_2.0,18,2.0,76.84210526315789,3.5,1.0224780594779606,2.0,HARD,31.01180124223602,98.274,0.0
Bahrain,2023,MAG,2023_Bahrain_MAG_2.0,19,3.0,75.0,3.5,1.023094010767585,2.0,HARD,31.01180124223602,98.803,0.5289999999999964
Bahrain,2023,MAG,2023_Bahrain_MAG_2.0,20,4.0,73.15789473684211,3.5,1.0236939551103637,2.0,HARD,31.01180124223602,99.083,0.8089999999999975
Bahrain,2023,MAG,2023_Bahrain_MAG_2.0,21,5.0,71.3157894736842,3.5,1.0242790791466754,2.0,HARD,31.01180124223602,99.086,0.8119999999999976
Bahrain,2023,MAG,2023_Bahrain_MAG_2.0,22,6.0,69.47368421052632,3.5,1.0248504297678958,2.0,HARD,31.01180124223602,98.913,0.6389999999999958
Bahrain,2023,MAG,2023_Bahrain_MAG_2.0,23,7.0,67.63157894736841,3.5,1.025408936126641,2.0,HARD,31.01180124223602,99.027,0.7530000000000001
Bahrain,2023,MAG,2023_Bahrain_MAG_2.0,24,8.0,65.78947368421052,3.5,1.025955427380922,2.0,HARD,31.01180124223602,98.947,0.6730000000000018
Bahrain,2023,MAG,2023_Bahrain_MAG_2.0,25,9.0,63.94736842105263,3.5,1.026490647141301,2.0,HARD,31.01180124223602,99.476,1.2019999999999982
Bahrain,2023,MAG,2023_Bahrain_MAG_2.0,26,10.0,62.10526315789473,3.5,1.027015265340239,2.0,HARD,31.01180124223602,99.601,1.3269999999999982
Bahrain,2023,MAG,2023_Bahrain_MAG_2.0,27,11.0,60.26315789473684,3.5,1.0275298880644674,2.0,HARD,31.01180124223602,99.298,1.024000000000001
Bahrain,2023,MAG,2023_Bahrain_MAG_2.0,28,12.0,58.421052631578945,3.5,1.0280350657620185,2.0,HARD,31.01180124223602,99.316,1.0420000000000016
Bahrain,2023,MAG,2023_Bahrain_MAG_3.0,31,1.0,52.89473684210526,3.5,1.029498736220328,0.0,SOFT,31.01180124223602,98.593,1.4960000000000093
Bahrain,2023,MAG,2023_Bahrain_MAG_3.0,32,2.0,51.05263157894737,3.5,1.0299707459706142,0.0,SOFT,31.01180124223602,97.644,0.5470000000000113
Bahrain,2023,MAG,2023_Bahrain_MAG_3.0,33,3.0,49.21052631578947,3.5,1.0304354364101074,0.0,SOFT,31.01180124223602,97.097,0.0
Bahrain,2023,MAG,2023_Bahrain_MAG_3.0,34,4.0,47.368421052631575,3.5,1.0308931378288493,0.0,SOFT,31.01180124223602,97.528,0.4310000000000116
Bahrain,2023,MAG,2023_Bahrain_MAG_3.0,35,5.0,45.526315789473685,3.5,1.031344156398775,0.0,SOFT,31.01180124223602,97.46,0.36299999999999955
Bahrain,2023,MAG,2023_Bahrain_MAG_3.0,36,6.0,43.68421052631579,3.5,1.031788776569561,0.0,SOFT,31.01180124223602,97.754,0.6570000000000107
Bahrain,2023,MAG,2023_Bahrain_MAG_3.0,37,7.0,41.84210526315789,3.5,1.0322272631668914,0.0,SOFT,31.01180124223602,97.998,0.9010000000000105
Bahrain,2023,MAG,2023_Bahrain_MAG_3.0,38,8.0,40.0,3.5,1.0326598632371091,0.0,SOFT,31.01180124223602,98.303,1.206000000000003
Bahrain,2023,MAG,2023_Bahrain_MAG_3.0,39,9.0,38.1578947368421,3.5,1.0330868076747404,0.0,SOFT,31.01180124223602,98.587,1.490000000000009
Bahrain,2023,MAG,2023_Bahrain_MAG_4.0,42,1.0,32.631578947368425,3.5,1.034335803011158,0.0,SOFT,31.01180124223602,96.471,0.0
Bahrain,2023,MAG,2023_Bahrain_MAG_4.0,43,2.0,30.789473684210527,3.5,1.0347421580196114,0.0,SOFT,31.01180124223602,96.942,0.4709999999999894
Bahrain,2023,MAG,2023_Bahrain_MAG_4.0,44,3.0,28.94736842105263,3.5,1.0351438148085583,0.0,SOFT,31.01180124223602,96.588,0.11699999999999022
Bahrain,2023,MAG,2023_Bahrain_MAG_4.0,45,4.0,27.105263157894736,3.5,1.0355409326655456,0.0,SOFT,31.01180124223602,97.126,0.6550000000000011
Bahrain,2023,MAG,2023_Bahrain_MAG_4.0,46,5.0,25.263157894736842,3.5,1.0359336620757673,0.0,SOFT,31.01180124223602,97.589,1.117999999999995
Bahrain,2023,MAG,2023_Bahrain_MAG_4.0,47,6.0,23.421052631578945,3.5,1.036322145388372,0.0,SOFT,31.01180124223602,97.629,1.1580000000000013
Bahrain,2023,MAG,2023_Bahrain_MAG_4.0,48,7.0,21.57894736842105,3.5,1.03670651741929,0.0,SOFT,31.01180124223602,97.607,1.1359999999999957
Bahrain,2023,MAG,2023_Bahrain_MAG_4.0,49,8.0,19.736842105263158,3.5,1.0370869059978212,0.0,SOFT,31.01180124223602,97.739,1.2680000000000007
Bahrain,2023,MAG,2023_Bahrain_MAG_4.0,50,9.0,17.894736842105264,3.5,1.0374634324632677,0.0,SOFT,31.01180124223602,98.315,1.843999999999994
Bahrain,2023,MAG,2023_Bahrain_MAG_4.0,51,10.0,16.05263157894737,3.5,1.0378362121170768,0.0,SOFT,31.01180124223602,98.157,1.6859999999999928
Bahrain,2023,MAG,2023_Bahrain_MAG_4.0,52,11.0,14.210526315789473,3.5,1.0382053546352736,0.0,SOFT,31.01180124223602,97.963,1.4919999999999902
Bahrain,2023,MAG,2023_Bahrain_MAG_4.0,53,12.0,12.368421052631579,3.5,1.0385709644453651,0.0,SOFT,31.01180124223602,97.982,1.5109999999999957
Bahrain,2023,MAG,2023_Bahrain_MAG_4.0,54,13.0,10.526315789473685,3.5,1.038933141071383,0.0,SOFT,31.01180124223602,99.651,3.1799999999999926
Bahrain,2023,MAG,2023_Bahrain_MAG_4.0,55,14.0,8.68421052631579,3.5,1.0392919794503002,0.0,SOFT,31.01180124223602,98.446,1.9749999999999943
Bahrain,2023,MAG,2023_Bahrain_MAG_4.0,56,15.0,6.842105263157895,3.5,1.0396475702226682,0.0,SOFT,31.01180124223602,98.779,2.3079999999999927
Bahrain,2023,NOR,2023_Bahrain_NOR_1.0,3,1.0,104.47368421052632,3.5,1.0091766293548226,0.0,SOFT,31.01180124223602,99.777,0.0
Bahrain,2023,NOR,2023_Bahrain_NOR_1.0,4,2.0,102.63157894736842,3.5,1.0105962588565203,0.0,SOFT,31.01180124223602,102.267,2.489999999999995
Bahrain,2023,NOR,2023_Bahrain_NOR_1.0,5,3.0,100.78947368421052,3.5,1.011846977555182,0.0,SOFT,31.01180124223602,100.664,0.8870000000000005
Bahrain,2023,NOR,2023_Bahrain_NOR_1.0,6,4.0,98.94736842105263,3.5,1.012977713690461,0.0,SOFT,31.01180124223602,100.814,1.036999999999992
Bahrain,2023,NOR,2023_Bahrain_NOR_1.0,7,5.0,97.10526315789474,3.5,1.0140175328810093,0.0,SOFT,31.01180124223602,100.726,0.9489999999999981
Bahrain,2023,NOR,2023_Bahrain_NOR_1.0,8,6.0,95.26315789473684,3.5,1.014985372985307,0.0,SOFT,31.01180124223602,100.857,1.0799999999999983
Bahrain,2023,NOR,2023_Bahrain_NOR_1.0,9,7.0,93.42105263157895,3.5,1.0158943882847806,0.0,SOFT,31.01180124223602,100.783,1.0060000000000002
Bahrain,2023,NOR,2023_Bahrain_NOR_3.0,19,1.0,75.0,3.5,1.023094010767585,0.0,SOFT,31.01180124223602,97.966,0.0
Bahrain,2023,NOR,2023_Bahrain_NOR_3.0,20,2.0,73.15789473684211,3.5,1.0236939551103637,0.0,SOFT,31.01180124223602,98.345,0.3790000000000049
Bahrain,2023,NOR,2023_Bahrain_NOR_3.0,21,3.0,71.3157894736842,3.5,1.0242790791466754,0.0,SOFT,31.01180124223602,98.297,0.33100000000000307
Bahrain,2023,NOR,2023_Bahrain_NOR_3.0,22,4.0,69.47368421052632,3.5,1.0248504297678958,0.0,SOFT,31.01180124223602,98.908,0.9420000000000073
Bahrain,2023,NOR,2023_Bahrain_NOR_3.0,23,5.0,67.63157894736841,3.5,1.025408936126641,0.0,SOFT,31.01180124223602,98.291,0.32500000000000284
Bahrain,2023,NOR,2023_Bahrain_NOR_3.0,24,6.0,65.78947368421052,3.5,1.025955427380922,0.0,SOFT,31.01180124223602,98.696,0.730000000000004
Bahrain,2023,NOR,2023_Bahrain_NOR_3.0,25,7.0,63.94736842105263,3.5,1.026490647141301,0.0,SOFT,31.01180124223602,98.447,0.48100000000000875
Bahrain,2023,NOR,2023_Bahrain_NOR_3.0,26,8.0,62.10526315789473,3.5,1.027015265340239,0.0,SOFT,31.01180124223602,98.44,0.47400000000000375
Bahrain,2023,NOR,2023_Bahrain_NOR_4.0,29,1.0,56.578947368421055,3.5,1.0285313001407104,1.0,MEDIUM,31.01180124223602,97.26,0.0
Bahrain,2023,NOR,2023_Bahrain_NOR_4.0,30,2.0,54.73684210526316,3.5,1.0290190500044005,1.0,MEDIUM,31.01180124223602,97.605,0.34499999999999886
Bahrain,2023,NOR,2023_Bahrain_NOR_4.0,31,3.0,52.89473684210526,3.5,1.029498736220328,1.0,MEDIUM,31.01180124223602,97.768,0.5079999999999956
Bahrain,2023,NOR,2023_Bahrain_NOR_4.0,32,4.0,51.05263157894737,3.5,1.0299707459706142,1.0,MEDIUM,31.01180124223602,98.111,0.8509999999999991
Bahrain,2023,NOR,2023_Bahrain_NOR_4.0,33,5.0,49.21052631578947,3.5,1.0304354364101074,1.0,MEDIUM,31.01180124223602,97.52,0.2599999999999909
Bahrain,2023,NOR,2023_Bahrain_NOR_4.0,34,6.0,47.368421052631575,3.5,1.0308931378288493,1.0,MEDIUM,31.01180124223602,97.987,0.7269999999999897
Bahrain,2023,NOR,2023_Bahrain_NOR_4.0,35,7.0,45.526315789473685,3.5,1.031344156398775,1.0,MEDIUM,31.01180124223602,97.87,0.6099999999999994
Bahrain,2023,NOR,2023_Bahrain_NOR_4.0,36,8.0,43.68421052631579,3.5,1.031788776569561,1.0,MEDIUM,31.01180124223602,99.886,2.6259999999999906
Bahrain,2023,NOR,2023_Bahrain_NOR_5.0,41,1.0,34.473684210526315,3.5,1.033924580955149,2.0,HARD,31.01180124223602,96.705,0.03699999999999193
Bahrain,2023,NOR,2023_Bahrain_NOR_5.0,42,2.0,32.631578947368425,3.5,1.034335803011158,2.0,HARD,31.01180124223602,96.668,0.0
Bahrain,2023,NOR,2023_Bahrain_NOR_5.0,43,3.0,30.789473684210527,3.5,1.0347421580196114,2.0,HARD,31.01180124223602,96.687,0.018999999999991246
Bahrain,2023,NOR,2023_Bahrain_NOR_5.0,44,4.0,28.94736842105263,3.5,1.0351438148085583,2.0,HARD,31.01180124223602,97.219,0.5509999999999877
Bahrain,2023,NOR,2023_Bahrain_NOR_5.0,45,5.0,27.105263157894736,3.5,1.0355409326655456,2.0,HARD,31.01180124223602,97.426,0.7579999999999956
Bahrain,2023,NOR,2023_Bahrain_NOR_5.0,46,6.0,25.263157894736842,3.5,1.0359336620757673,2.0,HARD,31.01180124223602,97.656,0.9879999999999995
Bahrain,2023,OCO,2023_Bahrain_OCO_1.0,3,1.0,104.47368421052632,3.5,1.0091766293548226,0.0,SOFT,31.01180124223602,99.948,0.4049999999999869
Bahrain,2023,OCO,2023_Bahrain_OCO_1.0,4,2.0,102.63157894736842,3.5,1.0105962588565203,0.0,SOFT,31.01180124223602,99.543,0.0
Bahrain,2023,OCO,2023_Bahrain_OCO_1.0,5,3.0,100.78947368421052,3.5,1.011846977555182,0.0,SOFT,31.01180124223602,100.281,0.7379999999999995
Bahrain,2023,OCO,2023_Bahrain_OCO_1.0,6,4.0,98.94736842105263,3.5,1.012977713690461,0.0,SOFT,31.01180124223602,100.331,0.7879999999999967
Bahrain,2023,OCO,2023_Bahrain_OCO_1.0,7,5.0,97.10526315789474,3.5,1.0140175328810093,0.0,SOFT,31.01180124223602,100.488,0.9449999999999932
Bahrain,2023,OCO,2023_Bahrain_OCO_1.0,8,6.0,95.26315789473684,3.5,1.014985372985307,0.0,SOFT,31.01180124223602,100.562,1.0189999999999912
Bahrain,2023,OCO,2023_Bahrain_OCO_1.0,9,7.0,93.42105263157895,3.5,1.0158943882847806,0.0,SOFT,31.01180124223602,100.866,1.3229999999999933
Bahrain,2023,OCO,2023_Bahrain_OCO_1.0,10,8.0,91.57894736842105,3.5,1.0167541563316678,0.0,SOFT,31.01180124223602,100.858,1.3149999999999977
Bahrain,2023,OCO,2023_Bahrain_OCO_1.0,11,9.0,89.73684210526315,3.5,1.0175719074042793,0.0,SOFT,31.01180124223602,101.035,1.4919999999999902
Bahrain,2023,OCO,2023_Bahrain_OCO_3.0,17,1.0,78.68421052631578,3.5,1.02184474725091,2.0,HARD,31.01180124223602,98.78,0.0
Bahrain,2023,OCO,2023_Bahrain_OCO_3.0,18,2.0,76.84210526315789,3.5,1.0224780594779606,2.0,HARD,31.01180124223602,98.886,0.10599999999999454
Bahrain,2023,OCO,2023_Bahrain_OCO_3.0,19,3.0,75.0,3.5,1.023094010767585,2.0,HARD,31.01180124223602,98.817,0.03699999999999193
Bahrain,2023,OCO,2023_Bahrain_OCO_3.0,20,4.0,73.15789473684211,3.5,1.0236939551103637,2.0,HARD,31.01180124223602,98.809,0.028999999999996362
Bahrain,2023,OCO,2023_Bahrain_OCO_3.0,21,5.0,71.3157894736842,3.5,1.0242790791466754,2.0,HARD,31.01180124223602,98.976,0.19599999999999795
Bahrain,2023,OCO,2023_Bahrain_OCO_3.0,22,6.0,69.47368421052632,3.5,1.0248504297678958,2.0,HARD,31.01180124223602,99.028,0.24800000000000466
Bahrain,2023,OCO,2023_Bahrain_OCO_3.0,23,7.0,67.63157894736841,3.5,1.025408936126641,2.0,HARD,31.01180124223602,100.052,1.2720000000000056
Bahrain,2023,OCO,2023_Bahrain_OCO_3.0,24,8.0,65.78947368421052,3.5,1.025955427380922,2.0,HARD,31.01180124223602,99.382,0.6020000000000039
Bahrain,2023,OCO,2023_Bahrain_OCO_3.0,25,9.0,63.94736842105263,3.5,1.026490647141301,2.0,HARD,31.01180124223602,99.435,0.6550000000000011
Bahrain,2023,OCO,2023_Bahrain_OCO_3.0,26,10.0,62.10526315789473,3.5,1.027015265340239,2.0,HARD,31.01180124223602,99.521,0.7409999999999997
Bahrain,2023,OCO,2023_Bahrain_OCO_3.0,27,11.0,60.26315789473684,3.5,1.0275298880644674,2.0,HARD,31.01180124223602,99.594,0.813999999999993
Bahrain,2023,OCO,2023_Bahrain_OCO_3.0,28,12.0,58.421052631578945,3.5,1.0280350657620185,2.0,HARD,31.01180124223602,100.026,1.2459999999999951
Bahrain,2023,OCO,2023_Bahrain_OCO_3.0,29,13.0,56.578947368421055,3.5,1.0285313001407104,2.0,HARD,31.01180124223602,101.181,2.4009999999999962
Bahrain,2023,OCO,2023_Bahrain_OCO_3.0,30,14.0,54.73684210526316,3.5,1.0290190500044005,2.0,HARD,31.01180124223602,99.757,0.9770000000000039
Bahrain,2023,OCO,2023_Bahrain_OCO_3.0,31,15.0,52.89473684210526,3.5,1.029498736220328,2.0,HARD,31.01180124223602,99.748,0.9680000000000035
Bahrain,2023,PER,2023_Bahrain_PER_1.0,3,1.0,104.47368421052632,3.5,1.0091766293548226,0.0,SOFT,31.01180124223602,98.83,0.42600000000000193
Bahrain,2023,PER,2023_Bahrain_PER_1.0,4,2.0,102.63157894736842,3.5,1.0105962588565203,0.0,SOFT,31.01180124223602,98.758,0.3539999999999992
Bahrain,2023,PER,2023_Bahrain_PER_1.0,5,3.0,100.78947368421052,3.5,1.011846977555182,0.0,SOFT,31.01180124223602,98.404,0.0
Bahrain,2023,PER,2023_Bahrain_PER_1.0,6,4.0,98.94736842105263,3.5,1.012977713690461,0.0,SOFT,31.01180124223602,98.718,0.31400000000000716
Bahrain,2023,PER,2023_Bahrain_PER_1.0,7,5.0,97.10526315789474,3.5,1.0140175328810093,0.0,SOFT,31.01180124223602,98.804,0.4000000000000057
Bahrain,2023,PER,2023_Bahrain_PER_1.0,8,6.0,95.26315789473684,3.5,1.014985372985307,0.0,SOFT,31.01180124223602,99.172,0.7680000000000007
Bahrain,2023,PER,2023_Bahrain_PER_1.0,9,7.0,93.42105263157895,3.5,1.0158943882847806,0.0,SOFT,31.01180124223602,98.914,0.5100000000000051
Bahrain,2023,PER,2023_Bahrain_PER_1.0,10,8.0,91.57894736842105,3.5,1.0167541563316678,0.0,SOFT,31.01180124223602,99.085,0.6809999999999974
Bahrain,2023,PER,2023_Bahrain_PER_1.0,11,9.0,89.73684210526315,3.5,1.0175719074042793,0.0,SOFT,31.01180124223602,99.249,0.8449999999999989
Bahrain,2023,PER,2023_Bahrain_PER_1.0,12,10.0,87.89473684210526,3.5,1.0183532587096449,0.0,SOFT,31.01180124223602,99.197,0.7930000000000064
Bahrain,2023,PER,2023_Bahrain_PER_1.0,13,11.0,86.05263157894737,3.5,1.0191026773176368,0.0,SOFT,31.01180124223602,99.336,0.9320000000000022
Bahrain,2023,PER,2023_Bahrain_PER_1.0,14,12.0,84.21052631578947,3.5,1.019823785111334,0.0,SOFT,31.01180124223602,98.739,0.33500000000000796
Bahrain,2023,PER,2023_Bahrain_PER_1.0,15,13.0,82.36842105263158,3.5,1.020519567041703,0.0,SOFT,31.01180124223602,98.608,0.20400000000000773
Bahrain,2023,PER,2023_Bahrain_PER_1.0,16,14.0,80.52631578947368,3.5,1.0211925177130408,0.0,SOFT,31.01180124223602,98.77,0.36599999999999966
Bahrain,2023,PER,2023_Bahrain_PER_2.0,19,1.0,75.0,3.5,1.023094010767585,0.0,SOFT,31.01180124223602,97.659,0.41900000000001114
Bahrain,2023,PER,2023_Bahrain_PER_2.0,20,2.0,73.15789473684211,3.5,1.0236939551103637,0.0,SOFT,31.01180124223602,97.448,0.2079999999999984
Bahrain,2023,PER,2023_Bahrain_PER_2.0,21,3.0,71.3157894736842,3.5,1.0242790791466754,0.0,SOFT,31.01180124223602,97.24,0.0
Bahrain,2023,PER,2023_Bahrain_PER_2.0,22,4.0,69.47368421052632,3.5,1.0248504297678958,0.0,SOFT,31.01180124223602,97.169,-0.07099999999999795
Bahrain,2023,PER,2023_Bahrain_PER_2.0,23,5.0,67.63157894736841,3.5,1.025408936126641,0.0,SOFT,31.01180124223602,97.304,0.06400000000000716
Bahrain,2023,PER,2023_Bahrain_PER_2.0,24,6.0,65.78947368421052,3.5,1.025955427380922,0.0,SOFT,31.01180124223602,97.352,0.11200000000000898
Bahrain,2023,PER,2023_Bahrain_PER_2.0,25,7.0,63.94736842105263,3.5,1.026490647141301,0.0,SOFT,31.01180124223602,98.418,1.1780000000000115
Bahrain,2023,PER,2023_Bahrain_PER_2.0,26,8.0,62.10526315789473,3.5,1.027015265340239,0.0,SOFT,31.01180124223602,97.454,0.21399999999999864
Bahrain,2023,PER,2023_Bahrain_PER_2.0,27,9.0,60.26315789473684,3.5,1.0275298880644674,0.0,SOFT,31.01180124223602,97.387,0.14700000000000557
Bahrain,2023,PER,2023_Bahrain_PER_2.0,28,10.0,58.421052631578945,3.5,1.0280350657620185,0.0,SOFT,31.01180124223602,97.211,-0.028999999999996362
Bahrain,2023,PER,2023_Bahrain_PER_2.0,29,11.0,56.578947368421055,3.5,1.0285313001407104,0.0,SOFT,31.01180124223602,97.733,0.4930000000000092
Bahrain,2023,PER,2023_Bahrain_PER_2.0,30,12.0,54.73684210526316,3.5,1.0290190500044005,0.0,SOFT,31.01180124223602,97.4,0.1600000000000108
Bahrain,2023,PER,2023_Bahrain_PER_2.0,31,13.0,52.89473684210526,3.5,1.029498736220328,0.0,SOFT,31.01180124223602,97.919,0.679000000000002
Bahrain,2023,PER,2023_Bahrain_PER_2.0,32,14.0,51.05263157894737,3.5,1.0299707459706142,0.0,SOFT,31.01180124223602,97.722,0.4819999999999993
Bahrain,2023,PER,2023_Bahrain_PER_2.0,33,15.0,49.21052631578947,3.5,1.0304354364101074,0.0,SOFT,31.01180124223602,97.869,0.6290000000000049
Bahrain,2023,PER,2023_Bahrain_PER_3.0,36,1.0,43.68421052631579,3.5,1.031788776569561,2.0,HARD,31.01180124223602,96.82,0.4759999999999991
Bahrain,2023,PER,2023_Bahrain_PER_3.0,37,2.0,41.84210526315789,3.5,1.0322272631668914,2.0,HARD,31.01180124223602,96.344,0.0
Bahrain,2023,PER,2023_Bahrain_PER_3.0,38,3.0,40.0,3.5,1.0326598632371091,2.0,HARD,31.01180124223602,96.431,0.0870000000000033
Bahrain,2023,PER,2023_Bahrain_PER_3.0,39,4.0,38.1578947368421,3.5,1.0330868076747404,2.0,HARD,31.01180124223602,96.429,0.08500000000000796
Bahrain,2023,PER,2023_Bahrain_PER_3.0,40,5.0,36.315789473684205,3.5,1.0335083126633355,2.0,HARD,31.01180124223602,97.114,0.7700000000000102
Bahrain,2023,PER,2023_Bahrain_PER_3.0,43,6.0,30.789473684210527,3.5,1.0347421580196114,2.0,HARD,31.01180124223602,96.554,0.21000000000000796
Bahrain,2023,PER,2023_Bahrain_PER_3.0,44,7.0,28.94736842105263,3.5,1.0351438148085583,2.0,HARD,31.01180124223602,96.978,0.6340000000000003
Bahrain,2023,PER,2023_Bahrain_PER_3.0,45,8.0,27.105263157894736,3.5,1.0355409326655456,2.0,HARD,31.01180124223602,96.928,0.5840000000000032
Bahrain,2023,PER,2023_Bahrain_PER_3.0,46,9.0,25.263157894736842,3.5,1.0359336620757673,2.0,HARD,31.01180124223602,97.257,0.9130000000000109
Bahrain,2023,PER,2023_Bahrain_PER_3.0,47,10.0,23.421052631578945,3.5,1.036322145388372,2.0,HARD,31.01180124223602,96.661,0.3170000000000073
Bahrain,2023,PER,2023_Bahrain_PER_3.0,48,11.0,21.57894736842105,3.5,1.03670651741929,2.0,HARD,31.01180124223602,96.859,0.5150000000000006
Bahrain,2023,PER,2023_Bahrain_PER_3.0,49,12.0,19.736842105263158,3.5,1.0370869059978212,2.0,HARD,31.01180124223602,97.049,0.7050000000000125
Bahrain,2023,PER,2023_Bahrain_PER_3.0,50,13.0,17.894736842105264,3.5,1.0374634324632677,2.0,HARD,31.01180124223602,97.731,1.3870000000000005
Bahrain,2023,PER,2023_Bahrain_PER_3.0,51,14.0,16.05263157894737,3.5,1.0378362121170768,2.0,HARD,31.01180124223602,97.049,0.7050000000000125
Bahrain,2023,PER,2023_Bahrain_PER_3.0,52,15.0,14.210526315789473,3.5,1.0382053546352736,2.0,HARD,31.01180124223602,97.062,0.7180000000000035
Bahrain,2023,PER,2023_Bahrain_PER_3.0,53,16.0,12.368421052631579,3.5,1.0385709644453651,2.0,HARD,31.01180124223602,97.345,1.0010000000000048
Bahrain,2023,PER,2023_Bahrain_PER_3.0,54,17.0,10.526315789473685,3.5,1.038933141071383,2.0,HARD,31.01180124223602,97.296,0.9520000000000124
Bahrain,2023,PER,2023_Bahrain_PER_3.0,55,18.0,8.68421052631579,3.5,1.0392919794503002,2.0,HARD,31.01180124223602,97.092,0.7480000000000047
Bahrain,2023,PER,2023_Bahrain_PER_3.0,56,19.0,6.842105263157895,3.5,1.0396475702226682,2.0,HARD,31.01180124223602,96.565,0.22100000000000364
Bahrain,2023,PER,2023_Bahrain_PER_3.0,57,20.0,5.0,3.5,1.04,2.0,HARD,31.01180124223602,96.558,0.21400000000001285
Bahrain,2023,PIA,2023_Bahrain_PIA_1.0,3,1.0,104.47368421052632,3.5,1.0091766293548226,0.0,SOFT,31.01180124223602,100.691,0.0
Bahrain,2023,PIA,2023_Bahrain_PIA_1.0,4,2.0,102.63157894736842,3.5,1.0105962588565203,0.0,SOFT,31.01180124223602,100.718,0.027000000000001023
Bahrain,2023,PIA,2023_Bahrain_PIA_1.0,5,3.0,100.78947368421052,3.5,1.011846977555182,0.0,SOFT,31.01180124223602,100.862,0.17099999999999227
Bahrain,2023,PIA,2023_Bahrain_PIA_1.0,6,4.0,98.94736842105263,3.5,1.012977713690461,0.0,SOFT,31.01180124223602,101.111,0.4200000000000017
Bahrain,2023,PIA,2023_Bahrain_PIA_1.0,7,5.0,97.10526315789474,3.5,1.0140175328810093,0.0,SOFT,31.01180124223602,101.167,0.4759999999999991
Bahrain,2023,PIA,2023_Bahrain_PIA_1.0,8,6.0,95.26315789473684,3.5,1.014985372985307,0.0,SOFT,31.01180124223602,101.295,0.6039999999999992
Bahrain,2023,PIA,2023_Bahrain_PIA_1.0,9,7.0,93.42105263157895,3.5,1.0158943882847806,0.0,SOFT,31.01180124223602,101.534,0.8430000000000035
Bahrain,2023,PIA,2023_Bahrain_PIA_1.0,10,8.0,91.57894736842105,3.5,1.0167541563316678,0.0,SOFT,31.01180124223602,101.584,0.8930000000000007
Bahrain,2023,PIA,2023_Bahrain_PIA_1.0,11,9.0,89.73684210526315,3.5,1.0175719074042793,0.0,SOFT,31.01180124223602,101.352,0.6610000000000014
Bahrain,2023,PIA,2023_Bahrain_PIA_1.0,12,10.0,87.89473684210526,3.5,1.0183532587096449,0.0,SOFT,31.01180124223602,101.156,0.4650000000000034
Bahrain,2023,RUS,2023_Bahrain_RUS_1.0,3,1.0,104.47368421052632,3.5,1.0091766293548226,0.0,SOFT,31.01180124223602,99.093,0.0
Bahrain,2023,RUS,2023_Bahrain_RUS_1.0,4,2.0,102.63157894736842,3.5,1.0105962588565203,0.0,SOFT,31.01180124223602,99.261,0.16799999999999216
Bahrain,2023,RUS,2023_Bahrain_RUS_1.0,5,3.0,100.78947368421052,3.5,1.011846977555182,0.0,SOFT,31.01180124223602,99.549,0.45600000000000307
Bahrain,2023,RUS,2023_Bahrain_RUS_1.0,6,4.0,98.94736842105263,3.5,1.012977713690461,0.0,SOFT,31.01180124223602,99.493,0.3999999999999915
Bahrain,2023,RUS,2023_Bahrain_RUS_1.0,7,5.0,97.10526315789474,3.5,1.0140175328810093,0.0,SOFT,31.01180124223602,100.056,0.9629999999999939
Bahrain,2023,RUS,2023_Bahrain_RUS_1.0,8,6.0,95.26315789473684,3.5,1.014985372985307,0.0,SOFT,31.01180124223602,100.31,1.2169999999999987
Bahrain,2023,RUS,2023_Bahrain_RUS_1.0,9,7.0,93.42105263157895,3.5,1.0158943882847806,0.0,SOFT,31.01180124223602,100.42,1.3269999999999982
Bahrain,2023,RUS,2023_Bahrain_RUS_1.0,10,8.0,91.57894736842105,3.5,1.0167541563316678,0.0,SOFT,31.01180124223602,100.532,1.438999999999993
Bahrain,2023,RUS,2023_Bahrain_RUS_1.0,11,9.0,89.73684210526315,3.5,1.0175719074042793,0.0,SOFT,31.01180124223602,101.085,1.9919999999999902
Bahrain,2023,RUS,2023_Bahrain_RUS_1.0,12,10.0,87.89473684210526,3.5,1.0183532587096449,0.0,SOFT,31.01180124223602,101.112,2.0189999999999912
Bahrain,2023,RUS,2023_Bahrain_RUS_2.0,15,1.0,82.36842105263158,3.5,1.020519567041703,2.0,HARD,31.01180124223602,97.46,0.0
Bahrain,2023,RUS,2023_Bahrain_RUS_2.0,16,2.0,80.52631578947368,3.5,1.0211925177130408,2.0,HARD,31.01180124223602,97.833,0.37300000000000466
Bahrain,2023,RUS,2023_Bahrain_RUS_2.0,17,3.0,78.68421052631578,3.5,1.02184474725091,2.0,HARD,31.01180124223602,98.604,1.1440000000000055
Bahrain,2023,RUS,2023_Bahrain_RUS_2.0,18,4.0,76.84210526315789,3.5,1.0224780594779606,2.0,HARD,31.01180124223602,98.427,0.967000000000013
Bahrain,2023,RUS,2023_Bahrain_RUS_2.0,19,5.0,75.0,3.5,1.023094010767585,2.0,HARD,31.01180124223602,98.512,1.0520000000000067
Bahrain,2023,RUS,2023_Bahrain_RUS_2.0,20,6.0,73.15789473684211,3.5,1.0236939551103637,2.0,HARD,31.01180124223602,98.578,1.1180000000000092
Bahrain,2023,RUS,2023_Bahrain_RUS_2.0,21,7.0,71.3157894736842,3.5,1.0242790791466754,2.0,HARD,31.01180124223602,98.555,1.095000000000013
Bahrain,2023,RUS,2023_Bahrain_RUS_2.0,22,8.0,69.47368421052632,3.5,1.0248504297678958,2.0,HARD,31.01180124223602,98.438,0.9780000000000086
Bahrain,2023,RUS,2023_Bahrain_RUS_2.0,23,9.0,67.63157894736841,3.5,1.025408936126641,2.0,HARD,31.01180124223602,98.773,1.3130000000000024
Bahrain,2023,RUS,2023_Bahrain_RUS_2.0,24,10.0,65.78947368421052,3.5,1.025955427380922,2.0,HARD,31.01180124223602,98.643,1.183000000000007
Bahrain,2023,RUS,2023_Bahrain_RUS_2.0,25,11.0,63.94736842105263,3.5,1.026490647141301,2.0,HARD,31.01180124223602,98.487,1.027000000000001
Bahrain,2023,RUS,2023_Bahrain_RUS_2.0,26,12.0,62.10526315789473,3.5,1.027015265340239,2.0,HARD,31.01180124223602,98.462,1.0020000000000095
Bahrain,2023,RUS,2023_Bahrain_RUS_2.0,27,13.0,60.26315789473684,3.5,1.0275298880644674,2.0,HARD,31.01180124223602,98.625,1.1650000000000063
Bahrain,2023,RUS,2023_Bahrain_RUS_2.0,28,14.0,58.421052631578945,3.5,1.0280350657620185,2.0,HARD,31.01180124223602,98.448,0.9879999999999995
Bahrain,2023,RUS,2023_Bahrain_RUS_2.0,29,15.0,56.578947368421055,3.5,1.0285313001407104,2.0,HARD,31.01180124223602,98.792,1.3320000000000078
Bahrain,2023,RUS,2023_Bahrain_RUS_2.0,30,16.0,54.73684210526316,3.5,1.0290190500044005,2.0,HARD,31.01180124223602,98.541,1.081000000000003
Bahrain,2023,RUS,2023_Bahrain_RUS_3.0,33,1.0,49.21052631578947,3.5,1.0304354364101074,2.0,HARD,31.01180124223602,97.221,0.0
Bahrain,2023,RUS,2023_Bahrain_RUS_3.0,34,2.0,47.368421052631575,3.5,1.0308931378288493,2.0,HARD,31.01180124223602,97.311,0.09000000000000341
Bahrain,2023,RUS,2023_Bahrain_RUS_3.0,35,3.0,45.526315789473685,3.5,1.031344156398775,2.0,HARD,31.01180124223602,97.592,0.3709999999999951
Bahrain,2023,RUS,2023_Bahrain_RUS_3.0,36,4.0,43.68421052631579,3.5,1.031788776569561,2.0,HARD,31.01180124223602,97.607,0.3859999999999957
Bahrain,2023,RUS,2023_Bahrain_RUS_3.0,37,5.0,41.84210526315789,3.5,1.0322272631668914,2.0,HARD,31.01180124223602,97.822,0.6009999999999991
Bahrain,2023,RUS,2023_Bahrain_RUS_3.0,38,6.0,40.0,3.5,1.0326598632371091,2.0,HARD,31.01180124223602,97.66,0.43899999999999295
Bahrain,2023,RUS,2023_Bahrain_RUS_3.0,39,7.0,38.1578947368421,3.5,1.0330868076747404,2.0,HARD,31.01180124223602,97.495,0.2740000000000009
Bahrain,2023,RUS,2023_Bahrain_RUS_3.0,42,8.0,32.631578947368425,3.5,1.034335803011158,2.0,HARD,31.01180124223602,97.035,-0.18600000000000705
Bahrain,2023,RUS,2023_Bahrain_RUS_3.0,43,9.0,30.789473684210527,3.5,1.0347421580196114,2.0,HARD,31.01180124223602,97.48,0.25900000000000034
Bahrain,2023,RUS,2023_Bahrain_RUS_3.0,44,10.0,28.94736842105263,3.5,1.0351438148085583,2.0,HARD,31.01180124223602,97.597,0.37599999999999056
Bahrain,2023,RUS,2023_Bahrain_RUS_3.0,45,11.0,27.105263157894736,3.5,1.0355409326655456,2.0,HARD,31.01180124223602,97.316,0.09499999999999886
Bahrain,2023,RUS,2023_Bahrain_RUS_3.0,46,12.0,25.263157894736842,3.5,1.0359336620757673,2.0,HARD,31.01180124223602,97.571,0.3499999999999943
Bahrain,2023,RUS,2023_Bahrain_RUS_3.0,47,13.0,23.421052631578945,3.5,1.036322145388372,2.0,HARD,31.01180124223602,97.432,0.21099999999999852
Bahrain,2023,RUS,2023_Bahrain_RUS_3.0,48,14.0,21.57894736842105,3.5,1.03670651741929,2.0,HARD,31.01180124223602,97.52,0.2989999999999924
Bahrain,2023,RUS,2023_Bahrain_RUS_3.0,49,15.0,19.736842105263158,3.5,1.0370869059978212,2.0,HARD,31.01180124223602,97.718,0.4969999999999999
Bahrain,2023,RUS,2023_Bahrain_RUS_3.0,50,16.0,17.894736842105264,3.5,1.0374634324632677,2.0,HARD,31.01180124223602,97.383,0.16199999999999193
Bahrain,2023,RUS,2023_Bahrain_RUS_3.0,51,17.0,16.05263157894737,3.5,1.0378362121170768,2.0,HARD,31.01180124223602,97.825,0.6039999999999992
Bahrain,2023,RUS,2023_Bahrain_RUS_3.0,52,18.0,14.210526315789473,3.5,1.0382053546352736,2.0,HARD,31.01180124223602,97.589,0.367999999999995
Bahrain,2023,RUS,2023_Bahrain_RUS_3.0,53,19.0,12.368421052631579,3.5,1.0385709644453651,2.0,HARD,31.01180124223602,97.841,0.6199999999999903
Bahrain,2023,RUS,2023_Bahrain_RUS_3.0,54,20.0,10.526315789473685,3.5,1.038933141071383,2.0,HARD,31.01180124223602,97.923,0.7019999999999982
Bahrain,2023,RUS,2023_Bahrain_RUS_3.0,55,21.0,8.68421052631579,3.5,1.0392919794503002,2.0,HARD,31.01180124223602,97.86,0.6389999999999958
Bahrain,2023,RUS,2023_Bahrain_RUS_3.0,56,22.0,6.842105263157895,3.5,1.0396475702226682,2.0,HARD,31.01180124223602,97.636,0.41499999999999204
Bahrain,2023,RUS,2023_Bahrain_RUS_3.0,57,23.0,5.0,3.5,1.04,2.0,HARD,31.01180124223602,97.767,0.5459999999999923
Bahrain,2023,SAI,2023_Bahrain_SAI_1.0,3,1.0,104.47368421052632,3.5,1.0091766293548226,0.0,SOFT,31.01180124223602,99.042,0.05700000000000216
Bahrain,2023,SAI,2023_Bahrain_SAI_1.0,4,2.0,102.63157894736842,3.5,1.0105962588565203,0.0,SOFT,31.01180124223602,98.985,0.0
Bahrain,2023,SAI,2023_Bahrain_SAI_1.0,5,3.0,100.78947368421052,3.5,1.011846977555182,0.0,SOFT,31.01180124223602,99.128,0.14300000000000068
Bahrain,2023,SAI,2023_Bahrain_SAI_1.0,6,4.0,98.94736842105263,3.5,1.012977713690461,0.0,SOFT,31.01180124223602,99.474,0.4890000000000043
Bahrain,2023,SAI,2023_Bahrain_SAI_1.0,7,5.0,97.10526315789474,3.5,1.0140175328810093,0.0,SOFT,31.01180124223602,99.502,0.5169999999999959
Bahrain,2023,SAI,2023_Bahrain_SAI_1.0,8,6.0,95.26315789473684,3.5,1.014985372985307,0.0,SOFT,31.01180124223602,99.779,0.7939999999999969
Bahrain,2023,SAI,2023_Bahrain_SAI_1.0,9,7.0,93.42105263157895,3.5,1.0158943882847806,0.0,SOFT,31.01180124223602,99.744,0.7590000000000003
Bahrain,2023,SAI,2023_Bahrain_SAI_1.0,10,8.0,91.57894736842105,3.5,1.0167541563316678,0.0,SOFT,31.01180124223602,100.102,1.1170000000000044
Bahrain,2023,SAI,2023_Bahrain_SAI_1.0,11,9.0,89.73684210526315,3.5,1.0175719074042793,0.0,SOFT,31.01180124223602,100.507,1.5220000000000056
Bahrain,2023,SAI,2023_Bahrain_SAI_1.0,12,10.0,87.89473684210526,3.5,1.0183532587096449,0.0,SOFT,31.01180124223602,100.52,1.5349999999999966
Bahrain,2023,SAI,2023_Bahrain_SAI_2.0,15,1.0,82.36842105263158,3.5,1.020519567041703,2.0,HARD,31.01180124223602,97.985,0.0
Bahrain,2023,SAI,2023_Bahrain_SAI_2.0,16,2.0,80.52631578947368,3.5,1.0211925177130408,2.0,HARD,31.01180124223602,98.433,0.4480000000000075
Bahrain,2023,SAI,2023_Bahrain_SAI_2.0,17,3.0,78.68421052631578,3.5,1.02184474725091,2.0,HARD,31.01180124223602,98.161,0.17600000000000193
Bahrain,2023,SAI,2023_Bahrain_SAI_2.0,18,4.0,76.84210526315789,3.5,1.0224780594779606,2.0,HARD,31.01180124223602,98.287,0.3020000000000067
Bahrain,2023,SAI,2023_Bahrain_SAI_2.0,19,5.0,75.0,3.5,1.023094010767585,2.0,HARD,31.01180124223602,98.21,0.22499999999999432
Bahrain,2023,SAI,2023_Bahrain_SAI_2.0,20,6.0,73.15789473684211,3.5,1.0236939551103637,2.0,HARD,31.01180124223602,98.096,0.1110000000000042
Bahrain,2023,SAI,2023_Bahrain_SAI_2.0,21,7.0,71.3157894736842,3.5,1.0242790791466754,2.0,HARD,31.01180124223602,98.24,0.25499999999999545
Bahrain,2023,SAI,2023_Bahrain_SAI_2.0,22,8.0,69.47368421052632,3.5,1.0248504297678958,2.0,HARD,31.01180124223602,98.453,0.4680000000000035
Bahrain,2023,SAI,2023_Bahrain_SAI_2.0,23,9.0,67.63157894736841,3.5,1.025408936126641,2.0,HARD,31.01180124223602,98.597,0.6119999999999948
Bahrain,2023,SAI,2023_Bahrain_SAI_2.0,24,10.0,65.78947368421052,3.5,1.025955427380922,2.0,HARD,31.01180124223602,98.314,0.3289999999999935
Bahrain,2023,SAI,2023_Bahrain_SAI_2.0,25,11.0,63.94736842105263,3.5,1.026490647141301,2.0,HARD,31.01180124223602,98.571,0.5859999999999985
Bahrain,2023,SAI,2023_Bahrain_SAI_2.0,26,12.0,62.10526315789473,3.5,1.027015265340239,2.0,HARD,31.01180124223602,98.331,0.34600000000000364
Bahrain,2023,SAI,2023_Bahrain_SAI_2.0,27,13.0,60.26315789473684,3.5,1.0275298880644674,2.0,HARD,31.01180124223602,98.423,0.4380000000000024
Bahrain,2023,SAI,2023_Bahrain_SAI_2.0,28,14.0,58.421052631578945,3.5,1.0280350657620185,2.0,HARD,31.01180124223602,98.474,0.4890000000000043
Bahrain,2023,SAI,2023_Bahrain_SAI_2.0,29,15.0,56.578947368421055,3.5,1.0285313001407104,2.0,HARD,31.01180124223602,98.55,0.5649999999999977
Bahrain,2023,SAI,2023_Bahrain_SAI_2.0,30,16.0,54.73684210526316,3.5,1.0290190500044005,2.0,HARD,31.01180124223602,98.601,0.6159999999999997
Bahrain,2023,SAI,2023_Bahrain_SAI_3.0,33,1.0,49.21052631578947,3.5,1.0304354364101074,2.0,HARD,31.01180124223602,97.548,0.10699999999999932
Bahrain,2023,SAI,2023_Bahrain_SAI_3.0,34,2.0,47.368421052631575,3.5,1.0308931378288493,2.0,HARD,31.01180124223602,97.475,0.033999999999991815
Bahrain,2023,SAI,2023_Bahrain_SAI_3.0,35,3.0,45.526315789473685,3.5,1.031344156398775,2.0,HARD,31.01180124223602,97.441,0.0
Bahrain,2023,SAI,2023_Bahrain_SAI_3.0,36,4.0,43.68421052631579,3.5,1.031788776569561,2.0,HARD,31.01180124223602,97.706,0.26500000000000057
Bahrain,2023,SAI,2023_Bahrain_SAI_3.0,37,5.0,41.84210526315789,3.5,1.0322272631668914,2.0,HARD,31.01180124223602,97.13,-0.31100000000000705
Bahrain,2023,SAI,2023_Bahrain_SAI_3.0,38,6.0,40.0,3.5,1.0326598632371091,2.0,HARD,31.01180124223602,97.444,0.0030000000000001137
Bahrain,2023,SAI,2023_Bahrain_SAI_3.0,39,7.0,38.1578947368421,3.5,1.0330868076747404,2.0,HARD,31.01180124223602,97.403,-0.0379999999999967
Bahrain,2023,SAI,2023_Bahrain_SAI_3.0,42,8.0,32.631578947368425,3.5,1.034335803011158,2.0,HARD,31.01180124223602,97.375,-0.0660000000000025
Bahrain,2023,SAI,2023_Bahrain_SAI_3.0,43,9.0,30.789473684210527,3.5,1.0347421580196114,2.0,HARD,31.01180124223602,97.294,-0.14700000000000557
Bahrain,2023,SAI,2023_Bahrain_SAI_3.0,44,10.0,28.94736842105263,3.5,1.0351438148085583,2.0,HARD,31.01180124223602,97.389,-0.05200000000000671
Bahrain,2023,SAI,2023_Bahrain_SAI_3.0,45,11.0,27.105263157894736,3.5,1.0355409326655456,2.0,HARD,31.01180124223602,99.561,2.1200000000000045
Bahrain,2023,SAI,2023_Bahrain_SAI_3.0,46,12.0,25.263157894736842,3.5,1.0359336620757673,2.0,HARD,31.01180124223602,97.844,0.4029999999999916
Bahrain,2023,SAI,2023_Bahrain_SAI_3.0,47,13.0,23.421052631578945,3.5,1.036322145388372,2.0,HARD,31.01180124223602,98.222,0.7809999999999917
Bahrain,2023,SAI,2023_Bahrain_SAI_3.0,48,14.0,21.57894736842105,3.5,1.03670651741929,2.0,HARD,31.01180124223602,97.897,0.45600000000000307
Bahrain,2023,SAI,2023_Bahrain_SAI_3.0,49,15.0,19.736842105263158,3.5,1.0370869059978212,2.0,HARD,31.01180124223602,97.765,0.32399999999999807
Bahrain,2023,SAI,2023_Bahrain_SAI_3.0,50,16.0,17.894736842105264,3.5,1.0374634324632677,2.0,HARD,31.01180124223602,97.604,0.1629999999999967
Bahrain,2023,SAI,2023_Bahrain_SAI_3.0,51,17.0,16.05263157894737,3.5,1.0378362121170768,2.0,HARD,31.01180124223602,97.672,0.23099999999999454
Bahrain,2023,SAI,2023_Bahrain_SAI_3.0,52,18.0,14.210526315789473,3.5,1.0382053546352736,2.0,HARD,31.01180124223602,97.49,0.04899999999999238
Bahrain,2023,SAI,2023_Bahrain_SAI_3.0,53,19.0,12.368421052631579,3.5,1.0385709644453651,2.0,HARD,31.01180124223602,97.66,0.2189999999999941
Bahrain,2023,SAI,2023_Bahrain_SAI_3.0,54,20.0,10.526315789473685,3.5,1.038933141071383,2.0,HARD,31.01180124223602,97.694,0.2530000000000001
Bahrain,2023,SAI,2023_Bahrain_SAI_3.0,55,21.0,8.68421052631579,3.5,1.0392919794503002,2.0,HARD,31.01180124223602,97.821,0.37999999999999545
Bahrain,2023,SAI,2023_Bahrain_SAI_3.0,56,22.0,6.842105263157895,3.5,1.0396475702226682,2.0,HARD,31.01180124223602,98.126,0.6850000000000023
Bahrain,2023,SAI,2023_Bahrain_SAI_3.0,57,23.0,5.0,3.5,1.04,2.0,HARD,31.01180124223602,98.021,0.5799999999999983
Bahrain,2023,SAR,2023_Bahrain_SAR_1.0,3,1.0,104.47368421052632,3.5,1.0091766293548226,0.0,SOFT,31.01180124223602,100.349,0.0
Bahrain,2023,SAR,2023_Bahrain_SAR_1.0,4,2.0,102.63157894736842,3.5,1.0105962588565203,0.0,SOFT,31.01180124223602,100.644,0.2950000000000017
Bahrain,2023,SAR,2023_Bahrain_SAR_1.0,5,3.0,100.78947368421052,3.5,1.011846977555182,0.0,SOFT,31.01180124223602,100.902,0.5529999999999973
Bahrain,2023,SAR,2023_Bahrain_SAR_1.0,6,4.0,98.94736842105263,3.5,1.012977713690461,0.0,SOFT,31.01180124223602,100.791,0.44199999999999307
Bahrain,2023,SAR,2023_Bahrain_SAR_1.0,7,5.0,97.10526315789474,3.5,1.0140175328810093,0.0,SOFT,31.01180124223602,100.892,0.5429999999999922
Bahrain,2023,SAR,2023_Bahrain_SAR_1.0,8,6.0,95.26315789473684,3.5,1.014985372985307,0.0,SOFT,31.01180124223602,100.868,0.5189999999999912
Bahrain,2023,SAR,2023_Bahrain_SAR_1.0,9,7.0,93.42105263157895,3.5,1.0158943882847806,0.0,SOFT,31.01180124223602,100.908,0.5589999999999975
Bahrain,2023,SAR,2023_Bahrain_SAR_1.0,10,8.0,91.57894736842105,3.5,1.0167541563316678,0.0,SOFT,31.01180124223602,101.133,0.7839999999999918
Bahrain,2023,SAR,2023_Bahrain_SAR_1.0,11,9.0,89.73684210526315,3.5,1.0175719074042793,0.0,SOFT,31.01180124223602,101.532,1.1829999999999927
Bahrain,2023,SAR,2023_Bahrain_SAR_2.0,14,1.0,84.21052631578947,3.5,1.019823785111334,0.0,SOFT,31.01180124223602,98.413,0.0
Bahrain,2023,SAR,2023_Bahrain_SAR_2.0,15,2.0,82.36842105263158,3.5,1.020519567041703,0.0,SOFT,31.01180124223602,99.033,0.6200000000000045
Bahrain,2023,SAR,2023_Bahrain_SAR_2.0,16,3.0,80.52631578947368,3.5,1.0211925177130408,0.0,SOFT,31.01180124223602,98.988,0.5750000000000028
Bahrain,2023,SAR,2023_Bahrain_SAR_2.0,17,4.0,78.68421052631578,3.5,1.02184474725091,0.0,SOFT,31.01180124223602,99.439,1.0259999999999962
Bahrain,2023,SAR,2023_Bahrain_SAR_2.0,18,5.0,76.84210526315789,3.5,1.0224780594779606,0.0,SOFT,31.01180124223602,99.399,0.9860000000000042
Bahrain,2023,SAR,2023_Bahrain_SAR_2.0,19,6.0,75.0,3.5,1.023094010767585,0.0,SOFT,31.01180124223602,99.22,0.8070000000000022
Bahrain,2023,SAR,2023_Bahrain_SAR_2.0,20,7.0,73.15789473684211,3.5,1.0236939551103637,0.0,SOFT,31.01180124223602,99.186,0.7730000000000103
Bahrain,2023,SAR,2023_Bahrain_SAR_2.0,21,8.0,71.3157894736842,3.5,1.0242790791466754,0.0,SOFT,31.01180124223602,99.612,1.198999999999998
Bahrain,2023,SAR,2023_Bahrain_SAR_2.0,22,9.0,69.47368421052632,3.5,1.0248504297678958,0.0,SOFT,31.01180124223602,99.362,0.9489999999999981
Bahrain,2023,SAR,2023_Bahrain_SAR_2.0,23,10.0,67.63157894736841,3.5,1.025408936126641,0.0,SOFT,31.01180124223602,99.692,1.2789999999999964
Bahrain,2023,SAR,2023_Bahrain_SAR_2.0,24,11.0,65.78947368421052,3.5,1.025955427380922,0.0,SOFT,31.01180124223602,99.872,1.4590000000000032
Bahrain,2023,SAR,2023_Bahrain_SAR_2.0,25,12.0,63.94736842105263,3.5,1.026490647141301,0.0,SOFT,31.01180124223602,99.834,1.4210000000000065
Bahrain,2023,SAR,2023_Bahrain_SAR_2.0,26,13.0,62.10526315789473,3.5,1.027015265340239,0.0,SOFT,31.01180124223602,100.006,1.5930000000000035
Bahrain,2023,SAR,2023_Bahrain_SAR_2.0,27,14.0,60.26315789473684,3.5,1.0275298880644674,0.0,SOFT,31.01180124223602,99.602,1.1890000000000072
Bahrain,2023,SAR,2023_Bahrain_SAR_2.0,28,15.0,58.421052631578945,3.5,1.0280350657620185,0.0,SOFT,31.01180124223602,99.62,1.2070000000000078
Bahrain,2023,SAR,2023_Bahrain_SAR_2.0,29,16.0,56.578947368421055,3.5,1.0285313001407104,0.0,SOFT,31.01180124223602,99.673,1.2600000000000051
Bahrain,2023,SAR,2023_Bahrain_SAR_3.0,32,1.0,51.05263157894737,3.5,1.0299707459706142,2.0,HARD,31.01180124223602,97.613,0.0
Bahrain,2023,SAR,2023_Bahrain_SAR_3.0,33,2.0,49.21052631578947,3.5,1.0304354364101074,2.0,HARD,31.01180124223602,97.862,0.24899999999999523
Bahrain,2023,SAR,2023_Bahrain_SAR_3.0,34,3.0,47.368421052631575,3.5,1.0308931378288493,2.0,HARD,31.01180124223602,97.902,0.2890000000000015
Bahrain,2023,SAR,2023_Bahrain_SAR_3.0,35,4.0,45.526315789473685,3.5,1.031344156398775,2.0,HARD,31.01180124223602,98.029,0.4159999999999968
Bahrain,2023,SAR,2023_Bahrain_SAR_3.0,36,5.0,43.68421052631579,3.5,1.031788776569561,2.0,HARD,31.01180124223602,97.717,0.1039999999999992
Bahrain,2023,SAR,2023_Bahrain_SAR_3.0,37,6.0,41.84210526315789,3.5,1.0322272631668914,2.0,HARD,31.01180124223602,97.831,0.21800000000000352
Bahrain,2023,SAR,2023_Bahrain_SAR_3.0,38,7.0,40.0,3.5,1.0326598632371091,2.0,HARD,31.01180124223602,98.015,0.402000000000001
Bahrain,2023,SAR,2023_Bahrain_SAR_3.0,39,8.0,38.1578947368421,3.5,1.0330868076747404,2.0,HARD,31.01180124223602,97.971,0.3580000000000041
Bahrain,2023,SAR,2023_Bahrain_SAR_4.0,42,1.0,32.631578947368425,3.5,1.034335803011158,0.0,SOFT,31.01180124223602,96.037,0.0
Bahrain,2023,SAR,2023_Bahrain_SAR_4.0,43,2.0,30.789473684210527,3.5,1.0347421580196114,0.0,SOFT,31.01180124223602,96.801,0.7639999999999958
Bahrain,2023,SAR,2023_Bahrain_SAR_4.0,44,3.0,28.94736842105263,3.5,1.0351438148085583,0.0,SOFT,31.01180124223602,97.407,1.3699999999999903
Bahrain,2023,SAR,2023_Bahrain_SAR_4.0,45,4.0,27.105263157894736,3.5,1.0355409326655456,0.0,SOFT,31.01180124223602,97.462,1.4249999999999972
Bahrain,2023,SAR,2023_Bahrain_SAR_4.0,46,5.0,25.263157894736842,3.5,1.0359336620757673,0.0,SOFT,31.01180124223602,98.441,2.4039999999999964
Bahrain,2023,SAR,2023_Bahrain_SAR_4.0,47,6.0,23.421052631578945,3.5,1.036322145388372,0.0,SOFT,31.01180124223602,97.227,1.1899999999999977
Bahrain,2023,SAR,2023_Bahrain_SAR_4.0,48,7.0,21.57894736842105,3.5,1.03670651741929,0.0,SOFT,31.01180124223602,97.068,1.0309999999999917
Bahrain,2023,SAR,2023_Bahrain_SAR_4.0,49,8.0,19.736842105263158,3.5,1.0370869059978212,0.0,SOFT,31.01180124223602,97.225,1.1879999999999882
Bahrain,2023,SAR,2023_Bahrain_SAR_4.0,50,9.0,17.894736842105264,3.5,1.0374634324632677,0.0,SOFT,31.01180124223602,97.29,1.2530000000000001
Bahrain,2023,SAR,2023_Bahrain_SAR_4.0,51,10.0,16.05263157894737,3.5,1.0378362121170768,0.0,SOFT,31.01180124223602,97.472,1.434999999999988
Bahrain,2023,SAR,2023_Bahrain_SAR_4.0,52,11.0,14.210526315789473,3.5,1.0382053546352736,0.0,SOFT,31.01180124223602,97.456,1.418999999999997
Bahrain,2023,SAR,2023_Bahrain_SAR_4.0,53,12.0,12.368421052631579,3.5,1.0385709644453651,0.0,SOFT,31.01180124223602,97.662,1.625
Bahrain,2023,SAR,2023_Bahrain_SAR_4.0,54,13.0,10.526315789473685,3.5,1.038933141071383,0.0,SOFT,31.01180124223602,97.936,1.899000000000001
Bahrain,2023,SAR,2023_Bahrain_SAR_4.0,55,14.0,8.68421052631579,3.5,1.0392919794503002,0.0,SOFT,31.01180124223602,98.316,2.2789999999999964
Bahrain,2023,SAR,2023_Bahrain_SAR_4.0,56,15.0,6.842105263157895,3.5,1.0396475702226682,0.0,SOFT,31.01180124223602,99.626,3.5889999999999986
Bahrain,2023,STR,2023_Bahrain_STR_1.0,3,1.0,104.47368421052632,3.5,1.0091766293548226,0.0,SOFT,31.01180124223602,99.625,0.48099999999999454
Bahrain,2023,STR,2023_Bahrain_STR_1.0,4,2.0,102.63157894736842,3.5,1.0105962588565203,0.0,SOFT,31.01180124223602,99.745,0.6009999999999991
Bahrain,2023,STR,2023_Bahrain_STR_1.0,5,3.0,100.78947368421052,3.5,1.011846977555182,0.0,SOFT,31.01180124223602,99.144,0.0
Bahrain,2023,STR,2023_Bahrain_STR_1.0,6,4.0,98.94736842105263,3.5,1.012977713690461,0.0,SOFT,31.01180124223602,99.714,0.5699999999999932
Bahrain,2023,STR,2023_Bahrain_STR_1.0,7,5.0,97.10526315789474,3.5,1.0140175328810093,0.0,SOFT,31.01180124223602,99.945,0.8009999999999877
Bahrain,2023,STR,2023_Bahrain_STR_1.0,8,6.0,95.26315789473684,3.5,1.014985372985307,0.0,SOFT,31.01180124223602,99.801,0.6569999999999965
Bahrain,2023,STR,2023_Bahrain_STR_1.0,9,7.0,93.42105263157895,3.5,1.0158943882847806,0.0,SOFT,31.01180124223602,100.106,0.9619999999999891
Bahrain,2023,STR,2023_Bahrain_STR_1.0,10,8.0,91.57894736842105,3.5,1.0167541563316678,0.0,SOFT,31.01180124223602,100.192,1.0479999999999876
Bahrain,2023,STR,2023_Bahrain_STR_1.0,11,9.0,89.73684210526315,3.5,1.0175719074042793,0.0,SOFT,31.01180124223602,100.923,1.7789999999999964
Bahrain,2023,STR,2023_Bahrain_STR_1.0,12,10.0,87.89473684210526,3.5,1.0183532587096449,0.0,SOFT,31.01180124223602,101.039,1.894999999999996
Bahrain,2023,STR,2023_Bahrain_STR_1.0,13,11.0,86.05263157894737,3.5,1.0191026773176368,0.0,SOFT,31.01180124223602,101.12,1.975999999999999
Bahrain,2023,STR,2023_Bahrain_STR_1.0,14,12.0,84.21052631578947,3.5,1.019823785111334,0.0,SOFT,31.01180124223602,100.002,0.8579999999999899
Bahrain,2023,STR,2023_Bahrain_STR_2.0,17,1.0,78.68421052631578,3.5,1.02184474725091,2.0,HARD,31.01180124223602,97.507,0.0
Bahrain,2023,STR,2023_Bahrain_STR_2.0,18,2.0,76.84210526315789,3.5,1.0224780594779606,2.0,HARD,31.01180124223602,98.127,0.6199999999999903
Bahrain,2023,STR,2023_Bahrain_STR_2.0,19,3.0,75.0,3.5,1.023094010767585,2.0,HARD,31.01180124223602,98.587,1.0799999999999983
Bahrain,2023,STR,2023_Bahrain_STR_2.0,20,4.0,73.15789473684211,3.5,1.0236939551103637,2.0,HARD,31.01180124223602,98.038,0.5309999999999917
Bahrain,2023,STR,2023_Bahrain_STR_2.0,21,5.0,71.3157894736842,3.5,1.0242790791466754,2.0,HARD,31.01180124223602,98.273,0.7659999999999911
Bahrain,2023,STR,2023_Bahrain_STR_2.0,22,6.0,69.47368421052632,3.5,1.0248504297678958,2.0,HARD,31.01180124223602,98.73,1.222999999999999
Bahrain,2023,STR,2023_Bahrain_STR_2.0,23,7.0,67.63157894736841,3.5,1.025408936126641,2.0,HARD,31.01180124223602,98.295,0.7879999999999967
Bahrain,2023,STR,2023_Bahrain_STR_2.0,24,8.0,65.78947368421052,3.5,1.025955427380922,2.0,HARD,31.01180124223602,98.478,0.9709999999999894
Bahrain,2023,STR,2023_Bahrain_STR_2.0,25,9.0,63.94736842105263,3.5,1.026490647141301,2.0,HARD,31.01180124223602,98.25,0.742999999999995
Bahrain,2023,STR,2023_Bahrain_STR_2.0,26,10.0,62.10526315789473,3.5,1.027015265340239,2.0,HARD,31.01180124223602,98.482,0.9749999999999943
Bahrain,2023,STR,2023_Bahrain_STR_2.0,27,11.0,60.26315789473684,3.5,1.0275298880644674,2.0,HARD,31.01180124223602,99.021,1.5139999999999958
Bahrain,2023,STR,2023_Bahrain_STR_2.0,28,12.0,58.421052631578945,3.5,1.0280350657620185,2.0,HARD,31.01180124223602,98.723,1.215999999999994
Bahrain,2023,STR,2023_Bahrain_STR_2.0,29,13.0,56.578947368421055,3.5,1.0285313001407104,2.0,HARD,31.01180124223602,98.71,1.2029999999999887
Bahrain,2023,STR,2023_Bahrain_STR_3.0,32,1.0,51.05263157894737,3.5,1.0299707459706142,2.0,HARD,31.01180124223602,96.546,0.0
Bahrain,2023,STR,2023_Bahrain_STR_3.0,33,2.0,49.21052631578947,3.5,1.0304354364101074,2.0,HARD,31.01180124223602,97.21,0.6639999999999873
Bahrain,2023,STR,2023_Bahrain_STR_3.0,34,3.0,47.368421052631575,3.5,1.0308931378288493,2.0,HARD,31.01180124223602,97.168,0.6219999999999999
Bahrain,2023,STR,2023_Bahrain_STR_3.0,35,4.0,45.526315789473685,3.5,1.031344156398775,2.0,HARD,31.01180124223602,97.521,0.9749999999999943
Bahrain,2023,STR,2023_Bahrain_STR_3.0,36,5.0,43.68421052631579,3.5,1.031788776569561,2.0,HARD,31.01180124223602,97.72,1.1739999999999924
Bahrain,2023,STR,2023_Bahrain_STR_3.0,37,6.0,41.84210526315789,3.5,1.0322272631668914,2.0,HARD,31.01180124223602,97.68,1.1340000000000003
Bahrain,2023,STR,2023_Bahrain_STR_3.0,38,7.0,40.0,3.5,1.0326598632371091,2.0,HARD,31.01180124223602,97.274,0.7279999999999944
Bahrain,2023,STR,2023_Bahrain_STR_3.0,39,8.0,38.1578947368421,3.5,1.0330868076747404,2.0,HARD,31.01180124223602,97.456,0.9099999999999966
Bahrain,2023,STR,2023_Bahrain_STR_3.0,42,9.0,32.631578947368425,3.5,1.034335803011158,2.0,HARD,31.01180124223602,97.298,0.7519999999999953
Bahrain,2023,STR,2023_Bahrain_STR_3.0,43,10.0,30.789473684210527,3.5,1.0347421580196114,2.0,HARD,31.01180124223602,97.304,0.7579999999999956
Bahrain,2023,STR,2023_Bahrain_STR_3.0,44,11.0,28.94736842105263,3.5,1.0351438148085583,2.0,HARD,31.01180124223602,97.299,0.7530000000000001
Bahrain,2023,STR,2023_Bahrain_STR_3.0,45,12.0,27.105263157894736,3.5,1.0355409326655456,2.0,HARD,31.01180124223602,97.222,0.6759999999999877
Bahrain,2023,STR,2023_Bahrain_STR_3.0,46,13.0,25.263157894736842,3.5,1.0359336620757673,2.0,HARD,31.01180124223602,97.562,1.0159999999999911
Bahrain,2023,STR,2023_Bahrain_STR_3.0,47,14.0,23.421052631578945,3.5,1.036322145388372,2.0,HARD,31.01180124223602,97.257,0.7109999999999985
Bahrain,2023,STR,2023_Bahrain_STR_3.0,48,15.0,21.57894736842105,3.5,1.03670651741929,2.0,HARD,31.01180124223602,97.448,0.9019999999999868
Bahrain,2023,STR,2023_Bahrain_STR_3.0,49,16.0,19.736842105263158,3.5,1.0370869059978212,2.0,HARD,31.01180124223602,97.551,1.0049999999999955
Bahrain,2023,STR,2023_Bahrain_STR_3.0,50,17.0,17.894736842105264,3.5,1.0374634324632677,2.0,HARD,31.01180124223602,97.388,0.8419999999999987
Bahrain,2023,STR,2023_Bahrain_STR_3.0,51,18.0,16.05263157894737,3.5,1.0378362121170768,2.0,HARD,31.01180124223602,97.866,1.3199999999999932
Bahrain,2023,STR,2023_Bahrain_STR_3.0,52,19.0,14.210526315789473,3.5,1.0382053546352736,2.0,HARD,31.01180124223602,97.579,1.032999999999987
Bahrain,2023,STR,2023_Bahrain_STR_3.0,53,20.0,12.368421052631579,3.5,1.0385709644453651,2.0,HARD,31.01180124223602,98.379,1.8329999999999984
Bahrain,2023,STR,2023_Bahrain_STR_3.0,54,21.0,10.526315789473685,3.5,1.038933141071383,2.0,HARD,31.01180124223602,97.597,1.0509999999999877
Bahrain,2023,STR,2023_Bahrain_STR_3.0,55,22.0,8.68421052631579,3.5,1.0392919794503002,2.0,HARD,31.01180124223602,97.701,1.154999999999987
Bahrain,2023,STR,2023_Bahrain_STR_3.0,56,23.0,6.842105263157895,3.5,1.0396475702226682,2.0,HARD,31.01180124223602,98.11,1.563999999999993
Bahrain,2023,STR,2023_Bahrain_STR_3.0,57,24.0,5.0,3.5,1.04,2.0,HARD,31.01180124223602,97.991,1.4449999999999932
Bahrain,2023,TSU,2023_Bahrain_TSU_1.0,3,1.0,104.47368421052632,3.5,1.0091766293548226,0.0,SOFT,31.01180124223602,100.243,0.29299999999999216
Bahrain,2023,TSU,2023_Bahrain_TSU_1.0,4,2.0,102.63157894736842,3.5,1.0105962588565203,0.0,SOFT,31.01180124223602,99.95,0.0
Bahrain,2023,TSU,2023_Bahrain_TSU_1.0,5,3.0,100.78947368421052,3.5,1.011846977555182,0.0,SOFT,31.01180124223602,101.131,1.1809999999999974
Bahrain,2023,TSU,2023_Bahrain_TSU_1.0,6,4.0,98.94736842105263,3.5,1.012977713690461,0.0,SOFT,31.01180124223602,100.886,0.9359999999999928
Bahrain,2023,TSU,2023_Bahrain_TSU_1.0,7,5.0,97.10526315789474,3.5,1.0140175328810093,0.0,SOFT,31.01180124223602,100.952,1.0019999999999953
Bahrain,2023,TSU,2023_Bahrain_TSU_1.0,8,6.0,95.26315789473684,3.5,1.014985372985307,0.0,SOFT,31.01180124223602,100.846,0.8960000000000008
Bahrain,2023,TSU,2023_Bahrain_TSU_1.0,9,7.0,93.42105263157895,3.5,1.0158943882847806,0.0,SOFT,31.01180124223602,101.01,1.0600000000000023
Bahrain,2023,TSU,2023_Bahrain_TSU_2.0,12,1.0,87.89473684210526,3.5,1.0183532587096449,2.0,HARD,31.01180124223602,99.143,0.40099999999999625
Bahrain,2023,TSU,2023_Bahrain_TSU_2.0,13,2.0,86.05263157894737,3.5,1.0191026773176368,2.0,HARD,31.01180124223602,99.471,0.7289999999999992
Bahrain,2023,TSU,2023_Bahrain_TSU_2.0,14,3.0,84.21052631578947,3.5,1.019823785111334,2.0,HARD,31.01180124223602,98.742,0.0
Bahrain,2023,TSU,2023_Bahrain_TSU_2.0,15,4.0,82.36842105263158,3.5,1.020519567041703,2.0,HARD,31.01180124223602,98.975,0.23299999999998988
Bahrain,2023,TSU,2023_Bahrain_TSU_2.0,16,5.0,80.52631578947368,3.5,1.0211925177130408,2.0,HARD,31.01180124223602,99.061,0.3190000000000026
Bahrain,2023,TSU,2023_Bahrain_TSU_2.0,17,6.0,78.68421052631578,3.5,1.02184474725091,2.0,HARD,31.01180124223602,99.021,0.27899999999999636
Bahrain,2023,TSU,2023_Bahrain_TSU_2.0,18,7.0,76.84210526315789,3.5,1.0224780594779606,2.0,HARD,31.01180124223602,99.302,0.5600000000000023
Bahrain,2023,TSU,2023_Bahrain_TSU_2.0,19,8.0,75.0,3.5,1.023094010767585,2.0,HARD,31.01180124223602,99.17,0.42799999999999727
Bahrain,2023,TSU,2023_Bahrain_TSU_2.0,20,9.0,73.15789473684211,3.5,1.0236939551103637,2.0,HARD,31.01180124223602,99.282,0.539999999999992
Bahrain,2023,TSU,2023_Bahrain_TSU_2.0,21,10.0,71.3157894736842,3.5,1.0242790791466754,2.0,HARD,31.01180124223602,99.325,0.5829999999999984
Bahrain,2023,TSU,2023_Bahrain_TSU_2.0,22,11.0,69.47368421052632,3.5,1.0248504297678958,2.0,HARD,31.01180124223602,99.439,0.6969999999999885
Bahrain,2023,TSU,2023_Bahrain_TSU_2.0,23,12.0,67.63157894736841,3.5,1.025408936126641,2.0,HARD,31.01180124223602,99.632,0.8900000000000006
Bahrain,2023,TSU,2023_Bahrain_TSU_2.0,24,13.0,65.78947368421052,3.5,1.025955427380922,2.0,HARD,31.01180124223602,100.109,1.3669999999999902
Bahrain,2023,TSU,2023_Bahrain_TSU_2.0,25,14.0,63.94736842105263,3.5,1.026490647141301,2.0,HARD,31.01180124223602,99.746,1.0039999999999907
Bahrain,2023,TSU,2023_Bahrain_TSU_3.0,28,1.0,58.421052631578945,3.5,1.0280350657620185,2.0,HARD,31.01180124223602,97.824,0.045000000000001705
Bahrain,2023,TSU,2023_Bahrain_TSU_3.0,29,2.0,56.578947368421055,3.5,1.0285313001407104,2.0,HARD,31.01180124223602,97.779,0.0
Bahrain,2023,TSU,2023_Bahrain_TSU_3.0,30,3.0,54.73684210526316,3.5,1.0290190500044005,2.0,HARD,31.01180124223602,98.147,0.3680000000000092
Bahrain,2023,TSU,2023_Bahrain_TSU_3.0,31,4.0,52.89473684210526,3.5,1.029498736220328,2.0,HARD,31.01180124223602,97.813,0.034000000000006025
Bahrain,2023,TSU,2023_Bahrain_TSU_3.0,32,5.0,51.05263157894737,3.5,1.0299707459706142,2.0,HARD,31.01180124223602,98.017,0.23799999999999955
Bahrain,2023,TSU,2023_Bahrain_TSU_3.0,33,6.0,49.21052631578947,3.5,1.0304354364101074,2.0,HARD,31.01180124223602,98.094,0.3149999999999977
Bahrain,2023,TSU,2023_Bahrain_TSU_3.0,34,7.0,47.368421052631575,3.5,1.0308931378288493,2.0,HARD,31.01180124223602,98.13,0.3509999999999991
Bahrain,2023,TSU,2023_Bahrain_TSU_3.0,35,8.0,45.526315789473685,3.5,1.031344156398775,2.0,HARD,31.01180124223602,98.163,0.38400000000000034
Bahrain,2023,TSU,2023_Bahrain_TSU_3.0,36,9.0,43.68421052631579,3.5,1.031788776569561,2.0,HARD,31.01180124223602,98.059,0.28000000000000114
Bahrain,2023,TSU,2023_Bahrain_TSU_3.0,37,10.0,41.84210526315789,3.5,1.0322272631668914,2.0,HARD,31.01180124223602,98.075,0.2960000000000065
Bahrain,2023,TSU,2023_Bahrain_TSU_3.0,38,11.0,40.0,3.5,1.0326598632371091,2.0,HARD,31.01180124223602,98.084,0.3050000000000068
Bahrain,2023,TSU,2023_Bahrain_TSU_3.0,39,12.0,38.1578947368421,3.5,1.0330868076747404,2.0,HARD,31.01180124223602,98.419,0.6400000000000006
Bahrain,2023,TSU,2023_Bahrain_TSU_4.0,42,1.0,32.631578947368425,3.5,1.034335803011158,0.0,SOFT,31.01180124223602,96.637,0.0
Bahrain,2023,TSU,2023_Bahrain_TSU_4.0,43,2.0,30.789473684210527,3.5,1.0347421580196114,0.0,SOFT,31.01180124223602,97.028,0.39100000000000534
Bahrain,2023,TSU,2023_Bahrain_TSU_4.0,44,3.0,28.94736842105263,3.5,1.0351438148085583,0.0,SOFT,31.01180124223602,97.01,0.37300000000000466
Bahrain,2023,TSU,2023_Bahrain_TSU_4.0,45,4.0,27.105263157894736,3.5,1.0355409326655456,0.0,SOFT,31.01180124223602,97.021,0.38400000000000034
Bahrain,2023,TSU,2023_Bahrain_TSU_4.0,46,5.0,25.263157894736842,3.5,1.0359336620757673,0.0,SOFT,31.01180124223602,97.258,0.6209999999999951
Bahrain,2023,TSU,2023_Bahrain_TSU_4.0,47,6.0,23.421052631578945,3.5,1.036322145388372,0.0,SOFT,31.01180124223602,97.359,0.7219999999999942
Bahrain,2023,TSU,2023_Bahrain_TSU_4.0,48,7.0,21.57894736842105,3.5,1.03670651741929,0.0,SOFT,31.01180124223602,97.238,0.6009999999999991
Bahrain,2023,TSU,2023_Bahrain_TSU_4.0,49,8.0,19.736842105263158,3.5,1.0370869059978212,0.0,SOFT,31.01180124223602,97.528,0.8910000000000053
Bahrain,2023,TSU,2023_Bahrain_TSU_4.0,50,9.0,17.894736842105264,3.5,1.0374634324632677,0.0,SOFT,31.01180124223602,97.624,0.9869999999999948
Bahrain,2023,TSU,2023_Bahrain_TSU_4.0,51,10.0,16.05263157894737,3.5,1.0378362121170768,0.0,SOFT,31.01180124223602,97.706,1.0690000000000026
Bahrain,2023,TSU,2023_Bahrain_TSU_4.0,52,11.0,14.210526315789473,3.5,1.0382053546352736,0.0,SOFT,31.01180124223602,97.59,0.953000000000003
Bahrain,2023,TSU,2023_Bahrain_TSU_4.0,53,12.0,12.368421052631579,3.5,1.0385709644453651,0.0,SOFT,31.01180124223602,97.675,1.0379999999999967
Bahrain,2023,TSU,2023_Bahrain_TSU_4.0,54,13.0,10.526315789473685,3.5,1.038933141071383,0.0,SOFT,31.01180124223602,97.72,1.0829999999999984
Bahrain,2023,TSU,2023_Bahrain_TSU_4.0,55,14.0,8.68421052631579,3.5,1.0392919794503002,0.0,SOFT,31.01180124223602,97.945,1.3079999999999927
Bahrain,2023,TSU,2023_Bahrain_TSU_4.0,56,15.0,6.842105263157895,3.5,1.0396475702226682,0.0,SOFT,31.01180124223602,98.102,1.4650000000000034
Bahrain,2023,TSU,2023_Bahrain_TSU_4.0,57,16.0,5.0,3.5,1.04,0.0,SOFT,31.01180124223602,98.246,1.6089999999999947
Bahrain,2023,VER,2023_Bahrain_VER_1.0,3,1.0,104.47368421052632,3.5,1.0091766293548226,0.0,SOFT,31.01180124223602,98.006,0.030000000000001137
Bahrain,2023,VER,2023_Bahrain_VER_1.0,4,2.0,102.63157894736842,3.5,1.0105962588565203,0.0,SOFT,31.01180124223602,97.976,0.0
Bahrain,2023,VER,2023_Bahrain_VER_1.0,5,3.0,100.78947368421052,3.5,1.011846977555182,0.0,SOFT,31.01180124223602,98.035,0.0589999999999975
Bahrain,2023,VER,2023_Bahrain_VER_1.0,6,4.0,98.94736842105263,3.5,1.012977713690461,0.0,SOFT,31.01180124223602,97.986,0.010000000000005116
Bahrain,2023,VER,2023_Bahrain_VER_1.0,7,5.0,97.10526315789474,3.5,1.0140175328810093,0.0,SOFT,31.01180124223602,98.021,0.045000000000001705
Bahrain,2023,VER,2023_Bahrain_VER_1.0,8,6.0,95.26315789473684,3.5,1.014985372985307,0.0,SOFT,31.01180124223602,98.154,0.17799999999999727
Bahrain,2023,VER,2023_Bahrain_VER_1.0,9,7.0,93.42105263157895,3.5,1.0158943882847806,0.0,SOFT,31.01180124223602,98.278,0.3020000000000067
Bahrain,2023,VER,2023_Bahrain_VER_1.0,10,8.0,91.57894736842105,3.5,1.0167541563316678,0.0,SOFT,31.01180124223602,98.369,0.3930000000000007
Bahrain,2023,VER,2023_Bahrain_VER_1.0,11,9.0,89.73684210526315,3.5,1.0175719074042793,0.0,SOFT,31.01180124223602,98.483,0.507000000000005
Bahrain,2023,VER,2023_Bahrain_VER_1.0,12,10.0,87.89473684210526,3.5,1.0183532587096449,0.0,SOFT,31.01180124223602,98.591,0.6149999999999949
Bahrain,2023,VER,2023_Bahrain_VER_1.0,13,11.0,86.05263157894737,3.5,1.0191026773176368,0.0,SOFT,31.01180124223602,98.482,0.5060000000000002
Bahrain,2023,VER,2023_Bahrain_VER_2.0,16,1.0,80.52631578947368,3.5,1.0211925177130408,0.0,SOFT,31.01180124223602,97.801,0.1869999999999976
Bahrain,2023,VER,2023_Bahrain_VER_2.0,17,2.0,78.68421052631578,3.5,1.02184474725091,0.0,SOFT,31.01180124223602,97.648,0.033999999999991815
Bahrain,2023,VER,2023_Bahrain_VER_2.0,18,3.0,76.84210526315789,3.5,1.0224780594779606,0.0,SOFT,31.01180124223602,97.614,0.0
Bahrain,2023,VER,2023_Bahrain_VER_2.0,19,4.0,75.0,3.5,1.023094010767585,0.0,SOFT,31.01180124223602,97.712,0.09799999999999898
Bahrain,2023,VER,2023_Bahrain_VER_2.0,20,5.0,73.15789473684211,3.5,1.0236939551103637,0.0,SOFT,31.01180124223602,97.788,0.17399999999999238
Bahrain,2023,VER,2023_Bahrain_VER_2.0,21,6.0,71.3157894736842,3.5,1.0242790791466754,0.0,SOFT,31.01180124223602,97.582,-0.03200000000001069
Bahrain,2023,VER,2023_Bahrain_VER_2.0,22,7.0,69.47368421052632,3.5,1.0248504297678958,0.0,SOFT,31.01180124223602,97.651,0.03699999999999193
Bahrain,2023,VER,2023_Bahrain_VER_2.0,23,8.0,67.63157894736841,3.5,1.025408936126641,0.0,SOFT,31.01180124223602,97.552,-0.06199999999999761
Bahrain,2023,VER,2023_Bahrain_VER_2.0,24,9.0,65.78947368421052,3.5,1.025955427380922,0.0,SOFT,31.01180124223602,97.387,-0.22700000000000387
Bahrain,2023,VER,2023_Bahrain_VER_2.0,25,10.0,63.94736842105263,3.5,1.026490647141301,0.0,SOFT,31.01180124223602,97.372,-0.24200000000000443
Bahrain,2023,VER,2023_Bahrain_VER_2.0,26,11.0,62.10526315789473,3.5,1.027015265340239,0.0,SOFT,31.01180124223602,97.682,0.06799999999999784
Bahrain,2023,VER,2023_Bahrain_VER_2.0,27,12.0,60.26315789473684,3.5,1.0275298880644674,0.0,SOFT,31.01180124223602,97.379,-0.23499999999999943
Bahrain,2023,VER,2023_Bahrain_VER_2.0,28,13.0,58.421052631578945,3.5,1.0280350657620185,0.0,SOFT,31.01180124223602,97.651,0.03699999999999193
Bahrain,2023,VER,2023_Bahrain_VER_2.0,29,14.0,56.578947368421055,3.5,1.0285313001407104,0.0,SOFT,31.01180124223602,97.571,-0.043000000000006366
Bahrain,2023,VER,2023_Bahrain_VER_2.0,30,15.0,54.73684210526316,3.5,1.0290190500044005,0.0,SOFT,31.01180124223602,97.549,-0.06499999999999773
Bahrain,2023,VER,2023_Bahrain_VER_2.0,31,16.0,52.89473684210526,3.5,1.029498736220328,0.0,SOFT,31.01180124223602,97.431,-0.18300000000000693
Bahrain,2023,VER,2023_Bahrain_VER_2.0,32,17.0,51.05263157894737,3.5,1.0299707459706142,0.0,SOFT,31.01180124223602,97.691,0.07699999999999818
Bahrain,2023,VER,2023_Bahrain_VER_2.0,33,18.0,49.21052631578947,3.5,1.0304354364101074,0.0,SOFT,31.01180124223602,97.686,0.07200000000000273
Bahrain,2023,VER,2023_Bahrain_VER_2.0,34,19.0,47.368421052631575,3.5,1.0308931378288493,0.0,SOFT,31.01180124223602,97.839,0.22499999999999432
Bahrain,2023,VER,2023_Bahrain_VER_2.0,35,20.0,45.526315789473685,3.5,1.031344156398775,0.0,SOFT,31.01180124223602,97.85,0.23599999999999
Bahrain,2023,VER,2023_Bahrain_VER_3.0,38,1.0,40.0,3.5,1.0326598632371091,2.0,HARD,31.01180124223602,96.297,0.0
Bahrain,2023,VER,2023_Bahrain_VER_3.0,39,2.0,38.1578947368421,3.5,1.0330868076747404,2.0,HARD,31.01180124223602,96.446,0.1490000000000009
Bahrain,2023,VER,2023_Bahrain_VER_3.0,40,3.0,36.315789473684205,3.5,1.0335083126633355,2.0,HARD,31.01180124223602,96.942,0.644999999999996
Bahrain,2023,VER,2023_Bahrain_VER_3.0,43,4.0,30.789473684210527,3.5,1.0347421580196114,2.0,HARD,31.01180124223602,96.89,0.5930000000000035
Bahrain,2023,VER,2023_Bahrain_VER_3.0,44,5.0,28.94736842105263,3.5,1.0351438148085583,2.0,HARD,31.01180124223602,96.236,-0.06099999999999284
Bahrain,2023,VER,2023_Bahrain_VER_3.0,45,6.0,27.105263157894736,3.5,1.0355409326655456,2.0,HARD,31.01180124223602,97.015,0.7180000000000035
Bahrain,2023,VER,2023_Bahrain_VER_3.0,46,7.0,25.263157894736842,3.5,1.0359336620757673,2.0,HARD,31.01180124223602,96.701,0.40399999999999636
Bahrain,2023,VER,2023_Bahrain_VER_3.0,47,8.0,23.421052631578945,3.5,1.036322145388372,2.0,HARD,31.01180124223602,97.009,0.7120000000000033
Bahrain,2023,VER,2023_Bahrain_VER_3.0,48,9.0,21.57894736842105,3.5,1.03670651741929,2.0,HARD,31.01180124223602,96.918,0.6210000000000093
Bahrain,2023,VER,2023_Bahrain_VER_3.0,49,10.0,19.736842105263158,3.5,1.0370869059978212,2.0,HARD,31.01180124223602,96.962,0.6650000000000063
Bahrain,2023,VER,2023_Bahrain_VER_3.0,50,11.0,17.894736842105264,3.5,1.0374634324632677,2.0,HARD,31.01180124223602,97.25,0.953000000000003
Bahrain,2023,VER,2023_Bahrain_VER_3.0,51,12.0,16.05263157894737,3.5,1.0378362121170768,2.0,HARD,31.01180124223602,97.427,1.1300000000000097
Bahrain,2023,VER,2023_Bahrain_VER_3.0,52,13.0,14.210526315789473,3.5,1.0382053546352736,2.0,HARD,31.01180124223602,96.919,0.6219999999999999
Bahrain,2023,VER,2023_Bahrain_VER_3.0,53,14.0,12.368421052631579,3.5,1.0385709644453651,2.0,HARD,31.01180124223602,96.89,0.5930000000000035
Bahrain,2023,VER,2023_Bahrain_VER_3.0,54,15.0,10.526315789473685,3.5,1.038933141071383,2.0,HARD,31.01180124223602,96.678,0.3810000000000002
Bahrain,2023,VER,2023_Bahrain_VER_3.0,55,16.0,8.68421052631579,3.5,1.0392919794503002,2.0,HARD,31.01180124223602,96.322,0.025000000000005684
Bahrain,2023,VER,2023_Bahrain_VER_3.0,56,17.0,6.842105263157895,3.5,1.0396475702226682,2.0,HARD,31.01180124223602,97.205,0.9080000000000013
Bahrain,2023,VER,2023_Bahrain_VER_3.0,57,18.0,5.0,3.5,1.04,2.0,HARD,31.01180124223602,96.373,0.07600000000000762
Bahrain,2023,ZHO,2023_Bahrain_ZHO_1.0,3,1.0,104.47368421052632,3.5,1.0091766293548226,0.0,SOFT,31.01180124223602,100.596,0.0
Bahrain,2023,ZHO,2023_Bahrain_ZHO_1.0,4,2.0,102.63157894736842,3.5,1.0105962588565203,0.0,SOFT,31.01180124223602,100.853,0.2569999999999908
Bahrain,2023,ZHO,2023_Bahrain_ZHO_1.0,5,3.0,100.78947368421052,3.5,1.011846977555182,0.0,SOFT,31.01180124223602,100.814,0.2179999999999893
Bahrain,2023,ZHO,2023_Bahrain_ZHO_1.0,6,4.0,98.94736842105263,3.5,1.012977713690461,0.0,SOFT,31.01180124223602,101.156,0.5600000000000023
Bahrain,2023,ZHO,2023_Bahrain_ZHO_1.0,7,5.0,97.10526315789474,3.5,1.0140175328810093,0.0,SOFT,31.01180124223602,101.197,0.6009999999999991
Bahrain,2023,ZHO,2023_Bahrain_ZHO_1.0,8,6.0,95.26315789473684,3.5,1.014985372985307,0.0,SOFT,31.01180124223602,101.184,0.5879999999999939
Bahrain,2023,ZHO,2023_Bahrain_ZHO_1.0,9,7.0,93.42105263157895,3.5,1.0158943882847806,0.0,SOFT,31.01180124223602,101.526,0.9299999999999926
Bahrain,2023,ZHO,2023_Bahrain_ZHO_1.0,10,8.0,91.57894736842105,3.5,1.0167541563316678,0.0,SOFT,31.01180124223602,101.743,1.1469999999999914
Bahrain,2023,ZHO,2023_Bahrain_ZHO_1.0,11,9.0,89.73684210526315,3.5,1.0175719074042793,0.0,SOFT,31.01180124223602,102.108,1.5120000000000005
Bahrain,2023,ZHO,2023_Bahrain_ZHO_2.0,14,1.0,84.21052631578947,3.5,1.019823785111334,2.0,HARD,31.01180124223602,99.33,0.33199999999999363
Bahrain,2023,ZHO,2023_Bahrain_ZHO_2.0,15,2.0,82.36842105263158,3.5,1.020519567041703,2.0,HARD,31.01180124223602,99.229,0.23099999999999454
Bahrain,2023,ZHO,2023_Bahrain_ZHO_2.0,16,3.0,80.52631578947368,3.5,1.0211925177130408,2.0,HARD,31.01180124223602,98.998,0.0
Bahrain,2023,ZHO,2023_Bahrain_ZHO_2.0,17,4.0,78.68421052631578,3.5,1.02184474725091,2.0,HARD,31.01180124223602,99.143,0.14499999999999602
Bahrain,2023,ZHO,2023_Bahrain_ZHO_2.0,18,5.0,76.84210526315789,3.5,1.0224780594779606,2.0,HARD,31.01180124223602,98.873,-0.125
Bahrain,2023,ZHO,2023_Bahrain_ZHO_2.0,19,6.0,75.0,3.5,1.023094010767585,2.0,HARD,31.01180124223602,98.794,-0.20400000000000773
Bahrain,2023,ZHO,2023_Bahrain_ZHO_2.0,20,7.0,73.15789473684211,3.5,1.0236939551103637,2.0,HARD,31.01180124223602,98.896,-0.10200000000000387
Bahrain,2023,ZHO,2023_Bahrain_ZHO_2.0,21,8.0,71.3157894736842,3.5,1.0242790791466754,2.0,HARD,31.01180124223602,98.888,-0.10999999999999943
Bahrain,2023,ZHO,2023_Bahrain_ZHO_2.0,22,9.0,69.47368421052632,3.5,1.0248504297678958,2.0,HARD,31.01180124223602,99.115,0.11699999999999022
Bahrain,2023,ZHO,2023_Bahrain_ZHO_2.0,23,10.0,67.63157894736841,3.5,1.025408936126641,2.0,HARD,31.01180124223602,99.462,0.46399999999999864
Bahrain,2023,ZHO,2023_Bahrain_ZHO_2.0,24,11.0,65.78947368421052,3.5,1.025955427380922,2.0,HARD,31.01180124223602,99.503,0.5049999999999955
Bahrain,2023,ZHO,2023_Bahrain_ZHO_2.0,25,12.0,63.94736842105263,3.5,1.026490647141301,2.0,HARD,31.01180124223602,99.066,0.06799999999999784
Bahrain,2023,ZHO,2023_Bahrain_ZHO_2.0,26,13.0,62.10526315789473,3.5,1.027015265340239,2.0,HARD,31.01180124223602,99.427,0.42900000000000205
Bahrain,2023,ZHO,2023_Bahrain_ZHO_2.0,27,14.0,60.26315789473684,3.5,1.0275298880644674,2.0,HARD,31.01180124223602,99.235,0.23699999999999477
Bahrain,2023,ZHO,2023_Bahrain_ZHO_2.0,28,15.0,58.421052631578945,3.5,1.0280350657620185,2.0,HARD,31.01180124223602,99.412,0.4140000000000015
Bahrain,2023,ZHO,2023_Bahrain_ZHO_2.0,29,16.0,56.578947368421055,3.5,1.0285313001407104,2.0,HARD,31.01180124223602,99.361,0.36299999999999955
Bahrain,2023,ZHO,2023_Bahrain_ZHO_2.0,30,17.0,54.73684210526316,3.5,1.0290190500044005,2.0,HARD,31.01180124223602,99.382,0.38400000000000034
Bahrain,2023,ZHO,2023_Bahrain_ZHO_2.0,31,18.0,52.89473684210526,3.5,1.029498736220328,2.0,HARD,31.01180124223602,99.67,0.671999999999997
Bahrain,2023,ZHO,2023_Bahrain_ZHO_3.0,34,1.0,47.368421052631575,3.5,1.0308931378288493,0.0,SOFT,31.01180124223602,97.037,0.0
Bahrain,2023,ZHO,2023_Bahrain_ZHO_3.0,35,2.0,45.526315789473685,3.5,1.031344156398775,0.0,SOFT,31.01180124223602,97.55,0.512999999999991
Bahrain,2023,ZHO,2023_Bahrain_ZHO_3.0,36,3.0,43.68421052631579,3.5,1.031788776569561,0.0,SOFT,31.01180124223602,97.957,0.9199999999999875
Bahrain,2023,ZHO,2023_Bahrain_ZHO_3.0,37,4.0,41.84210526315789,3.5,1.0322272631668914,0.0,SOFT,31.01180124223602,98.003,0.965999999999994
Bahrain,2023,ZHO,2023_Bahrain_ZHO_3.0,38,5.0,40.0,3.5,1.0326598632371091,0.0,SOFT,31.01180124223602,98.422,1.384999999999991
Bahrain,2023,ZHO,2023_Bahrain_ZHO_3.0,39,6.0,38.1578947368421,3.5,1.0330868076747404,0.0,SOFT,31.01180124223602,98.368,1.3309999999999889
Bahrain,2023,ZHO,2023_Bahrain_ZHO_3.0,42,7.0,32.631578947368425,3.5,1.034335803011158,0.0,SOFT,31.01180124223602,99.904,2.8669999999999902
Bahrain,2023,ZHO,2023_Bahrain_ZHO_3.0,43,8.0,30.789473684210527,3.5,1.0347421580196114,0.0,SOFT,31.01180124223602,98.311,1.274000000000001
Bahrain,2023,ZHO,2023_Bahrain_ZHO_3.0,44,9.0,28.94736842105263,3.5,1.0351438148085583,0.0,SOFT,31.01180124223602,97.974,0.9369999999999976
Bahrain,2023,ZHO,2023_Bahrain_ZHO_3.0,45,10.0,27.105263157894736,3.5,1.0355409326655456,0.0,SOFT,31.01180124223602,97.95,0.9129999999999967
Bahrain,2023,ZHO,2023_Bahrain_ZHO_3.0,46,11.0,25.263157894736842,3.5,1.0359336620757673,0.0,SOFT,31.01180124223602,98.336,1.2989999999999924
Bahrain,2023,ZHO,2023_Bahrain_ZHO_3.0,47,12.0,23.421052631578945,3.5,1.036322145388372,0.0,SOFT,31.01180124223602,99.553,2.515999999999991
Bahrain,2023,ZHO,2023_Bahrain_ZHO_3.0,48,13.0,21.57894736842105,3.5,1.03670651741929,0.0,SOFT,31.01180124223602,98.596,1.5589999999999975
Bahrain,2023,ZHO,2023_Bahrain_ZHO_3.0,49,14.0,19.736842105263158,3.5,1.0370869059978212,0.0,SOFT,31.01180124223602,98.628,1.590999999999994
Bahrain,2023,ZHO,2023_Bahrain_ZHO_3.0,50,15.0,17.894736842105264,3.5,1.0374634324632677,0.0,SOFT,31.01180124223602,99.893,2.8559999999999945
Bahrain,2023,ZHO,2023_Bahrain_ZHO_3.0,51,16.0,16.05263157894737,3.5,1.0378362121170768,0.0,SOFT,31.01180124223602,98.719,1.681999999999988
Bahrain,2023,ZHO,2023_Bahrain_ZHO_3.0,52,17.0,14.210526315789473,3.5,1.0382053546352736,0.0,SOFT,31.01180124223602,98.713,1.6759999999999877
Bahrain,2023,ZHO,2023_Bahrain_ZHO_3.0,53,18.0,12.368421052631579,3.5,1.0385709644453651,0.0,SOFT,31.01180124223602,98.634,1.5969999999999942
Austria,2023,ALB,2023_Austria_ALB_2.0,4,1.0,104.08450704225352,3.5,1.0094942532655509,1.0,MEDIUM,32.05424836601307,72.291,0.9829999999999899
Austria,2023,ALB,2023_Austria_ALB_2.0,5,2.0,102.6056338028169,3.5,1.0106148978486855,1.0,MEDIUM,32.05424836601307,72.147,0.8389999999999986
Austria,2023,ALB,2023_Austria_ALB_2.0,6,3.0,101.12676056338029,3.5,1.0116280379946763,1.0,MEDIUM,32.05424836601307,71.308,0.0
Austria,2023,ALB,2023_Austria_ALB_2.0,7,4.0,99.64788732394366,3.5,1.0125597165124551,1.0,MEDIUM,32.05424836601307,71.073,-0.23500000000001364
Austria,2023,ALB,2023_Austria_ALB_2.0,8,5.0,98.16901408450704,3.5,1.013426901732747,1.0,MEDIUM,32.05424836601307,71.415,0.10699999999999932
Austria,2023,ALB,2023_Austria_ALB_2.0,9,6.0,96.69014084507043,3.5,1.0142413798983263,1.0,MEDIUM,32.05424836601307,71.599,0.2909999999999968
Austria,2023,ALB,2023_Austria_ALB_2.0,10,7.0,95.21126760563381,3.5,1.015011732500816,1.0,MEDIUM,32.05424836601307,71.322,0.013999999999995794
Austria,2023,ALB,2023_Austria_ALB_2.0,11,8.0,93.73239436619718,3.5,1.0157444378732192,1.0,MEDIUM,32.05424836601307,71.605,0.29699999999999704
Austria,2023,ALB,2023_Austria_ALB_2.0,12,9.0,92.25352112676056,3.5,1.0164445290358608,1.0,MEDIUM,32.05424836601307,71.898,0.5899999999999892
Austria,2023,ALB,2023_Austria_ALB_3.0,16,1.0,86.33802816901408,3.5,1.0189885065311017,2.0,HARD,32.05424836601307,72.319,0.7560000000000002
Austria,2023,ALB,2023_Austria_ALB_3.0,17,2.0,84.85915492957747,3.5,1.0195729045251156,2.0,HARD,32.05424836601307,71.563,0.0
Austria,2023,ALB,2023_Austria_ALB_3.0,18,3.0,83.38028169014085,3.5,1.0201403525991206,2.0,HARD,32.05424836601307,71.726,0.1629999999999967
Austria,2023,ALB,2023_Austria_ALB_3.0,19,4.0,81.90140845070422,3.5,1.0206922452644585,2.0,HARD,32.05424836601307,71.355,-0.2079999999999984
Austria,2023,ALB,2023_Austria_ALB_3.0,20,5.0,80.4225352112676,3.5,1.021229795697371,2.0,HARD,32.05424836601307,71.305,-0.25799999999999557
Austria,2023,ALB,2023_Austria_ALB_3.0,21,6.0,78.94366197183099,3.5,1.0217540671282341,2.0,HARD,32.05424836601307,70.996,-0.5670000000000073
Austria,2023,ALB,2023_Austria_ALB_3.0,22,7.0,77.46478873239437,3.5,1.0222659975722472,2.0,HARD,32.05424836601307,71.093,-0.46999999999999886
Austria,2023,ALB,2023_Austria_ALB_3.0,23,8.0,75.98591549295774,3.5,1.0227664195506216,2.0,HARD,32.05424836601307,71.05,-0.5130000000000052
Austria,2023,ALB,2023_Austria_ALB_3.0,24,9.0,74.50704225352113,3.5,1.0232560759893525,2.0,HARD,32.05424836601307,70.931,-0.632000000000005
Austria,2023,ALB,2023_Austria_ALB_3.0,25,10.0,73.02816901408451,3.5,1.0237356331638772,2.0,HARD,32.05424836601307,70.822,-0.7409999999999997
Austria,2023,ALB,2023_Austria_ALB_3.0,26,11.0,71.54929577464789,3.5,1.0242056913340178,2.0,HARD,32.05424836601307,70.898,-0.6650000000000063
Austria,2023,ALB,2023_Austria_ALB_3.0,27,12.0,70.07042253521126,3.5,1.0246667935537912,2.0,HARD,32.05424836601307,71.348,-0.2150000000000034
Austria,2023,ALB,2023_Austria_ALB_3.0,28,13.0,68.59154929577466,3.5,1.0251194330249103,2.0,HARD,32.05424836601307,71.015,-0.5480000000000018
Austria,2023,ALB,2023_Austria_ALB_3.0,29,14.0,67.11267605633803,3.5,1.025564059277833,2.0,HARD,32.05424836601307,71.016,-0.546999999999997
Austria,2023,ALB,2023_Austria_ALB_3.0,30,15.0,65.63380281690141,3.5,1.0260010834010465,2.0,HARD,32.05424836601307,71.012,-0.5510000000000019
Austria,2023,ALB,2023_Austria_ALB_3.0,31,16.0,64.1549295774648,3.5,1.0264308824918082,2.0,HARD,32.05424836601307,71.097,-0.4660000000000082
Austria,2023,ALB,2023_Austria_ALB_3.0,32,17.0,62.67605633802817,3.5,1.0268538034654942,2.0,HARD,32.05424836601307,71.472,-0.09100000000000819
Austria,2023,ALB,2023_Austria_ALB_3.0,33,18.0,61.19718309859155,3.5,1.0272701663330275,2.0,HARD,32.05424836601307,70.896,-0.6670000000000016
Austria,2023,ALB,2023_Austria_ALB_3.0,34,19.0,59.71830985915493,3.5,1.0276802670344525,2.0,HARD,32.05424836601307,70.905,-0.6580000000000013
Austria,2023,ALB,2023_Austria_ALB_3.0,35,20.0,58.23943661971831,3.5,1.0280843798999764,2.0,HARD,32.05424836601307,71.024,-0.5390000000000015
Austria,2023,ALB,2023_Austria_ALB_3.0,36,21.0,56.76056338028169,3.5,1.0284827597966524,2.0,HARD,32.05424836601307,70.98,-0.5829999999999984
Austria,2023,ALB,2023_Austria_ALB_3.0,37,22.0,55.28169014084507,3.5,1.028875644008427,2.0,HARD,32.05424836601307,70.893,-0.6700000000000017
Austria,2023,ALB,2023_Austria_ALB_3.0,38,23.0,53.80281690140845,3.5,1.0292632538889477,2.0,HARD,32.05424836601307,71.165,-0.39799999999999613
Austria,2023,ALB,2023_Austria_ALB_3.0,39,24.0,52.32394366197183,3.5,1.0296457963198262,2.0,HARD,32.05424836601307,71.189,-0.37400000000000944
Austria,2023,ALB,2023_Austria_ALB_3.0,40,25.0,50.845070422535215,3.5,1.030023465001632,2.0,HARD,32.05424836601307,71.191,-0.3719999999999999
Austria,2023,ALB,2023_Austria_ALB_4.0,43,1.0,46.40845070422535,3.5,1.0311289910615016,2.0,HARD,32.05424836601307,69.834,0.0
Austria,2023,ALB,2023_Austria_ALB_4.0,44,2.0,44.929577464788736,3.5,1.0314888757464387,2.0,HARD,32.05424836601307,69.871,0.03699999999999193
Austria,2023,ALB,2023_Austria_ALB_4.0,45,3.0,43.45070422535211,3.5,1.0318446935460566,2.0,HARD,32.05424836601307,69.848,0.013999999999995794
Austria,2023,ALB,2023_Austria_ALB_4.0,46,4.0,41.971830985915496,3.5,1.0321965792951653,2.0,HARD,32.05424836601307,69.732,-0.10200000000000387
Austria,2023,ALB,2023_Austria_ALB_4.0,47,5.0,40.49295774647887,3.5,1.032544660538673,2.0,HARD,32.05424836601307,69.766,-0.06799999999999784
Austria,2023,ALB,2023_Austria_ALB_4.0,48,6.0,39.014084507042256,3.5,1.0328890580717216,2.0,HARD,32.05424836601307,69.832,-0.0020000000000095497
Austria,2023,ALB,2023_Austria_ALB_4.0,49,7.0,37.53521126760563,3.5,1.0332298864294278,2.0,HARD,32.05424836601307,69.648,-0.18600000000000705
Austria,2023,ALB,2023_Austria_ALB_4.0,50,8.0,36.056338028169016,3.5,1.0335672543318675,2.0,HARD,32.05424836601307,69.749,-0.08500000000000796
Austria,2023,ALB,2023_Austria_ALB_4.0,51,9.0,34.5774647887324,3.5,1.0339012650891952,2.0,HARD,32.05424836601307,69.607,-0.22700000000000387
Austria,2023,ALB,2023_Austria_ALB_4.0,52,10.0,33.098591549295776,3.5,1.034232016971185,2.0,HARD,32.05424836601307,69.751,-0.08299999999999841
Austria,2023,ALB,2023_Austria_ALB_4.0,53,11.0,31.619718309859156,3.5,1.0345596035449351,2.0,HARD,32.05424836601307,69.56,-0.2740000000000009
Austria,2023,ALB,2023_Austria_ALB_4.0,54,12.0,30.140845070422536,3.5,1.0348841139840286,2.0,HARD,32.05424836601307,69.678,-0.1560000000000059
Austria,2023,ALB,2023_Austria_ALB_4.0,55,13.0,28.661971830985916,3.5,1.0352056333520405,2.0,HARD,32.05424836601307,69.741,-0.09300000000000352
Austria,2023,ALB,2023_Austria_ALB_4.0,56,14.0,27.183098591549296,3.5,1.035524242862951,2.0,HARD,32.05424836601307,69.86,0.02599999999999625
Austria,2023,ALB,2023_Austria_ALB_4.0,57,15.0,25.704225352112676,3.5,1.0358400201207187,2.0,HARD,32.05424836601307,71.637,1.8029999999999973
Austria,2023,ALB,2023_Austria_ALB_4.0,58,16.0,24.225352112676056,3.5,1.0361530393400213,2.0,HARD,32.05424836601307,70.076,0.24199999999999022
Austria,2023,ALB,2023_Austria_ALB_4.0,59,17.0,22.746478873239436,3.5,1.0364633715499367,2.0,HARD,32.05424836601307,70.046,0.2120000000000033
Austria,2023,ALB,2023_Austria_ALB_4.0,60,18.0,21.267605633802816,3.5,1.0367710847821536,2.0,HARD,32.05424836601307,69.953,0.11899999999999977
Austria,2023,ALB,2023_Austria_ALB_4.0,61,19.0,19.7887323943662,3.5,1.037076244245122,2.0,HARD,32.05424836601307,69.868,0.033999999999991815
Austria,2023,ALB,2023_Austria_ALB_4.0,62,20.0,18.309859154929576,3.5,1.0373789124854047,2.0,HARD,32.05424836601307,69.872,0.0379999999999967
Austria,2023,ALB,2023_Austria_ALB_4.0,63,21.0,16.83098591549296,3.5,1.0376791495373656,2.0,HARD,32.05424836601307,71.221,1.3870000000000005
Austria,2023,ALB,2023_Austria_ALB_4.0,64,22.0,15.352112676056338,3.5,1.0379770130622032,2.0,HARD,32.05424836601307,70.146,0.3119999999999976
Austria,2023,ALB,2023_Austria_ALB_4.0,65,23.0,13.873239436619718,3.5,1.038272558477248,2.0,HARD,32.05424836601307,69.949,0.11499999999999488
Austria,2023,ALB,2023_Austria_ALB_4.0,66,24.0,12.3943661971831,3.5,1.0385658390763377,2.0,HARD,32.05424836601307,70.123,0.2890000000000015
Austria,2023,ALB,2023_Austria_ALB_4.0,67,25.0,10.91549295774648,3.5,1.0388569061420179,2.0,HARD,32.05424836601307,70.185,0.3509999999999991
Austria,2023,ALB,2023_Austria_ALB_4.0,68,26.0,9.43661971830986,3.5,1.0391458090502315,2.0,HARD,32.05424836601307,69.9,0.0660000000000025
Austria,2023,ALB,2023_Austria_ALB_4.0,69,27.0,7.95774647887324,3.5,1.0394325953681063,2.0,HARD,32.05424836601307,70.261,0.4269999999999925
Austria,2023,ALB,2023_Austria_ALB_4.0,70,28.0,6.47887323943662,3.5,1.039717310945385,2.0,HARD,32.05424836601307,70.207,0.37299999999999045
Austria,2023,ALB,2023_Austria_ALB_4.0,71,29.0,5.0,3.5,1.04,2.0,HARD,32.05424836601307,70.604,0.769999999999996
Austria,2023,ALO,2023_Austria_ALO_2.0,4,1.0,104.08450704225352,3.5,1.0094942532655509,2.0,HARD,32.05424836601307,71.892,0.8329999999999984
Austria,2023,ALO,2023_Austria_ALO_2.0,5,2.0,102.6056338028169,3.5,1.0106148978486855,2.0,HARD,32.05424836601307,71.059,0.0
Austria,2023,ALO,2023_Austria_ALO_2.0,6,3.0,101.12676056338029,3.5,1.0116280379946763,2.0,HARD,32.05424836601307,71.376,0.3170000000000073
Austria,2023,ALO,2023_Austria_ALO_2.0,7,4.0,99.64788732394366,3.5,1.0125597165124551,2.0,HARD,32.05424836601307,70.822,-0.23699999999999477
Austria,2023,ALO,2023_Austria_ALO_2.0,8,5.0,98.16901408450704,3.5,1.013426901732747,2.0,HARD,32.05424836601307,71.228,0.16899999999999693
Austria,2023,ALO,2023_Austria_ALO_2.0,9,6.0,96.69014084507043,3.5,1.0142413798983263,2.0,HARD,32.05424836601307,70.887,-0.17199999999999704
Austria,2023,ALO,2023_Austria_ALO_2.0,10,7.0,95.21126760563381,3.5,1.015011732500816,2.0,HARD,32.05424836601307,70.966,-0.09300000000000352
Austria,2023,ALO,2023_Austria_ALO_2.0,11,8.0,93.73239436619718,3.5,1.0157444378732192,2.0,HARD,32.05424836601307,71.041,-0.018000000000000682
Austria,2023,ALO,2023_Austria_ALO_2.0,12,9.0,92.25352112676056,3.5,1.0164445290358608,2.0,HARD,32.05424836601307,70.925,-0.13400000000000034
Austria,2023,ALO,2023_Austria_ALO_3.0,17,1.0,84.85915492957747,3.5,1.0195729045251156,1.0,MEDIUM,32.05424836601307,70.619,0.5759999999999934
Austria,2023,ALO,2023_Austria_ALO_3.0,18,2.0,83.38028169014085,3.5,1.0201403525991206,1.0,MEDIUM,32.05424836601307,70.417,0.3739999999999952
Austria,2023,ALO,2023_Austria_ALO_3.0,19,3.0,81.90140845070422,3.5,1.0206922452644585,1.0,MEDIUM,32.05424836601307,70.043,0.0
Austria,2023,ALO,2023_Austria_ALO_3.0,20,4.0,80.4225352112676,3.5,1.021229795697371,1.0,MEDIUM,32.05424836601307,70.081,0.0379999999999967
Austria,2023,ALO,2023_Austria_ALO_3.0,21,5.0,78.94366197183099,3.5,1.0217540671282341,1.0,MEDIUM,32.05424836601307,70.15,0.10699999999999932
Austria,2023,ALO,2023_Austria_ALO_3.0,22,6.0,77.46478873239437,3.5,1.0222659975722472,1.0,MEDIUM,32.05424836601307,70.812,0.7689999999999912
Austria,2023,ALO,2023_Austria_ALO_3.0,23,7.0,75.98591549295774,3.5,1.0227664195506216,1.0,MEDIUM,32.05424836601307,70.426,0.38299999999999557
Austria,2023,ALO,2023_Austria_ALO_3.0,24,8.0,74.50704225352113,3.5,1.0232560759893525,1.0,MEDIUM,32.05424836601307,70.314,0.2709999999999866
Austria,2023,ALO,2023_Austria_ALO_3.0,25,9.0,73.02816901408451,3.5,1.0237356331638772,1.0,MEDIUM,32.05424836601307,70.28,0.23699999999999477
Austria,2023,ALO,2023_Austria_ALO_3.0,26,10.0,71.54929577464789,3.5,1.0242056913340178,1.0,MEDIUM,32.05424836601307,70.372,0.3289999999999935
Austria,2023,ALO,2023_Austria_ALO_3.0,27,11.0,70.07042253521126,3.5,1.0246667935537912,1.0,MEDIUM,32.05424836601307,70.354,0.31099999999999284
Austria,2023,ALO,2023_Austria_ALO_3.0,28,12.0,68.59154929577466,3.5,1.0251194330249103,1.0,MEDIUM,32.05424836601307,70.369,0.3259999999999934
Austria,2023,ALO,2023_Austria_ALO_3.0,29,13.0,67.11267605633803,3.5,1.025564059277833,1.0,MEDIUM,32.05424836601307,70.404,0.36099999999999
Austria,2023,ALO,2023_Austria_ALO_3.0,30,14.0,65.63380281690141,3.5,1.0260010834010465,1.0,MEDIUM,32.05424836601307,70.409,0.36599999999999966
Austria,2023,ALO,2023_Austria_ALO_3.0,31,15.0,64.1549295774648,3.5,1.0264308824918082,1.0,MEDIUM,32.05424836601307,70.486,0.44299999999999784
Austria,2023,ALO,2023_Austria_ALO_3.0,32,16.0,62.67605633802817,3.5,1.0268538034654942,1.0,MEDIUM,32.05424836601307,70.436,0.3930000000000007
Austria,2023,ALO,2023_Austria_ALO_3.0,33,17.0,61.19718309859155,3.5,1.0272701663330275,1.0,MEDIUM,32.05424836601307,70.412,0.3689999999999998
Austria,2023,ALO,2023_Austria_ALO_3.0,34,18.0,59.71830985915493,3.5,1.0276802670344525,1.0,MEDIUM,32.05424836601307,70.301,0.25799999999999557
Austria,2023,ALO,2023_Austria_ALO_3.0,35,19.0,58.23943661971831,3.5,1.0280843798999764,1.0,MEDIUM,32.05424836601307,70.259,0.21599999999999397
Austria,2023,ALO,2023_Austria_ALO_3.0,36,20.0,56.76056338028169,3.5,1.0284827597966524,1.0,MEDIUM,32.05424836601307,70.591,0.5479999999999876
Austria,2023,ALO,2023_Austria_ALO_3.0,37,21.0,55.28169014084507,3.5,1.028875644008427,1.0,MEDIUM,32.05424836601307,70.617,0.5739999999999981
Austria,2023,ALO,2023_Austria_ALO_3.0,38,22.0,53.80281690140845,3.5,1.0292632538889477,1.0,MEDIUM,32.05424836601307,70.579,0.5359999999999872
Austria,2023,ALO,2023_Austria_ALO_3.0,39,23.0,52.32394366197183,3.5,1.0296457963198262,1.0,MEDIUM,32.05424836601307,70.599,0.5559999999999974
Austria,2023,ALO,2023_Austria_ALO_3.0,40,24.0,50.845070422535215,3.5,1.030023465001632,1.0,MEDIUM,32.05424836601307,70.636,0.5929999999999893
Austria,2023,ALO,2023_Austria_ALO_3.0,41,25.0,49.36619718309859,3.5,1.0303964416004872,1.0,MEDIUM,32.05424836601307,70.667,0.6239999999999952
Austria,2023,ALO,2023_Austria_ALO_3.0,42,26.0,47.887323943661976,3.5,1.0307648967695235,1.0,MEDIUM,32.05424836601307,71.349,1.3059999999999974
Austria,2023,ALO,2023_Austria_ALO_3.0,43,27.0,46.40845070422535,3.5,1.0311289910615016,1.0,MEDIUM,32.05424836601307,70.967,0.9239999999999924
Austria,2023,ALO,2023_Austria_ALO_4.0,46,1.0,41.971830985915496,3.5,1.0321965792951653,1.0,MEDIUM,32.05424836601307,69.25,0.016000000000005343
Austria,2023,ALO,2023_Austria_ALO_4.0,47,2.0,40.49295774647887,3.5,1.032544660538673,1.0,MEDIUM,32.05424836601307,69.234,0.0
Austria,2023,ALO,2023_Austria_ALO_4.0,48,3.0,39.014084507042256,3.5,1.0328890580717216,1.0,MEDIUM,32.05424836601307,69.634,0.4000000000000057
Austria,2023,ALO,2023_Austria_ALO_4.0,49,4.0,37.53521126760563,3.5,1.0332298864294278,1.0,MEDIUM,32.05424836601307,69.595,0.3610000000000042
Austria,2023,ALO,2023_Austria_ALO_4.0,50,5.0,36.056338028169016,3.5,1.0335672543318675,1.0,MEDIUM,32.05424836601307,69.44,0.20600000000000307
Austria,2023,ALO,2023_Austria_ALO_4.0,51,6.0,34.5774647887324,3.5,1.0339012650891952,1.0,MEDIUM,32.05424836601307,69.456,0.2220000000000084
Austria,2023,ALO,2023_Austria_ALO_4.0,52,7.0,33.098591549295776,3.5,1.034232016971185,1.0,MEDIUM,32.05424836601307,69.361,0.12700000000000955
Austria,2023,ALO,2023_Austria_ALO_4.0,53,8.0,31.619718309859156,3.5,1.0345596035449351,1.0,MEDIUM,32.05424836601307,69.363,0.1290000000000049
Austria,2023,ALO,2023_Austria_ALO_4.0,54,9.0,30.140845070422536,3.5,1.0348841139840286,1.0,MEDIUM,32.05424836601307,69.108,-0.12599999999999056
Austria,2023,ALO,2023_Austria_ALO_4.0,55,10.0,28.661971830985916,3.5,1.0352056333520405,1.0,MEDIUM,32.05424836601307,69.338,0.1039999999999992
Austria,2023,ALO,2023_Austria_ALO_4.0,56,11.0,27.183098591549296,3.5,1.035524242862951,1.0,MEDIUM,32.05424836601307,69.301,0.06700000000000728
Austria,2023,ALO,2023_Austria_ALO_4.0,57,12.0,25.704225352112676,3.5,1.0358400201207187,1.0,MEDIUM,32.05424836601307,69.376,0.14200000000001012
Austria,2023,ALO,2023_Austria_ALO_4.0,58,13.0,24.225352112676056,3.5,1.0361530393400213,1.0,MEDIUM,32.05424836601307,69.615,0.3810000000000002
Austria,2023,ALO,2023_Austria_ALO_4.0,59,14.0,22.746478873239436,3.5,1.0364633715499367,1.0,MEDIUM,32.05424836601307,69.656,0.42200000000001125
Austria,2023,ALO,2023_Austria_ALO_4.0,60,15.0,21.267605633802816,3.5,1.0367710847821536,1.0,MEDIUM,32.05424836601307,69.77,0.5360000000000014
Austria,2023,ALO,2023_Austria_ALO_4.0,61,16.0,19.7887323943662,3.5,1.037076244245122,1.0,MEDIUM,32.05424836601307,69.596,0.362000000000009
Austria,2023,ALO,2023_Austria_ALO_4.0,62,17.0,18.309859154929576,3.5,1.0373789124854047,1.0,MEDIUM,32.05424836601307,69.655,0.4210000000000065
Austria,2023,ALO,2023_Austria_ALO_4.0,63,18.0,16.83098591549296,3.5,1.0376791495373656,1.0,MEDIUM,32.05424836601307,70.037,0.8030000000000115
Austria,2023,ALO,2023_Austria_ALO_4.0,64,19.0,15.352112676056338,3.5,1.0379770130622032,1.0,MEDIUM,32.05424836601307,69.564,0.3299999999999983
Austria,2023,ALO,2023_Austria_ALO_4.0,65,20.0,13.873239436619718,3.5,1.038272558477248,1.0,MEDIUM,32.05424836601307,69.559,0.32500000000000284
Austria,2023,ALO,2023_Austria_ALO_4.0,66,21.0,12.3943661971831,3.5,1.0385658390763377,1.0,MEDIUM,32.05424836601307,69.686,0.4520000000000124
Austria,2023,ALO,2023_Austria_ALO_4.0,67,22.0,10.91549295774648,3.5,1.0388569061420179,1.0,MEDIUM,32.05424836601307,69.356,0.12199999999999989
Austria,2023,ALO,2023_Austria_ALO_4.0,68,23.0,9.43661971830986,3.5,1.0391458090502315,1.0,MEDIUM,32.05424836601307,69.27,0.036000000000001364
Austria,2023,ALO,2023_Austria_ALO_4.0,69,24.0,7.95774647887324,3.5,1.0394325953681063,1.0,MEDIUM,32.05424836601307,69.256,0.02200000000000557
Austria,2023,ALO,2023_Austria_ALO_4.0,70,25.0,6.47887323943662,3.5,1.039717310945385,1.0,MEDIUM,32.05424836601307,69.2,-0.033999999999991815
Austria,2023,ALO,2023_Austria_ALO_4.0,71,26.0,5.0,3.5,1.04,1.0,MEDIUM,32.05424836601307,69.512,0.2780000000000058
Austria,2023,BOT,2023_Austria_BOT_2.0,4,1.0,104.08450704225352,3.5,1.0094942532655509,2.0,HARD,32.05424836601307,73.266,1.2020000000000124
Austria,2023,BOT,2023_Austria_BOT_2.0,5,2.0,102.6056338028169,3.5,1.0106148978486855,2.0,HARD,32.05424836601307,72.673,0.6090000000000089
Austria,2023,BOT,2023_Austria_BOT_2.0,6,3.0,101.12676056338029,3.5,1.0116280379946763,2.0,HARD,32.05424836601307,72.064,0.0
Austria,2023,BOT,2023_Austria_BOT_2.0,7,4.0,99.64788732394366,3.5,1.0125597165124551,2.0,HARD,32.05424836601307,71.555,-0.5089999999999861
Austria,2023,BOT,2023_Austria_BOT_2.0,8,5.0,98.16901408450704,3.5,1.013426901732747,2.0,HARD,32.05424836601307,71.81,-0.2539999999999907
Austria,2023,BOT,2023_Austria_BOT_2.0,9,6.0,96.69014084507043,3.5,1.0142413798983263,2.0,HARD,32.05424836601307,71.556,-0.5079999999999956
Austria,2023,BOT,2023_Austria_BOT_2.0,10,7.0,95.21126760563381,3.5,1.015011732500816,2.0,HARD,32.05424836601307,71.723,-0.340999999999994
Austria,2023,BOT,2023_Austria_BOT_2.0,11,8.0,93.73239436619718,3.5,1.0157444378732192,2.0,HARD,32.05424836601307,72.176,0.11200000000000898
Austria,2023,BOT,2023_Austria_BOT_2.0,12,9.0,92.25352112676056,3.5,1.0164445290358608,2.0,HARD,32.05424836601307,72.125,0.06100000000000705
Austria,2023,BOT,2023_Austria_BOT_2.0,17,10.0,84.85915492957747,3.5,1.0195729045251156,2.0,HARD,32.05424836601307,72.747,0.6830000000000069
Austria,2023,BOT,2023_Austria_BOT_2.0,18,11.0,83.38028169014085,3.5,1.0201403525991206,2.0,HARD,32.05424836601307,72.287,0.2230000000000132
Austria,2023,BOT,2023_Austria_BOT_2.0,19,12.0,81.90140845070422,3.5,1.0206922452644585,2.0,HARD,32.05424836601307,72.273,0.20900000000000318
Austria,2023,BOT,2023_Austria_BOT_2.0,20,13.0,80.4225352112676,3.5,1.021229795697371,2.0,HARD,32.05424836601307,72.87,0.8060000000000116
Austria,2023,BOT,2023_Austria_BOT_3.0,23,1.0,75.98591549295774,3.5,1.0227664195506216,1.0,MEDIUM,32.05424836601307,70.22,0.242999999999995
Austria,2023,BOT,2023_Austria_BOT_3.0,24,2.0,74.50704225352113,3.5,1.0232560759893525,1.0,MEDIUM,32.05424836601307,70.594,0.6169999999999902
Austria,2023,BOT,2023_Austria_BOT_3.0,25,3.0,73.02816901408451,3.5,1.0237356331638772,1.0,MEDIUM,32.05424836601307,69.977,0.0
Austria,2023,BOT,2023_Austria_BOT_3.0,26,4.0,71.54929577464789,3.5,1.0242056913340178,1.0,MEDIUM,32.05424836601307,70.162,0.18500000000000227
Austria,2023,BOT,2023_Austria_BOT_3.0,27,5.0,70.07042253521126,3.5,1.0246667935537912,1.0,MEDIUM,32.05424836601307,70.427,0.45000000000000284
Austria,2023,BOT,2023_Austria_BOT_3.0,28,6.0,68.59154929577466,3.5,1.0251194330249103,1.0,MEDIUM,32.05424836601307,70.351,0.3739999999999952
Austria,2023,BOT,2023_Austria_BOT_3.0,29,7.0,67.11267605633803,3.5,1.025564059277833,1.0,MEDIUM,32.05424836601307,70.109,0.1319999999999908
Austria,2023,BOT,2023_Austria_BOT_3.0,30,8.0,65.63380281690141,3.5,1.0260010834010465,1.0,MEDIUM,32.05424836601307,70.35,0.37299999999999045
Austria,2023,BOT,2023_Austria_BOT_3.0,31,9.0,64.1549295774648,3.5,1.0264308824918082,1.0,MEDIUM,32.05424836601307,70.494,0.5169999999999959
Austria,2023,BOT,2023_Austria_BOT_3.0,32,10.0,62.67605633802817,3.5,1.0268538034654942,1.0,MEDIUM,32.05424836601307,70.62,0.6430000000000007
Austria,2023,BOT,2023_Austria_BOT_3.0,33,11.0,61.19718309859155,3.5,1.0272701663330275,1.0,MEDIUM,32.05424836601307,70.705,0.7279999999999944
Austria,2023,BOT,2023_Austria_BOT_3.0,34,12.0,59.71830985915493,3.5,1.0276802670344525,1.0,MEDIUM,32.05424836601307,70.634,0.6569999999999965
Austria,2023,BOT,2023_Austria_BOT_3.0,35,13.0,58.23943661971831,3.5,1.0280843798999764,1.0,MEDIUM,32.05424836601307,71.023,1.0459999999999923
Austria,2023,BOT,2023_Austria_BOT_3.0,36,14.0,56.76056338028169,3.5,1.0284827597966524,1.0,MEDIUM,32.05424836601307,72.273,2.2959999999999923
Austria,2023,BOT,2023_Austria_BOT_3.0,37,15.0,55.28169014084507,3.5,1.028875644008427,1.0,MEDIUM,32.05424836601307,70.631,0.6539999999999964
Austria,2023,BOT,2023_Austria_BOT_3.0,38,16.0,53.80281690140845,3.5,1.0292632538889477,1.0,MEDIUM,32.05424836601307,71.504,1.527000000000001
Austria,2023,BOT,2023_Austria_BOT_3.0,39,17.0,52.32394366197183,3.5,1.0296457963198262,1.0,MEDIUM,32.05424836601307,71.345,1.367999999999995
Austria,2023,BOT,2023_Austria_BOT_4.0,42,1.0,47.887323943661976,3.5,1.0307648967695235,2.0,HARD,32.05424836601307,70.102,0.0
Austria,2023,BOT,2023_Austria_BOT_4.0,43,2.0,46.40845070422535,3.5,1.0311289910615016,2.0,HARD,32.05424836601307,70.343,0.24099999999999966
Austria,2023,BOT,2023_Austria_BOT_4.0,44,3.0,44.929577464788736,3.5,1.0314888757464387,2.0,HARD,32.05424836601307,70.196,0.09399999999999409
Austria,2023,BOT,2023_Austria_BOT_4.0,45,4.0,43.45070422535211,3.5,1.0318446935460566,2.0,HARD,32.05424836601307,70.009,-0.09300000000000352
Austria,2023,BOT,2023_Austria_BOT_4.0,46,5.0,41.971830985915496,3.5,1.0321965792951653,2.0,HARD,32.05424836601307,70.074,-0.028000000000005798
Austria,2023,BOT,2023_Austria_BOT_4.0,47,6.0,40.49295774647887,3.5,1.032544660538673,2.0,HARD,32.05424836601307,70.078,-0.02400000000000091
Austria,2023,BOT,2023_Austria_BOT_4.0,48,7.0,39.014084507042256,3.5,1.0328890580717216,2.0,HARD,32.05424836601307,71.574,1.4719999999999942
Austria,2023,BOT,2023_Austria_BOT_4.0,49,8.0,37.53521126760563,3.5,1.0332298864294278,2.0,HARD,32.05424836601307,69.94,-0.16200000000000614
Austria,2023,BOT,2023_Austria_BOT_4.0,50,9.0,36.056338028169016,3.5,1.0335672543318675,2.0,HARD,32.05424836601307,70.146,0.04399999999999693
Austria,2023,BOT,2023_Austria_BOT_4.0,51,10.0,34.5774647887324,3.5,1.0339012650891952,2.0,HARD,32.05424836601307,70.149,0.046999999999997044
Austria,2023,BOT,2023_Austria_BOT_4.0,52,11.0,33.098591549295776,3.5,1.034232016971185,2.0,HARD,32.05424836601307,70.365,0.262999999999991
Austria,2023,BOT,2023_Austria_BOT_4.0,53,12.0,31.619718309859156,3.5,1.0345596035449351,2.0,HARD,32.05424836601307,70.075,-0.027000000000001023
Austria,2023,BOT,2023_Austria_BOT_4.0,54,13.0,30.140845070422536,3.5,1.0348841139840286,2.0,HARD,32.05424836601307,70.282,0.1799999999999926
Austria,2023,BOT,2023_Austria_BOT_4.0,55,14.0,28.661971830985916,3.5,1.0352056333520405,2.0,HARD,32.05424836601307,73.55,3.4479999999999933
Austria,2023,BOT,2023_Austria_BOT_4.0,56,15.0,27.183098591549296,3.5,1.035524242862951,2.0,HARD,32.05424836601307,70.938,0.8359999999999985
Austria,2023,BOT,2023_Austria_BOT_4.0,57,16.0,25.704225352112676,3.5,1.0358400201207187,2.0,HARD,32.05424836601307,70.827,0.7249999999999943
Austria,2023,BOT,2023_Austria_BOT_4.0,58,17.0,24.225352112676056,3.5,1.0361530393400213,2.0,HARD,32.05424836601307,70.517,0.41499999999999204
Austria,2023,BOT,2023_Austria_BOT_4.0,59,18.0,22.746478873239436,3.5,1.0364633715499367,2.0,HARD,32.05424836601307,70.699,0.5969999999999942
Austria,2023,BOT,2023_Austria_BOT_4.0,60,19.0,21.267605633802816,3.5,1.0367710847821536,2.0,HARD,32.05424836601307,70.68,0.578000000000003
Austria,2023,BOT,2023_Austria_BOT_4.0,61,20.0,19.7887323943662,3.5,1.037076244245122,2.0,HARD,32.05424836601307,70.878,0.7759999999999962
Austria,2023,BOT,2023_Austria_BOT_4.0,62,21.0,18.309859154929576,3.5,1.0373789124854047,2.0,HARD,32.05424836601307,71.987,1.884999999999991
Austria,2023,BOT,2023_Austria_BOT_4.0,63,22.0,16.83098591549296,3.5,1.0376791495373656,2.0,HARD,32.05424836601307,71.463,1.36099999999999
Austria,2023,BOT,2023_Austria_BOT_4.0,64,23.0,15.352112676056338,3.5,1.0379770130622032,2.0,HARD,32.05424836601307,71.609,1.5069999999999908
Austria,2023,BOT,2023_Austria_BOT_4.0,65,24.0,13.873239436619718,3.5,1.038272558477248,2.0,HARD,32.05424836601307,72.19,2.087999999999994
Austria,2023,BOT,2023_Austria_BOT_4.0,66,25.0,12.3943661971831,3.5,1.0385658390763377,2.0,HARD,32.05424836601307,70.748,0.6460000000000008
Austria,2023,BOT,2023_Austria_BOT_4.0,67,26.0,10.91549295774648,3.5,1.0388569061420179,2.0,HARD,32.05424836601307,70.382,0.28000000000000114
Austria,2023,BOT,2023_Austria_BOT_4.0,68,27.0,9.43661971830986,3.5,1.0391458090502315,2.0,HARD,32.05424836601307,70.477,0.375
Austria,2023,BOT,2023_Austria_BOT_4.0,69,28.0,7.95774647887324,3.5,1.0394325953681063,2.0,HARD,32.05424836601307,70.283,0.18099999999999739
Austria,2023,BOT,2023_Austria_BOT_4.0,70,29.0,6.47887323943662,3.5,1.039717310945385,2.0,HARD,32.05424836601307,70.092,-0.010000000000005116
Austria,2023,DEV,2023_Austria_DEV_2.0,4,1.0,104.08450704225352,3.5,1.0094942532655509,1.0,MEDIUM,32.05424836601307,73.236,1.195999999999998
Austria,2023,DEV,2023_Austria_DEV_2.0,5,2.0,102.6056338028169,3.5,1.0106148978486855,1.0,MEDIUM,32.05424836601307,72.701,0.6609999999999872
Austria,2023,DEV,2023_Austria_DEV_2.0,6,3.0,101.12676056338029,3.5,1.0116280379946763,1.0,MEDIUM,32.05424836601307,72.04,0.0
Austria,2023,DEV,2023_Austria_DEV_2.0,7,4.0,99.64788732394366,3.5,1.0125597165124551,1.0,MEDIUM,32.05424836601307,71.596,-0.4440000000000026
Austria,2023,DEV,2023_Austria_DEV_2.0,8,5.0,98.16901408450704,3.5,1.013426901732747,1.0,MEDIUM,32.05424836601307,71.865,-0.17500000000001137
Austria,2023,DEV,2023_Austria_DEV_2.0,9,6.0,96.69014084507043,3.5,1.0142413798983263,1.0,MEDIUM,32.05424836601307,71.746,-0.29400000000001114
Austria,2023,DEV,2023_Austria_DEV_2.0,10,7.0,95.21126760563381,3.5,1.015011732500816,1.0,MEDIUM,32.05424836601307,71.766,-0.2740000000000009
Austria,2023,DEV,2023_Austria_DEV_2.0,11,8.0,93.73239436619718,3.5,1.0157444378732192,1.0,MEDIUM,32.05424836601307,72.068,0.027999999999991587
Austria,2023,DEV,2023_Austria_DEV_3.0,16,1.0,86.33802816901408,3.5,1.0189885065311017,2.0,HARD,32.05424836601307,71.185,0.30800000000000693
Austria,2023,DEV,2023_Austria_DEV_3.0,17,2.0,84.85915492957747,3.5,1.0195729045251156,2.0,HARD,32.05424836601307,70.877,0.0
Austria,2023,DEV,2023_Austria_DEV_3.0,18,3.0,83.38028169014085,3.5,1.0201403525991206,2.0,HARD,32.05424836601307,71.047,0.1700000000000017
Austria,2023,DEV,2023_Austria_DEV_3.0,19,4.0,81.90140845070422,3.5,1.0206922452644585,2.0,HARD,32.05424836601307,71.115,0.23799999999999955
Austria,2023,DEV,2023_Austria_DEV_3.0,20,5.0,80.4225352112676,3.5,1.021229795697371,2.0,HARD,32.05424836601307,71.294,0.4170000000000016
Austria,2023,DEV,2023_Austria_DEV_3.0,21,6.0,78.94366197183099,3.5,1.0217540671282341,2.0,HARD,32.05424836601307,71.292,0.41500000000000625
Austria,2023,DEV,2023_Austria_DEV_3.0,22,7.0,77.46478873239437,3.5,1.0222659975722472,2.0,HARD,32.05424836601307,71.238,0.3610000000000042
Austria,2023,DEV,2023_Austria_DEV_3.0,23,8.0,75.98591549295774,3.5,1.0227664195506216,2.0,HARD,32.05424836601307,71.547,0.6700000000000017
Austria,2023,DEV,2023_Austria_DEV_3.0,24,9.0,74.50704225352113,3.5,1.0232560759893525,2.0,HARD,32.05424836601307,71.361,0.48400000000000887
Austria,2023,DEV,2023_Austria_DEV_3.0,25,10.0,73.02816901408451,3.5,1.0237356331638772,2.0,HARD,32.05424836601307,71.397,0.5200000000000102
Austria,2023,DEV,2023_Austria_DEV_3.0,26,11.0,71.54929577464789,3.5,1.0242056913340178,2.0,HARD,32.05424836601307,71.557,0.6800000000000068
Austria,2023,DEV,2023_Austria_DEV_3.0,27,12.0,70.07042253521126,3.5,1.0246667935537912,2.0,HARD,32.05424836601307,71.421,0.5440000000000111
Austria,2023,DEV,2023_Austria_DEV_3.0,28,13.0,68.59154929577466,3.5,1.0251194330249103,2.0,HARD,32.05424836601307,71.459,0.5820000000000078
Austria,2023,DEV,2023_Austria_DEV_3.0,29,14.0,67.11267605633803,3.5,1.025564059277833,2.0,HARD,32.05424836601307,71.521,0.6440000000000055
Austria,2023,DEV,2023_Austria_DEV_3.0,30,15.0,65.63380281690141,3.5,1.0260010834010465,2.0,HARD,32.05424836601307,71.525,0.6480000000000103
Austria,2023,DEV,2023_Austria_DEV_3.0,31,16.0,64.1549295774648,3.5,1.0264308824918082,2.0,HARD,32.05424836601307,71.715,0.8380000000000081
Austria,2023,DEV,2023_Austria_DEV_3.0,32,17.0,62.67605633802817,3.5,1.0268538034654942,2.0,HARD,32.05424836601307,71.598,0.7210000000000036
Austria,2023,DEV,2023_Austria_DEV_3.0,33,18.0,61.19718309859155,3.5,1.0272701663330275,2.0,HARD,32.05424836601307,71.807,0.9300000000000068
Austria,2023,DEV,2023_Austria_DEV_3.0,34,19.0,59.71830985915493,3.5,1.0276802670344525,2.0,HARD,32.05424836601307,71.78,0.9030000000000058
Austria,2023,DEV,2023_Austria_DEV_3.0,35,20.0,58.23943661971831,3.5,1.0280843798999764,2.0,HARD,32.05424836601307,71.596,0.7190000000000083
Austria,2023,DEV,2023_Austria_DEV_3.0,36,21.0,56.76056338028169,3.5,1.0284827597966524,2.0,HARD,32.05424836601307,71.487,0.6099999999999994
Austria,2023,DEV,2023_Austria_DEV_4.0,39,1.0,52.32394366197183,3.5,1.0296457963198262,1.0,MEDIUM,32.05424836601307,69.974,0.0
Austria,2023,DEV,2023_Austria_DEV_4.0,40,2.0,50.845070422535215,3.5,1.030023465001632,1.0,MEDIUM,32.05424836601307,70.061,0.0870000000000033
Austria,2023,DEV,2023_Austria_DEV_4.0,41,3.0,49.36619718309859,3.5,1.0303964416004872,1.0,MEDIUM,32.05424836601307,70.003,0.028999999999996362
Austria,2023,DEV,2023_Austria_DEV_4.0,42,4.0,47.887323943661976,3.5,1.0307648967695235,1.0,MEDIUM,32.05424836601307,70.169,0.19499999999999318
Austria,2023,DEV,2023_Austria_DEV_4.0,43,5.0,46.40845070422535,3.5,1.0311289910615016,1.0,MEDIUM,32.05424836601307,70.275,0.30100000000000193
Austria,2023,DEV,2023_Austria_DEV_4.0,44,6.0,44.929577464788736,3.5,1.0314888757464387,1.0,MEDIUM,32.05424836601307,70.472,0.49799999999999045
Austria,2023,DEV,2023_Austria_DEV_4.0,45,7.0,43.45070422535211,3.5,1.0318446935460566,1.0,MEDIUM,32.05424836601307,70.767,0.7929999999999922
Austria,2023,DEV,2023_Austria_DEV_4.0,46,8.0,41.971830985915496,3.5,1.0321965792951653,1.0,MEDIUM,32.05424836601307,69.852,-0.12199999999999989
Austria,2023,DEV,2023_Austria_DEV_4.0,47,9.0,40.49295774647887,3.5,1.032544660538673,1.0,MEDIUM,32.05424836601307,69.898,-0.07600000000000762
Austria,2023,DEV,2023_Austria_DEV_4.0,48,10.0,39.014084507042256,3.5,1.0328890580717216,1.0,MEDIUM,32.05424836601307,70.463,0.4889999999999901
Austria,2023,DEV,2023_Austria_DEV_4.0,49,11.0,37.53521126760563,3.5,1.0332298864294278,1.0,MEDIUM,32.05424836601307,70.483,0.5090000000000003
Austria,2023,DEV,2023_Austria_DEV_4.0,50,12.0,36.056338028169016,3.5,1.0335672543318675,1.0,MEDIUM,32.05424836601307,70.243,0.26899999999999125
Austria,2023,DEV,2023_Austria_DEV_4.0,51,13.0,34.5774647887324,3.5,1.0339012650891952,1.0,MEDIUM,32.05424836601307,70.2,0.2259999999999991
Austria,2023,DEV,2023_Austria_DEV_4.0,52,14.0,33.098591549295776,3.5,1.034232016971185,1.0,MEDIUM,32.05424836601307,70.539,0.5649999999999977
Austria,2023,DEV,2023_Austria_DEV_4.0,53,15.0,31.619718309859156,3.5,1.0345596035449351,1.0,MEDIUM,32.05424836601307,70.275,0.30100000000000193
Austria,2023,DEV,2023_Austria_DEV_4.0,54,16.0,30.140845070422536,3.5,1.0348841139840286,1.0,MEDIUM,32.05424836601307,70.336,0.36199999999999477
Austria,2023,DEV,2023_Austria_DEV_4.0,55,17.0,28.661971830985916,3.5,1.0352056333520405,1.0,MEDIUM,32.05424836601307,70.537,0.5630000000000024
Austria,2023,DEV,2023_Austria_DEV_4.0,56,18.0,27.183098591549296,3.5,1.035524242862951,1.0,MEDIUM,32.05424836601307,72.119,2.144999999999996
Austria,2023,DEV,2023_Austria_DEV_4.0,57,19.0,25.704225352112676,3.5,1.0358400201207187,1.0,MEDIUM,32.05424836601307,70.36,0.3859999999999957
Austria,2023,DEV,2023_Austria_DEV_4.0,58,20.0,24.225352112676056,3.5,1.0361530393400213,1.0,MEDIUM,32.05424836601307,70.669,0.6949999999999932
Austria,2023,DEV,2023_Austria_DEV_4.0,59,21.0,22.746478873239436,3.5,1.0364633715499367,1.0,MEDIUM,32.05424836601307,70.624,0.6499999999999915
Austria,2023,DEV,2023_Austria_DEV_4.0,60,22.0,21.267605633802816,3.5,1.0367710847821536,1.0,MEDIUM,32.05424836601307,70.579,0.6049999999999898
Austria,2023,DEV,2023_Austria_DEV_4.0,61,23.0,19.7887323943662,3.5,1.037076244245122,1.0,MEDIUM,32.05424836601307,70.648,0.6739999999999924
Austria,2023,DEV,2023_Austria_DEV_4.0,62,24.0,18.309859154929576,3.5,1.0373789124854047,1.0,MEDIUM,32.05424836601307,70.572,0.597999999999999
Austria,2023,DEV,2023_Austria_DEV_4.0,63,25.0,16.83098591549296,3.5,1.0376791495373656,1.0,MEDIUM,32.05424836601307,70.726,0.7519999999999953
Austria,2023,DEV,2023_Austria_DEV_4.0,64,26.0,15.352112676056338,3.5,1.0379770130622032,1.0,MEDIUM,32.05424836601307,71.81,1.8359999999999985
Austria,2023,DEV,2023_Austria_DEV_4.0,65,27.0,13.873239436619718,3.5,1.038272558477248,1.0,MEDIUM,32.05424836601307,72.165,2.1910000000000025
Austria,2023,DEV,2023_Austria_DEV_4.0,66,28.0,12.3943661971831,3.5,1.0385658390763377,1.0,MEDIUM,32.05424836601307,71.442,1.4679999999999893
Austria,2023,DEV,2023_Austria_DEV_4.0,67,29.0,10.91549295774648,3.5,1.0388569061420179,1.0,MEDIUM,32.05424836601307,71.394,1.4200000000000017
Austria,2023,DEV,2023_Austria_DEV_4.0,68,30.0,9.43661971830986,3.5,1.0391458090502315,1.0,MEDIUM,32.05424836601307,70.522,0.5480000000000018
Austria,2023,DEV,2023_Austria_DEV_4.0,69,31.0,7.95774647887324,3.5,1.0394325953681063,1.0,MEDIUM,32.05424836601307,70.401,0.4269999999999925
Austria,2023,DEV,2023_Austria_DEV_4.0,70,32.0,6.47887323943662,3.5,1.039717310945385,1.0,MEDIUM,32.05424836601307,70.697,0.722999999999999
Austria,2023,GAS,2023_Austria_GAS_2.0,4,1.0,104.08450704225352,3.5,1.0094942532655509,1.0,MEDIUM,32.05424836601307,72.253,1.0400000000000063
Austria,2023,GAS,2023_Austria_GAS_2.0,5,2.0,102.6056338028169,3.5,1.0106148978486855,1.0,MEDIUM,32.05424836601307,71.836,0.6230000000000047
Austria,2023,GAS,2023_Austria_GAS_2.0,6,3.0,101.12676056338029,3.5,1.0116280379946763,1.0,MEDIUM,32.05424836601307,71.213,0.0
Austria,2023,GAS,2023_Austria_GAS_2.0,7,4.0,99.64788732394366,3.5,1.0125597165124551,1.0,MEDIUM,32.05424836601307,71.092,-0.12099999999999511
Austria,2023,GAS,2023_Austria_GAS_2.0,8,5.0,98.16901408450704,3.5,1.013426901732747,1.0,MEDIUM,32.05424836601307,71.638,0.42500000000001137
Austria,2023,GAS,2023_Austria_GAS_2.0,9,6.0,96.69014084507043,3.5,1.0142413798983263,1.0,MEDIUM,32.05424836601307,71.29,0.07700000000001239
Austria,2023,GAS,2023_Austria_GAS_2.0,10,7.0,95.21126760563381,3.5,1.015011732500816,1.0,MEDIUM,32.05424836601307,71.155,-0.057999999999992724
Austria,2023,GAS,2023_Austria_GAS_2.0,11,8.0,93.73239436619718,3.5,1.0157444378732192,1.0,MEDIUM,32.05424836601307,70.883,-0.3299999999999983
Austria,2023,GAS,2023_Austria_GAS_2.0,12,9.0,92.25352112676056,3.5,1.0164445290358608,1.0,MEDIUM,32.05424836601307,71.256,0.043000000000006366
Austria,2023,GAS,2023_Austria_GAS_3.0,17,1.0,84.85915492957747,3.5,1.0195729045251156,2.0,HARD,32.05424836601307,70.588,0.5599999999999881
Austria,2023,GAS,2023_Austria_GAS_3.0,18,2.0,83.38028169014085,3.5,1.0201403525991206,2.0,HARD,32.05424836601307,70.028,0.0
Austria,2023,GAS,2023_Austria_GAS_3.0,19,3.0,81.90140845070422,3.5,1.0206922452644585,2.0,HARD,32.05424836601307,70.73,0.7019999999999982
Austria,2023,GAS,2023_Austria_GAS_3.0,20,4.0,80.4225352112676,3.5,1.021229795697371,2.0,HARD,32.05424836601307,70.488,0.45999999999999375
Austria,2023,GAS,2023_Austria_GAS_3.0,21,5.0,78.94366197183099,3.5,1.0217540671282341,2.0,HARD,32.05424836601307,70.379,0.3509999999999991
Austria,2023,GAS,2023_Austria_GAS_3.0,22,6.0,77.46478873239437,3.5,1.0222659975722472,2.0,HARD,32.05424836601307,70.538,0.5099999999999909
Austria,2023,GAS,2023_Austria_GAS_3.0,23,7.0,75.98591549295774,3.5,1.0227664195506216,2.0,HARD,32.05424836601307,70.592,0.563999999999993
Austria,2023,GAS,2023_Austria_GAS_3.0,24,8.0,74.50704225352113,3.5,1.0232560759893525,2.0,HARD,32.05424836601307,70.345,0.31699999999999307
Austria,2023,GAS,2023_Austria_GAS_3.0,25,9.0,73.02816901408451,3.5,1.0237356331638772,2.0,HARD,32.05424836601307,70.541,0.512999999999991
Austria,2023,GAS,2023_Austria_GAS_3.0,26,10.0,71.54929577464789,3.5,1.0242056913340178,2.0,HARD,32.05424836601307,70.662,0.6340000000000003
Austria,2023,GAS,2023_Austria_GAS_3.0,27,11.0,70.07042253521126,3.5,1.0246667935537912,2.0,HARD,32.05424836601307,70.649,0.6209999999999951
Austria,2023,GAS,2023_Austria_GAS_3.0,28,12.0,68.59154929577466,3.5,1.0251194330249103,2.0,HARD,32.05424836601307,70.67,0.6419999999999959
Austria,2023,GAS,2023_Austria_GAS_3.0,29,13.0,67.11267605633803,3.5,1.025564059277833,2.0,HARD,32.05424836601307,71.188,1.1599999999999966
Austria,2023,GAS,2023_Austria_GAS_3.0,30,14.0,65.63380281690141,3.5,1.0260010834010465,2.0,HARD,32.05424836601307,70.948,0.9199999999999875
Austria,2023,GAS,2023_Austria_GAS_3.0,31,15.0,64.1549295774648,3.5,1.0264308824918082,2.0,HARD,32.05424836601307,70.755,0.7269999999999897
Austria,2023,GAS,2023_Austria_GAS_3.0,32,16.0,62.67605633802817,3.5,1.0268538034654942,2.0,HARD,32.05424836601307,71.156,1.1280000000000001
Austria,2023,GAS,2023_Austria_GAS_3.0,33,17.0,61.19718309859155,3.5,1.0272701663330275,2.0,HARD,32.05424836601307,70.843,0.8149999999999977
Austria,2023,GAS,2023_Austria_GAS_3.0,34,18.0,59.71830985915493,3.5,1.0276802670344525,2.0,HARD,32.05424836601307,71.693,1.664999999999992
Austria,2023,GAS,2023_Austria_GAS_3.0,35,19.0,58.23943661971831,3.5,1.0280843798999764,2.0,HARD,32.05424836601307,71.074,1.0459999999999923
Austria,2023,GAS,2023_Austria_GAS_3.0,36,20.0,56.76056338028169,3.5,1.0284827597966524,2.0,HARD,32.05424836601307,71.142,1.11399999999999
Austria,2023,GAS,2023_Austria_GAS_3.0,37,21.0,55.28169014084507,3.5,1.028875644008427,2.0,HARD,32.05424836601307,71.214,1.1859999999999928
Austria,2023,GAS,2023_Austria_GAS_3.0,38,22.0,53.80281690140845,3.5,1.0292632538889477,2.0,HARD,32.05424836601307,71.148,1.1199999999999903
Austria,2023,GAS,2023_Austria_GAS_3.0,39,23.0,52.32394366197183,3.5,1.0296457963198262,2.0,HARD,32.05424836601307,71.132,1.1039999999999992
Austria,2023,GAS,2023_Austria_GAS_3.0,40,24.0,50.845070422535215,3.5,1.030023465001632,2.0,HARD,32.05424836601307,71.112,1.083999999999989
Austria,2023,GAS,2023_Austria_GAS_3.0,41,25.0,49.36619718309859,3.5,1.0303964416004872,2.0,HARD,32.05424836601307,71.044,1.0159999999999911
Austria,2023,GAS,2023_Austria_GAS_3.0,42,26.0,47.887323943661976,3.5,1.0307648967695235,2.0,HARD,32.05424836601307,71.96,1.931999999999988
Austria,2023,GAS,2023_Austria_GAS_3.0,43,27.0,46.40845070422535,3.5,1.0311289910615016,2.0,HARD,32.05424836601307,71.116,1.0879999999999939
Austria,2023,GAS,2023_Austria_GAS_4.0,46,1.0,41.971830985915496,3.5,1.0321965792951653,1.0,MEDIUM,32.05424836601307,69.157,0.11099999999999
Austria,2023,GAS,2023_Austria_GAS_4.0,47,2.0,40.49295774647887,3.5,1.032544660538673,1.0,MEDIUM,32.05424836601307,69.241,0.19499999999999318
Austria,2023,GAS,2023_Austria_GAS_4.0,48,3.0,39.014084507042256,3.5,1.0328890580717216,1.0,MEDIUM,32.05424836601307,69.046,0.0
Austria,2023,GAS,2023_Austria_GAS_4.0,49,4.0,37.53521126760563,3.5,1.0332298864294278,1.0,MEDIUM,32.05424836601307,69.135,0.08899999999999864
Austria,2023,GAS,2023_Austria_GAS_4.0,50,5.0,36.056338028169016,3.5,1.0335672543318675,1.0,MEDIUM,32.05424836601307,69.313,0.2669999999999959
Austria,2023,GAS,2023_Austria_GAS_4.0,51,6.0,34.5774647887324,3.5,1.0339012650891952,1.0,MEDIUM,32.05424836601307,69.365,0.3189999999999884
Austria,2023,GAS,2023_Austria_GAS_4.0,52,7.0,33.098591549295776,3.5,1.034232016971185,1.0,MEDIUM,32.05424836601307,69.301,0.25499999999999545
Austria,2023,GAS,2023_Austria_GAS_4.0,53,8.0,31.619718309859156,3.5,1.0345596035449351,1.0,MEDIUM,32.05424836601307,69.289,0.242999999999995
Austria,2023,GAS,2023_Austria_GAS_4.0,54,9.0,30.140845070422536,3.5,1.0348841139840286,1.0,MEDIUM,32.05424836601307,69.391,0.34499999999999886
Austria,2023,GAS,2023_Austria_GAS_4.0,55,10.0,28.661971830985916,3.5,1.0352056333520405,1.0,MEDIUM,32.05424836601307,69.501,0.4549999999999983
Austria,2023,GAS,2023_Austria_GAS_4.0,56,11.0,27.183098591549296,3.5,1.035524242862951,1.0,MEDIUM,32.05424836601307,69.437,0.39099999999999113
Austria,2023,GAS,2023_Austria_GAS_4.0,57,12.0,25.704225352112676,3.5,1.0358400201207187,1.0,MEDIUM,32.05424836601307,69.507,0.4609999999999985
Austria,2023,GAS,2023_Austria_GAS_4.0,58,13.0,24.225352112676056,3.5,1.0361530393400213,1.0,MEDIUM,32.05424836601307,69.731,0.6849999999999881
Austria,2023,GAS,2023_Austria_GAS_4.0,59,14.0,22.746478873239436,3.5,1.0364633715499367,1.0,MEDIUM,32.05424836601307,69.619,0.5729999999999933
Austria,2023,GAS,2023_Austria_GAS_4.0,60,15.0,21.267605633802816,3.5,1.0367710847821536,1.0,MEDIUM,32.05424836601307,69.553,0.5069999999999908
Austria,2023,GAS,2023_Austria_GAS_4.0,61,16.0,19.7887323943662,3.5,1.037076244245122,1.0,MEDIUM,32.05424836601307,69.716,0.6699999999999875
Austria,2023,GAS,2023_Austria_GAS_4.0,62,17.0,18.309859154929576,3.5,1.0373789124854047,1.0,MEDIUM,32.05424836601307,69.908,0.8619999999999948
Austria,2023,GAS,2023_Austria_GAS_4.0,63,18.0,16.83098591549296,3.5,1.0376791495373656,1.0,MEDIUM,32.05424836601307,69.917,0.8709999999999951
Austria,2023,GAS,2023_Austria_GAS_4.0,64,19.0,15.352112676056338,3.5,1.0379770130622032,1.0,MEDIUM,32.05424836601307,70.175,1.1289999999999907
Austria,2023,GAS,2023_Austria_GAS_4.0,65,20.0,13.873239436619718,3.5,1.038272558477248,1.0,MEDIUM,32.05424836601307,70.896,1.8499999999999943
Austria,2023,GAS,2023_Austria_GAS_4.0,66,21.0,12.3943661971831,3.5,1.0385658390763377,1.0,MEDIUM,32.05424836601307,70.111,1.0649999999999977
Austria,2023,GAS,2023_Austria_GAS_4.0,67,22.0,10.91549295774648,3.5,1.0388569061420179,1.0,MEDIUM,32.05424836601307,69.965,0.9189999999999969
Austria,2023,GAS,2023_Austria_GAS_4.0,68,23.0,9.43661971830986,3.5,1.0391458090502315,1.0,MEDIUM,32.05424836601307,70.681,1.634999999999991
Austria,2023,GAS,2023_Austria_GAS_4.0,69,24.0,7.95774647887324,3.5,1.0394325953681063,1.0,MEDIUM,32.05424836601307,70.173,1.1269999999999953
Austria,2023,GAS,2023_Austria_GAS_4.0,70,25.0,6.47887323943662,3.5,1.039717310945385,1.0,MEDIUM,32.05424836601307,69.781,0.7349999999999994
Austria,2023,GAS,2023_Austria_GAS_4.0,71,26.0,5.0,3.5,1.04,1.0,MEDIUM,32.05424836601307,70.344,1.2979999999999876
Austria,2023,HAM,2023_Austria_HAM_2.0,4,1.0,104.08450704225352,3.5,1.0094942532655509,1.0,MEDIUM,32.05424836601307,70.981,0.2749999999999915
Austria,2023,HAM,2023_Austria_HAM_2.0,5,2.0,102.6056338028169,3.5,1.0106148978486855,1.0,MEDIUM,32.05424836601307,70.706,0.0
Austria,2023,HAM,2023_Austria_HAM_2.0,6,3.0,101.12676056338029,3.5,1.0116280379946763,1.0,MEDIUM,32.05424836601307,70.746,0.03999999999999204
Austria,2023,HAM,2023_Austria_HAM_2.0,7,4.0,99.64788732394366,3.5,1.0125597165124551,1.0,MEDIUM,32.05424836601307,70.597,-0.10900000000000887
Austria,2023,HAM,2023_Austria_HAM_2.0,8,5.0,98.16901408450704,3.5,1.013426901732747,1.0,MEDIUM,32.05424836601307,70.579,-0.12700000000000955
Austria,2023,HAM,2023_Austria_HAM_2.0,9,6.0,96.69014084507043,3.5,1.0142413798983263,1.0,MEDIUM,32.05424836601307,70.598,-0.10800000000000409
Austria,2023,HAM,2023_Austria_HAM_2.0,10,7.0,95.21126760563381,3.5,1.015011732500816,1.0,MEDIUM,32.05424836601307,70.901,0.19499999999999318
Austria,2023,HAM,2023_Austria_HAM_2.0,11,8.0,93.73239436619718,3.5,1.0157444378732192,1.0,MEDIUM,32.05424836601307,70.857,0.15099999999999625
Austria,2023,HAM,2023_Austria_HAM_2.0,12,9.0,92.25352112676056,3.5,1.0164445290358608,1.0,MEDIUM,32.05424836601307,70.972,0.26599999999999113
Austria,2023,HAM,2023_Austria_HAM_3.0,17,1.0,84.85915492957747,3.5,1.0195729045251156,2.0,HARD,32.05424836601307,69.895,0.19499999999999318
Austria,2023,HAM,2023_Austria_HAM_3.0,18,2.0,83.38028169014085,3.5,1.0201403525991206,2.0,HARD,32.05424836601307,69.7,0.0
Austria,2023,HAM,2023_Austria_HAM_3.0,19,3.0,81.90140845070422,3.5,1.0206922452644585,2.0,HARD,32.05424836601307,70.999,1.2989999999999924
Austria,2023,HAM,2023_Austria_HAM_3.0,20,4.0,80.4225352112676,3.5,1.021229795697371,2.0,HARD,32.05424836601307,70.109,0.4089999999999918
Austria,2023,HAM,2023_Austria_HAM_3.0,21,5.0,78.94366197183099,3.5,1.0217540671282341,2.0,HARD,32.05424836601307,70.138,0.4380000000000024
Austria,2023,HAM,2023_Austria_HAM_3.0,22,6.0,77.46478873239437,3.5,1.0222659975722472,2.0,HARD,32.05424836601307,71.036,1.3359999999999985
Austria,2023,HAM,2023_Austria_HAM_3.0,23,7.0,75.98591549295774,3.5,1.0227664195506216,2.0,HARD,32.05424836601307,70.687,0.9869999999999948
Austria,2023,HAM,2023_Austria_HAM_3.0,24,8.0,74.50704225352113,3.5,1.0232560759893525,2.0,HARD,32.05424836601307,70.575,0.875
Austria,2023,HAM,2023_Austria_HAM_3.0,25,9.0,73.02816901408451,3.5,1.0237356331638772,2.0,HARD,32.05424836601307,70.712,1.0120000000000005
Austria,2023,HAM,2023_Austria_HAM_3.0,26,10.0,71.54929577464789,3.5,1.0242056913340178,2.0,HARD,32.05424836601307,70.271,0.570999999999998
Austria,2023,HAM,2023_Austria_HAM_3.0,27,11.0,70.07042253521126,3.5,1.0246667935537912,2.0,HARD,32.05424836601307,70.148,0.4479999999999933
Austria,2023,HAM,2023_Austria_HAM_3.0,28,12.0,68.59154929577466,3.5,1.0251194330249103,2.0,HARD,32.05424836601307,71.541,1.840999999999994
Austria,2023,HAM,2023_Austria_HAM_3.0,29,13.0,67.11267605633803,3.5,1.025564059277833,2.0,HARD,32.05424836601307,70.847,1.1469999999999914
Austria,2023,HAM,2023_Austria_HAM_3.0,30,14.0,65.63380281690141,3.5,1.0260010834010465,2.0,HARD,32.05424836601307,70.644,0.9440000000000026
Austria,2023,HAM,2023_Austria_HAM_3.0,31,15.0,64.1549295774648,3.5,1.0264308824918082,2.0,HARD,32.05424836601307,70.579,0.8789999999999907
Austria,2023,HAM,2023_Austria_HAM_3.0,32,16.0,62.67605633802817,3.5,1.0268538034654942,2.0,HARD,32.05424836601307,70.541,0.840999999999994
Austria,2023,HAM,2023_Austria_HAM_3.0,33,17.0,61.19718309859155,3.5,1.0272701663330275,2.0,HARD,32.05424836601307,70.533,0.8329999999999984
Austria,2023,HAM,2023_Austria_HAM_3.0,34,18.0,59.71830985915493,3.5,1.0276802670344525,2.0,HARD,32.05424836601307,70.326,0.6259999999999906
Austria,2023,HAM,2023_Austria_HAM_3.0,35,19.0,58.23943661971831,3.5,1.0280843798999764,2.0,HARD,32.05424836601307,70.978,1.2779999999999916
Austria,2023,HAM,2023_Austria_HAM_3.0,36,20.0,56.76056338028169,3.5,1.0284827597966524,2.0,HARD,32.05424836601307,70.725,1.0249999999999915
Austria,2023,HAM,2023_Austria_HAM_3.0,37,21.0,55.28169014084507,3.5,1.028875644008427,2.0,HARD,32.05424836601307,70.857,1.1569999999999965
Austria,2023,HAM,2023_Austria_HAM_3.0,38,22.0,53.80281690140845,3.5,1.0292632538889477,2.0,HARD,32.05424836601307,70.652,0.9519999999999982
Austria,2023,HAM,2023_Austria_HAM_3.0,39,23.0,52.32394366197183,3.5,1.0296457963198262,2.0,HARD,32.05424836601307,70.959,1.2590000000000003
Austria,2023,HAM,2023_Austria_HAM_3.0,40,24.0,50.845070422535215,3.5,1.030023465001632,2.0,HARD,32.05424836601307,71.384,1.6839999999999975
Austria,2023,HAM,2023_Austria_HAM_3.0,41,25.0,49.36619718309859,3.5,1.0303964416004872,2.0,HARD,32.05424836601307,70.868,1.1679999999999922
Austria,2023,HAM,2023_Austria_HAM_4.0,44,1.0,44.929577464788736,3.5,1.0314888757464387,1.0,MEDIUM,32.05424836601307,70.483,0.9380000000000024
Austria,2023,HAM,2023_Austria_HAM_4.0,45,2.0,43.45070422535211,3.5,1.0318446935460566,1.0,MEDIUM,32.05424836601307,70.105,0.5600000000000023
Austria,2023,HAM,2023_Austria_HAM_4.0,46,3.0,41.971830985915496,3.5,1.0321965792951653,1.0,MEDIUM,32.05424836601307,69.545,0.0
Austria,2023,HAM,2023_Austria_HAM_4.0,47,4.0,40.49295774647887,3.5,1.032544660538673,1.0,MEDIUM,32.05424836601307,69.297,-0.24800000000000466
Austria,2023,HAM,2023_Austria_HAM_4.0,48,5.0,39.014084507042256,3.5,1.0328890580717216,1.0,MEDIUM,32.05424836601307,69.16,-0.3850000000000051
Austria,2023,HAM,2023_Austria_HAM_4.0,49,6.0,37.53521126760563,3.5,1.0332298864294278,1.0,MEDIUM,32.05424836601307,69.735,0.18999999999999773
Austria,2023,HAM,2023_Austria_HAM_4.0,50,7.0,36.056338028169016,3.5,1.0335672543318675,1.0,MEDIUM,32.05424836601307,69.371,-0.1740000000000066
Austria,2023,HAM,2023_Austria_HAM_4.0,51,8.0,34.5774647887324,3.5,1.0339012650891952,1.0,MEDIUM,32.05424836601307,69.414,-0.13100000000000023
Austria,2023,HAM,2023_Austria_HAM_4.0,52,9.0,33.098591549295776,3.5,1.034232016971185,1.0,MEDIUM,32.05424836601307,69.22,-0.32500000000000284
Austria,2023,HAM,2023_Austria_HAM_4.0,53,10.0,31.619718309859156,3.5,1.0345596035449351,1.0,MEDIUM,32.05424836601307,69.538,-0.007000000000005002
Austria,2023,HAM,2023_Austria_HAM_4.0,54,11.0,30.140845070422536,3.5,1.0348841139840286,1.0,MEDIUM,32.05424836601307,69.317,-0.22800000000000864
Austria,2023,HAM,2023_Austria_HAM_4.0,55,12.0,28.661971830985916,3.5,1.0352056333520405,1.0,MEDIUM,32.05424836601307,69.227,-0.31799999999999784
Austria,2023,HAM,2023_Austria_HAM_4.0,56,13.0,27.183098591549296,3.5,1.035524242862951,1.0,MEDIUM,32.05424836601307,69.485,-0.060000000000002274
Austria,2023,HAM,2023_Austria_HAM_4.0,57,14.0,25.704225352112676,3.5,1.0358400201207187,1.0,MEDIUM,32.05424836601307,69.988,0.44299999999999784
Austria,2023,HAM,2023_Austria_HAM_4.0,58,15.0,24.225352112676056,3.5,1.0361530393400213,1.0,MEDIUM,32.05424836601307,69.606,0.06099999999999284
Austria,2023,HAM,2023_Austria_HAM_4.0,59,16.0,22.746478873239436,3.5,1.0364633715499367,1.0,MEDIUM,32.05424836601307,69.869,0.32399999999999807
Austria,2023,HAM,2023_Austria_HAM_4.0,60,17.0,21.267605633802816,3.5,1.0367710847821536,1.0,MEDIUM,32.05424836601307,70.029,0.48399999999999466
Austria,2023,HAM,2023_Austria_HAM_4.0,61,18.0,19.7887323943662,3.5,1.037076244245122,1.0,MEDIUM,32.05424836601307,69.856,0.31099999999999284
Austria,2023,HAM,2023_Austria_HAM_4.0,62,19.0,18.309859154929576,3.5,1.0373789124854047,1.0,MEDIUM,32.05424836601307,69.699,0.15399999999999636
Austria,2023,HAM,2023_Austria_HAM_4.0,63,20.0,16.83098591549296,3.5,1.0376791495373656,1.0,MEDIUM,32.05424836601307,69.541,-0.0040000000000048885
Austria,2023,HAM,2023_Austria_HAM_4.0,64,21.0,15.352112676056338,3.5,1.0379770130622032,1.0,MEDIUM,32.05424836601307,69.933,0.38800000000000523
Austria,2023,HAM,2023_Austria_HAM_4.0,65,22.0,13.873239436619718,3.5,1.038272558477248,1.0,MEDIUM,32.05424836601307,70.506,0.9609999999999985
Austria,2023,HAM,2023_Austria_HAM_4.0,66,23.0,12.3943661971831,3.5,1.0385658390763377,1.0,MEDIUM,32.05424836601307,69.49,-0.05500000000000682
Austria,2023,HAM,2023_Austria_HAM_4.0,67,24.0,10.91549295774648,3.5,1.0388569061420179,1.0,MEDIUM,32.05424836601307,69.974,0.42900000000000205
Austria,2023,HAM,2023_Austria_HAM_4.0,68,25.0,9.43661971830986,3.5,1.0391458090502315,1.0,MEDIUM,32.05424836601307,69.766,0.22100000000000364
Austria,2023,HAM,2023_Austria_HAM_4.0,69,26.0,7.95774647887324,3.5,1.0394325953681063,1.0,MEDIUM,32.05424836601307,70.02,0.4749999999999943
Austria,2023,HAM,2023_Austria_HAM_4.0,70,27.0,6.47887323943662,3.5,1.039717310945385,1.0,MEDIUM,32.05424836601307,70.285,0.7399999999999949
Austria,2023,HAM,2023_Austria_HAM_4.0,71,28.0,5.0,3.5,1.04,1.0,MEDIUM,32.05424836601307,70.457,0.9119999999999919
Austria,2023,HUL,2023_Austria_HUL_2.0,4,1.0,104.08450704225352,3.5,1.0094942532655509,1.0,MEDIUM,32.05424836601307,72.061,0.9040000000000106
Austria,2023,HUL,2023_Austria_HUL_2.0,5,2.0,102.6056338028169,3.5,1.0106148978486855,1.0,MEDIUM,32.05424836601307,71.616,0.4590000000000032
Austria,2023,HUL,2023_Austria_HUL_2.0,6,3.0,101.12676056338029,3.5,1.0116280379946763,1.0,MEDIUM,32.05424836601307,71.157,0.0
Austria,2023,HUL,2023_Austria_HUL_2.0,7,4.0,99.64788732394366,3.5,1.0125597165124551,1.0,MEDIUM,32.05424836601307,71.066,-0.09099999999999397
Austria,2023,HUL,2023_Austria_HUL_2.0,8,5.0,98.16901408450704,3.5,1.013426901732747,1.0,MEDIUM,32.05424836601307,72.213,1.0559999999999974
Austria,2023,HUL,2023_Austria_HUL_2.0,9,6.0,96.69014084507043,3.5,1.0142413798983263,1.0,MEDIUM,32.05424836601307,71.248,0.09100000000000819
Austria,2023,HUL,2023_Austria_HUL_2.0,10,7.0,95.21126760563381,3.5,1.015011732500816,1.0,MEDIUM,32.05424836601307,71.254,0.09700000000000841
Austria,2023,LEC,2023_Austria_LEC_2.0,4,1.0,104.08450704225352,3.5,1.0094942532655509,1.0,MEDIUM,32.05424836601307,70.392,0.0
Austria,2023,LEC,2023_Austria_LEC_2.0,5,2.0,102.6056338028169,3.5,1.0106148978486855,1.0,MEDIUM,32.05424836601307,70.416,0.02400000000000091
Austria,2023,LEC,2023_Austria_LEC_2.0,6,3.0,101.12676056338029,3.5,1.0116280379946763,1.0,MEDIUM,32.05424836601307,70.428,0.036000000000001364
Austria,2023,LEC,2023_Austria_LEC_2.0,7,4.0,99.64788732394366,3.5,1.0125597165124551,1.0,MEDIUM,32.05424836601307,70.305,-0.08699999999998909
Austria,2023,LEC,2023_Austria_LEC_2.0,8,5.0,98.16901408450704,3.5,1.013426901732747,1.0,MEDIUM,32.05424836601307,70.416,0.02400000000000091
Austria,2023,LEC,2023_Austria_LEC_2.0,9,6.0,96.69014084507043,3.5,1.0142413798983263,1.0,MEDIUM,32.05424836601307,70.307,-0.08499999999999375
Austria,2023,LEC,2023_Austria_LEC_2.0,10,7.0,95.21126760563381,3.5,1.015011732500816,1.0,MEDIUM,32.05424836601307,70.349,-0.042999999999992156
Austria,2023,LEC,2023_Austria_LEC_2.0,11,8.0,93.73239436619718,3.5,1.0157444378732192,1.0,MEDIUM,32.05424836601307,70.431,0.03900000000000148
Austria,2023,LEC,2023_Austria_LEC_2.0,12,9.0,92.25352112676056,3.5,1.0164445290358608,1.0,MEDIUM,32.05424836601307,70.7,0.30800000000000693
Austria,2023,LEC,2023_Austria_LEC_3.0,17,1.0,84.85915492957747,3.5,1.0195729045251156,1.0,MEDIUM,32.05424836601307,69.29,0.0
Austria,2023,LEC,2023_Austria_LEC_3.0,18,2.0,83.38028169014085,3.5,1.0201403525991206,1.0,MEDIUM,32.05424836601307,69.617,0.3269999999999982
Austria,2023,LEC,2023_Austria_LEC_3.0,19,3.0,81.90140845070422,3.5,1.0206922452644585,1.0,MEDIUM,32.05424836601307,69.509,0.2189999999999941
Austria,2023,LEC,2023_Austria_LEC_3.0,20,4.0,80.4225352112676,3.5,1.021229795697371,1.0,MEDIUM,32.05424836601307,69.55,0.2599999999999909
Austria,2023,LEC,2023_Austria_LEC_3.0,21,5.0,78.94366197183099,3.5,1.0217540671282341,1.0,MEDIUM,32.05424836601307,69.38,0.0899999999999892
Austria,2023,LEC,2023_Austria_LEC_3.0,22,6.0,77.46478873239437,3.5,1.0222659975722472,1.0,MEDIUM,32.05424836601307,69.603,0.3129999999999882
Austria,2023,LEC,2023_Austria_LEC_3.0,23,7.0,75.98591549295774,3.5,1.0227664195506216,1.0,MEDIUM,32.05424836601307,69.853,0.5629999999999882
Austria,2023,LEC,2023_Austria_LEC_3.0,24,8.0,74.50704225352113,3.5,1.0232560759893525,1.0,MEDIUM,32.05424836601307,69.956,0.6659999999999968
Austria,2023,LEC,2023_Austria_LEC_3.0,25,9.0,73.02816901408451,3.5,1.0237356331638772,1.0,MEDIUM,32.05424836601307,69.86,0.5699999999999932
Austria,2023,LEC,2023_Austria_LEC_3.0,26,10.0,71.54929577464789,3.5,1.0242056913340178,1.0,MEDIUM,32.05424836601307,69.905,0.6149999999999949
Austria,2023,LEC,2023_Austria_LEC_3.0,27,11.0,70.07042253521126,3.5,1.0246667935537912,1.0,MEDIUM,32.05424836601307,69.899,0.6089999999999947
Austria,2023,LEC,2023_Austria_LEC_3.0,28,12.0,68.59154929577466,3.5,1.0251194330249103,1.0,MEDIUM,32.05424836601307,70.01,0.7199999999999989
Austria,2023,LEC,2023_Austria_LEC_3.0,29,13.0,67.11267605633803,3.5,1.025564059277833,1.0,MEDIUM,32.05424836601307,69.96,0.6699999999999875
Austria,2023,LEC,2023_Austria_LEC_3.0,30,14.0,65.63380281690141,3.5,1.0260010834010465,1.0,MEDIUM,32.05424836601307,69.916,0.6259999999999906
Austria,2023,LEC,2023_Austria_LEC_3.0,31,15.0,64.1549295774648,3.5,1.0264308824918082,1.0,MEDIUM,32.05424836601307,70.29,1.0
Austria,2023,LEC,2023_Austria_LEC_3.0,32,16.0,62.67605633802817,3.5,1.0268538034654942,1.0,MEDIUM,32.05424836601307,70.416,1.1259999999999906
Austria,2023,LEC,2023_Austria_LEC_3.0,33,17.0,61.19718309859155,3.5,1.0272701663330275,1.0,MEDIUM,32.05424836601307,70.389,1.0989999999999895
Austria,2023,LEC,2023_Austria_LEC_3.0,34,18.0,59.71830985915493,3.5,1.0276802670344525,1.0,MEDIUM,32.05424836601307,70.321,1.0309999999999917
Austria,2023,LEC,2023_Austria_LEC_3.0,35,19.0,58.23943661971831,3.5,1.0280843798999764,1.0,MEDIUM,32.05424836601307,70.891,1.600999999999999
Austria,2023,LEC,2023_Austria_LEC_3.0,36,20.0,56.76056338028169,3.5,1.0284827597966524,1.0,MEDIUM,32.05424836601307,70.548,1.2579999999999956
Austria,2023,LEC,2023_Austria_LEC_3.0,37,21.0,55.28169014084507,3.5,1.028875644008427,1.0,MEDIUM,32.05424836601307,70.671,1.3810000000000002
Austria,2023,LEC,2023_Austria_LEC_3.0,38,22.0,53.80281690140845,3.5,1.0292632538889477,1.0,MEDIUM,32.05424836601307,70.659,1.3689999999999998
Austria,2023,LEC,2023_Austria_LEC_3.0,39,23.0,52.32394366197183,3.5,1.0296457963198262,1.0,MEDIUM,32.05424836601307,70.724,1.4339999999999975
Austria,2023,LEC,2023_Austria_LEC_3.0,40,24.0,50.845070422535215,3.5,1.030023465001632,1.0,MEDIUM,32.05424836601307,70.896,1.6059999999999945
Austria,2023,LEC,2023_Austria_LEC_3.0,41,25.0,49.36619718309859,3.5,1.0303964416004872,1.0,MEDIUM,32.05424836601307,70.828,1.5379999999999967
Austria,2023,LEC,2023_Austria_LEC_3.0,42,26.0,47.887323943661976,3.5,1.0307648967695235,1.0,MEDIUM,32.05424836601307,70.522,1.2319999999999993
Austria,2023,LEC,2023_Austria_LEC_3.0,43,27.0,46.40845070422535,3.5,1.0311289910615016,1.0,MEDIUM,32.05424836601307,70.624,1.333999999999989
Austria,2023,LEC,2023_Austria_LEC_3.0,44,28.0,44.929577464788736,3.5,1.0314888757464387,1.0,MEDIUM,32.05424836601307,70.475,1.184999999999988
Austria,2023,LEC,2023_Austria_LEC_3.0,45,29.0,43.45070422535211,3.5,1.0318446935460566,1.0,MEDIUM,32.05424836601307,70.475,1.184999999999988
Austria,2023,LEC,2023_Austria_LEC_3.0,46,30.0,41.971830985915496,3.5,1.0321965792951653,1.0,MEDIUM,32.05424836601307,70.631,1.340999999999994
Austria,2023,LEC,2023_Austria_LEC_4.0,49,1.0,37.53521126760563,3.5,1.0332298864294278,2.0,HARD,32.05424836601307,69.595,0.7750000000000057
Austria,2023,LEC,2023_Austria_LEC_4.0,50,2.0,36.056338028169016,3.5,1.0335672543318675,2.0,HARD,32.05424836601307,68.863,0.043000000000006366
Austria,2023,LEC,2023_Austria_LEC_4.0,51,3.0,34.5774647887324,3.5,1.0339012650891952,2.0,HARD,32.05424836601307,68.82,0.0
Austria,2023,LEC,2023_Austria_LEC_4.0,52,4.0,33.098591549295776,3.5,1.034232016971185,2.0,HARD,32.05424836601307,69.14,0.3200000000000074
Austria,2023,LEC,2023_Austria_LEC_4.0,53,5.0,31.619718309859156,3.5,1.0345596035449351,2.0,HARD,32.05424836601307,69.14,0.3200000000000074
Austria,2023,LEC,2023_Austria_LEC_4.0,54,6.0,30.140845070422536,3.5,1.0348841139840286,2.0,HARD,32.05424836601307,68.878,0.058000000000006935
Austria,2023,LEC,2023_Austria_LEC_4.0,55,7.0,28.661971830985916,3.5,1.0352056333520405,2.0,HARD,32.05424836601307,68.947,0.12700000000000955
Austria,2023,LEC,2023_Austria_LEC_4.0,56,8.0,27.183098591549296,3.5,1.035524242862951,2.0,HARD,32.05424836601307,69.074,0.2540000000000049
Austria,2023,LEC,2023_Austria_LEC_4.0,57,9.0,25.704225352112676,3.5,1.0358400201207187,2.0,HARD,32.05424836601307,69.347,0.527000000000001
Austria,2023,LEC,2023_Austria_LEC_4.0,58,10.0,24.225352112676056,3.5,1.0361530393400213,2.0,HARD,32.05424836601307,69.222,0.402000000000001
Austria,2023,LEC,2023_Austria_LEC_4.0,59,11.0,22.746478873239436,3.5,1.0364633715499367,2.0,HARD,32.05424836601307,69.182,0.362000000000009
Austria,2023,LEC,2023_Austria_LEC_4.0,60,12.0,21.267605633802816,3.5,1.0367710847821536,2.0,HARD,32.05424836601307,68.957,0.13700000000000045
Austria,2023,LEC,2023_Austria_LEC_4.0,61,13.0,19.7887323943662,3.5,1.037076244245122,2.0,HARD,32.05424836601307,69.061,0.24100000000001387
Austria,2023,LEC,2023_Austria_LEC_4.0,62,14.0,18.309859154929576,3.5,1.0373789124854047,2.0,HARD,32.05424836601307,69.375,0.5550000000000068
Austria,2023,LEC,2023_Austria_LEC_4.0,63,15.0,16.83098591549296,3.5,1.0376791495373656,2.0,HARD,32.05424836601307,69.02,0.20000000000000284
Austria,2023,LEC,2023_Austria_LEC_4.0,64,16.0,15.352112676056338,3.5,1.0379770130622032,2.0,HARD,32.05424836601307,69.086,0.26600000000000534
Austria,2023,LEC,2023_Austria_LEC_4.0,65,17.0,13.873239436619718,3.5,1.038272558477248,2.0,HARD,32.05424836601307,69.335,0.5150000000000006
Austria,2023,LEC,2023_Austria_LEC_4.0,66,18.0,12.3943661971831,3.5,1.0385658390763377,2.0,HARD,32.05424836601307,69.271,0.4510000000000076
Austria,2023,LEC,2023_Austria_LEC_4.0,67,19.0,10.91549295774648,3.5,1.0388569061420179,2.0,HARD,32.05424836601307,69.116,0.2960000000000065
Austria,2023,LEC,2023_Austria_LEC_4.0,68,20.0,9.43661971830986,3.5,1.0391458090502315,2.0,HARD,32.05424836601307,68.972,0.15200000000000102
Austria,2023,LEC,2023_Austria_LEC_4.0,69,21.0,7.95774647887324,3.5,1.0394325953681063,2.0,HARD,32.05424836601307,69.096,0.27600000000001046
Austria,2023,LEC,2023_Austria_LEC_4.0,70,22.0,6.47887323943662,3.5,1.039717310945385,2.0,HARD,32.05424836601307,69.365,0.5450000000000017
Austria,2023,LEC,2023_Austria_LEC_4.0,71,23.0,5.0,3.5,1.04,2.0,HARD,32.05424836601307,69.99,1.1700000000000017
Austria,2023,MAG,2023_Austria_MAG_3.0,4,1.0,104.08450704225352,3.5,1.0094942532655509,2.0,HARD,32.05424836601307,73.795,1.7310000000000088
Austria,2023,MAG,2023_Austria_MAG_3.0,5,2.0,102.6056338028169,3.5,1.0106148978486855,2.0,HARD,32.05424836601307,72.397,0.3330000000000126
Austria,2023,MAG,2023_Austria_MAG_3.0,6,3.0,101.12676056338029,3.5,1.0116280379946763,2.0,HARD,32.05424836601307,72.064,0.0
Austria,2023,MAG,2023_Austria_MAG_3.0,7,4.0,99.64788732394366,3.5,1.0125597165124551,2.0,HARD,32.05424836601307,71.698,-0.36599999999999966
Austria,2023,MAG,2023_Austria_MAG_3.0,8,5.0,98.16901408450704,3.5,1.013426901732747,2.0,HARD,32.05424836601307,71.766,-0.2979999999999876
Austria,2023,MAG,2023_Austria_MAG_3.0,9,6.0,96.69014084507043,3.5,1.0142413798983263,2.0,HARD,32.05424836601307,71.572,-0.4919999999999902
Austria,2023,MAG,2023_Austria_MAG_3.0,10,7.0,95.21126760563381,3.5,1.015011732500816,2.0,HARD,32.05424836601307,71.812,-0.25199999999999534
Austria,2023,MAG,2023_Austria_MAG_3.0,11,8.0,93.73239436619718,3.5,1.0157444378732192,2.0,HARD,32.05424836601307,71.955,-0.10899999999999466
Austria,2023,MAG,2023_Austria_MAG_3.0,12,9.0,92.25352112676056,3.5,1.0164445290358608,2.0,HARD,32.05424836601307,72.223,0.15900000000000603
Austria,2023,MAG,2023_Austria_MAG_3.0,16,10.0,86.33802816901408,3.5,1.0189885065311017,2.0,HARD,32.05424836601307,72.276,0.2120000000000033
Austria,2023,MAG,2023_Austria_MAG_3.0,17,11.0,84.85915492957747,3.5,1.0195729045251156,2.0,HARD,32.05424836601307,72.34,0.27600000000001046
Austria,2023,MAG,2023_Austria_MAG_3.0,18,12.0,83.38028169014085,3.5,1.0201403525991206,2.0,HARD,32.05424836601307,72.474,0.4100000000000108
Austria,2023,MAG,2023_Austria_MAG_3.0,19,13.0,81.90140845070422,3.5,1.0206922452644585,2.0,HARD,32.05424836601307,71.353,-0.7109999999999985
Austria,2023,MAG,2023_Austria_MAG_3.0,20,14.0,80.4225352112676,3.5,1.021229795697371,2.0,HARD,32.05424836601307,73.006,0.9420000000000073
Austria,2023,MAG,2023_Austria_MAG_3.0,21,15.0,78.94366197183099,3.5,1.0217540671282341,2.0,HARD,32.05424836601307,72.555,0.49100000000001387
Austria,2023,MAG,2023_Austria_MAG_3.0,22,16.0,77.46478873239437,3.5,1.0222659975722472,2.0,HARD,32.05424836601307,73.339,1.2750000000000057
Austria,2023,MAG,2023_Austria_MAG_3.0,23,17.0,75.98591549295774,3.5,1.0227664195506216,2.0,HARD,32.05424836601307,72.395,0.33100000000000307
Austria,2023,MAG,2023_Austria_MAG_3.0,24,18.0,74.50704225352113,3.5,1.0232560759893525,2.0,HARD,32.05424836601307,71.855,-0.20899999999998897
Austria,2023,MAG,2023_Austria_MAG_3.0,25,19.0,73.02816901408451,3.5,1.0237356331638772,2.0,HARD,32.05424836601307,73.001,0.9370000000000118
Austria,2023,MAG,2023_Austria_MAG_3.0,26,20.0,71.54929577464789,3.5,1.0242056913340178,2.0,HARD,32.05424836601307,71.905,-0.15899999999999181
Austria,2023,MAG,2023_Austria_MAG_3.0,27,21.0,70.07042253521126,3.5,1.0246667935537912,2.0,HARD,32.05424836601307,72.987,0.9230000000000018
Austria,2023,MAG,2023_Austria_MAG_3.0,28,22.0,68.59154929577466,3.5,1.0251194330249103,2.0,HARD,32.05424836601307,72.254,0.19000000000001194
Austria,2023,MAG,2023_Austria_MAG_3.0,29,23.0,67.11267605633803,3.5,1.025564059277833,2.0,HARD,32.05424836601307,72.188,0.12400000000000944
Austria,2023,MAG,2023_Austria_MAG_3.0,30,24.0,65.63380281690141,3.5,1.0260010834010465,2.0,HARD,32.05424836601307,72.157,0.09300000000000352
Austria,2023,MAG,2023_Austria_MAG_3.0,31,25.0,64.1549295774648,3.5,1.0264308824918082,2.0,HARD,32.05424836601307,72.17,0.10600000000000875
Austria,2023,MAG,2023_Austria_MAG_3.0,32,26.0,62.67605633802817,3.5,1.0268538034654942,2.0,HARD,32.05424836601307,72.081,0.017000000000010118
Austria,2023,MAG,2023_Austria_MAG_3.0,33,27.0,61.19718309859155,3.5,1.0272701663330275,2.0,HARD,32.05424836601307,72.175,0.1110000000000042
Austria,2023,MAG,2023_Austria_MAG_4.0,36,1.0,56.76056338028169,3.5,1.0284827597966524,2.0,HARD,32.05424836601307,70.367,0.1910000000000025
Austria,2023,MAG,2023_Austria_MAG_4.0,37,2.0,55.28169014084507,3.5,1.028875644008427,2.0,HARD,32.05424836601307,70.176,0.0
Austria,2023,MAG,2023_Austria_MAG_4.0,38,3.0,53.80281690140845,3.5,1.0292632538889477,2.0,HARD,32.05424836601307,71.246,1.0699999999999932
Austria,2023,MAG,2023_Austria_MAG_4.0,39,4.0,52.32394366197183,3.5,1.0296457963198262,2.0,HARD,32.05424836601307,70.24,0.06399999999999295
Austria,2023,MAG,2023_Austria_MAG_4.0,40,5.0,50.845070422535215,3.5,1.030023465001632,2.0,HARD,32.05424836601307,70.326,0.14999999999999147
Austria,2023,MAG,2023_Austria_MAG_4.0,41,6.0,49.36619718309859,3.5,1.0303964416004872,2.0,HARD,32.05424836601307,70.569,0.3930000000000007
Austria,2023,MAG,2023_Austria_MAG_4.0,42,7.0,47.887323943661976,3.5,1.0307648967695235,2.0,HARD,32.05424836601307,70.416,0.23999999999999488
Austria,2023,MAG,2023_Austria_MAG_4.0,43,8.0,46.40845070422535,3.5,1.0311289910615016,2.0,HARD,32.05424836601307,70.631,0.4549999999999983
Austria,2023,MAG,2023_Austria_MAG_4.0,44,9.0,44.929577464788736,3.5,1.0314888757464387,2.0,HARD,32.05424836601307,70.68,0.5040000000000049
Austria,2023,MAG,2023_Austria_MAG_4.0,45,10.0,43.45070422535211,3.5,1.0318446935460566,2.0,HARD,32.05424836601307,70.703,0.527000000000001
Austria,2023,MAG,2023_Austria_MAG_4.0,46,11.0,41.971830985915496,3.5,1.0321965792951653,2.0,HARD,32.05424836601307,70.453,0.277000000000001
Austria,2023,MAG,2023_Austria_MAG_4.0,47,12.0,40.49295774647887,3.5,1.032544660538673,2.0,HARD,32.05424836601307,72.041,1.8649999999999949
Austria,2023,MAG,2023_Austria_MAG_4.0,48,13.0,39.014084507042256,3.5,1.0328890580717216,2.0,HARD,32.05424836601307,70.395,0.2189999999999941
Austria,2023,MAG,2023_Austria_MAG_4.0,49,14.0,37.53521126760563,3.5,1.0332298864294278,2.0,HARD,32.05424836601307,70.69,0.5139999999999958
Austria,2023,MAG,2023_Austria_MAG_4.0,50,15.0,36.056338028169016,3.5,1.0335672543318675,2.0,HARD,32.05424836601307,70.625,0.44899999999999807
Austria,2023,MAG,2023_Austria_MAG_4.0,51,16.0,34.5774647887324,3.5,1.0339012650891952,2.0,HARD,32.05424836601307,70.685,0.5090000000000003
Austria,2023,MAG,2023_Austria_MAG_4.0,52,17.0,33.098591549295776,3.5,1.034232016971185,2.0,HARD,32.05424836601307,71.977,1.801000000000002
Austria,2023,MAG,2023_Austria_MAG_4.0,53,18.0,31.619718309859156,3.5,1.0345596035449351,2.0,HARD,32.05424836601307,70.528,0.35200000000000387
Austria,2023,MAG,2023_Austria_MAG_4.0,54,19.0,30.140845070422536,3.5,1.0348841139840286,2.0,HARD,32.05424836601307,70.523,0.3469999999999942
Austria,2023,MAG,2023_Austria_MAG_4.0,55,20.0,28.661971830985916,3.5,1.0352056333520405,2.0,HARD,32.05424836601307,70.859,0.6829999999999927
Austria,2023,MAG,2023_Austria_MAG_4.0,56,21.0,27.183098591549296,3.5,1.035524242862951,2.0,HARD,32.05424836601307,70.861,0.6850000000000023
Austria,2023,MAG,2023_Austria_MAG_4.0,57,22.0,25.704225352112676,3.5,1.0358400201207187,2.0,HARD,32.05424836601307,74.147,3.9710000000000036
Austria,2023,MAG,2023_Austria_MAG_4.0,58,23.0,24.225352112676056,3.5,1.0361530393400213,2.0,HARD,32.05424836601307,71.062,0.8859999999999957
Austria,2023,MAG,2023_Austria_MAG_4.0,59,24.0,22.746478873239436,3.5,1.0364633715499367,2.0,HARD,32.05424836601307,71.193,1.016999999999996
Austria,2023,MAG,2023_Austria_MAG_4.0,60,25.0,21.267605633802816,3.5,1.0367710847821536,2.0,HARD,32.05424836601307,70.816,0.6400000000000006
Austria,2023,MAG,2023_Austria_MAG_4.0,61,26.0,19.7887323943662,3.5,1.037076244245122,2.0,HARD,32.05424836601307,71.08,0.9039999999999964
Austria,2023,MAG,2023_Austria_MAG_4.0,62,27.0,18.309859154929576,3.5,1.0373789124854047,2.0,HARD,32.05424836601307,71.48,1.304000000000002
Austria,2023,MAG,2023_Austria_MAG_4.0,63,28.0,16.83098591549296,3.5,1.0376791495373656,2.0,HARD,32.05424836601307,72.365,2.188999999999993
Austria,2023,MAG,2023_Austria_MAG_4.0,64,29.0,15.352112676056338,3.5,1.0379770130622032,2.0,HARD,32.05424836601307,71.507,1.331000000000003
Austria,2023,MAG,2023_Austria_MAG_4.0,65,30.0,13.873239436619718,3.5,1.038272558477248,2.0,HARD,32.05424836601307,72.444,2.2680000000000007
Austria,2023,MAG,2023_Austria_MAG_4.0,66,31.0,12.3943661971831,3.5,1.0385658390763377,2.0,HARD,32.05424836601307,73.027,2.850999999999999
Austria,2023,MAG,2023_Austria_MAG_4.0,67,32.0,10.91549295774648,3.5,1.0388569061420179,2.0,HARD,32.05424836601307,71.413,1.2369999999999948
Austria,2023,MAG,2023_Austria_MAG_4.0,68,33.0,9.43661971830986,3.5,1.0391458090502315,2.0,HARD,32.05424836601307,72.452,2.2759999999999962
Austria,2023,MAG,2023_Austria_MAG_4.0,69,34.0,7.95774647887324,3.5,1.0394325953681063,2.0,HARD,32.05424836601307,72.818,2.641999999999996
Austria,2023,MAG,2023_Austria_MAG_4.0,70,35.0,6.47887323943662,3.5,1.039717310945385,2.0,HARD,32.05424836601307,71.516,1.3400000000000034
Austria,2023,NOR,2023_Austria_NOR_2.0,4,1.0,104.08450704225352,3.5,1.0094942532655509,1.0,MEDIUM,32.05424836601307,71.429,0.7609999999999957
Austria,2023,NOR,2023_Austria_NOR_2.0,5,2.0,102.6056338028169,3.5,1.0106148978486855,1.0,MEDIUM,32.05424836601307,70.913,0.24499999999999034
Austria,2023,NOR,2023_Austria_NOR_2.0,6,3.0,101.12676056338029,3.5,1.0116280379946763,1.0,MEDIUM,32.05424836601307,70.668,0.0
Austria,2023,NOR,2023_Austria_NOR_2.0,7,4.0,99.64788732394366,3.5,1.0125597165124551,1.0,MEDIUM,32.05424836601307,70.641,-0.027000000000001023
Austria,2023,NOR,2023_Austria_NOR_2.0,8,5.0,98.16901408450704,3.5,1.013426901732747,1.0,MEDIUM,32.05424836601307,70.488,-0.18000000000000682
Austria,2023,NOR,2023_Austria_NOR_2.0,9,6.0,96.69014084507043,3.5,1.0142413798983263,1.0,MEDIUM,32.05424836601307,70.693,0.024999999999991473
Austria,2023,NOR,2023_Austria_NOR_2.0,10,7.0,95.21126760563381,3.5,1.015011732500816,1.0,MEDIUM,32.05424836601307,70.692,0.0239999999999867
Austria,2023,NOR,2023_Austria_NOR_2.0,11,8.0,93.73239436619718,3.5,1.0157444378732192,1.0,MEDIUM,32.05424836601307,70.974,0.3059999999999974
Austria,2023,NOR,2023_Austria_NOR_2.0,12,9.0,92.25352112676056,3.5,1.0164445290358608,1.0,MEDIUM,32.05424836601307,70.731,0.06299999999998818
Austria,2023,NOR,2023_Austria_NOR_3.0,17,1.0,84.85915492957747,3.5,1.0195729045251156,2.0,HARD,32.05424836601307,70.956,0.76400000000001
Austria,2023,NOR,2023_Austria_NOR_3.0,18,2.0,83.38028169014085,3.5,1.0201403525991206,2.0,HARD,32.05424836601307,70.192,0.0
Austria,2023,NOR,2023_Austria_NOR_3.0,19,3.0,81.90140845070422,3.5,1.0206922452644585,2.0,HARD,32.05424836601307,70.273,0.08100000000000307
Austria,2023,NOR,2023_Austria_NOR_3.0,20,4.0,80.4225352112676,3.5,1.021229795697371,2.0,HARD,32.05424836601307,70.193,0.0010000000000047748
Austria,2023,NOR,2023_Austria_NOR_3.0,21,5.0,78.94366197183099,3.5,1.0217540671282341,2.0,HARD,32.05424836601307,69.937,-0.25499999999999545
Austria,2023,NOR,2023_Austria_NOR_3.0,22,6.0,77.46478873239437,3.5,1.0222659975722472,2.0,HARD,32.05424836601307,70.515,0.3230000000000075
Austria,2023,NOR,2023_Austria_NOR_3.0,23,7.0,75.98591549295774,3.5,1.0227664195506216,2.0,HARD,32.05424836601307,70.481,0.2890000000000015
Austria,2023,NOR,2023_Austria_NOR_3.0,24,8.0,74.50704225352113,3.5,1.0232560759893525,2.0,HARD,32.05424836601307,70.532,0.3400000000000034
Austria,2023,NOR,2023_Austria_NOR_3.0,25,9.0,73.02816901408451,3.5,1.0237356331638772,2.0,HARD,32.05424836601307,70.369,0.1770000000000067
Austria,2023,NOR,2023_Austria_NOR_3.0,26,10.0,71.54929577464789,3.5,1.0242056913340178,2.0,HARD,32.05424836601307,70.244,0.05200000000000671
Austria,2023,NOR,2023_Austria_NOR_3.0,27,11.0,70.07042253521126,3.5,1.0246667935537912,2.0,HARD,32.05424836601307,70.302,0.11000000000001364
Austria,2023,NOR,2023_Austria_NOR_3.0,28,12.0,68.59154929577466,3.5,1.0251194330249103,2.0,HARD,32.05424836601307,69.947,-0.24499999999999034
Austria,2023,NOR,2023_Austria_NOR_3.0,29,13.0,67.11267605633803,3.5,1.025564059277833,2.0,HARD,32.05424836601307,70.826,0.6340000000000003
Austria,2023,NOR,2023_Austria_NOR_3.0,30,14.0,65.63380281690141,3.5,1.0260010834010465,2.0,HARD,32.05424836601307,70.478,0.28600000000000136
Austria,2023,NOR,2023_Austria_NOR_3.0,31,15.0,64.1549295774648,3.5,1.0264308824918082,2.0,HARD,32.05424836601307,70.494,0.3020000000000067
Austria,2023,NOR,2023_Austria_NOR_3.0,32,16.0,62.67605633802817,3.5,1.0268538034654942,2.0,HARD,32.05424836601307,70.563,0.3710000000000093
Austria,2023,NOR,2023_Austria_NOR_3.0,33,17.0,61.19718309859155,3.5,1.0272701663330275,2.0,HARD,32.05424836601307,70.462,0.27000000000001023
Austria,2023,NOR,2023_Austria_NOR_3.0,34,18.0,59.71830985915493,3.5,1.0276802670344525,2.0,HARD,32.05424836601307,70.252,0.060000000000002274
Austria,2023,NOR,2023_Austria_NOR_3.0,35,19.0,58.23943661971831,3.5,1.0280843798999764,2.0,HARD,32.05424836601307,70.468,0.27600000000001046
Austria,2023,NOR,2023_Austria_NOR_3.0,36,20.0,56.76056338028169,3.5,1.0284827597966524,2.0,HARD,32.05424836601307,70.815,0.6230000000000047
Austria,2023,NOR,2023_Austria_NOR_3.0,37,21.0,55.28169014084507,3.5,1.028875644008427,2.0,HARD,32.05424836601307,70.73,0.5380000000000109
Austria,2023,NOR,2023_Austria_NOR_3.0,38,22.0,53.80281690140845,3.5,1.0292632538889477,2.0,HARD,32.05424836601307,70.696,0.5040000000000049
Austria,2023,NOR,2023_Austria_NOR_3.0,39,23.0,52.32394366197183,3.5,1.0296457963198262,2.0,HARD,32.05424836601307,71.175,0.9830000000000041
Austria,2023,NOR,2023_Austria_NOR_3.0,40,24.0,50.845070422535215,3.5,1.030023465001632,2.0,HARD,32.05424836601307,71.559,1.3670000000000044
Austria,2023,NOR,2023_Austria_NOR_4.0,43,1.0,46.40845070422535,3.5,1.0311289910615016,2.0,HARD,32.05424836601307,69.259,0.2120000000000033
Austria,2023,NOR,2023_Austria_NOR_4.0,44,2.0,44.929577464788736,3.5,1.0314888757464387,2.0,HARD,32.05424836601307,69.164,0.11700000000000443
Austria,2023,NOR,2023_Austria_NOR_4.0,45,3.0,43.45070422535211,3.5,1.0318446935460566,2.0,HARD,32.05424836601307,69.047,0.0
Austria,2023,NOR,2023_Austria_NOR_4.0,46,4.0,41.971830985915496,3.5,1.0321965792951653,2.0,HARD,32.05424836601307,69.873,0.8260000000000076
Austria,2023,NOR,2023_Austria_NOR_4.0,47,5.0,40.49295774647887,3.5,1.032544660538673,2.0,HARD,32.05424836601307,69.453,0.4060000000000059
Austria,2023,NOR,2023_Austria_NOR_4.0,48,6.0,39.014084507042256,3.5,1.0328890580717216,2.0,HARD,32.05424836601307,68.739,-0.3079999999999927
Austria,2023,NOR,2023_Austria_NOR_4.0,49,7.0,37.53521126760563,3.5,1.0332298864294278,2.0,HARD,32.05424836601307,69.068,0.021000000000000796
Austria,2023,NOR,2023_Austria_NOR_4.0,50,8.0,36.056338028169016,3.5,1.0335672543318675,2.0,HARD,32.05424836601307,68.972,-0.07500000000000284
Austria,2023,NOR,2023_Austria_NOR_4.0,51,9.0,34.5774647887324,3.5,1.0339012650891952,2.0,HARD,32.05424836601307,68.959,-0.08799999999999386
Austria,2023,NOR,2023_Austria_NOR_4.0,52,10.0,33.098591549295776,3.5,1.034232016971185,2.0,HARD,32.05424836601307,69.152,0.10500000000000398
Austria,2023,NOR,2023_Austria_NOR_4.0,53,11.0,31.619718309859156,3.5,1.0345596035449351,2.0,HARD,32.05424836601307,69.116,0.06900000000000261
Austria,2023,NOR,2023_Austria_NOR_4.0,54,12.0,30.140845070422536,3.5,1.0348841139840286,2.0,HARD,32.05424836601307,69.299,0.25200000000000955
Austria,2023,NOR,2023_Austria_NOR_4.0,55,13.0,28.661971830985916,3.5,1.0352056333520405,2.0,HARD,32.05424836601307,69.211,0.16400000000000148
Austria,2023,NOR,2023_Austria_NOR_4.0,56,14.0,27.183098591549296,3.5,1.035524242862951,2.0,HARD,32.05424836601307,70.208,1.1610000000000014
Austria,2023,NOR,2023_Austria_NOR_4.0,57,15.0,25.704225352112676,3.5,1.0358400201207187,2.0,HARD,32.05424836601307,69.84,0.7930000000000064
Austria,2023,NOR,2023_Austria_NOR_4.0,58,16.0,24.225352112676056,3.5,1.0361530393400213,2.0,HARD,32.05424836601307,70.11,1.0630000000000024
Austria,2023,NOR,2023_Austria_NOR_4.0,59,17.0,22.746478873239436,3.5,1.0364633715499367,2.0,HARD,32.05424836601307,70.029,0.9819999999999993
Austria,2023,NOR,2023_Austria_NOR_4.0,60,18.0,21.267605633802816,3.5,1.0367710847821536,2.0,HARD,32.05424836601307,69.941,0.8940000000000055
Austria,2023,NOR,2023_Austria_NOR_4.0,61,19.0,19.7887323943662,3.5,1.037076244245122,2.0,HARD,32.05424836601307,69.98,0.9330000000000069
Austria,2023,NOR,2023_Austria_NOR_4.0,62,20.0,18.309859154929576,3.5,1.0373789124854047,2.0,HARD,32.05424836601307,69.852,0.8050000000000068
Austria,2023,NOR,2023_Austria_NOR_4.0,63,21.0,16.83098591549296,3.5,1.0376791495373656,2.0,HARD,32.05424836601307,69.768,0.7210000000000036
Austria,2023,NOR,2023_Austria_NOR_4.0,64,22.0,15.352112676056338,3.5,1.0379770130622032,2.0,HARD,32.05424836601307,69.658,0.6110000000000042
Austria,2023,NOR,2023_Austria_NOR_4.0,65,23.0,13.873239436619718,3.5,1.038272558477248,2.0,HARD,32.05424836601307,69.87,0.8230000000000075
Austria,2023,NOR,2023_Austria_NOR_4.0,66,24.0,12.3943661971831,3.5,1.0385658390763377,2.0,HARD,32.05424836601307,69.971,0.9240000000000066
Austria,2023,NOR,2023_Austria_NOR_4.0,67,25.0,10.91549295774648,3.5,1.0388569061420179,2.0,HARD,32.05424836601307,70.214,1.1670000000000016
Austria,2023,NOR,2023_Austria_NOR_4.0,68,26.0,9.43661971830986,3.5,1.0391458090502315,2.0,HARD,32.05424836601307,69.983,0.936000000000007
Austria,2023,NOR,2023_Austria_NOR_4.0,69,27.0,7.95774647887324,3.5,1.0394325953681063,2.0,HARD,32.05424836601307,69.958,0.9110000000000014
Austria,2023,NOR,2023_Austria_NOR_4.0,70,28.0,6.47887323943662,3.5,1.039717310945385,2.0,HARD,32.05424836601307,69.649,0.6020000000000039
Austria,2023,NOR,2023_Austria_NOR_4.0,71,29.0,5.0,3.5,1.04,2.0,HARD,32.05424836601307,69.877,0.8299999999999983
Austria,2023,OCO,2023_Austria_OCO_2.0,4,1.0,104.08450704225352,3.5,1.0094942532655509,1.0,MEDIUM,32.05424836601307,72.399,0.929000000000002
Austria,2023,OCO,2023_Austria_OCO_2.0,5,2.0,102.6056338028169,3.5,1.0106148978486855,1.0,MEDIUM,32.05424836601307,72.637,1.1670000000000016
Austria,2023,OCO,2023_Austria_OCO_2.0,6,3.0,101.12676056338029,3.5,1.0116280379946763,1.0,MEDIUM,32.05424836601307,71.47,0.0
Austria,2023,OCO,2023_Austria_OCO_2.0,7,4.0,99.64788732394366,3.5,1.0125597165124551,1.0,MEDIUM,32.05424836601307,71.097,-0.37300000000000466
Austria,2023,OCO,2023_Austria_OCO_2.0,8,5.0,98.16901408450704,3.5,1.013426901732747,1.0,MEDIUM,32.05424836601307,71.441,-0.028999999999996362
Austria,2023,OCO,2023_Austria_OCO_2.0,9,6.0,96.69014084507043,3.5,1.0142413798983263,1.0,MEDIUM,32.05424836601307,71.456,-0.013999999999995794
Austria,2023,OCO,2023_Austria_OCO_2.0,10,7.0,95.21126760563381,3.5,1.015011732500816,1.0,MEDIUM,32.05424836601307,71.654,0.1839999999999975
Austria,2023,OCO,2023_Austria_OCO_2.0,11,8.0,93.73239436619718,3.5,1.0157444378732192,1.0,MEDIUM,32.05424836601307,71.621,0.15099999999999625
Austria,2023,OCO,2023_Austria_OCO_2.0,12,9.0,92.25352112676056,3.5,1.0164445290358608,1.0,MEDIUM,32.05424836601307,71.542,0.07200000000000273
Austria,2023,OCO,2023_Austria_OCO_3.0,16,1.0,86.33802816901408,3.5,1.0189885065311017,2.0,HARD,32.05424836601307,70.789,0.0
Austria,2023,OCO,2023_Austria_OCO_3.0,17,2.0,84.85915492957747,3.5,1.0195729045251156,2.0,HARD,32.05424836601307,71.507,0.7180000000000035
Austria,2023,OCO,2023_Austria_OCO_3.0,18,3.0,83.38028169014085,3.5,1.0201403525991206,2.0,HARD,32.05424836601307,71.263,0.47400000000000375
Austria,2023,OCO,2023_Austria_OCO_3.0,19,4.0,81.90140845070422,3.5,1.0206922452644585,2.0,HARD,32.05424836601307,71.469,0.6799999999999926
Austria,2023,OCO,2023_Austria_OCO_3.0,20,5.0,80.4225352112676,3.5,1.021229795697371,2.0,HARD,32.05424836601307,71.399,0.6099999999999994
Austria,2023,OCO,2023_Austria_OCO_3.0,21,6.0,78.94366197183099,3.5,1.0217540671282341,2.0,HARD,32.05424836601307,71.318,0.5289999999999964
Austria,2023,OCO,2023_Austria_OCO_3.0,22,7.0,77.46478873239437,3.5,1.0222659975722472,2.0,HARD,32.05424836601307,70.919,0.12999999999999545
Austria,2023,OCO,2023_Austria_OCO_3.0,23,8.0,75.98591549295774,3.5,1.0227664195506216,2.0,HARD,32.05424836601307,71.129,0.3400000000000034
Austria,2023,OCO,2023_Austria_OCO_3.0,24,9.0,74.50704225352113,3.5,1.0232560759893525,2.0,HARD,32.05424836601307,71.02,0.23099999999999454
Austria,2023,OCO,2023_Austria_OCO_3.0,25,10.0,73.02816901408451,3.5,1.0237356331638772,2.0,HARD,32.05424836601307,70.796,0.007000000000005002
Austria,2023,OCO,2023_Austria_OCO_3.0,26,11.0,71.54929577464789,3.5,1.0242056913340178,2.0,HARD,32.05424836601307,71.272,0.4830000000000041
Austria,2023,OCO,2023_Austria_OCO_3.0,27,12.0,70.07042253521126,3.5,1.0246667935537912,2.0,HARD,32.05424836601307,70.937,0.14799999999999613
Austria,2023,OCO,2023_Austria_OCO_3.0,28,13.0,68.59154929577466,3.5,1.0251194330249103,2.0,HARD,32.05424836601307,70.877,0.08799999999999386
Austria,2023,OCO,2023_Austria_OCO_3.0,29,14.0,67.11267605633803,3.5,1.025564059277833,2.0,HARD,32.05424836601307,71.006,0.21699999999999875
Austria,2023,OCO,2023_Austria_OCO_3.0,30,15.0,65.63380281690141,3.5,1.0260010834010465,2.0,HARD,32.05424836601307,71.239,0.45000000000000284
Austria,2023,OCO,2023_Austria_OCO_3.0,31,16.0,64.1549295774648,3.5,1.0264308824918082,2.0,HARD,32.05424836601307,71.009,0.21999999999999886
Austria,2023,OCO,2023_Austria_OCO_3.0,32,17.0,62.67605633802817,3.5,1.0268538034654942,2.0,HARD,32.05424836601307,71.322,0.5330000000000013
Austria,2023,OCO,2023_Austria_OCO_3.0,33,18.0,61.19718309859155,3.5,1.0272701663330275,2.0,HARD,32.05424836601307,70.978,0.18899999999999295
Austria,2023,OCO,2023_Austria_OCO_3.0,34,19.0,59.71830985915493,3.5,1.0276802670344525,2.0,HARD,32.05424836601307,71.167,0.3780000000000001
Austria,2023,OCO,2023_Austria_OCO_3.0,35,20.0,58.23943661971831,3.5,1.0280843798999764,2.0,HARD,32.05424836601307,70.973,0.1839999999999975
Austria,2023,OCO,2023_Austria_OCO_3.0,36,21.0,56.76056338028169,3.5,1.0284827597966524,2.0,HARD,32.05424836601307,71.036,0.2469999999999999
Austria,2023,OCO,2023_Austria_OCO_3.0,37,22.0,55.28169014084507,3.5,1.028875644008427,2.0,HARD,32.05424836601307,71.115,0.3259999999999934
Austria,2023,OCO,2023_Austria_OCO_3.0,38,23.0,53.80281690140845,3.5,1.0292632538889477,2.0,HARD,32.05424836601307,71.585,0.7959999999999923
Austria,2023,OCO,2023_Austria_OCO_3.0,39,24.0,52.32394366197183,3.5,1.0296457963198262,2.0,HARD,32.05424836601307,71.904,1.1149999999999949
Austria,2023,OCO,2023_Austria_OCO_4.0,42,1.0,47.887323943661976,3.5,1.0307648967695235,2.0,HARD,32.05424836601307,70.432,0.1869999999999976
Austria,2023,OCO,2023_Austria_OCO_4.0,43,2.0,46.40845070422535,3.5,1.0311289910615016,2.0,HARD,32.05424836601307,70.741,0.4959999999999951
Austria,2023,OCO,2023_Austria_OCO_4.0,44,3.0,44.929577464788736,3.5,1.0314888757464387,2.0,HARD,32.05424836601307,70.245,0.0
Austria,2023,OCO,2023_Austria_OCO_4.0,45,4.0,43.45070422535211,3.5,1.0318446935460566,2.0,HARD,32.05424836601307,70.541,0.29599999999999227
Austria,2023,OCO,2023_Austria_OCO_4.0,46,5.0,41.971830985915496,3.5,1.0321965792951653,2.0,HARD,32.05424836601307,70.451,0.20599999999998886
Austria,2023,OCO,2023_Austria_OCO_4.0,47,6.0,40.49295774647887,3.5,1.032544660538673,2.0,HARD,32.05424836601307,69.967,-0.2780000000000058
Austria,2023,OCO,2023_Austria_OCO_4.0,48,7.0,39.014084507042256,3.5,1.0328890580717216,2.0,HARD,32.05424836601307,69.982,-0.26300000000000523
Austria,2023,OCO,2023_Austria_OCO_4.0,49,8.0,37.53521126760563,3.5,1.0332298864294278,2.0,HARD,32.05424836601307,70.003,-0.24200000000000443
Austria,2023,OCO,2023_Austria_OCO_4.0,50,9.0,36.056338028169016,3.5,1.0335672543318675,2.0,HARD,32.05424836601307,69.797,-0.4480000000000075
Austria,2023,OCO,2023_Austria_OCO_4.0,51,10.0,34.5774647887324,3.5,1.0339012650891952,2.0,HARD,32.05424836601307,71.141,0.8960000000000008
Austria,2023,OCO,2023_Austria_OCO_4.0,52,11.0,33.098591549295776,3.5,1.034232016971185,2.0,HARD,32.05424836601307,69.947,-0.2980000000000018
Austria,2023,OCO,2023_Austria_OCO_4.0,53,12.0,31.619718309859156,3.5,1.0345596035449351,2.0,HARD,32.05424836601307,69.868,-0.37700000000000955
Austria,2023,OCO,2023_Austria_OCO_4.0,54,13.0,30.140845070422536,3.5,1.0348841139840286,2.0,HARD,32.05424836601307,69.849,-0.3960000000000008
Austria,2023,OCO,2023_Austria_OCO_4.0,55,14.0,28.661971830985916,3.5,1.0352056333520405,2.0,HARD,32.05424836601307,71.047,0.8019999999999925
Austria,2023,OCO,2023_Austria_OCO_4.0,56,15.0,27.183098591549296,3.5,1.035524242862951,2.0,HARD,32.05424836601307,70.035,-0.21000000000000796
Austria,2023,OCO,2023_Austria_OCO_4.0,57,16.0,25.704225352112676,3.5,1.0358400201207187,2.0,HARD,32.05424836601307,70.09,-0.15500000000000114
Austria,2023,OCO,2023_Austria_OCO_4.0,58,17.0,24.225352112676056,3.5,1.0361530393400213,2.0,HARD,32.05424836601307,69.972,-0.27300000000001035
Austria,2023,OCO,2023_Austria_OCO_4.0,59,18.0,22.746478873239436,3.5,1.0364633715499367,2.0,HARD,32.05424836601307,69.992,-0.2530000000000001
Austria,2023,OCO,2023_Austria_OCO_4.0,60,19.0,21.267605633802816,3.5,1.0367710847821536,2.0,HARD,32.05424836601307,69.981,-0.26400000000001
Austria,2023,OCO,2023_Austria_OCO_4.0,61,20.0,19.7887323943662,3.5,1.037076244245122,2.0,HARD,32.05424836601307,70.072,-0.17300000000000182
Austria,2023,OCO,2023_Austria_OCO_4.0,62,21.0,18.309859154929576,3.5,1.0373789124854047,2.0,HARD,32.05424836601307,70.151,-0.0940000000000083
Austria,2023,OCO,2023_Austria_OCO_4.0,63,22.0,16.83098591549296,3.5,1.0376791495373656,2.0,HARD,32.05424836601307,70.244,-0.0010000000000047748
Austria,2023,OCO,2023_Austria_OCO_4.0,64,23.0,15.352112676056338,3.5,1.0379770130622032,2.0,HARD,32.05424836601307,72.008,1.762999999999991
Austria,2023,OCO,2023_Austria_OCO_4.0,65,24.0,13.873239436619718,3.5,1.038272558477248,2.0,HARD,32.05424836601307,70.435,0.18999999999999773
Austria,2023,OCO,2023_Austria_OCO_4.0,66,25.0,12.3943661971831,3.5,1.0385658390763377,2.0,HARD,32.05424836601307,70.267,0.02199999999999136
Austria,2023,OCO,2023_Austria_OCO_4.0,67,26.0,10.91549295774648,3.5,1.0388569061420179,2.0,HARD,32.05424836601307,70.008,-0.23700000000000898
Austria,2023,OCO,2023_Austria_OCO_4.0,68,27.0,9.43661971830986,3.5,1.0391458090502315,2.0,HARD,32.05424836601307,70.357,0.11199999999999477
Austria,2023,OCO,2023_Austria_OCO_4.0,69,28.0,7.95774647887324,3.5,1.0394325953681063,2.0,HARD,32.05424836601307,70.26,0.015000000000000568
Austria,2023,OCO,2023_Austria_OCO_4.0,70,29.0,6.47887323943662,3.5,1.039717310945385,2.0,HARD,32.05424836601307,70.043,-0.20199999999999818
Austria,2023,PER,2023_Austria_PER_2.0,4,1.0,104.08450704225352,3.5,1.0094942532655509,1.0,MEDIUM,32.05424836601307,72.376,0.916000000000011
Austria,2023,PER,2023_Austria_PER_2.0,5,2.0,102.6056338028169,3.5,1.0106148978486855,1.0,MEDIUM,32.05424836601307,71.557,0.09700000000000841
Austria,2023,PER,2023_Austria_PER_2.0,6,3.0,101.12676056338029,3.5,1.0116280379946763,1.0,MEDIUM,32.05424836601307,71.46,0.0
Austria,2023,PER,2023_Austria_PER_2.0,7,4.0,99.64788732394366,3.5,1.0125597165124551,1.0,MEDIUM,32.05424836601307,71.169,-0.2909999999999968
Austria,2023,PER,2023_Austria_PER_2.0,8,5.0,98.16901408450704,3.5,1.013426901732747,1.0,MEDIUM,32.05424836601307,71.259,-0.2009999999999934
Austria,2023,PER,2023_Austria_PER_2.0,9,6.0,96.69014084507043,3.5,1.0142413798983263,1.0,MEDIUM,32.05424836601307,71.56,0.10000000000000853
Austria,2023,PER,2023_Austria_PER_2.0,10,7.0,95.21126760563381,3.5,1.015011732500816,1.0,MEDIUM,32.05424836601307,71.0,-0.45999999999999375
Austria,2023,PER,2023_Austria_PER_2.0,11,8.0,93.73239436619718,3.5,1.0157444378732192,1.0,MEDIUM,32.05424836601307,71.526,0.0660000000000025
Austria,2023,PER,2023_Austria_PER_2.0,12,9.0,92.25352112676056,3.5,1.0164445290358608,1.0,MEDIUM,32.05424836601307,70.283,-1.1769999999999925
Austria,2023,PER,2023_Austria_PER_2.0,17,10.0,84.85915492957747,3.5,1.0195729045251156,1.0,MEDIUM,32.05424836601307,70.289,-1.1709999999999923
Austria,2023,PER,2023_Austria_PER_2.0,18,11.0,83.38028169014085,3.5,1.0201403525991206,1.0,MEDIUM,32.05424836601307,70.399,-1.0609999999999928
Austria,2023,PER,2023_Austria_PER_2.0,19,12.0,81.90140845070422,3.5,1.0206922452644585,1.0,MEDIUM,32.05424836601307,70.205,-1.2549999999999955
Austria,2023,PER,2023_Austria_PER_2.0,20,13.0,80.4225352112676,3.5,1.021229795697371,1.0,MEDIUM,32.05424836601307,71.261,-0.19899999999999807
Austria,2023,PER,2023_Austria_PER_2.0,21,14.0,78.94366197183099,3.5,1.0217540671282341,1.0,MEDIUM,32.05424836601307,70.182,-1.2779999999999916
Austria,2023,PER,2023_Austria_PER_2.0,22,15.0,77.46478873239437,3.5,1.0222659975722472,1.0,MEDIUM,32.05424836601307,71.136,-0.32399999999999807
Austria,2023,PER,2023_Austria_PER_2.0,23,16.0,75.98591549295774,3.5,1.0227664195506216,1.0,MEDIUM,32.05424836601307,70.62,-0.8399999999999892
Austria,2023,PER,2023_Austria_PER_2.0,24,17.0,74.50704225352113,3.5,1.0232560759893525,1.0,MEDIUM,32.05424836601307,70.377,-1.0829999999999984
Austria,2023,PER,2023_Austria_PER_3.0,27,1.0,70.07042253521126,3.5,1.0246667935537912,1.0,MEDIUM,32.05424836601307,69.294,0.0
Austria,2023,PER,2023_Austria_PER_3.0,28,2.0,68.59154929577466,3.5,1.0251194330249103,1.0,MEDIUM,32.05424836601307,69.388,0.0940000000000083
Austria,2023,PER,2023_Austria_PER_3.0,29,3.0,67.11267605633803,3.5,1.025564059277833,1.0,MEDIUM,32.05424836601307,70.261,0.9669999999999987
Austria,2023,PER,2023_Austria_PER_3.0,30,4.0,65.63380281690141,3.5,1.0260010834010465,1.0,MEDIUM,32.05424836601307,69.783,0.4890000000000043
Austria,2023,PER,2023_Austria_PER_3.0,31,5.0,64.1549295774648,3.5,1.0264308824918082,1.0,MEDIUM,32.05424836601307,69.486,0.19200000000000728
Austria,2023,PER,2023_Austria_PER_3.0,32,6.0,62.67605633802817,3.5,1.0268538034654942,1.0,MEDIUM,32.05424836601307,69.601,0.30700000000000216
Austria,2023,PER,2023_Austria_PER_3.0,33,7.0,61.19718309859155,3.5,1.0272701663330275,1.0,MEDIUM,32.05424836601307,70.283,0.9890000000000043
Austria,2023,PER,2023_Austria_PER_3.0,34,8.0,59.71830985915493,3.5,1.0276802670344525,1.0,MEDIUM,32.05424836601307,69.433,0.13900000000001
Austria,2023,PER,2023_Austria_PER_3.0,35,9.0,58.23943661971831,3.5,1.0280843798999764,1.0,MEDIUM,32.05424836601307,69.456,0.16200000000000614
Austria,2023,PER,2023_Austria_PER_3.0,36,10.0,56.76056338028169,3.5,1.0284827597966524,1.0,MEDIUM,32.05424836601307,69.321,0.027000000000001023
Austria,2023,PER,2023_Austria_PER_3.0,37,11.0,55.28169014084507,3.5,1.028875644008427,1.0,MEDIUM,32.05424836601307,69.338,0.04399999999999693
Austria,2023,PER,2023_Austria_PER_3.0,38,12.0,53.80281690140845,3.5,1.0292632538889477,1.0,MEDIUM,32.05424836601307,69.258,-0.036000000000001364
Austria,2023,PER,2023_Austria_PER_3.0,39,13.0,52.32394366197183,3.5,1.0296457963198262,1.0,MEDIUM,32.05424836601307,69.547,0.2530000000000001
Austria,2023,PER,2023_Austria_PER_3.0,40,14.0,50.845070422535215,3.5,1.030023465001632,1.0,MEDIUM,32.05424836601307,69.337,0.043000000000006366
Austria,2023,PER,2023_Austria_PER_3.0,41,15.0,49.36619718309859,3.5,1.0303964416004872,1.0,MEDIUM,32.05424836601307,69.805,0.5110000000000099
Austria,2023,PER,2023_Austria_PER_3.0,42,16.0,47.887323943661976,3.5,1.0307648967695235,1.0,MEDIUM,32.05424836601307,69.79,0.4960000000000093
Austria,2023,PER,2023_Austria_PER_3.0,43,17.0,46.40845070422535,3.5,1.0311289910615016,1.0,MEDIUM,32.05424836601307,69.287,-0.006999999999990791
Austria,2023,PER,2023_Austria_PER_3.0,44,18.0,44.929577464788736,3.5,1.0314888757464387,1.0,MEDIUM,32.05424836601307,69.489,0.1950000000000074
Austria,2023,PER,2023_Austria_PER_3.0,45,19.0,43.45070422535211,3.5,1.0318446935460566,1.0,MEDIUM,32.05424836601307,69.271,-0.022999999999996135
Austria,2023,PER,2023_Austria_PER_3.0,46,20.0,41.971830985915496,3.5,1.0321965792951653,1.0,MEDIUM,32.05424836601307,69.288,-0.006000000000000227
Austria,2023,PER,2023_Austria_PER_3.0,47,21.0,40.49295774647887,3.5,1.032544660538673,1.0,MEDIUM,32.05424836601307,69.402,0.10800000000000409
Austria,2023,PER,2023_Austria_PER_3.0,48,22.0,39.014084507042256,3.5,1.0328890580717216,1.0,MEDIUM,32.05424836601307,69.771,0.47700000000000387
Austria,2023,PER,2023_Austria_PER_3.0,49,23.0,37.53521126760563,3.5,1.0332298864294278,1.0,MEDIUM,32.05424836601307,69.425,0.13100000000000023
Austria,2023,PER,2023_Austria_PER_4.0,52,1.0,33.098591549295776,3.5,1.034232016971185,2.0,HARD,32.05424836601307,68.111,0.0
Austria,2023,PER,2023_Austria_PER_4.0,53,2.0,31.619718309859156,3.5,1.0345596035449351,2.0,HARD,32.05424836601307,68.726,0.6149999999999949
Austria,2023,PER,2023_Austria_PER_4.0,54,3.0,30.140845070422536,3.5,1.0348841139840286,2.0,HARD,32.05424836601307,68.525,0.4140000000000015
Austria,2023,PER,2023_Austria_PER_4.0,55,4.0,28.661971830985916,3.5,1.0352056333520405,2.0,HARD,32.05424836601307,68.604,0.492999999999995
Austria,2023,PER,2023_Austria_PER_4.0,56,5.0,27.183098591549296,3.5,1.035524242862951,2.0,HARD,32.05424836601307,68.324,0.21299999999999386
Austria,2023,PER,2023_Austria_PER_4.0,57,6.0,25.704225352112676,3.5,1.0358400201207187,2.0,HARD,32.05424836601307,69.674,1.5630000000000024
Austria,2023,PER,2023_Austria_PER_4.0,58,7.0,24.225352112676056,3.5,1.0361530393400213,2.0,HARD,32.05424836601307,69.537,1.426000000000002
Austria,2023,PER,2023_Austria_PER_4.0,59,8.0,22.746478873239436,3.5,1.0364633715499367,2.0,HARD,32.05424836601307,70.33,2.218999999999994
Austria,2023,PER,2023_Austria_PER_4.0,60,9.0,21.267605633802816,3.5,1.0367710847821536,2.0,HARD,32.05424836601307,70.095,1.9839999999999947
Austria,2023,PER,2023_Austria_PER_4.0,61,10.0,19.7887323943662,3.5,1.037076244245122,2.0,HARD,32.05424836601307,69.188,1.0769999999999982
Austria,2023,PER,2023_Austria_PER_4.0,62,11.0,18.309859154929576,3.5,1.0373789124854047,2.0,HARD,32.05424836601307,68.887,0.7759999999999962
Austria,2023,PER,2023_Austria_PER_4.0,63,12.0,16.83098591549296,3.5,1.0376791495373656,2.0,HARD,32.05424836601307,69.104,0.992999999999995
Austria,2023,PER,2023_Austria_PER_4.0,64,13.0,15.352112676056338,3.5,1.0379770130622032,2.0,HARD,32.05424836601307,69.114,1.0030000000000001
Austria,2023,PER,2023_Austria_PER_4.0,65,14.0,13.873239436619718,3.5,1.038272558477248,2.0,HARD,32.05424836601307,69.077,0.965999999999994
Austria,2023,PER,2023_Austria_PER_4.0,66,15.0,12.3943661971831,3.5,1.0385658390763377,2.0,HARD,32.05424836601307,69.19,1.0789999999999935
Austria,2023,PER,2023_Austria_PER_4.0,67,16.0,10.91549295774648,3.5,1.0388569061420179,2.0,HARD,32.05424836601307,69.58,1.468999999999994
Austria,2023,PER,2023_Austria_PER_4.0,68,17.0,9.43661971830986,3.5,1.0391458090502315,2.0,HARD,32.05424836601307,69.137,1.0259999999999962
Austria,2023,PER,2023_Austria_PER_4.0,69,18.0,7.95774647887324,3.5,1.0394325953681063,2.0,HARD,32.05424836601307,69.176,1.0649999999999977
Austria,2023,PER,2023_Austria_PER_4.0,70,19.0,6.47887323943662,3.5,1.039717310945385,2.0,HARD,32.05424836601307,69.163,1.0519999999999925
Austria,2023,PER,2023_Austria_PER_4.0,71,20.0,5.0,3.5,1.04,2.0,HARD,32.05424836601307,69.317,1.2059999999999889
Austria,2023,PIA,2023_Austria_PIA_2.0,4,1.0,104.08450704225352,3.5,1.0094942532655509,1.0,MEDIUM,32.05424836601307,72.376,0.8100000000000023
Austria,2023,PIA,2023_Austria_PIA_2.0,5,2.0,102.6056338028169,3.5,1.0106148978486855,1.0,MEDIUM,32.05424836601307,72.609,1.0429999999999922
Austria,2023,PIA,2023_Austria_PIA_2.0,6,3.0,101.12676056338029,3.5,1.0116280379946763,1.0,MEDIUM,32.05424836601307,71.566,0.0
Austria,2023,PIA,2023_Austria_PIA_2.0,7,4.0,99.64788732394366,3.5,1.0125597165124551,1.0,MEDIUM,32.05424836601307,71.056,-0.5100000000000051
Austria,2023,PIA,2023_Austria_PIA_2.0,8,5.0,98.16901408450704,3.5,1.013426901732747,1.0,MEDIUM,32.05424836601307,71.471,-0.09499999999999886
Austria,2023,PIA,2023_Austria_PIA_2.0,9,6.0,96.69014084507043,3.5,1.0142413798983263,1.0,MEDIUM,32.05424836601307,71.286,-0.28000000000000114
Austria,2023,PIA,2023_Austria_PIA_2.0,10,7.0,95.21126760563381,3.5,1.015011732500816,1.0,MEDIUM,32.05424836601307,71.473,-0.09300000000000352
Austria,2023,PIA,2023_Austria_PIA_2.0,11,8.0,93.73239436619718,3.5,1.0157444378732192,1.0,MEDIUM,32.05424836601307,71.556,-0.010000000000005116
Austria,2023,PIA,2023_Austria_PIA_2.0,12,9.0,92.25352112676056,3.5,1.0164445290358608,1.0,MEDIUM,32.05424836601307,71.339,-0.22700000000000387
Austria,2023,PIA,2023_Austria_PIA_3.0,16,1.0,86.33802816901408,3.5,1.0189885065311017,2.0,HARD,32.05424836601307,71.492,1.0020000000000095
Austria,2023,PIA,2023_Austria_PIA_3.0,17,2.0,84.85915492957747,3.5,1.0195729045251156,2.0,HARD,32.05424836601307,70.49,0.0
Austria,2023,PIA,2023_Austria_PIA_3.0,18,3.0,83.38028169014085,3.5,1.0201403525991206,2.0,HARD,32.05424836601307,71.526,1.0360000000000014
Austria,2023,PIA,2023_Austria_PIA_3.0,19,4.0,81.90140845070422,3.5,1.0206922452644585,2.0,HARD,32.05424836601307,71.93,1.440000000000012
Austria,2023,PIA,2023_Austria_PIA_3.0,20,5.0,80.4225352112676,3.5,1.021229795697371,2.0,HARD,32.05424836601307,71.591,1.100999999999999
Austria,2023,PIA,2023_Austria_PIA_3.0,21,6.0,78.94366197183099,3.5,1.0217540671282341,2.0,HARD,32.05424836601307,71.763,1.2730000000000103
Austria,2023,PIA,2023_Austria_PIA_4.0,24,1.0,74.50704225352113,3.5,1.0232560759893525,2.0,HARD,32.05424836601307,70.322,0.0
Austria,2023,PIA,2023_Austria_PIA_4.0,25,2.0,73.02816901408451,3.5,1.0237356331638772,2.0,HARD,32.05424836601307,71.442,1.1199999999999903
Austria,2023,PIA,2023_Austria_PIA_4.0,26,3.0,71.54929577464789,3.5,1.0242056913340178,2.0,HARD,32.05424836601307,70.546,0.22400000000000375
Austria,2023,PIA,2023_Austria_PIA_4.0,27,4.0,70.07042253521126,3.5,1.0246667935537912,2.0,HARD,32.05424836601307,70.411,0.08899999999999864
Austria,2023,PIA,2023_Austria_PIA_4.0,28,5.0,68.59154929577466,3.5,1.0251194330249103,2.0,HARD,32.05424836601307,70.361,0.03900000000000148
Austria,2023,PIA,2023_Austria_PIA_4.0,29,6.0,67.11267605633803,3.5,1.025564059277833,2.0,HARD,32.05424836601307,70.341,0.018999999999991246
Austria,2023,PIA,2023_Austria_PIA_4.0,30,7.0,65.63380281690141,3.5,1.0260010834010465,2.0,HARD,32.05424836601307,70.643,0.32099999999999795
Austria,2023,PIA,2023_Austria_PIA_4.0,31,8.0,64.1549295774648,3.5,1.0264308824918082,2.0,HARD,32.05424836601307,70.765,0.44299999999999784
Austria,2023,PIA,2023_Austria_PIA_4.0,32,9.0,62.67605633802817,3.5,1.0268538034654942,2.0,HARD,32.05424836601307,70.774,0.4519999999999982
Austria,2023,PIA,2023_Austria_PIA_4.0,33,10.0,61.19718309859155,3.5,1.0272701663330275,2.0,HARD,32.05424836601307,70.708,0.3859999999999957
Austria,2023,PIA,2023_Austria_PIA_4.0,34,11.0,59.71830985915493,3.5,1.0276802670344525,2.0,HARD,32.05424836601307,70.65,0.32800000000000296
Austria,2023,PIA,2023_Austria_PIA_4.0,35,12.0,58.23943661971831,3.5,1.0280843798999764,2.0,HARD,32.05424836601307,73.784,3.4620000000000033
Austria,2023,PIA,2023_Austria_PIA_4.0,36,13.0,56.76056338028169,3.5,1.0284827597966524,2.0,HARD,32.05424836601307,71.211,0.8889999999999958
Austria,2023,PIA,2023_Austria_PIA_4.0,37,14.0,55.28169014084507,3.5,1.028875644008427,2.0,HARD,32.05424836601307,71.099,0.777000000000001
Austria,2023,PIA,2023_Austria_PIA_4.0,38,15.0,53.80281690140845,3.5,1.0292632538889477,2.0,HARD,32.05424836601307,71.067,0.7449999999999903
Austria,2023,PIA,2023_Austria_PIA_4.0,39,16.0,52.32394366197183,3.5,1.0296457963198262,2.0,HARD,32.05424836601307,71.241,0.9189999999999969
Austria,2023,PIA,2023_Austria_PIA_4.0,40,17.0,50.845070422535215,3.5,1.030023465001632,2.0,HARD,32.05424836601307,71.015,0.6929999999999978
Austria,2023,PIA,2023_Austria_PIA_5.0,43,1.0,46.40845070422535,3.5,1.0311289910615016,1.0,MEDIUM,32.05424836601307,70.091,0.18999999999999773
Austria,2023,PIA,2023_Austria_PIA_5.0,44,2.0,44.929577464788736,3.5,1.0314888757464387,1.0,MEDIUM,32.05424836601307,70.308,0.4070000000000107
Austria,2023,PIA,2023_Austria_PIA_5.0,45,3.0,43.45070422535211,3.5,1.0318446935460566,1.0,MEDIUM,32.05424836601307,69.901,0.0
Austria,2023,PIA,2023_Austria_PIA_5.0,46,4.0,41.971830985915496,3.5,1.0321965792951653,1.0,MEDIUM,32.05424836601307,69.862,-0.03900000000000148
Austria,2023,PIA,2023_Austria_PIA_5.0,47,5.0,40.49295774647887,3.5,1.032544660538673,1.0,MEDIUM,32.05424836601307,70.008,0.10699999999999932
Austria,2023,PIA,2023_Austria_PIA_5.0,48,6.0,39.014084507042256,3.5,1.0328890580717216,1.0,MEDIUM,32.05424836601307,70.179,0.2780000000000058
Austria,2023,PIA,2023_Austria_PIA_5.0,49,7.0,37.53521126760563,3.5,1.0332298864294278,1.0,MEDIUM,32.05424836601307,69.896,-0.0049999999999954525
Austria,2023,PIA,2023_Austria_PIA_5.0,50,8.0,36.056338028169016,3.5,1.0335672543318675,1.0,MEDIUM,32.05424836601307,69.993,0.09199999999999875
Austria,2023,PIA,2023_Austria_PIA_5.0,51,9.0,34.5774647887324,3.5,1.0339012650891952,1.0,MEDIUM,32.05424836601307,70.073,0.17199999999999704
Austria,2023,PIA,2023_Austria_PIA_5.0,52,10.0,33.098591549295776,3.5,1.034232016971185,1.0,MEDIUM,32.05424836601307,72.778,2.8770000000000095
Austria,2023,PIA,2023_Austria_PIA_5.0,53,11.0,31.619718309859156,3.5,1.0345596035449351,1.0,MEDIUM,32.05424836601307,71.512,1.6110000000000042
Austria,2023,PIA,2023_Austria_PIA_5.0,54,12.0,30.140845070422536,3.5,1.0348841139840286,1.0,MEDIUM,32.05424836601307,70.3,0.3990000000000009
Austria,2023,PIA,2023_Austria_PIA_5.0,55,13.0,28.661971830985916,3.5,1.0352056333520405,1.0,MEDIUM,32.05424836601307,70.145,0.24399999999999977
Austria,2023,PIA,2023_Austria_PIA_5.0,56,14.0,27.183098591549296,3.5,1.035524242862951,1.0,MEDIUM,32.05424836601307,70.723,0.8220000000000027
Austria,2023,PIA,2023_Austria_PIA_5.0,57,15.0,25.704225352112676,3.5,1.0358400201207187,1.0,MEDIUM,32.05424836601307,70.303,0.402000000000001
Austria,2023,PIA,2023_Austria_PIA_5.0,58,16.0,24.225352112676056,3.5,1.0361530393400213,1.0,MEDIUM,32.05424836601307,70.482,0.5810000000000031
Austria,2023,PIA,2023_Austria_PIA_5.0,59,17.0,22.746478873239436,3.5,1.0364633715499367,1.0,MEDIUM,32.05424836601307,70.522,0.6210000000000093
Austria,2023,PIA,2023_Austria_PIA_5.0,60,18.0,21.267605633802816,3.5,1.0367710847821536,1.0,MEDIUM,32.05424836601307,70.244,0.3430000000000035
Austria,2023,PIA,2023_Austria_PIA_5.0,61,19.0,19.7887323943662,3.5,1.037076244245122,1.0,MEDIUM,32.05424836601307,71.614,1.713000000000008
Austria,2023,PIA,2023_Austria_PIA_5.0,62,20.0,18.309859154929576,3.5,1.0373789124854047,1.0,MEDIUM,32.05424836601307,70.546,0.6450000000000102
Austria,2023,PIA,2023_Austria_PIA_5.0,63,21.0,16.83098591549296,3.5,1.0376791495373656,1.0,MEDIUM,32.05424836601307,71.57,1.668999999999997
Austria,2023,PIA,2023_Austria_PIA_5.0,64,22.0,15.352112676056338,3.5,1.0379770130622032,1.0,MEDIUM,32.05424836601307,72.104,2.203000000000003
Austria,2023,PIA,2023_Austria_PIA_5.0,65,23.0,13.873239436619718,3.5,1.038272558477248,1.0,MEDIUM,32.05424836601307,71.401,1.5
Austria,2023,PIA,2023_Austria_PIA_5.0,66,24.0,12.3943661971831,3.5,1.0385658390763377,1.0,MEDIUM,32.05424836601307,72.232,2.331000000000003
Austria,2023,PIA,2023_Austria_PIA_5.0,67,25.0,10.91549295774648,3.5,1.0388569061420179,1.0,MEDIUM,32.05424836601307,71.381,1.480000000000004
Austria,2023,PIA,2023_Austria_PIA_5.0,68,26.0,9.43661971830986,3.5,1.0391458090502315,1.0,MEDIUM,32.05424836601307,70.704,0.8029999999999973
Austria,2023,PIA,2023_Austria_PIA_5.0,69,27.0,7.95774647887324,3.5,1.0394325953681063,1.0,MEDIUM,32.05424836601307,70.666,0.7650000000000006
Austria,2023,PIA,2023_Austria_PIA_5.0,70,28.0,6.47887323943662,3.5,1.039717310945385,1.0,MEDIUM,32.05424836601307,70.006,0.10500000000000398
Austria,2023,RUS,2023_Austria_RUS_2.0,4,1.0,104.08450704225352,3.5,1.0094942532655509,1.0,MEDIUM,32.05424836601307,72.3,0.9170000000000016
Austria,2023,RUS,2023_Austria_RUS_2.0,5,2.0,102.6056338028169,3.5,1.0106148978486855,1.0,MEDIUM,32.05424836601307,72.099,0.7160000000000082
Austria,2023,RUS,2023_Austria_RUS_2.0,6,3.0,101.12676056338029,3.5,1.0116280379946763,1.0,MEDIUM,32.05424836601307,71.383,0.0
Austria,2023,RUS,2023_Austria_RUS_2.0,7,4.0,99.64788732394366,3.5,1.0125597165124551,1.0,MEDIUM,32.05424836601307,71.204,-0.17900000000000205
Austria,2023,RUS,2023_Austria_RUS_2.0,8,5.0,98.16901408450704,3.5,1.013426901732747,1.0,MEDIUM,32.05424836601307,71.315,-0.06799999999999784
Austria,2023,RUS,2023_Austria_RUS_2.0,9,6.0,96.69014084507043,3.5,1.0142413798983263,1.0,MEDIUM,32.05424836601307,71.596,0.21300000000000807
Austria,2023,RUS,2023_Austria_RUS_2.0,10,7.0,95.21126760563381,3.5,1.015011732500816,1.0,MEDIUM,32.05424836601307,72.036,0.6530000000000058
Austria,2023,RUS,2023_Austria_RUS_2.0,11,8.0,93.73239436619718,3.5,1.0157444378732192,1.0,MEDIUM,32.05424836601307,71.533,0.15000000000000568
Austria,2023,RUS,2023_Austria_RUS_2.0,12,9.0,92.25352112676056,3.5,1.0164445290358608,1.0,MEDIUM,32.05424836601307,71.369,-0.013999999999995794
Austria,2023,RUS,2023_Austria_RUS_3.0,16,1.0,86.33802816901408,3.5,1.0189885065311017,2.0,HARD,32.05424836601307,71.146,0.125
Austria,2023,RUS,2023_Austria_RUS_3.0,17,2.0,84.85915492957747,3.5,1.0195729045251156,2.0,HARD,32.05424836601307,71.287,0.26600000000000534
Austria,2023,RUS,2023_Austria_RUS_3.0,18,3.0,83.38028169014085,3.5,1.0201403525991206,2.0,HARD,32.05424836601307,71.021,0.0
Austria,2023,RUS,2023_Austria_RUS_3.0,19,4.0,81.90140845070422,3.5,1.0206922452644585,2.0,HARD,32.05424836601307,71.065,0.04399999999999693
Austria,2023,RUS,2023_Austria_RUS_3.0,20,5.0,80.4225352112676,3.5,1.021229795697371,2.0,HARD,32.05424836601307,71.17,0.1490000000000009
Austria,2023,RUS,2023_Austria_RUS_3.0,21,6.0,78.94366197183099,3.5,1.0217540671282341,2.0,HARD,32.05424836601307,70.723,-0.2980000000000018
Austria,2023,RUS,2023_Austria_RUS_3.0,22,7.0,77.46478873239437,3.5,1.0222659975722472,2.0,HARD,32.05424836601307,70.789,-0.23199999999999932
Austria,2023,RUS,2023_Austria_RUS_3.0,23,8.0,75.98591549295774,3.5,1.0227664195506216,2.0,HARD,32.05424836601307,70.796,-0.22499999999999432
Austria,2023,RUS,2023_Austria_RUS_3.0,24,9.0,74.50704225352113,3.5,1.0232560759893525,2.0,HARD,32.05424836601307,70.712,-0.3089999999999975
Austria,2023,RUS,2023_Austria_RUS_3.0,25,10.0,73.02816901408451,3.5,1.0237356331638772,2.0,HARD,32.05424836601307,70.454,-0.5670000000000073
Austria,2023,RUS,2023_Austria_RUS_3.0,26,11.0,71.54929577464789,3.5,1.0242056913340178,2.0,HARD,32.05424836601307,70.751,-0.269999999999996
Austria,2023,RUS,2023_Austria_RUS_3.0,27,12.0,70.07042253521126,3.5,1.0246667935537912,2.0,HARD,32.05424836601307,70.63,-0.39100000000000534
Austria,2023,RUS,2023_Austria_RUS_3.0,28,13.0,68.59154929577466,3.5,1.0251194330249103,2.0,HARD,32.05424836601307,70.6,-0.4210000000000065
Austria,2023,RUS,2023_Austria_RUS_3.0,29,14.0,67.11267605633803,3.5,1.025564059277833,2.0,HARD,32.05424836601307,71.045,0.02400000000000091
Austria,2023,RUS,2023_Austria_RUS_3.0,30,15.0,65.63380281690141,3.5,1.0260010834010465,2.0,HARD,32.05424836601307,71.351,0.3299999999999983
Austria,2023,RUS,2023_Austria_RUS_3.0,31,16.0,64.1549295774648,3.5,1.0264308824918082,2.0,HARD,32.05424836601307,70.996,-0.025000000000005684
Austria,2023,RUS,2023_Austria_RUS_3.0,32,17.0,62.67605633802817,3.5,1.0268538034654942,2.0,HARD,32.05424836601307,70.788,-0.2330000000000041
Austria,2023,RUS,2023_Austria_RUS_3.0,33,18.0,61.19718309859155,3.5,1.0272701663330275,2.0,HARD,32.05424836601307,70.726,-0.2950000000000017
Austria,2023,RUS,2023_Austria_RUS_3.0,34,19.0,59.71830985915493,3.5,1.0276802670344525,2.0,HARD,32.05424836601307,70.535,-0.4860000000000042
Austria,2023,RUS,2023_Austria_RUS_3.0,35,20.0,58.23943661971831,3.5,1.0280843798999764,2.0,HARD,32.05424836601307,70.617,-0.40399999999999636
Austria,2023,RUS,2023_Austria_RUS_3.0,36,21.0,56.76056338028169,3.5,1.0284827597966524,2.0,HARD,32.05424836601307,70.731,-0.29000000000000625
Austria,2023,RUS,2023_Austria_RUS_3.0,37,22.0,55.28169014084507,3.5,1.028875644008427,2.0,HARD,32.05424836601307,70.794,-0.22700000000000387
Austria,2023,RUS,2023_Austria_RUS_3.0,38,23.0,53.80281690140845,3.5,1.0292632538889477,2.0,HARD,32.05424836601307,70.964,-0.05700000000000216
Austria,2023,RUS,2023_Austria_RUS_3.0,39,24.0,52.32394366197183,3.5,1.0296457963198262,2.0,HARD,32.05424836601307,70.982,-0.03900000000000148
Austria,2023,RUS,2023_Austria_RUS_3.0,40,25.0,50.845070422535215,3.5,1.030023465001632,2.0,HARD,32.05424836601307,71.034,0.01300000000000523
Austria,2023,RUS,2023_Austria_RUS_4.0,43,1.0,46.40845070422535,3.5,1.0311289910615016,1.0,MEDIUM,32.05424836601307,69.659,0.0
Austria,2023,RUS,2023_Austria_RUS_4.0,44,2.0,44.929577464788736,3.5,1.0314888757464387,1.0,MEDIUM,32.05424836601307,69.822,0.1629999999999967
Austria,2023,RUS,2023_Austria_RUS_4.0,45,3.0,43.45070422535211,3.5,1.0318446935460566,1.0,MEDIUM,32.05424836601307,69.726,0.06699999999999307
Austria,2023,RUS,2023_Austria_RUS_4.0,46,4.0,41.971830985915496,3.5,1.0321965792951653,1.0,MEDIUM,32.05424836601307,69.688,0.028999999999996362
Austria,2023,RUS,2023_Austria_RUS_4.0,47,5.0,40.49295774647887,3.5,1.032544660538673,1.0,MEDIUM,32.05424836601307,69.779,0.11999999999999034
Austria,2023,RUS,2023_Austria_RUS_4.0,48,6.0,39.014084507042256,3.5,1.0328890580717216,1.0,MEDIUM,32.05424836601307,69.734,0.07499999999998863
Austria,2023,RUS,2023_Austria_RUS_4.0,49,7.0,37.53521126760563,3.5,1.0332298864294278,1.0,MEDIUM,32.05424836601307,69.283,-0.3760000000000048
Austria,2023,RUS,2023_Austria_RUS_4.0,50,8.0,36.056338028169016,3.5,1.0335672543318675,1.0,MEDIUM,32.05424836601307,69.408,-0.2510000000000048
Austria,2023,RUS,2023_Austria_RUS_4.0,51,9.0,34.5774647887324,3.5,1.0339012650891952,1.0,MEDIUM,32.05424836601307,69.71,0.05099999999998772
Austria,2023,RUS,2023_Austria_RUS_4.0,52,10.0,33.098591549295776,3.5,1.034232016971185,1.0,MEDIUM,32.05424836601307,69.521,-0.13800000000000523
Austria,2023,RUS,2023_Austria_RUS_4.0,53,11.0,31.619718309859156,3.5,1.0345596035449351,1.0,MEDIUM,32.05424836601307,69.395,-0.26400000000001
Austria,2023,RUS,2023_Austria_RUS_4.0,54,12.0,30.140845070422536,3.5,1.0348841139840286,1.0,MEDIUM,32.05424836601307,69.588,-0.07100000000001216
Austria,2023,RUS,2023_Austria_RUS_4.0,55,13.0,28.661971830985916,3.5,1.0352056333520405,1.0,MEDIUM,32.05424836601307,69.649,-0.010000000000005116
Austria,2023,RUS,2023_Austria_RUS_4.0,56,14.0,27.183098591549296,3.5,1.035524242862951,1.0,MEDIUM,32.05424836601307,69.528,-0.13100000000000023
Austria,2023,RUS,2023_Austria_RUS_4.0,57,15.0,25.704225352112676,3.5,1.0358400201207187,1.0,MEDIUM,32.05424836601307,69.587,-0.07200000000000273
Austria,2023,RUS,2023_Austria_RUS_4.0,58,16.0,24.225352112676056,3.5,1.0361530393400213,1.0,MEDIUM,32.05424836601307,69.74,0.08099999999998886
Austria,2023,RUS,2023_Austria_RUS_4.0,59,17.0,22.746478873239436,3.5,1.0364633715499367,1.0,MEDIUM,32.05424836601307,69.731,0.07199999999998852
Austria,2023,RUS,2023_Austria_RUS_4.0,60,18.0,21.267605633802816,3.5,1.0367710847821536,1.0,MEDIUM,32.05424836601307,69.693,0.033999999999991815
Austria,2023,RUS,2023_Austria_RUS_4.0,61,19.0,19.7887323943662,3.5,1.037076244245122,1.0,MEDIUM,32.05424836601307,69.658,-0.0010000000000047748
Austria,2023,RUS,2023_Austria_RUS_4.0,62,20.0,18.309859154929576,3.5,1.0373789124854047,1.0,MEDIUM,32.05424836601307,69.624,-0.0350000000000108
Austria,2023,RUS,2023_Austria_RUS_4.0,63,21.0,16.83098591549296,3.5,1.0376791495373656,1.0,MEDIUM,32.05424836601307,69.65,-0.009000000000000341
Austria,2023,RUS,2023_Austria_RUS_4.0,64,22.0,15.352112676056338,3.5,1.0379770130622032,1.0,MEDIUM,32.05424836601307,69.78,0.12099999999999511
Austria,2023,RUS,2023_Austria_RUS_4.0,65,23.0,13.873239436619718,3.5,1.038272558477248,1.0,MEDIUM,32.05424836601307,69.649,-0.010000000000005116
Austria,2023,RUS,2023_Austria_RUS_4.0,66,24.0,12.3943661971831,3.5,1.0385658390763377,1.0,MEDIUM,32.05424836601307,69.791,0.1319999999999908
Austria,2023,RUS,2023_Austria_RUS_4.0,67,25.0,10.91549295774648,3.5,1.0388569061420179,1.0,MEDIUM,32.05424836601307,70.089,0.4299999999999926
Austria,2023,RUS,2023_Austria_RUS_4.0,68,26.0,9.43661971830986,3.5,1.0391458090502315,1.0,MEDIUM,32.05424836601307,69.952,0.29299999999999216
Austria,2023,RUS,2023_Austria_RUS_4.0,69,27.0,7.95774647887324,3.5,1.0394325953681063,1.0,MEDIUM,32.05424836601307,70.326,0.6669999999999874
Austria,2023,RUS,2023_Austria_RUS_4.0,70,28.0,6.47887323943662,3.5,1.039717310945385,1.0,MEDIUM,32.05424836601307,69.822,0.1629999999999967
Austria,2023,RUS,2023_Austria_RUS_4.0,71,29.0,5.0,3.5,1.04,1.0,MEDIUM,32.05424836601307,70.16,0.5009999999999906
Austria,2023,SAI,2023_Austria_SAI_2.0,4,1.0,104.08450704225352,3.5,1.0094942532655509,1.0,MEDIUM,32.05424836601307,70.439,0.03999999999999204
Austria,2023,SAI,2023_Austria_SAI_2.0,5,2.0,102.6056338028169,3.5,1.0106148978486855,1.0,MEDIUM,32.05424836601307,70.409,0.010000000000005116
Austria,2023,SAI,2023_Austria_SAI_2.0,6,3.0,101.12676056338029,3.5,1.0116280379946763,1.0,MEDIUM,32.05424836601307,70.399,0.0
Austria,2023,SAI,2023_Austria_SAI_2.0,7,4.0,99.64788732394366,3.5,1.0125597165124551,1.0,MEDIUM,32.05424836601307,70.358,-0.04099999999999682
Austria,2023,SAI,2023_Austria_SAI_2.0,8,5.0,98.16901408450704,3.5,1.013426901732747,1.0,MEDIUM,32.05424836601307,70.431,0.031999999999996476
Austria,2023,SAI,2023_Austria_SAI_2.0,9,6.0,96.69014084507043,3.5,1.0142413798983263,1.0,MEDIUM,32.05424836601307,70.288,-0.1110000000000042
Austria,2023,SAI,2023_Austria_SAI_2.0,10,7.0,95.21126760563381,3.5,1.015011732500816,1.0,MEDIUM,32.05424836601307,70.57,0.17099999999999227
Austria,2023,SAI,2023_Austria_SAI_2.0,11,8.0,93.73239436619718,3.5,1.0157444378732192,1.0,MEDIUM,32.05424836601307,70.395,-0.0040000000000048885
Austria,2023,SAI,2023_Austria_SAI_2.0,12,9.0,92.25352112676056,3.5,1.0164445290358608,1.0,MEDIUM,32.05424836601307,70.662,0.26300000000000523
Austria,2023,SAI,2023_Austria_SAI_3.0,17,1.0,84.85915492957747,3.5,1.0195729045251156,1.0,MEDIUM,32.05424836601307,69.129,0.0
Austria,2023,SAI,2023_Austria_SAI_3.0,18,2.0,83.38028169014085,3.5,1.0201403525991206,1.0,MEDIUM,32.05424836601307,69.348,0.2189999999999941
Austria,2023,SAI,2023_Austria_SAI_3.0,19,3.0,81.90140845070422,3.5,1.0206922452644585,1.0,MEDIUM,32.05424836601307,69.348,0.2189999999999941
Austria,2023,SAI,2023_Austria_SAI_3.0,20,4.0,80.4225352112676,3.5,1.021229795697371,1.0,MEDIUM,32.05424836601307,69.351,0.2219999999999942
Austria,2023,SAI,2023_Austria_SAI_3.0,21,5.0,78.94366197183099,3.5,1.0217540671282341,1.0,MEDIUM,32.05424836601307,69.977,0.847999999999999
Austria,2023,SAI,2023_Austria_SAI_3.0,22,6.0,77.46478873239437,3.5,1.0222659975722472,1.0,MEDIUM,32.05424836601307,70.199,1.0699999999999932
Austria,2023,SAI,2023_Austria_SAI_3.0,23,7.0,75.98591549295774,3.5,1.0227664195506216,1.0,MEDIUM,32.05424836601307,70.005,0.8759999999999906
Austria,2023,SAI,2023_Austria_SAI_3.0,24,8.0,74.50704225352113,3.5,1.0232560759893525,1.0,MEDIUM,32.05424836601307,70.001,0.8719999999999999
Austria,2023,SAI,2023_Austria_SAI_3.0,25,9.0,73.02816901408451,3.5,1.0237356331638772,1.0,MEDIUM,32.05424836601307,69.963,0.833999999999989
Austria,2023,SAI,2023_Austria_SAI_3.0,26,10.0,71.54929577464789,3.5,1.0242056913340178,1.0,MEDIUM,32.05424836601307,70.65,1.5210000000000008
Austria,2023,SAI,2023_Austria_SAI_3.0,27,11.0,70.07042253521126,3.5,1.0246667935537912,1.0,MEDIUM,32.05424836601307,70.031,0.902000000000001
Austria,2023,SAI,2023_Austria_SAI_3.0,28,12.0,68.59154929577466,3.5,1.0251194330249103,1.0,MEDIUM,32.05424836601307,69.957,0.8279999999999887
Austria,2023,SAI,2023_Austria_SAI_3.0,29,13.0,67.11267605633803,3.5,1.025564059277833,1.0,MEDIUM,32.05424836601307,70.145,1.0159999999999911
Austria,2023,SAI,2023_Austria_SAI_3.0,30,14.0,65.63380281690141,3.5,1.0260010834010465,1.0,MEDIUM,32.05424836601307,70.203,1.073999999999998
Austria,2023,SAI,2023_Austria_SAI_3.0,31,15.0,64.1549295774648,3.5,1.0264308824918082,1.0,MEDIUM,32.05424836601307,70.311,1.1820000000000022
Austria,2023,SAI,2023_Austria_SAI_3.0,32,16.0,62.67605633802817,3.5,1.0268538034654942,1.0,MEDIUM,32.05424836601307,70.246,1.1169999999999902
Austria,2023,SAI,2023_Austria_SAI_3.0,33,17.0,61.19718309859155,3.5,1.0272701663330275,1.0,MEDIUM,32.05424836601307,70.043,0.9140000000000015
Austria,2023,SAI,2023_Austria_SAI_3.0,34,18.0,59.71830985915493,3.5,1.0276802670344525,1.0,MEDIUM,32.05424836601307,70.023,0.8939999999999912
Austria,2023,SAI,2023_Austria_SAI_3.0,35,19.0,58.23943661971831,3.5,1.0280843798999764,1.0,MEDIUM,32.05424836601307,70.298,1.168999999999997
Austria,2023,SAI,2023_Austria_SAI_3.0,36,20.0,56.76056338028169,3.5,1.0284827597966524,1.0,MEDIUM,32.05424836601307,70.336,1.2069999999999936
Austria,2023,SAI,2023_Austria_SAI_3.0,37,21.0,55.28169014084507,3.5,1.028875644008427,1.0,MEDIUM,32.05424836601307,70.329,1.1999999999999886
Austria,2023,SAI,2023_Austria_SAI_3.0,38,22.0,53.80281690140845,3.5,1.0292632538889477,1.0,MEDIUM,32.05424836601307,70.311,1.1820000000000022
Austria,2023,SAI,2023_Austria_SAI_3.0,39,23.0,52.32394366197183,3.5,1.0296457963198262,1.0,MEDIUM,32.05424836601307,70.536,1.4069999999999965
Austria,2023,SAI,2023_Austria_SAI_3.0,40,24.0,50.845070422535215,3.5,1.030023465001632,1.0,MEDIUM,32.05424836601307,70.363,1.2339999999999947
Austria,2023,SAI,2023_Austria_SAI_3.0,41,25.0,49.36619718309859,3.5,1.0303964416004872,1.0,MEDIUM,32.05424836601307,70.577,1.4479999999999933
Austria,2023,SAI,2023_Austria_SAI_3.0,42,26.0,47.887323943661976,3.5,1.0307648967695235,1.0,MEDIUM,32.05424836601307,70.521,1.391999999999996
Austria,2023,SAI,2023_Austria_SAI_3.0,43,27.0,46.40845070422535,3.5,1.0311289910615016,1.0,MEDIUM,32.05424836601307,70.197,1.0679999999999978
Austria,2023,SAI,2023_Austria_SAI_3.0,44,28.0,44.929577464788736,3.5,1.0314888757464387,1.0,MEDIUM,32.05424836601307,70.677,1.5480000000000018
Austria,2023,SAI,2023_Austria_SAI_4.0,47,1.0,40.49295774647887,3.5,1.032544660538673,2.0,HARD,32.05424836601307,68.943,0.03699999999999193
Austria,2023,SAI,2023_Austria_SAI_4.0,48,2.0,39.014084507042256,3.5,1.0328890580717216,2.0,HARD,32.05424836601307,68.948,0.04199999999998738
Austria,2023,SAI,2023_Austria_SAI_4.0,49,3.0,37.53521126760563,3.5,1.0332298864294278,2.0,HARD,32.05424836601307,68.906,0.0
Austria,2023,SAI,2023_Austria_SAI_4.0,50,4.0,36.056338028169016,3.5,1.0335672543318675,2.0,HARD,32.05424836601307,68.88,-0.02600000000001046
Austria,2023,SAI,2023_Austria_SAI_4.0,51,5.0,34.5774647887324,3.5,1.0339012650891952,2.0,HARD,32.05424836601307,69.202,0.29599999999999227
Austria,2023,SAI,2023_Austria_SAI_4.0,52,6.0,33.098591549295776,3.5,1.034232016971185,2.0,HARD,32.05424836601307,69.162,0.2560000000000002
Austria,2023,SAI,2023_Austria_SAI_4.0,53,7.0,31.619718309859156,3.5,1.0345596035449351,2.0,HARD,32.05424836601307,69.175,0.26899999999999125
Austria,2023,SAI,2023_Austria_SAI_4.0,54,8.0,30.140845070422536,3.5,1.0348841139840286,2.0,HARD,32.05424836601307,69.089,0.18299999999999272
Austria,2023,SAI,2023_Austria_SAI_4.0,55,9.0,28.661971830985916,3.5,1.0352056333520405,2.0,HARD,32.05424836601307,69.393,0.48699999999999477
Austria,2023,SAI,2023_Austria_SAI_4.0,56,10.0,27.183098591549296,3.5,1.035524242862951,2.0,HARD,32.05424836601307,69.242,0.3359999999999985
Austria,2023,SAI,2023_Austria_SAI_4.0,57,11.0,25.704225352112676,3.5,1.0358400201207187,2.0,HARD,32.05424836601307,69.894,0.9879999999999995
Austria,2023,SAI,2023_Austria_SAI_4.0,58,12.0,24.225352112676056,3.5,1.0361530393400213,2.0,HARD,32.05424836601307,69.572,0.6659999999999968
Austria,2023,SAI,2023_Austria_SAI_4.0,59,13.0,22.746478873239436,3.5,1.0364633715499367,2.0,HARD,32.05424836601307,70.326,1.4199999999999875
Austria,2023,SAI,2023_Austria_SAI_4.0,60,14.0,21.267605633802816,3.5,1.0367710847821536,2.0,HARD,32.05424836601307,70.044,1.137999999999991
Austria,2023,SAI,2023_Austria_SAI_4.0,61,15.0,19.7887323943662,3.5,1.037076244245122,2.0,HARD,32.05424836601307,70.515,1.6089999999999947
Austria,2023,SAI,2023_Austria_SAI_4.0,62,16.0,18.309859154929576,3.5,1.0373789124854047,2.0,HARD,32.05424836601307,69.295,0.3889999999999958
Austria,2023,SAI,2023_Austria_SAI_4.0,63,17.0,16.83098591549296,3.5,1.0376791495373656,2.0,HARD,32.05424836601307,69.751,0.8449999999999989
Austria,2023,SAI,2023_Austria_SAI_4.0,64,18.0,15.352112676056338,3.5,1.0379770130622032,2.0,HARD,32.05424836601307,69.647,0.7409999999999997
Austria,2023,SAI,2023_Austria_SAI_4.0,65,19.0,13.873239436619718,3.5,1.038272558477248,2.0,HARD,32.05424836601307,69.414,0.5079999999999956
Austria,2023,SAI,2023_Austria_SAI_4.0,66,20.0,12.3943661971831,3.5,1.0385658390763377,2.0,HARD,32.05424836601307,69.496,0.5899999999999892
Austria,2023,SAI,2023_Austria_SAI_4.0,67,21.0,10.91549295774648,3.5,1.0388569061420179,2.0,HARD,32.05424836601307,69.628,0.7219999999999942
Austria,2023,SAI,2023_Austria_SAI_4.0,68,22.0,9.43661971830986,3.5,1.0391458090502315,2.0,HARD,32.05424836601307,69.416,0.5099999999999909
Austria,2023,SAI,2023_Austria_SAI_4.0,69,23.0,7.95774647887324,3.5,1.0394325953681063,2.0,HARD,32.05424836601307,69.647,0.7409999999999997
Austria,2023,SAI,2023_Austria_SAI_4.0,70,24.0,6.47887323943662,3.5,1.039717310945385,2.0,HARD,32.05424836601307,69.492,0.5859999999999985
Austria,2023,SAI,2023_Austria_SAI_4.0,71,25.0,5.0,3.5,1.04,2.0,HARD,32.05424836601307,69.348,0.44199999999999307
Austria,2023,SAR,2023_Austria_SAR_2.0,4,1.0,104.08450704225352,3.5,1.0094942532655509,1.0,MEDIUM,32.05424836601307,72.47,0.5840000000000032
Austria,2023,SAR,2023_Austria_SAR_2.0,5,2.0,102.6056338028169,3.5,1.0106148978486855,1.0,MEDIUM,32.05424836601307,72.73,0.8440000000000083
Austria,2023,SAR,2023_Austria_SAR_2.0,6,3.0,101.12676056338029,3.5,1.0116280379946763,1.0,MEDIUM,32.05424836601307,71.886,0.0
Austria,2023,SAR,2023_Austria_SAR_2.0,7,4.0,99.64788732394366,3.5,1.0125597165124551,1.0,MEDIUM,32.05424836601307,71.211,-0.6749999999999972
Austria,2023,SAR,2023_Austria_SAR_2.0,8,5.0,98.16901408450704,3.5,1.013426901732747,1.0,MEDIUM,32.05424836601307,71.667,-0.2189999999999941
Austria,2023,SAR,2023_Austria_SAR_2.0,9,6.0,96.69014084507043,3.5,1.0142413798983263,1.0,MEDIUM,32.05424836601307,71.565,-0.32099999999999795
Austria,2023,SAR,2023_Austria_SAR_2.0,10,7.0,95.21126760563381,3.5,1.015011732500816,1.0,MEDIUM,32.05424836601307,71.739,-0.14699999999999136
Austria,2023,SAR,2023_Austria_SAR_2.0,11,8.0,93.73239436619718,3.5,1.0157444378732192,1.0,MEDIUM,32.05424836601307,71.833,-0.05299999999999727
Austria,2023,SAR,2023_Austria_SAR_2.0,12,9.0,92.25352112676056,3.5,1.0164445290358608,1.0,MEDIUM,32.05424836601307,71.875,-0.01099999999999568
Austria,2023,SAR,2023_Austria_SAR_3.0,16,1.0,86.33802816901408,3.5,1.0189885065311017,2.0,HARD,32.05424836601307,71.054,0.17799999999999727
Austria,2023,SAR,2023_Austria_SAR_3.0,17,2.0,84.85915492957747,3.5,1.0195729045251156,2.0,HARD,32.05424836601307,70.876,0.0
Austria,2023,SAR,2023_Austria_SAR_3.0,18,3.0,83.38028169014085,3.5,1.0201403525991206,2.0,HARD,32.05424836601307,70.983,0.10699999999999932
Austria,2023,SAR,2023_Austria_SAR_3.0,19,4.0,81.90140845070422,3.5,1.0206922452644585,2.0,HARD,32.05424836601307,71.162,0.28600000000000136
Austria,2023,SAR,2023_Austria_SAR_3.0,20,5.0,80.4225352112676,3.5,1.021229795697371,2.0,HARD,32.05424836601307,71.225,0.34899999999998954
Austria,2023,SAR,2023_Austria_SAR_3.0,21,6.0,78.94366197183099,3.5,1.0217540671282341,2.0,HARD,32.05424836601307,71.324,0.4479999999999933
Austria,2023,SAR,2023_Austria_SAR_3.0,22,7.0,77.46478873239437,3.5,1.0222659975722472,2.0,HARD,32.05424836601307,72.18,1.304000000000002
Austria,2023,SAR,2023_Austria_SAR_3.0,23,8.0,75.98591549295774,3.5,1.0227664195506216,2.0,HARD,32.05424836601307,71.793,0.9170000000000016
Austria,2023,SAR,2023_Austria_SAR_3.0,24,9.0,74.50704225352113,3.5,1.0232560759893525,2.0,HARD,32.05424836601307,71.594,0.7179999999999893
Austria,2023,SAR,2023_Austria_SAR_3.0,25,10.0,73.02816901408451,3.5,1.0237356331638772,2.0,HARD,32.05424836601307,71.563,0.6869999999999976
Austria,2023,SAR,2023_Austria_SAR_3.0,26,11.0,71.54929577464789,3.5,1.0242056913340178,2.0,HARD,32.05424836601307,71.47,0.5939999999999941
Austria,2023,SAR,2023_Austria_SAR_3.0,27,12.0,70.07042253521126,3.5,1.0246667935537912,2.0,HARD,32.05424836601307,71.39,0.5139999999999958
Austria,2023,SAR,2023_Austria_SAR_3.0,28,13.0,68.59154929577466,3.5,1.0251194330249103,2.0,HARD,32.05424836601307,71.307,0.4309999999999974
Austria,2023,SAR,2023_Austria_SAR_3.0,29,14.0,67.11267605633803,3.5,1.025564059277833,2.0,HARD,32.05424836601307,71.125,0.24899999999999523
Austria,2023,SAR,2023_Austria_SAR_3.0,30,15.0,65.63380281690141,3.5,1.0260010834010465,2.0,HARD,32.05424836601307,71.073,0.19699999999998852
Austria,2023,SAR,2023_Austria_SAR_3.0,31,16.0,64.1549295774648,3.5,1.0264308824918082,2.0,HARD,32.05424836601307,71.141,0.26500000000000057
Austria,2023,SAR,2023_Austria_SAR_3.0,32,17.0,62.67605633802817,3.5,1.0268538034654942,2.0,HARD,32.05424836601307,71.143,0.2669999999999959
Austria,2023,SAR,2023_Austria_SAR_3.0,33,18.0,61.19718309859155,3.5,1.0272701663330275,2.0,HARD,32.05424836601307,71.479,0.6029999999999944
Austria,2023,SAR,2023_Austria_SAR_3.0,34,19.0,59.71830985915493,3.5,1.0276802670344525,2.0,HARD,32.05424836601307,71.303,0.4269999999999925
Austria,2023,SAR,2023_Austria_SAR_3.0,35,20.0,58.23943661971831,3.5,1.0280843798999764,2.0,HARD,32.05424836601307,71.169,0.29299999999999216
Austria,2023,SAR,2023_Austria_SAR_3.0,36,21.0,56.76056338028169,3.5,1.0284827597966524,2.0,HARD,32.05424836601307,71.263,0.38700000000000045
Austria,2023,SAR,2023_Austria_SAR_3.0,37,22.0,55.28169014084507,3.5,1.028875644008427,2.0,HARD,32.05424836601307,71.439,0.5629999999999882
Austria,2023,SAR,2023_Austria_SAR_3.0,38,23.0,53.80281690140845,3.5,1.0292632538889477,2.0,HARD,32.05424836601307,71.447,0.570999999999998
Austria,2023,SAR,2023_Austria_SAR_3.0,39,24.0,52.32394366197183,3.5,1.0296457963198262,2.0,HARD,32.05424836601307,71.244,0.367999999999995
Austria,2023,SAR,2023_Austria_SAR_3.0,40,25.0,50.845070422535215,3.5,1.030023465001632,2.0,HARD,32.05424836601307,71.343,0.46699999999999875
Austria,2023,SAR,2023_Austria_SAR_3.0,41,26.0,49.36619718309859,3.5,1.0303964416004872,2.0,HARD,32.05424836601307,71.488,0.6119999999999948
Austria,2023,SAR,2023_Austria_SAR_3.0,42,27.0,47.887323943661976,3.5,1.0307648967695235,2.0,HARD,32.05424836601307,71.551,0.6749999999999972
Austria,2023,SAR,2023_Austria_SAR_4.0,45,1.0,43.45070422535211,3.5,1.0318446935460566,2.0,HARD,32.05424836601307,69.611,0.0
Austria,2023,SAR,2023_Austria_SAR_4.0,46,2.0,41.971830985915496,3.5,1.0321965792951653,2.0,HARD,32.05424836601307,69.791,0.1799999999999926
Austria,2023,SAR,2023_Austria_SAR_4.0,47,3.0,40.49295774647887,3.5,1.032544660538673,2.0,HARD,32.05424836601307,70.279,0.6679999999999922
Austria,2023,SAR,2023_Austria_SAR_4.0,48,4.0,39.014084507042256,3.5,1.0328890580717216,2.0,HARD,32.05424836601307,70.047,0.43599999999999284
Austria,2023,SAR,2023_Austria_SAR_4.0,49,5.0,37.53521126760563,3.5,1.0332298864294278,2.0,HARD,32.05424836601307,71.652,2.040999999999997
Austria,2023,SAR,2023_Austria_SAR_4.0,50,6.0,36.056338028169016,3.5,1.0335672543318675,2.0,HARD,32.05424836601307,69.76,0.1490000000000009
Austria,2023,SAR,2023_Austria_SAR_4.0,51,7.0,34.5774647887324,3.5,1.0339012650891952,2.0,HARD,32.05424836601307,69.696,0.08499999999999375
Austria,2023,SAR,2023_Austria_SAR_4.0,52,8.0,33.098591549295776,3.5,1.034232016971185,2.0,HARD,32.05424836601307,69.989,0.3780000000000001
Austria,2023,SAR,2023_Austria_SAR_4.0,53,9.0,31.619718309859156,3.5,1.0345596035449351,2.0,HARD,32.05424836601307,69.972,0.36099999999999
Austria,2023,SAR,2023_Austria_SAR_4.0,54,10.0,30.140845070422536,3.5,1.0348841139840286,2.0,HARD,32.05424836601307,70.001,0.39000000000000057
Austria,2023,SAR,2023_Austria_SAR_4.0,55,11.0,28.661971830985916,3.5,1.0352056333520405,2.0,HARD,32.05424836601307,70.337,0.7259999999999991
Austria,2023,SAR,2023_Austria_SAR_4.0,56,12.0,27.183098591549296,3.5,1.035524242862951,2.0,HARD,32.05424836601307,70.236,0.625
Austria,2023,SAR,2023_Austria_SAR_4.0,57,13.0,25.704225352112676,3.5,1.0358400201207187,2.0,HARD,32.05424836601307,70.084,0.472999999999999
Austria,2023,SAR,2023_Austria_SAR_4.0,58,14.0,24.225352112676056,3.5,1.0361530393400213,2.0,HARD,32.05424836601307,70.372,0.7609999999999957
Austria,2023,SAR,2023_Austria_SAR_4.0,59,15.0,22.746478873239436,3.5,1.0364633715499367,2.0,HARD,32.05424836601307,70.109,0.49799999999999045
Austria,2023,SAR,2023_Austria_SAR_4.0,60,16.0,21.267605633802816,3.5,1.0367710847821536,2.0,HARD,32.05424836601307,70.062,0.4509999999999934
Austria,2023,SAR,2023_Austria_SAR_4.0,61,17.0,19.7887323943662,3.5,1.037076244245122,2.0,HARD,32.05424836601307,72.132,2.521000000000001
Austria,2023,SAR,2023_Austria_SAR_4.0,62,18.0,18.309859154929576,3.5,1.0373789124854047,2.0,HARD,32.05424836601307,70.499,0.887999999999991
Austria,2023,SAR,2023_Austria_SAR_4.0,63,19.0,16.83098591549296,3.5,1.0376791495373656,2.0,HARD,32.05424836601307,70.287,0.6760000000000019
Austria,2023,SAR,2023_Austria_SAR_4.0,64,20.0,15.352112676056338,3.5,1.0379770130622032,2.0,HARD,32.05424836601307,70.379,0.7680000000000007
Austria,2023,SAR,2023_Austria_SAR_4.0,65,21.0,13.873239436619718,3.5,1.038272558477248,2.0,HARD,32.05424836601307,70.182,0.570999999999998
Austria,2023,SAR,2023_Austria_SAR_4.0,66,22.0,12.3943661971831,3.5,1.0385658390763377,2.0,HARD,32.05424836601307,70.294,0.6829999999999927
Austria,2023,SAR,2023_Austria_SAR_4.0,67,23.0,10.91549295774648,3.5,1.0388569061420179,2.0,HARD,32.05424836601307,70.195,0.583999999999989
Austria,2023,SAR,2023_Austria_SAR_4.0,68,24.0,9.43661971830986,3.5,1.0391458090502315,2.0,HARD,32.05424836601307,70.193,0.5819999999999936
Austria,2023,SAR,2023_Austria_SAR_4.0,69,25.0,7.95774647887324,3.5,1.0394325953681063,2.0,HARD,32.05424836601307,70.357,0.7459999999999951
Austria,2023,SAR,2023_Austria_SAR_4.0,70,26.0,6.47887323943662,3.5,1.039717310945385,2.0,HARD,32.05424836601307,70.501,0.8900000000000006
Austria,2023,STR,2023_Austria_STR_2.0,4,1.0,104.08450704225352,3.5,1.0094942532655509,1.0,MEDIUM,32.05424836601307,72.083,0.7959999999999923
Austria,2023,STR,2023_Austria_STR_2.0,5,2.0,102.6056338028169,3.5,1.0106148978486855,1.0,MEDIUM,32.05424836601307,71.685,0.39799999999999613
Austria,2023,STR,2023_Austria_STR_2.0,6,3.0,101.12676056338029,3.5,1.0116280379946763,1.0,MEDIUM,32.05424836601307,71.287,0.0
Austria,2023,STR,2023_Austria_STR_2.0,7,4.0,99.64788732394366,3.5,1.0125597165124551,1.0,MEDIUM,32.05424836601307,70.99,-0.29700000000001125
Austria,2023,STR,2023_Austria_STR_2.0,8,5.0,98.16901408450704,3.5,1.013426901732747,1.0,MEDIUM,32.05424836601307,70.878,-0.409000000000006
Austria,2023,STR,2023_Austria_STR_2.0,9,6.0,96.69014084507043,3.5,1.0142413798983263,1.0,MEDIUM,32.05424836601307,71.103,-0.1840000000000117
Austria,2023,STR,2023_Austria_STR_2.0,10,7.0,95.21126760563381,3.5,1.015011732500816,1.0,MEDIUM,32.05424836601307,71.037,-0.25
Austria,2023,STR,2023_Austria_STR_2.0,11,8.0,93.73239436619718,3.5,1.0157444378732192,1.0,MEDIUM,32.05424836601307,71.028,-0.25900000000000034
Austria,2023,STR,2023_Austria_STR_2.0,12,9.0,92.25352112676056,3.5,1.0164445290358608,1.0,MEDIUM,32.05424836601307,71.065,-0.2220000000000084
Austria,2023,STR,2023_Austria_STR_3.0,17,1.0,84.85915492957747,3.5,1.0195729045251156,2.0,HARD,32.05424836601307,70.593,0.0
Austria,2023,STR,2023_Austria_STR_3.0,18,2.0,83.38028169014085,3.5,1.0201403525991206,2.0,HARD,32.05424836601307,71.923,1.3299999999999983
Austria,2023,STR,2023_Austria_STR_3.0,19,3.0,81.90140845070422,3.5,1.0206922452644585,2.0,HARD,32.05424836601307,70.79,0.19700000000000273
Austria,2023,STR,2023_Austria_STR_3.0,20,4.0,80.4225352112676,3.5,1.021229795697371,2.0,HARD,32.05424836601307,72.104,1.5109999999999957
Austria,2023,STR,2023_Austria_STR_3.0,21,5.0,78.94366197183099,3.5,1.0217540671282341,2.0,HARD,32.05424836601307,71.707,1.11399999999999
Austria,2023,STR,2023_Austria_STR_3.0,22,6.0,77.46478873239437,3.5,1.0222659975722472,2.0,HARD,32.05424836601307,71.612,1.0189999999999912
Austria,2023,STR,2023_Austria_STR_3.0,23,7.0,75.98591549295774,3.5,1.0227664195506216,2.0,HARD,32.05424836601307,70.767,0.17399999999999238
Austria,2023,STR,2023_Austria_STR_3.0,24,8.0,74.50704225352113,3.5,1.0232560759893525,2.0,HARD,32.05424836601307,70.891,0.2980000000000018
Austria,2023,STR,2023_Austria_STR_3.0,25,9.0,73.02816901408451,3.5,1.0237356331638772,2.0,HARD,32.05424836601307,70.691,0.09799999999999898
Austria,2023,STR,2023_Austria_STR_3.0,26,10.0,71.54929577464789,3.5,1.0242056913340178,2.0,HARD,32.05424836601307,70.916,0.3229999999999933
Austria,2023,STR,2023_Austria_STR_3.0,27,11.0,70.07042253521126,3.5,1.0246667935537912,2.0,HARD,32.05424836601307,70.789,0.19599999999999795
Austria,2023,STR,2023_Austria_STR_3.0,28,12.0,68.59154929577466,3.5,1.0251194330249103,2.0,HARD,32.05424836601307,70.789,0.19599999999999795
Austria,2023,STR,2023_Austria_STR_3.0,29,13.0,67.11267605633803,3.5,1.025564059277833,2.0,HARD,32.05424836601307,71.004,0.41100000000000136
Austria,2023,STR,2023_Austria_STR_3.0,30,14.0,65.63380281690141,3.5,1.0260010834010465,2.0,HARD,32.05424836601307,70.953,0.35999999999999943
Austria,2023,STR,2023_Austria_STR_3.0,31,15.0,64.1549295774648,3.5,1.0264308824918082,2.0,HARD,32.05424836601307,70.933,0.3400000000000034
Austria,2023,STR,2023_Austria_STR_3.0,32,16.0,62.67605633802817,3.5,1.0268538034654942,2.0,HARD,32.05424836601307,71.342,0.7489999999999952
Austria,2023,STR,2023_Austria_STR_3.0,33,17.0,61.19718309859155,3.5,1.0272701663330275,2.0,HARD,32.05424836601307,71.187,0.5939999999999941
Austria,2023,STR,2023_Austria_STR_3.0,34,18.0,59.71830985915493,3.5,1.0276802670344525,2.0,HARD,32.05424836601307,71.045,0.4519999999999982
Austria,2023,STR,2023_Austria_STR_3.0,35,19.0,58.23943661971831,3.5,1.0280843798999764,2.0,HARD,32.05424836601307,70.97,0.37699999999999534
Austria,2023,STR,2023_Austria_STR_4.0,38,1.0,53.80281690140845,3.5,1.0292632538889477,2.0,HARD,32.05424836601307,69.574,0.0
Austria,2023,STR,2023_Austria_STR_4.0,39,2.0,52.32394366197183,3.5,1.0296457963198262,2.0,HARD,32.05424836601307,69.608,0.034000000000006025
Austria,2023,STR,2023_Austria_STR_4.0,40,3.0,50.845070422535215,3.5,1.030023465001632,2.0,HARD,32.05424836601307,69.666,0.09199999999999875
Austria,2023,STR,2023_Austria_STR_4.0,41,4.0,49.36619718309859,3.5,1.0303964416004872,2.0,HARD,32.05424836601307,69.752,0.17799999999999727
Austria,2023,STR,2023_Austria_STR_4.0,42,5.0,47.887323943661976,3.5,1.0307648967695235,2.0,HARD,32.05424836601307,69.898,0.32399999999999807
Austria,2023,STR,2023_Austria_STR_4.0,43,6.0,46.40845070422535,3.5,1.0311289910615016,2.0,HARD,32.05424836601307,70.136,0.5619999999999976
Austria,2023,STR,2023_Austria_STR_4.0,44,7.0,44.929577464788736,3.5,1.0314888757464387,2.0,HARD,32.05424836601307,69.552,-0.02199999999999136
Austria,2023,STR,2023_Austria_STR_4.0,45,8.0,43.45070422535211,3.5,1.0318446935460566,2.0,HARD,32.05424836601307,69.697,0.12300000000000466
Austria,2023,STR,2023_Austria_STR_4.0,46,9.0,41.971830985915496,3.5,1.0321965792951653,2.0,HARD,32.05424836601307,69.729,0.15500000000000114
Austria,2023,STR,2023_Austria_STR_4.0,47,10.0,40.49295774647887,3.5,1.032544660538673,2.0,HARD,32.05424836601307,69.727,0.1530000000000058
Austria,2023,STR,2023_Austria_STR_4.0,48,11.0,39.014084507042256,3.5,1.0328890580717216,2.0,HARD,32.05424836601307,69.806,0.23199999999999932
Austria,2023,STR,2023_Austria_STR_4.0,49,12.0,37.53521126760563,3.5,1.0332298864294278,2.0,HARD,32.05424836601307,69.812,0.23799999999999955
Austria,2023,STR,2023_Austria_STR_4.0,50,13.0,36.056338028169016,3.5,1.0335672543318675,2.0,HARD,32.05424836601307,69.623,0.049000000000006594
Austria,2023,STR,2023_Austria_STR_4.0,51,14.0,34.5774647887324,3.5,1.0339012650891952,2.0,HARD,32.05424836601307,69.708,0.13400000000000034
Austria,2023,STR,2023_Austria_STR_4.0,52,15.0,33.098591549295776,3.5,1.034232016971185,2.0,HARD,32.05424836601307,69.951,0.37699999999999534
Austria,2023,STR,2023_Austria_STR_4.0,53,16.0,31.619718309859156,3.5,1.0345596035449351,2.0,HARD,32.05424836601307,69.895,0.32099999999999795
Austria,2023,STR,2023_Austria_STR_5.0,56,1.0,27.183098591549296,3.5,1.035524242862951,1.0,MEDIUM,32.05424836601307,68.529,0.0660000000000025
Austria,2023,STR,2023_Austria_STR_5.0,57,2.0,25.704225352112676,3.5,1.0358400201207187,1.0,MEDIUM,32.05424836601307,68.463,0.0
Austria,2023,STR,2023_Austria_STR_5.0,58,3.0,24.225352112676056,3.5,1.0361530393400213,1.0,MEDIUM,32.05424836601307,68.633,0.1700000000000017
Austria,2023,STR,2023_Austria_STR_5.0,59,4.0,22.746478873239436,3.5,1.0364633715499367,1.0,MEDIUM,32.05424836601307,68.669,0.20600000000000307
Austria,2023,STR,2023_Austria_STR_5.0,60,5.0,21.267605633802816,3.5,1.0367710847821536,1.0,MEDIUM,32.05424836601307,68.807,0.3440000000000083
Austria,2023,STR,2023_Austria_STR_5.0,61,6.0,19.7887323943662,3.5,1.037076244245122,1.0,MEDIUM,32.05424836601307,68.939,0.4759999999999991
Austria,2023,STR,2023_Austria_STR_5.0,62,7.0,18.309859154929576,3.5,1.0373789124854047,1.0,MEDIUM,32.05424836601307,69.244,0.7810000000000059
Austria,2023,STR,2023_Austria_STR_5.0,63,8.0,16.83098591549296,3.5,1.0376791495373656,1.0,MEDIUM,32.05424836601307,69.27,0.8070000000000022
Austria,2023,STR,2023_Austria_STR_5.0,64,9.0,15.352112676056338,3.5,1.0379770130622032,1.0,MEDIUM,32.05424836601307,69.129,0.666000000000011
Austria,2023,STR,2023_Austria_STR_5.0,65,10.0,13.873239436619718,3.5,1.038272558477248,1.0,MEDIUM,32.05424836601307,68.99,0.527000000000001
Austria,2023,STR,2023_Austria_STR_5.0,66,11.0,12.3943661971831,3.5,1.0385658390763377,1.0,MEDIUM,32.05424836601307,68.901,0.4380000000000024
Austria,2023,STR,2023_Austria_STR_5.0,67,12.0,10.91549295774648,3.5,1.0388569061420179,1.0,MEDIUM,32.05424836601307,68.855,0.3920000000000101
Austria,2023,STR,2023_Austria_STR_5.0,68,13.0,9.43661971830986,3.5,1.0391458090502315,1.0,MEDIUM,32.05424836601307,68.855,0.3920000000000101
Austria,2023,STR,2023_Austria_STR_5.0,69,14.0,7.95774647887324,3.5,1.0394325953681063,1.0,MEDIUM,32.05424836601307,69.183,0.7200000000000131
Austria,2023,STR,2023_Austria_STR_5.0,70,15.0,6.47887323943662,3.5,1.039717310945385,1.0,MEDIUM,32.05424836601307,68.896,0.43300000000000693
Austria,2023,STR,2023_Austria_STR_5.0,71,16.0,5.0,3.5,1.04,1.0,MEDIUM,32.05424836601307,69.34,0.8770000000000095
Austria,2023,TSU,2023_Austria_TSU_3.0,4,1.0,104.08450704225352,3.5,1.0094942532655509,2.0,HARD,32.05424836601307,72.184,0.24399999999999977
Austria,2023,TSU,2023_Austria_TSU_3.0,5,2.0,102.6056338028169,3.5,1.0106148978486855,2.0,HARD,32.05424836601307,72.518,0.578000000000003
Austria,2023,TSU,2023_Austria_TSU_3.0,6,3.0,101.12676056338029,3.5,1.0116280379946763,2.0,HARD,32.05424836601307,71.94,0.0
Austria,2023,TSU,2023_Austria_TSU_3.0,7,4.0,99.64788732394366,3.5,1.0125597165124551,2.0,HARD,32.05424836601307,71.539,-0.40099999999999625
Austria,2023,TSU,2023_Austria_TSU_3.0,8,5.0,98.16901408450704,3.5,1.013426901732747,2.0,HARD,32.05424836601307,71.534,-0.4059999999999917
Austria,2023,TSU,2023_Austria_TSU_3.0,9,6.0,96.69014084507043,3.5,1.0142413798983263,2.0,HARD,32.05424836601307,71.725,-0.2150000000000034
Austria,2023,TSU,2023_Austria_TSU_3.0,10,7.0,95.21126760563381,3.5,1.015011732500816,2.0,HARD,32.05424836601307,71.852,-0.08799999999999386
Austria,2023,TSU,2023_Austria_TSU_3.0,11,8.0,93.73239436619718,3.5,1.0157444378732192,2.0,HARD,32.05424836601307,72.053,0.11299999999999955
Austria,2023,TSU,2023_Austria_TSU_3.0,12,9.0,92.25352112676056,3.5,1.0164445290358608,2.0,HARD,32.05424836601307,71.929,-0.01099999999999568
Austria,2023,TSU,2023_Austria_TSU_3.0,17,10.0,84.85915492957747,3.5,1.0195729045251156,2.0,HARD,32.05424836601307,71.876,-0.06399999999999295
Austria,2023,TSU,2023_Austria_TSU_3.0,18,11.0,83.38028169014085,3.5,1.0201403525991206,2.0,HARD,32.05424836601307,72.431,0.49099999999999966
Austria,2023,TSU,2023_Austria_TSU_3.0,19,12.0,81.90140845070422,3.5,1.0206922452644585,2.0,HARD,32.05424836601307,71.919,-0.021000000000000796
Austria,2023,TSU,2023_Austria_TSU_3.0,20,13.0,80.4225352112676,3.5,1.021229795697371,2.0,HARD,32.05424836601307,72.997,1.0570000000000022
Austria,2023,TSU,2023_Austria_TSU_3.0,21,14.0,78.94366197183099,3.5,1.0217540671282341,2.0,HARD,32.05424836601307,73.517,1.5769999999999982
Austria,2023,TSU,2023_Austria_TSU_3.0,22,15.0,77.46478873239437,3.5,1.0222659975722472,2.0,HARD,32.05424836601307,72.89,0.9500000000000028
Austria,2023,TSU,2023_Austria_TSU_4.0,25,1.0,73.02816901408451,3.5,1.0237356331638772,2.0,HARD,32.05424836601307,70.08,0.0
Austria,2023,TSU,2023_Austria_TSU_4.0,26,2.0,71.54929577464789,3.5,1.0242056913340178,2.0,HARD,32.05424836601307,70.378,0.2980000000000018
Austria,2023,TSU,2023_Austria_TSU_4.0,27,3.0,70.07042253521126,3.5,1.0246667935537912,2.0,HARD,32.05424836601307,70.429,0.34900000000000375
Austria,2023,TSU,2023_Austria_TSU_4.0,28,4.0,68.59154929577466,3.5,1.0251194330249103,2.0,HARD,32.05424836601307,70.346,0.26600000000000534
Austria,2023,TSU,2023_Austria_TSU_4.0,29,5.0,67.11267605633803,3.5,1.025564059277833,2.0,HARD,32.05424836601307,70.363,0.28300000000000125
Austria,2023,TSU,2023_Austria_TSU_4.0,30,6.0,65.63380281690141,3.5,1.0260010834010465,2.0,HARD,32.05424836601307,70.588,0.5079999999999956
Austria,2023,TSU,2023_Austria_TSU_4.0,31,7.0,64.1549295774648,3.5,1.0264308824918082,2.0,HARD,32.05424836601307,70.731,0.6509999999999962
Austria,2023,TSU,2023_Austria_TSU_4.0,32,8.0,62.67605633802817,3.5,1.0268538034654942,2.0,HARD,32.05424836601307,70.555,0.4750000000000085
Austria,2023,TSU,2023_Austria_TSU_4.0,33,9.0,61.19718309859155,3.5,1.0272701663330275,2.0,HARD,32.05424836601307,70.607,0.527000000000001
Austria,2023,TSU,2023_Austria_TSU_4.0,34,10.0,59.71830985915493,3.5,1.0276802670344525,2.0,HARD,32.05424836601307,70.702,0.6219999999999999
Austria,2023,TSU,2023_Austria_TSU_4.0,35,11.0,58.23943661971831,3.5,1.0280843798999764,2.0,HARD,32.05424836601307,70.917,0.8370000000000033
Austria,2023,TSU,2023_Austria_TSU_4.0,36,12.0,56.76056338028169,3.5,1.0284827597966524,2.0,HARD,32.05424836601307,71.069,0.9890000000000043
Austria,2023,TSU,2023_Austria_TSU_4.0,37,13.0,55.28169014084507,3.5,1.028875644008427,2.0,HARD,32.05424836601307,71.073,0.992999999999995
Austria,2023,TSU,2023_Austria_TSU_4.0,38,14.0,53.80281690140845,3.5,1.0292632538889477,2.0,HARD,32.05424836601307,72.269,2.189000000000007
Austria,2023,TSU,2023_Austria_TSU_4.0,39,15.0,52.32394366197183,3.5,1.0296457963198262,2.0,HARD,32.05424836601307,71.256,1.176000000000002
Austria,2023,TSU,2023_Austria_TSU_4.0,40,16.0,50.845070422535215,3.5,1.030023465001632,2.0,HARD,32.05424836601307,71.185,1.105000000000004
Austria,2023,TSU,2023_Austria_TSU_4.0,41,17.0,49.36619718309859,3.5,1.0303964416004872,2.0,HARD,32.05424836601307,71.321,1.2409999999999997
Austria,2023,TSU,2023_Austria_TSU_4.0,42,18.0,47.887323943661976,3.5,1.0307648967695235,2.0,HARD,32.05424836601307,71.645,1.5649999999999977
Austria,2023,TSU,2023_Austria_TSU_5.0,45,1.0,43.45070422535211,3.5,1.0318446935460566,1.0,MEDIUM,32.05424836601307,69.62,0.0
Austria,2023,TSU,2023_Austria_TSU_5.0,46,2.0,41.971830985915496,3.5,1.0321965792951653,1.0,MEDIUM,32.05424836601307,69.775,0.15500000000000114
Austria,2023,TSU,2023_Austria_TSU_5.0,47,3.0,40.49295774647887,3.5,1.032544660538673,1.0,MEDIUM,32.05424836601307,70.496,0.8759999999999906
Austria,2023,TSU,2023_Austria_TSU_5.0,48,4.0,39.014084507042256,3.5,1.0328890580717216,1.0,MEDIUM,32.05424836601307,70.008,0.387999999999991
Austria,2023,TSU,2023_Austria_TSU_5.0,49,5.0,37.53521126760563,3.5,1.0332298864294278,1.0,MEDIUM,32.05424836601307,70.04,0.4200000000000017
Austria,2023,TSU,2023_Austria_TSU_5.0,50,6.0,36.056338028169016,3.5,1.0335672543318675,1.0,MEDIUM,32.05424836601307,70.138,0.5180000000000007
Austria,2023,TSU,2023_Austria_TSU_5.0,51,7.0,34.5774647887324,3.5,1.0339012650891952,1.0,MEDIUM,32.05424836601307,70.162,0.5420000000000016
Austria,2023,TSU,2023_Austria_TSU_5.0,52,8.0,33.098591549295776,3.5,1.034232016971185,1.0,MEDIUM,32.05424836601307,70.409,0.7890000000000015
Austria,2023,TSU,2023_Austria_TSU_5.0,53,9.0,31.619718309859156,3.5,1.0345596035449351,1.0,MEDIUM,32.05424836601307,70.119,0.4989999999999952
Austria,2023,TSU,2023_Austria_TSU_5.0,54,10.0,30.140845070422536,3.5,1.0348841139840286,1.0,MEDIUM,32.05424836601307,73.402,3.7819999999999965
Austria,2023,TSU,2023_Austria_TSU_5.0,55,11.0,28.661971830985916,3.5,1.0352056333520405,1.0,MEDIUM,32.05424836601307,70.447,0.8269999999999982
Austria,2023,TSU,2023_Austria_TSU_5.0,56,12.0,27.183098591549296,3.5,1.035524242862951,1.0,MEDIUM,32.05424836601307,71.744,2.1239999999999952
Austria,2023,TSU,2023_Austria_TSU_5.0,57,13.0,25.704225352112676,3.5,1.0358400201207187,1.0,MEDIUM,32.05424836601307,70.279,0.6589999999999918
Austria,2023,TSU,2023_Austria_TSU_5.0,58,14.0,24.225352112676056,3.5,1.0361530393400213,1.0,MEDIUM,32.05424836601307,70.406,0.7860000000000014
Austria,2023,TSU,2023_Austria_TSU_5.0,59,15.0,22.746478873239436,3.5,1.0364633715499367,1.0,MEDIUM,32.05424836601307,70.451,0.8309999999999889
Austria,2023,TSU,2023_Austria_TSU_5.0,60,16.0,21.267605633802816,3.5,1.0367710847821536,1.0,MEDIUM,32.05424836601307,70.57,0.9499999999999886
Austria,2023,TSU,2023_Austria_TSU_5.0,61,17.0,19.7887323943662,3.5,1.037076244245122,1.0,MEDIUM,32.05424836601307,71.661,2.040999999999997
Austria,2023,TSU,2023_Austria_TSU_5.0,62,18.0,18.309859154929576,3.5,1.0373789124854047,1.0,MEDIUM,32.05424836601307,70.698,1.0779999999999887
Austria,2023,TSU,2023_Austria_TSU_5.0,63,19.0,16.83098591549296,3.5,1.0376791495373656,1.0,MEDIUM,32.05424836601307,71.455,1.8349999999999937
Austria,2023,TSU,2023_Austria_TSU_5.0,64,20.0,15.352112676056338,3.5,1.0379770130622032,1.0,MEDIUM,32.05424836601307,72.069,2.448999999999998
Austria,2023,TSU,2023_Austria_TSU_5.0,65,21.0,13.873239436619718,3.5,1.038272558477248,1.0,MEDIUM,32.05424836601307,71.411,1.7909999999999968
Austria,2023,TSU,2023_Austria_TSU_5.0,66,22.0,12.3943661971831,3.5,1.0385658390763377,1.0,MEDIUM,32.05424836601307,71.592,1.9719999999999942
Austria,2023,TSU,2023_Austria_TSU_5.0,67,23.0,10.91549295774648,3.5,1.0388569061420179,1.0,MEDIUM,32.05424836601307,70.839,1.218999999999994
Austria,2023,TSU,2023_Austria_TSU_5.0,68,24.0,9.43661971830986,3.5,1.0391458090502315,1.0,MEDIUM,32.05424836601307,70.481,0.86099999999999
Austria,2023,TSU,2023_Austria_TSU_5.0,69,25.0,7.95774647887324,3.5,1.0394325953681063,1.0,MEDIUM,32.05424836601307,70.409,0.7890000000000015
Austria,2023,TSU,2023_Austria_TSU_5.0,70,26.0,6.47887323943662,3.5,1.039717310945385,1.0,MEDIUM,32.05424836601307,70.372,0.7519999999999953
Austria,2023,VER,2023_Austria_VER_2.0,4,1.0,104.08450704225352,3.5,1.0094942532655509,1.0,MEDIUM,32.05424836601307,69.691,0.0
Austria,2023,VER,2023_Austria_VER_2.0,5,2.0,102.6056338028169,3.5,1.0106148978486855,1.0,MEDIUM,32.05424836601307,70.026,0.33499999999999375
Austria,2023,VER,2023_Austria_VER_2.0,6,3.0,101.12676056338029,3.5,1.0116280379946763,1.0,MEDIUM,32.05424836601307,70.156,0.4650000000000034
Austria,2023,VER,2023_Austria_VER_2.0,7,4.0,99.64788732394366,3.5,1.0125597165124551,1.0,MEDIUM,32.05424836601307,70.168,0.47700000000000387
Austria,2023,VER,2023_Austria_VER_2.0,8,5.0,98.16901408450704,3.5,1.013426901732747,1.0,MEDIUM,32.05424836601307,69.967,0.27599999999999625
Austria,2023,VER,2023_Austria_VER_2.0,9,6.0,96.69014084507043,3.5,1.0142413798983263,1.0,MEDIUM,32.05424836601307,69.989,0.2980000000000018
Austria,2023,VER,2023_Austria_VER_2.0,10,7.0,95.21126760563381,3.5,1.015011732500816,1.0,MEDIUM,32.05424836601307,69.856,0.16499999999999204
Austria,2023,VER,2023_Austria_VER_2.0,11,8.0,93.73239436619718,3.5,1.0157444378732192,1.0,MEDIUM,32.05424836601307,70.051,0.35999999999999943
Austria,2023,VER,2023_Austria_VER_2.0,12,9.0,92.25352112676056,3.5,1.0164445290358608,1.0,MEDIUM,32.05424836601307,69.833,0.1419999999999959
Austria,2023,VER,2023_Austria_VER_2.0,17,10.0,84.85915492957747,3.5,1.0195729045251156,1.0,MEDIUM,32.05424836601307,69.924,0.2330000000000041
Austria,2023,VER,2023_Austria_VER_2.0,18,11.0,83.38028169014085,3.5,1.0201403525991206,1.0,MEDIUM,32.05424836601307,70.002,0.31099999999999284
Austria,2023,VER,2023_Austria_VER_2.0,19,12.0,81.90140845070422,3.5,1.0206922452644585,1.0,MEDIUM,32.05424836601307,69.942,0.25099999999999056
Austria,2023,VER,2023_Austria_VER_2.0,20,13.0,80.4225352112676,3.5,1.021229795697371,1.0,MEDIUM,32.05424836601307,70.16,0.4689999999999941
Austria,2023,VER,2023_Austria_VER_2.0,21,14.0,78.94366197183099,3.5,1.0217540671282341,1.0,MEDIUM,32.05424836601307,70.142,0.4509999999999934
Austria,2023,VER,2023_Austria_VER_2.0,22,15.0,77.46478873239437,3.5,1.0222659975722472,1.0,MEDIUM,32.05424836601307,70.337,0.6460000000000008
Austria,2023,VER,2023_Austria_VER_2.0,23,16.0,75.98591549295774,3.5,1.0227664195506216,1.0,MEDIUM,32.05424836601307,70.396,0.7049999999999983
Austria,2023,VER,2023_Austria_VER_3.0,26,1.0,71.54929577464789,3.5,1.0242056913340178,2.0,HARD,32.05424836601307,68.929,0.0
Austria,2023,VER,2023_Austria_VER_3.0,27,2.0,70.07042253521126,3.5,1.0246667935537912,2.0,HARD,32.05424836601307,69.245,0.3160000000000025
Austria,2023,VER,2023_Austria_VER_3.0,28,3.0,68.59154929577466,3.5,1.0251194330249103,2.0,HARD,32.05424836601307,69.251,0.32200000000000273
Austria,2023,VER,2023_Austria_VER_3.0,29,4.0,67.11267605633803,3.5,1.025564059277833,2.0,HARD,32.05424836601307,69.289,0.35999999999999943
Austria,2023,VER,2023_Austria_VER_3.0,30,5.0,65.63380281690141,3.5,1.0260010834010465,2.0,HARD,32.05424836601307,69.373,0.4440000000000026
Austria,2023,VER,2023_Austria_VER_3.0,31,6.0,64.1549295774648,3.5,1.0264308824918082,2.0,HARD,32.05424836601307,69.576,0.6469999999999914
Austria,2023,VER,2023_Austria_VER_3.0,32,7.0,62.67605633802817,3.5,1.0268538034654942,2.0,HARD,32.05424836601307,69.603,0.6739999999999924
Austria,2023,VER,2023_Austria_VER_3.0,33,8.0,61.19718309859155,3.5,1.0272701663330275,2.0,HARD,32.05424836601307,69.631,0.7019999999999982
Austria,2023,VER,2023_Austria_VER_3.0,34,9.0,59.71830985915493,3.5,1.0276802670344525,2.0,HARD,32.05424836601307,69.779,0.8499999999999943
Austria,2023,VER,2023_Austria_VER_3.0,35,10.0,58.23943661971831,3.5,1.0280843798999764,2.0,HARD,32.05424836601307,69.265,0.3359999999999985
Austria,2023,VER,2023_Austria_VER_3.0,36,11.0,56.76056338028169,3.5,1.0284827597966524,2.0,HARD,32.05424836601307,69.367,0.4380000000000024
Austria,2023,VER,2023_Austria_VER_3.0,37,12.0,55.28169014084507,3.5,1.028875644008427,2.0,HARD,32.05424836601307,69.707,0.7779999999999916
Austria,2023,VER,2023_Austria_VER_3.0,38,13.0,53.80281690140845,3.5,1.0292632538889477,2.0,HARD,32.05424836601307,69.568,0.6389999999999958
Austria,2023,VER,2023_Austria_VER_3.0,39,14.0,52.32394366197183,3.5,1.0296457963198262,2.0,HARD,32.05424836601307,69.386,0.45699999999999363
Austria,2023,VER,2023_Austria_VER_3.0,40,15.0,50.845070422535215,3.5,1.030023465001632,2.0,HARD,32.05424836601307,69.431,0.5019999999999953
Austria,2023,VER,2023_Austria_VER_3.0,41,16.0,49.36619718309859,3.5,1.0303964416004872,2.0,HARD,32.05424836601307,69.527,0.597999999999999
Austria,2023,VER,2023_Austria_VER_3.0,42,17.0,47.887323943661976,3.5,1.0307648967695235,2.0,HARD,32.05424836601307,69.511,0.5819999999999936
Austria,2023,VER,2023_Austria_VER_3.0,43,18.0,46.40845070422535,3.5,1.0311289910615016,2.0,HARD,32.05424836601307,69.592,0.6629999999999967
Austria,2023,VER,2023_Austria_VER_3.0,44,19.0,44.929577464788736,3.5,1.0314888757464387,2.0,HARD,32.05424836601307,69.678,0.7489999999999952
Austria,2023,VER,2023_Austria_VER_3.0,45,20.0,43.45070422535211,3.5,1.0318446935460566,2.0,HARD,32.05424836601307,69.651,0.7219999999999942
Austria,2023,VER,2023_Austria_VER_3.0,46,21.0,41.971830985915496,3.5,1.0321965792951653,2.0,HARD,32.05424836601307,69.563,0.6340000000000003
Austria,2023,VER,2023_Austria_VER_3.0,47,22.0,40.49295774647887,3.5,1.032544660538673,2.0,HARD,32.05424836601307,69.451,0.5219999999999914
Austria,2023,VER,2023_Austria_VER_3.0,48,23.0,39.014084507042256,3.5,1.0328890580717216,2.0,HARD,32.05424836601307,69.419,0.4899999999999949
Austria,2023,VER,2023_Austria_VER_4.0,51,1.0,34.5774647887324,3.5,1.0339012650891952,1.0,MEDIUM,32.05424836601307,68.15,0.0
Austria,2023,VER,2023_Austria_VER_4.0,52,2.0,33.098591549295776,3.5,1.034232016971185,1.0,MEDIUM,32.05424836601307,68.342,0.19199999999999307
Austria,2023,VER,2023_Austria_VER_4.0,53,3.0,31.619718309859156,3.5,1.0345596035449351,1.0,MEDIUM,32.05424836601307,68.235,0.08499999999999375
Austria,2023,VER,2023_Austria_VER_4.0,54,4.0,30.140845070422536,3.5,1.0348841139840286,1.0,MEDIUM,32.05424836601307,68.25,0.09999999999999432
Austria,2023,VER,2023_Austria_VER_4.0,55,5.0,28.661971830985916,3.5,1.0352056333520405,1.0,MEDIUM,32.05424836601307,68.273,0.12299999999999045
Austria,2023,VER,2023_Austria_VER_4.0,56,6.0,27.183098591549296,3.5,1.035524242862951,1.0,MEDIUM,32.05424836601307,68.35,0.19999999999998863
Austria,2023,VER,2023_Austria_VER_4.0,57,7.0,25.704225352112676,3.5,1.0358400201207187,1.0,MEDIUM,32.05424836601307,68.412,0.26200000000000045
Austria,2023,VER,2023_Austria_VER_4.0,58,8.0,24.225352112676056,3.5,1.0361530393400213,1.0,MEDIUM,32.05424836601307,68.489,0.33899999999999864
Austria,2023,VER,2023_Austria_VER_4.0,59,9.0,22.746478873239436,3.5,1.0364633715499367,1.0,MEDIUM,32.05424836601307,68.609,0.458999999999989
Austria,2023,VER,2023_Austria_VER_4.0,60,10.0,21.267605633802816,3.5,1.0367710847821536,1.0,MEDIUM,32.05424836601307,68.535,0.3849999999999909
Austria,2023,VER,2023_Austria_VER_4.0,61,11.0,19.7887323943662,3.5,1.037076244245122,1.0,MEDIUM,32.05424836601307,68.485,0.33499999999999375
Austria,2023,VER,2023_Austria_VER_4.0,62,12.0,18.309859154929576,3.5,1.0373789124854047,1.0,MEDIUM,32.05424836601307,68.567,0.4169999999999874
Austria,2023,VER,2023_Austria_VER_4.0,63,13.0,16.83098591549296,3.5,1.0376791495373656,1.0,MEDIUM,32.05424836601307,68.624,0.47399999999998954
Austria,2023,VER,2023_Austria_VER_4.0,64,14.0,15.352112676056338,3.5,1.0379770130622032,1.0,MEDIUM,32.05424836601307,68.692,0.5419999999999874
Austria,2023,VER,2023_Austria_VER_4.0,65,15.0,13.873239436619718,3.5,1.038272558477248,1.0,MEDIUM,32.05424836601307,68.878,0.7279999999999944
Austria,2023,VER,2023_Austria_VER_4.0,66,16.0,12.3943661971831,3.5,1.0385658390763377,1.0,MEDIUM,32.05424836601307,68.601,0.4509999999999934
Austria,2023,VER,2023_Austria_VER_4.0,67,17.0,10.91549295774648,3.5,1.0388569061420179,1.0,MEDIUM,32.05424836601307,68.854,0.7039999999999935
Austria,2023,VER,2023_Austria_VER_4.0,68,18.0,9.43661971830986,3.5,1.0391458090502315,1.0,MEDIUM,32.05424836601307,69.216,1.0659999999999883
Austria,2023,ZHO,2023_Austria_ZHO_3.0,10,1.0,95.21126760563381,3.5,1.015011732500816,2.0,HARD,32.05424836601307,70.448,0.0
Austria,2023,ZHO,2023_Austria_ZHO_3.0,11,2.0,93.73239436619718,3.5,1.0157444378732192,2.0,HARD,32.05424836601307,70.692,0.24399999999999977
Austria,2023,ZHO,2023_Austria_ZHO_3.0,12,3.0,92.25352112676056,3.5,1.0164445290358608,2.0,HARD,32.05424836601307,70.959,0.5110000000000099
Austria,2023,ZHO,2023_Austria_ZHO_3.0,16,4.0,86.33802816901408,3.5,1.0189885065311017,2.0,HARD,32.05424836601307,70.647,0.19900000000001228
Austria,2023,ZHO,2023_Austria_ZHO_3.0,17,5.0,84.85915492957747,3.5,1.0195729045251156,2.0,HARD,32.05424836601307,70.709,0.2610000000000099
Austria,2023,ZHO,2023_Austria_ZHO_3.0,18,6.0,83.38028169014085,3.5,1.0201403525991206,2.0,HARD,32.05424836601307,71.086,0.6380000000000052
Austria,2023,ZHO,2023_Austria_ZHO_3.0,19,7.0,81.90140845070422,3.5,1.0206922452644585,2.0,HARD,32.05424836601307,71.112,0.6640000000000015
Austria,2023,ZHO,2023_Austria_ZHO_3.0,20,8.0,80.4225352112676,3.5,1.021229795697371,2.0,HARD,32.05424836601307,71.02,0.5720000000000027
Austria,2023,ZHO,2023_Austria_ZHO_3.0,21,9.0,78.94366197183099,3.5,1.0217540671282341,2.0,HARD,32.05424836601307,71.446,0.9980000000000047
Austria,2023,ZHO,2023_Austria_ZHO_3.0,22,10.0,77.46478873239437,3.5,1.0222659975722472,2.0,HARD,32.05424836601307,71.33,0.882000000000005
Austria,2023,ZHO,2023_Austria_ZHO_3.0,23,11.0,75.98591549295774,3.5,1.0227664195506216,2.0,HARD,32.05424836601307,71.74,1.2920000000000016
Austria,2023,ZHO,2023_Austria_ZHO_3.0,24,12.0,74.50704225352113,3.5,1.0232560759893525,2.0,HARD,32.05424836601307,71.348,0.9000000000000057
Austria,2023,ZHO,2023_Austria_ZHO_3.0,25,13.0,73.02816901408451,3.5,1.0237356331638772,2.0,HARD,32.05424836601307,71.684,1.2360000000000042
Austria,2023,ZHO,2023_Austria_ZHO_3.0,26,14.0,71.54929577464789,3.5,1.0242056913340178,2.0,HARD,32.05424836601307,71.659,1.2110000000000127
Austria,2023,ZHO,2023_Austria_ZHO_3.0,27,15.0,70.07042253521126,3.5,1.0246667935537912,2.0,HARD,32.05424836601307,71.367,0.9190000000000111
Austria,2023,ZHO,2023_Austria_ZHO_3.0,28,16.0,68.59154929577466,3.5,1.0251194330249103,2.0,HARD,32.05424836601307,71.494,1.0460000000000065
Austria,2023,ZHO,2023_Austria_ZHO_3.0,29,17.0,67.11267605633803,3.5,1.025564059277833,2.0,HARD,32.05424836601307,71.714,1.2660000000000053
Austria,2023,ZHO,2023_Austria_ZHO_3.0,30,18.0,65.63380281690141,3.5,1.0260010834010465,2.0,HARD,32.05424836601307,71.71,1.2620000000000005
Austria,2023,ZHO,2023_Austria_ZHO_3.0,31,19.0,64.1549295774648,3.5,1.0264308824918082,2.0,HARD,32.05424836601307,71.779,1.331000000000003
Austria,2023,ZHO,2023_Austria_ZHO_3.0,32,20.0,62.67605633802817,3.5,1.0268538034654942,2.0,HARD,32.05424836601307,71.643,1.1950000000000074
Austria,2023,ZHO,2023_Austria_ZHO_3.0,33,21.0,61.19718309859155,3.5,1.0272701663330275,2.0,HARD,32.05424836601307,71.503,1.0550000000000068
Austria,2023,ZHO,2023_Austria_ZHO_3.0,34,22.0,59.71830985915493,3.5,1.0276802670344525,2.0,HARD,32.05424836601307,71.591,1.1430000000000007
Austria,2023,ZHO,2023_Austria_ZHO_3.0,35,23.0,58.23943661971831,3.5,1.0280843798999764,2.0,HARD,32.05424836601307,71.641,1.193000000000012
Austria,2023,ZHO,2023_Austria_ZHO_3.0,36,24.0,56.76056338028169,3.5,1.0284827597966524,2.0,HARD,32.05424836601307,71.766,1.318000000000012
Austria,2023,ZHO,2023_Austria_ZHO_3.0,37,25.0,55.28169014084507,3.5,1.028875644008427,2.0,HARD,32.05424836601307,71.896,1.4480000000000075
Austria,2023,ZHO,2023_Austria_ZHO_4.0,40,1.0,50.845070422535215,3.5,1.030023465001632,2.0,HARD,32.05424836601307,69.872,0.0
Austria,2023,ZHO,2023_Austria_ZHO_4.0,41,2.0,49.36619718309859,3.5,1.0303964416004872,2.0,HARD,32.05424836601307,70.085,0.21299999999999386
Austria,2023,ZHO,2023_Austria_ZHO_4.0,42,3.0,47.887323943661976,3.5,1.0307648967695235,2.0,HARD,32.05424836601307,69.895,0.022999999999996135
Austria,2023,ZHO,2023_Austria_ZHO_4.0,43,4.0,46.40845070422535,3.5,1.0311289910615016,2.0,HARD,32.05424836601307,70.066,0.19400000000000261
Austria,2023,ZHO,2023_Austria_ZHO_4.0,44,5.0,44.929577464788736,3.5,1.0314888757464387,2.0,HARD,32.05424836601307,71.369,1.4969999999999999
Austria,2023,ZHO,2023_Austria_ZHO_4.0,45,6.0,43.45070422535211,3.5,1.0318446935460566,2.0,HARD,32.05424836601307,71.131,1.2590000000000003
Austria,2023,ZHO,2023_Austria_ZHO_4.0,46,7.0,41.971830985915496,3.5,1.0321965792951653,2.0,HARD,32.05424836601307,69.786,-0.08599999999999852
Austria,2023,ZHO,2023_Austria_ZHO_4.0,47,8.0,40.49295774647887,3.5,1.032544660538673,2.0,HARD,32.05424836601307,69.864,-0.007999999999995566
Austria,2023,ZHO,2023_Austria_ZHO_4.0,48,9.0,39.014084507042256,3.5,1.0328890580717216,2.0,HARD,32.05424836601307,69.863,-0.009000000000000341
Austria,2023,ZHO,2023_Austria_ZHO_4.0,49,10.0,37.53521126760563,3.5,1.0332298864294278,2.0,HARD,32.05424836601307,70.644,0.7720000000000056
Austria,2023,ZHO,2023_Austria_ZHO_4.0,50,11.0,36.056338028169016,3.5,1.0335672543318675,2.0,HARD,32.05424836601307,69.893,0.021000000000000796
Austria,2023,ZHO,2023_Austria_ZHO_4.0,51,12.0,34.5774647887324,3.5,1.0339012650891952,2.0,HARD,32.05424836601307,70.079,0.20699999999999363
Austria,2023,ZHO,2023_Austria_ZHO_4.0,52,13.0,33.098591549295776,3.5,1.034232016971185,2.0,HARD,32.05424836601307,69.961,0.08899999999999864
Austria,2023,ZHO,2023_Austria_ZHO_4.0,53,14.0,31.619718309859156,3.5,1.0345596035449351,2.0,HARD,32.05424836601307,70.379,0.507000000000005
Austria,2023,ZHO,2023_Austria_ZHO_4.0,54,15.0,30.140845070422536,3.5,1.0348841139840286,2.0,HARD,32.05424836601307,70.386,0.5139999999999958
Austria,2023,ZHO,2023_Austria_ZHO_4.0,55,16.0,28.661971830985916,3.5,1.0352056333520405,2.0,HARD,32.05424836601307,70.43,0.5580000000000069
Austria,2023,ZHO,2023_Austria_ZHO_4.0,56,17.0,27.183098591549296,3.5,1.035524242862951,2.0,HARD,32.05424836601307,70.408,0.5360000000000014
Austria,2023,ZHO,2023_Austria_ZHO_4.0,57,18.0,25.704225352112676,3.5,1.0358400201207187,2.0,HARD,32.05424836601307,70.784,0.9120000000000061
Austria,2023,ZHO,2023_Austria_ZHO_4.0,58,19.0,24.225352112676056,3.5,1.0361530393400213,2.0,HARD,32.05424836601307,72.024,2.152000000000001
Austria,2023,ZHO,2023_Austria_ZHO_4.0,59,20.0,22.746478873239436,3.5,1.0364633715499367,2.0,HARD,32.05424836601307,70.294,0.42199999999999704
Austria,2023,ZHO,2023_Austria_ZHO_4.0,60,21.0,21.267605633802816,3.5,1.0367710847821536,2.0,HARD,32.05424836601307,70.487,0.6149999999999949
Austria,2023,ZHO,2023_Austria_ZHO_4.0,61,22.0,19.7887323943662,3.5,1.037076244245122,2.0,HARD,32.05424836601307,70.551,0.679000000000002
Austria,2023,ZHO,2023_Austria_ZHO_4.0,62,23.0,18.309859154929576,3.5,1.0373789124854047,2.0,HARD,32.05424836601307,70.643,0.7710000000000008
Austria,2023,ZHO,2023_Austria_ZHO_4.0,63,24.0,16.83098591549296,3.5,1.0376791495373656,2.0,HARD,32.05424836601307,70.447,0.5750000000000028
Austria,2023,ZHO,2023_Austria_ZHO_4.0,64,25.0,15.352112676056338,3.5,1.0379770130622032,2.0,HARD,32.05424836601307,70.508,0.6359999999999957
Austria,2023,ZHO,2023_Austria_ZHO_4.0,65,26.0,13.873239436619718,3.5,1.038272558477248,2.0,HARD,32.05424836601307,70.455,0.5829999999999984
Austria,2023,ZHO,2023_Austria_ZHO_4.0,66,27.0,12.3943661971831,3.5,1.0385658390763377,2.0,HARD,32.05424836601307,72.045,2.173000000000002
Austria,2023,ZHO,2023_Austria_ZHO_4.0,67,28.0,10.91549295774648,3.5,1.0388569061420179,2.0,HARD,32.05424836601307,70.253,0.3810000000000002
Austria,2023,ZHO,2023_Austria_ZHO_4.0,68,29.0,9.43661971830986,3.5,1.0391458090502315,2.0,HARD,32.05424836601307,72.254,2.382000000000005
Austria,2023,ZHO,2023_Austria_ZHO_4.0,69,30.0,7.95774647887324,3.5,1.0394325953681063,2.0,HARD,32.05424836601307,70.288,0.4159999999999968
Austria,2023,ZHO,2023_Austria_ZHO_4.0,70,31.0,6.47887323943662,3.5,1.039717310945385,2.0,HARD,32.05424836601307,70.753,0.8810000000000002
Japan,2023,ALB,2023_Japan_ALB_2.0,5,1.0,100.09433962264151,3.5,1.012285902336679,1.0,MEDIUM,42.070253164556966,101.436,0.5320000000000107
Japan,2023,ALB,2023_Japan_ALB_2.0,6,2.0,98.11320754716981,3.5,1.013458531698209,1.0,MEDIUM,42.070253164556966,101.273,0.3689999999999998
Japan,2023,ALB,2023_Japan_ALB_2.0,7,3.0,96.13207547169812,3.5,1.0145368756862325,1.0,MEDIUM,42.070253164556966,100.904,0.0
Japan,2023,ALB,2023_Japan_ALB_2.0,8,4.0,94.15094339622641,3.5,1.0155405737977161,1.0,MEDIUM,42.070253164556966,101.168,0.26400000000001
Japan,2023,ALB,2023_Japan_ALB_2.0,9,5.0,92.16981132075472,3.5,1.0164832676738427,1.0,MEDIUM,42.070253164556966,100.764,-0.14000000000000057
Japan,2023,ALB,2023_Japan_ALB_2.0,10,6.0,90.18867924528301,3.5,1.0173748897105228,1.0,MEDIUM,42.070253164556966,100.45,-0.4539999999999935
Japan,2023,ALB,2023_Japan_ALB_2.0,11,7.0,88.20754716981132,3.5,1.0182229380643768,1.0,MEDIUM,42.070253164556966,101.14,0.2360000000000042
Japan,2023,ALB,2023_Japan_ALB_3.0,15,1.0,80.28301886792453,3.5,1.0212798070639573,0.0,SOFT,42.070253164556966,99.185,0.0
Japan,2023,ALB,2023_Japan_ALB_3.0,16,2.0,78.30188679245283,3.5,1.0219776902317903,0.0,SOFT,42.070253164556966,99.549,0.3640000000000043
Japan,2023,ALB,2023_Japan_ALB_3.0,17,3.0,76.32075471698113,3.5,1.0226540845581942,0.0,SOFT,42.070253164556966,99.93,0.7450000000000045
Japan,2023,ALB,2023_Japan_ALB_3.0,18,4.0,74.33962264150944,3.5,1.0233108606965744,0.0,SOFT,42.070253164556966,100.339,1.1539999999999964
Japan,2023,ALB,2023_Japan_ALB_3.0,19,5.0,72.35849056603773,3.5,1.0239496326832036,0.0,SOFT,42.070253164556966,99.872,0.6869999999999976
Japan,2023,ALB,2023_Japan_ALB_3.0,20,6.0,70.37735849056604,3.5,1.024571804673358,0.0,SOFT,42.070253164556966,100.098,0.9129999999999967
Japan,2023,ALB,2023_Japan_ALB_3.0,21,7.0,68.39622641509433,3.5,1.0251786072718676,0.0,SOFT,42.070253164556966,100.421,1.2360000000000042
Japan,2023,ALB,2023_Japan_ALB_3.0,22,8.0,66.41509433962264,3.5,1.0257711261569267,0.0,SOFT,42.070253164556966,100.071,0.8859999999999957
Japan,2023,ALB,2023_Japan_ALB_3.0,23,9.0,64.43396226415095,3.5,1.0263503249058055,0.0,SOFT,42.070253164556966,99.919,0.7339999999999947
Japan,2023,ALB,2023_Japan_ALB_3.0,24,10.0,62.45283018867924,3.5,1.0269170633964182,0.0,SOFT,42.070253164556966,100.147,0.9620000000000033
Japan,2023,ALB,2023_Japan_ALB_3.0,25,11.0,60.471698113207545,3.5,1.0274721127897377,0.0,SOFT,42.070253164556966,100.286,1.100999999999999
Japan,2023,ALO,2023_Japan_ALO_1.0,5,1.0,100.09433962264151,3.5,1.012285902336679,0.0,SOFT,42.070253164556966,99.508,0.36999999999999034
Japan,2023,ALO,2023_Japan_ALO_1.0,6,2.0,98.11320754716981,3.5,1.013458531698209,0.0,SOFT,42.070253164556966,99.488,0.3499999999999943
Japan,2023,ALO,2023_Japan_ALO_1.0,7,3.0,96.13207547169812,3.5,1.0145368756862325,0.0,SOFT,42.070253164556966,99.138,0.0
Japan,2023,ALO,2023_Japan_ALO_1.0,8,4.0,94.15094339622641,3.5,1.0155405737977161,0.0,SOFT,42.070253164556966,99.15,0.012000000000000455
Japan,2023,ALO,2023_Japan_ALO_1.0,9,5.0,92.16981132075472,3.5,1.0164832676738427,0.0,SOFT,42.070253164556966,99.884,0.7459999999999951
Japan,2023,ALO,2023_Japan_ALO_1.0,10,6.0,90.18867924528301,3.5,1.0173748897105228,0.0,SOFT,42.070253164556966,99.697,0.5589999999999975
Japan,2023,ALO,2023_Japan_ALO_2.0,15,1.0,80.28301886792453,3.5,1.0212798070639573,2.0,HARD,42.070253164556966,98.126,0.0
Japan,2023,ALO,2023_Japan_ALO_2.0,16,2.0,78.30188679245283,3.5,1.0219776902317903,2.0,HARD,42.070253164556966,98.651,0.5249999999999915
Japan,2023,ALO,2023_Japan_ALO_2.0,17,3.0,76.32075471698113,3.5,1.0226540845581942,2.0,HARD,42.070253164556966,98.412,0.28600000000000136
Japan,2023,ALO,2023_Japan_ALO_2.0,18,4.0,74.33962264150944,3.5,1.0233108606965744,2.0,HARD,42.070253164556966,99.263,1.1370000000000005
Japan,2023,ALO,2023_Japan_ALO_2.0,19,5.0,72.35849056603773,3.5,1.0239496326832036,2.0,HARD,42.070253164556966,100.092,1.965999999999994
Japan,2023,ALO,2023_Japan_ALO_2.0,20,6.0,70.37735849056604,3.5,1.024571804673358,2.0,HARD,42.070253164556966,101.133,3.006999999999991
Japan,2023,ALO,2023_Japan_ALO_2.0,21,7.0,68.39622641509433,3.5,1.0251786072718676,2.0,HARD,42.070253164556966,101.105,2.978999999999999
Japan,2023,ALO,2023_Japan_ALO_2.0,22,8.0,66.41509433962264,3.5,1.0257711261569267,2.0,HARD,42.070253164556966,100.041,1.914999999999992
Japan,2023,ALO,2023_Japan_ALO_2.0,23,9.0,64.43396226415095,3.5,1.0263503249058055,2.0,HARD,42.070253164556966,101.023,2.8969999999999914
Japan,2023,ALO,2023_Japan_ALO_2.0,24,10.0,62.45283018867924,3.5,1.0269170633964182,2.0,HARD,42.070253164556966,99.754,1.6280000000000001
Japan,2023,ALO,2023_Japan_ALO_3.0,27,1.0,56.509433962264154,3.5,1.0285498570858531,2.0,HARD,42.070253164556966,97.308,0.10500000000000398
Japan,2023,ALO,2023_Japan_ALO_3.0,28,2.0,54.528301886792455,3.5,1.0290737513724653,2.0,HARD,42.070253164556966,97.203,0.0
Japan,2023,ALO,2023_Japan_ALO_3.0,29,3.0,52.54716981132076,3.5,1.0295883709945852,2.0,HARD,42.070253164556966,98.749,1.5459999999999923
Japan,2023,ALO,2023_Japan_ALO_3.0,30,4.0,50.56603773584906,3.5,1.0300941917545312,2.0,HARD,42.070253164556966,97.273,0.06999999999999318
Japan,2023,ALO,2023_Japan_ALO_3.0,31,5.0,48.58490566037736,3.5,1.03059165011247,2.0,HARD,42.070253164556966,97.582,0.3789999999999907
Japan,2023,ALO,2023_Japan_ALO_3.0,32,6.0,46.60377358490566,3.5,1.0310811475954325,2.0,HARD,42.070253164556966,97.628,0.42499999999999716
Japan,2023,ALO,2023_Japan_ALO_3.0,33,7.0,44.62264150943396,3.5,1.0315630545906815,2.0,HARD,42.070253164556966,97.335,0.1319999999999908
Japan,2023,ALO,2023_Japan_ALO_3.0,34,8.0,42.64150943396226,3.5,1.0320377136253451,2.0,HARD,42.070253164556966,97.461,0.25799999999999557
Japan,2023,ALO,2023_Japan_ALO_3.0,35,9.0,40.660377358490564,3.5,1.03250544221488,2.0,HARD,42.070253164556966,98.27,1.066999999999993
Japan,2023,ALO,2023_Japan_ALO_3.0,36,10.0,38.679245283018865,3.5,1.0329665353476853,2.0,HARD,42.070253164556966,98.009,0.8059999999999974
Japan,2023,ALO,2023_Japan_ALO_3.0,37,11.0,36.698113207547166,3.5,1.0334212676611088,2.0,HARD,42.070253164556966,98.139,0.9359999999999928
Japan,2023,ALO,2023_Japan_ALO_3.0,38,12.0,34.716981132075475,3.5,1.0338698953544405,2.0,HARD,42.070253164556966,98.0,0.796999999999997
Japan,2023,ALO,2023_Japan_ALO_3.0,39,13.0,32.73584905660377,3.5,1.0343126578767374,2.0,HARD,42.070253164556966,98.036,0.8329999999999984
Japan,2023,ALO,2023_Japan_ALO_3.0,40,14.0,30.754716981132077,3.5,1.0347497794210456,2.0,HARD,42.070253164556966,98.059,0.8559999999999945
Japan,2023,ALO,2023_Japan_ALO_3.0,41,15.0,28.77358490566038,3.5,1.0351814702514919,2.0,HARD,42.070253164556966,98.182,0.9789999999999992
Japan,2023,ALO,2023_Japan_ALO_3.0,42,16.0,26.79245283018868,3.5,1.035607927885541,2.0,HARD,42.070253164556966,98.357,1.1539999999999964
Japan,2023,ALO,2023_Japan_ALO_3.0,43,17.0,24.81132075471698,3.5,1.0360293381502792,2.0,HARD,42.070253164556966,98.413,1.2099999999999937
Japan,2023,ALO,2023_Japan_ALO_3.0,44,18.0,22.830188679245282,3.5,1.0364458761287536,2.0,HARD,42.070253164556966,98.699,1.4959999999999951
Japan,2023,ALO,2023_Japan_ALO_3.0,45,19.0,20.849056603773583,3.5,1.036857707010037,2.0,HARD,42.070253164556966,98.432,1.2289999999999992
Japan,2023,ALO,2023_Japan_ALO_3.0,46,20.0,18.867924528301884,3.5,1.0372649868547277,2.0,HARD,42.070253164556966,98.413,1.2099999999999937
Japan,2023,ALO,2023_Japan_ALO_3.0,47,21.0,16.88679245283019,3.5,1.0376678632859404,2.0,HARD,42.070253164556966,98.637,1.4339999999999975
Japan,2023,ALO,2023_Japan_ALO_3.0,48,22.0,14.90566037735849,3.5,1.038066476114471,2.0,HARD,42.070253164556966,98.406,1.203000000000003
Japan,2023,ALO,2023_Japan_ALO_3.0,49,23.0,12.924528301886792,3.5,1.038460957905633,2.0,HARD,42.070253164556966,98.809,1.6059999999999945
Japan,2023,ALO,2023_Japan_ALO_3.0,50,24.0,10.943396226415095,3.5,1.0388514344942905,2.0,HARD,42.070253164556966,99.155,1.9519999999999982
Japan,2023,ALO,2023_Japan_ALO_3.0,51,25.0,8.962264150943396,3.5,1.0392380254537539,2.0,HARD,42.070253164556966,99.221,2.0180000000000007
Japan,2023,ALO,2023_Japan_ALO_3.0,52,26.0,6.981132075471698,3.5,1.0396208445234918,2.0,HARD,42.070253164556966,99.232,2.0289999999999964
Japan,2023,ALO,2023_Japan_ALO_3.0,53,27.0,5.0,3.5,1.04,2.0,HARD,42.070253164556966,99.65,2.4470000000000027
Japan,2023,GAS,2023_Japan_GAS_1.0,5,1.0,100.09433962264151,3.5,1.012285902336679,1.0,MEDIUM,42.070253164556966,100.27,0.11599999999999966
Japan,2023,GAS,2023_Japan_GAS_1.0,6,2.0,98.11320754716981,3.5,1.013458531698209,1.0,MEDIUM,42.070253164556966,100.284,0.13000000000000966
Japan,2023,GAS,2023_Japan_GAS_1.0,7,3.0,96.13207547169812,3.5,1.0145368756862325,1.0,MEDIUM,42.070253164556966,100.154,0.0
Japan,2023,GAS,2023_Japan_GAS_1.0,8,4.0,94.15094339622641,3.5,1.0155405737977161,1.0,MEDIUM,42.070253164556966,100.256,0.10200000000000387
Japan,2023,GAS,2023_Japan_GAS_1.0,9,5.0,92.16981132075472,3.5,1.0164832676738427,1.0,MEDIUM,42.070253164556966,99.96,-0.19400000000000261
Japan,2023,GAS,2023_Japan_GAS_1.0,10,6.0,90.18867924528301,3.5,1.0173748897105228,1.0,MEDIUM,42.070253164556966,100.248,0.0940000000000083
Japan,2023,GAS,2023_Japan_GAS_1.0,11,7.0,88.20754716981132,3.5,1.0182229380643768,1.0,MEDIUM,42.070253164556966,100.283,0.1290000000000049
Japan,2023,GAS,2023_Japan_GAS_1.0,15,8.0,80.28301886792453,3.5,1.0212798070639573,1.0,MEDIUM,42.070253164556966,100.886,0.7319999999999993
Japan,2023,GAS,2023_Japan_GAS_1.0,16,9.0,78.30188679245283,3.5,1.0219776902317903,1.0,MEDIUM,42.070253164556966,100.451,0.29699999999999704
Japan,2023,GAS,2023_Japan_GAS_1.0,17,10.0,76.32075471698113,3.5,1.0226540845581942,1.0,MEDIUM,42.070253164556966,100.032,-0.12199999999999989
Japan,2023,GAS,2023_Japan_GAS_2.0,20,1.0,70.37735849056604,3.5,1.024571804673358,2.0,HARD,42.070253164556966,97.279,0.0
Japan,2023,GAS,2023_Japan_GAS_2.0,21,2.0,68.39622641509433,3.5,1.0251786072718676,2.0,HARD,42.070253164556966,100.098,2.8190000000000026
Japan,2023,GAS,2023_Japan_GAS_2.0,22,3.0,66.41509433962264,3.5,1.0257711261569267,2.0,HARD,42.070253164556966,98.181,0.902000000000001
Japan,2023,GAS,2023_Japan_GAS_2.0,23,4.0,64.43396226415095,3.5,1.0263503249058055,2.0,HARD,42.070253164556966,98.656,1.3770000000000095
Japan,2023,GAS,2023_Japan_GAS_2.0,24,5.0,62.45283018867924,3.5,1.0269170633964182,2.0,HARD,42.070253164556966,98.243,0.9639999999999986
Japan,2023,GAS,2023_Japan_GAS_2.0,25,6.0,60.471698113207545,3.5,1.0274721127897377,2.0,HARD,42.070253164556966,99.012,1.733000000000004
Japan,2023,GAS,2023_Japan_GAS_2.0,26,7.0,58.490566037735846,3.5,1.028016167838899,2.0,HARD,42.070253164556966,98.692,1.4129999999999967
Japan,2023,GAS,2023_Japan_GAS_2.0,27,8.0,56.509433962264154,3.5,1.0285498570858531,2.0,HARD,42.070253164556966,98.607,1.328000000000003
Japan,2023,GAS,2023_Japan_GAS_2.0,28,9.0,54.528301886792455,3.5,1.0290737513724653,2.0,HARD,42.070253164556966,98.858,1.5790000000000077
Japan,2023,GAS,2023_Japan_GAS_2.0,29,10.0,52.54716981132076,3.5,1.0295883709945852,2.0,HARD,42.070253164556966,99.041,1.7620000000000005
Japan,2023,GAS,2023_Japan_GAS_2.0,30,11.0,50.56603773584906,3.5,1.0300941917545312,2.0,HARD,42.070253164556966,98.819,1.5400000000000063
Japan,2023,GAS,2023_Japan_GAS_2.0,31,12.0,48.58490566037736,3.5,1.03059165011247,2.0,HARD,42.070253164556966,98.826,1.546999999999997
Japan,2023,GAS,2023_Japan_GAS_2.0,32,13.0,46.60377358490566,3.5,1.0310811475954325,2.0,HARD,42.070253164556966,98.894,1.615000000000009
Japan,2023,GAS,2023_Japan_GAS_2.0,33,14.0,44.62264150943396,3.5,1.0315630545906815,2.0,HARD,42.070253164556966,98.849,1.5700000000000074
Japan,2023,GAS,2023_Japan_GAS_3.0,36,1.0,38.679245283018865,3.5,1.0329665353476853,2.0,HARD,42.070253164556966,96.371,0.0
Japan,2023,GAS,2023_Japan_GAS_3.0,37,2.0,36.698113207547166,3.5,1.0334212676611088,2.0,HARD,42.070253164556966,97.0,0.6290000000000049
Japan,2023,GAS,2023_Japan_GAS_3.0,38,3.0,34.716981132075475,3.5,1.0338698953544405,2.0,HARD,42.070253164556966,97.203,0.8320000000000078
Japan,2023,GAS,2023_Japan_GAS_3.0,39,4.0,32.73584905660377,3.5,1.0343126578767374,2.0,HARD,42.070253164556966,96.98,0.6090000000000089
Japan,2023,GAS,2023_Japan_GAS_3.0,40,5.0,30.754716981132077,3.5,1.0347497794210456,2.0,HARD,42.070253164556966,96.96,0.5889999999999986
Japan,2023,GAS,2023_Japan_GAS_3.0,41,6.0,28.77358490566038,3.5,1.0351814702514919,2.0,HARD,42.070253164556966,97.249,0.8780000000000001
Japan,2023,GAS,2023_Japan_GAS_3.0,42,7.0,26.79245283018868,3.5,1.035607927885541,2.0,HARD,42.070253164556966,97.2,0.8290000000000077
Japan,2023,GAS,2023_Japan_GAS_3.0,43,8.0,24.81132075471698,3.5,1.0360293381502792,2.0,HARD,42.070253164556966,97.551,1.1800000000000068
Japan,2023,GAS,2023_Japan_GAS_3.0,44,9.0,22.830188679245282,3.5,1.0364458761287536,2.0,HARD,42.070253164556966,97.733,1.362000000000009
Japan,2023,GAS,2023_Japan_GAS_3.0,45,10.0,20.849056603773583,3.5,1.036857707010037,2.0,HARD,42.070253164556966,97.792,1.4210000000000065
Japan,2023,GAS,2023_Japan_GAS_3.0,46,11.0,18.867924528301884,3.5,1.0372649868547277,2.0,HARD,42.070253164556966,97.761,1.3900000000000006
Japan,2023,GAS,2023_Japan_GAS_3.0,47,12.0,16.88679245283019,3.5,1.0376678632859404,2.0,HARD,42.070253164556966,98.066,1.6950000000000074
Japan,2023,GAS,2023_Japan_GAS_3.0,48,13.0,14.90566037735849,3.5,1.038066476114471,2.0,HARD,42.070253164556966,98.134,1.7630000000000052
Japan,2023,GAS,2023_Japan_GAS_3.0,49,14.0,12.924528301886792,3.5,1.038460957905633,2.0,HARD,42.070253164556966,97.977,1.6060000000000088
Japan,2023,GAS,2023_Japan_GAS_3.0,50,15.0,10.943396226415095,3.5,1.0388514344942905,2.0,HARD,42.070253164556966,98.149,1.7780000000000058
Japan,2023,GAS,2023_Japan_GAS_3.0,51,16.0,8.962264150943396,3.5,1.0392380254537539,2.0,HARD,42.070253164556966,97.949,1.578000000000003
Japan,2023,GAS,2023_Japan_GAS_3.0,52,17.0,6.981132075471698,3.5,1.0396208445234918,2.0,HARD,42.070253164556966,98.242,1.8710000000000093
Japan,2023,GAS,2023_Japan_GAS_3.0,53,18.0,5.0,3.5,1.04,2.0,HARD,42.070253164556966,104.267,7.896000000000001
Japan,2023,HAM,2023_Japan_HAM_1.0,5,1.0,100.09433962264151,3.5,1.012285902336679,1.0,MEDIUM,42.070253164556966,100.176,1.3900000000000006
Japan,2023,HAM,2023_Japan_HAM_1.0,6,2.0,98.11320754716981,3.5,1.013458531698209,1.0,MEDIUM,42.070253164556966,98.786,0.0
Japan,2023,HAM,2023_Japan_HAM_1.0,7,3.0,96.13207547169812,3.5,1.0145368756862325,1.0,MEDIUM,42.070253164556966,99.274,0.48799999999999955
Japan,2023,HAM,2023_Japan_HAM_1.0,8,4.0,94.15094339622641,3.5,1.0155405737977161,1.0,MEDIUM,42.070253164556966,99.077,0.2909999999999968
Japan,2023,HAM,2023_Japan_HAM_1.0,9,5.0,92.16981132075472,3.5,1.0164832676738427,1.0,MEDIUM,42.070253164556966,99.706,0.9200000000000017
Japan,2023,HAM,2023_Japan_HAM_1.0,10,6.0,90.18867924528301,3.5,1.0173748897105228,1.0,MEDIUM,42.070253164556966,99.952,1.1659999999999968
Japan,2023,HAM,2023_Japan_HAM_1.0,11,7.0,88.20754716981132,3.5,1.0182229380643768,1.0,MEDIUM,42.070253164556966,99.65,0.8640000000000043
Japan,2023,HAM,2023_Japan_HAM_1.0,13,8.0,84.24528301886792,3.5,1.019810422261746,1.0,MEDIUM,42.070253164556966,99.532,0.7459999999999951
Japan,2023,HAM,2023_Japan_HAM_1.0,15,9.0,80.28301886792453,3.5,1.0212798070639573,1.0,MEDIUM,42.070253164556966,99.055,0.26900000000000546
Japan,2023,HAM,2023_Japan_HAM_2.0,18,1.0,74.33962264150944,3.5,1.0233108606965744,2.0,HARD,42.070253164556966,97.489,0.0
Japan,2023,HAM,2023_Japan_HAM_2.0,19,2.0,72.35849056603773,3.5,1.0239496326832036,2.0,HARD,42.070253164556966,97.878,0.3889999999999958
Japan,2023,HAM,2023_Japan_HAM_2.0,20,3.0,70.37735849056604,3.5,1.024571804673358,2.0,HARD,42.070253164556966,98.519,1.0300000000000011
Japan,2023,HAM,2023_Japan_HAM_2.0,21,4.0,68.39622641509433,3.5,1.0251786072718676,2.0,HARD,42.070253164556966,99.752,2.262999999999991
Japan,2023,HAM,2023_Japan_HAM_2.0,22,5.0,66.41509433962264,3.5,1.0257711261569267,2.0,HARD,42.070253164556966,98.12,0.6310000000000002
Japan,2023,HAM,2023_Japan_HAM_2.0,23,6.0,64.43396226415095,3.5,1.0263503249058055,2.0,HARD,42.070253164556966,98.568,1.0789999999999935
Japan,2023,HAM,2023_Japan_HAM_2.0,24,7.0,62.45283018867924,3.5,1.0269170633964182,2.0,HARD,42.070253164556966,98.225,0.73599999999999
Japan,2023,HAM,2023_Japan_HAM_2.0,25,8.0,60.471698113207545,3.5,1.0274721127897377,2.0,HARD,42.070253164556966,97.905,0.4159999999999968
Japan,2023,HAM,2023_Japan_HAM_2.0,26,9.0,58.490566037735846,3.5,1.028016167838899,2.0,HARD,42.070253164556966,98.296,0.8070000000000022
Japan,2023,HAM,2023_Japan_HAM_2.0,27,10.0,56.509433962264154,3.5,1.0285498570858531,2.0,HARD,42.070253164556966,98.337,0.847999999999999
Japan,2023,HAM,2023_Japan_HAM_2.0,28,11.0,54.528301886792455,3.5,1.0290737513724653,2.0,HARD,42.070253164556966,98.665,1.176000000000002
Japan,2023,HAM,2023_Japan_HAM_2.0,29,12.0,52.54716981132076,3.5,1.0295883709945852,2.0,HARD,42.070253164556966,98.542,1.0529999999999973
Japan,2023,HAM,2023_Japan_HAM_2.0,30,13.0,50.56603773584906,3.5,1.0300941917545312,2.0,HARD,42.070253164556966,98.333,0.8439999999999941
Japan,2023,HAM,2023_Japan_HAM_2.0,31,14.0,48.58490566037736,3.5,1.03059165011247,2.0,HARD,42.070253164556966,98.866,1.3769999999999953
Japan,2023,HAM,2023_Japan_HAM_2.0,32,15.0,46.60377358490566,3.5,1.0310811475954325,2.0,HARD,42.070253164556966,98.605,1.1159999999999997
Japan,2023,HAM,2023_Japan_HAM_2.0,33,16.0,44.62264150943396,3.5,1.0315630545906815,2.0,HARD,42.070253164556966,98.377,0.887999999999991
Japan,2023,HAM,2023_Japan_HAM_3.0,36,1.0,38.679245283018865,3.5,1.0329665353476853,2.0,HARD,42.070253164556966,95.611,0.0
Japan,2023,HAM,2023_Japan_HAM_3.0,37,2.0,36.698113207547166,3.5,1.0334212676611088,2.0,HARD,42.070253164556966,96.182,0.570999999999998
Japan,2023,HAM,2023_Japan_HAM_3.0,38,3.0,34.716981132075475,3.5,1.0338698953544405,2.0,HARD,42.070253164556966,96.736,1.125
Japan,2023,HAM,2023_Japan_HAM_3.0,39,4.0,32.73584905660377,3.5,1.0343126578767374,2.0,HARD,42.070253164556966,96.509,0.8979999999999961
Japan,2023,HAM,2023_Japan_HAM_3.0,40,5.0,30.754716981132077,3.5,1.0347497794210456,2.0,HARD,42.070253164556966,97.118,1.5069999999999908
Japan,2023,HAM,2023_Japan_HAM_3.0,41,6.0,28.77358490566038,3.5,1.0351814702514919,2.0,HARD,42.070253164556966,97.243,1.6319999999999908
Japan,2023,HAM,2023_Japan_HAM_3.0,42,7.0,26.79245283018868,3.5,1.035607927885541,2.0,HARD,42.070253164556966,97.47,1.8589999999999947
Japan,2023,HAM,2023_Japan_HAM_3.0,43,8.0,24.81132075471698,3.5,1.0360293381502792,2.0,HARD,42.070253164556966,97.293,1.6820000000000022
Japan,2023,HAM,2023_Japan_HAM_3.0,44,9.0,22.830188679245282,3.5,1.0364458761287536,2.0,HARD,42.070253164556966,97.265,1.6539999999999964
Japan,2023,HAM,2023_Japan_HAM_3.0,45,10.0,20.849056603773583,3.5,1.036857707010037,2.0,HARD,42.070253164556966,97.217,1.6059999999999945
Japan,2023,HAM,2023_Japan_HAM_3.0,46,11.0,18.867924528301884,3.5,1.0372649868547277,2.0,HARD,42.070253164556966,97.999,2.387999999999991
Japan,2023,HAM,2023_Japan_HAM_3.0,47,12.0,16.88679245283019,3.5,1.0376678632859404,2.0,HARD,42.070253164556966,98.451,2.839999999999989
Japan,2023,HAM,2023_Japan_HAM_3.0,48,13.0,14.90566037735849,3.5,1.038066476114471,2.0,HARD,42.070253164556966,98.416,2.8049999999999926
Japan,2023,HAM,2023_Japan_HAM_3.0,49,14.0,12.924528301886792,3.5,1.038460957905633,2.0,HARD,42.070253164556966,98.74,3.1289999999999907
Japan,2023,HAM,2023_Japan_HAM_3.0,50,15.0,10.943396226415095,3.5,1.0388514344942905,2.0,HARD,42.070253164556966,97.417,1.8059999999999974
Japan,2023,HAM,2023_Japan_HAM_3.0,51,16.0,8.962264150943396,3.5,1.0392380254537539,2.0,HARD,42.070253164556966,97.531,1.9200000000000017
Japan,2023,HAM,2023_Japan_HAM_3.0,52,17.0,6.981132075471698,3.5,1.0396208445234918,2.0,HARD,42.070253164556966,97.352,1.7409999999999997
Japan,2023,HAM,2023_Japan_HAM_3.0,53,18.0,5.0,3.5,1.04,2.0,HARD,42.070253164556966,97.353,1.7419999999999902
Japan,2023,HUL,2023_Japan_HUL_2.0,10,1.0,90.18867924528301,3.5,1.0173748897105228,1.0,MEDIUM,42.070253164556966,98.724,0.0
Japan,2023,HUL,2023_Japan_HUL_2.0,11,2.0,88.20754716981132,3.5,1.0182229380643768,1.0,MEDIUM,42.070253164556966,99.849,1.125
Japan,2023,HUL,2023_Japan_HUL_2.0,15,3.0,80.28301886792453,3.5,1.0212798070639573,1.0,MEDIUM,42.070253164556966,99.628,0.9039999999999964
Japan,2023,HUL,2023_Japan_HUL_2.0,16,4.0,78.30188679245283,3.5,1.0219776902317903,1.0,MEDIUM,42.070253164556966,99.635,0.9110000000000014
Japan,2023,HUL,2023_Japan_HUL_2.0,17,5.0,76.32075471698113,3.5,1.0226540845581942,1.0,MEDIUM,42.070253164556966,100.133,1.4089999999999918
Japan,2023,HUL,2023_Japan_HUL_2.0,18,6.0,74.33962264150944,3.5,1.0233108606965744,1.0,MEDIUM,42.070253164556966,101.398,2.6739999999999924
Japan,2023,HUL,2023_Japan_HUL_2.0,19,7.0,72.35849056603773,3.5,1.0239496326832036,1.0,MEDIUM,42.070253164556966,100.325,1.600999999999999
Japan,2023,HUL,2023_Japan_HUL_2.0,20,8.0,70.37735849056604,3.5,1.024571804673358,1.0,MEDIUM,42.070253164556966,100.577,1.8529999999999944
Japan,2023,HUL,2023_Japan_HUL_3.0,23,1.0,64.43396226415095,3.5,1.0263503249058055,2.0,HARD,42.070253164556966,99.327,0.9989999999999952
Japan,2023,HUL,2023_Japan_HUL_3.0,24,2.0,62.45283018867924,3.5,1.0269170633964182,2.0,HARD,42.070253164556966,98.328,0.0
Japan,2023,HUL,2023_Japan_HUL_3.0,25,3.0,60.471698113207545,3.5,1.0274721127897377,2.0,HARD,42.070253164556966,98.587,0.25900000000000034
Japan,2023,HUL,2023_Japan_HUL_3.0,26,4.0,58.490566037735846,3.5,1.028016167838899,2.0,HARD,42.070253164556966,98.418,0.09000000000000341
Japan,2023,HUL,2023_Japan_HUL_3.0,27,5.0,56.509433962264154,3.5,1.0285498570858531,2.0,HARD,42.070253164556966,98.322,-0.006000000000000227
Japan,2023,HUL,2023_Japan_HUL_3.0,28,6.0,54.528301886792455,3.5,1.0290737513724653,2.0,HARD,42.070253164556966,98.809,0.48099999999999454
Japan,2023,HUL,2023_Japan_HUL_3.0,29,7.0,52.54716981132076,3.5,1.0295883709945852,2.0,HARD,42.070253164556966,98.541,0.21299999999999386
Japan,2023,HUL,2023_Japan_HUL_3.0,30,8.0,50.56603773584906,3.5,1.0300941917545312,2.0,HARD,42.070253164556966,98.623,0.2950000000000017
Japan,2023,HUL,2023_Japan_HUL_3.0,31,9.0,48.58490566037736,3.5,1.03059165011247,2.0,HARD,42.070253164556966,99.032,0.7039999999999935
Japan,2023,HUL,2023_Japan_HUL_3.0,32,10.0,46.60377358490566,3.5,1.0310811475954325,2.0,HARD,42.070253164556966,98.492,0.16400000000000148
Japan,2023,HUL,2023_Japan_HUL_3.0,33,11.0,44.62264150943396,3.5,1.0315630545906815,2.0,HARD,42.070253164556966,98.55,0.2219999999999942
Japan,2023,HUL,2023_Japan_HUL_3.0,34,12.0,42.64150943396226,3.5,1.0320377136253451,2.0,HARD,42.070253164556966,98.661,0.3329999999999984
Japan,2023,HUL,2023_Japan_HUL_3.0,35,13.0,40.660377358490564,3.5,1.03250544221488,2.0,HARD,42.070253164556966,99.028,0.7000000000000028
Japan,2023,HUL,2023_Japan_HUL_3.0,36,14.0,38.679245283018865,3.5,1.0329665353476853,2.0,HARD,42.070253164556966,99.961,1.6329999999999956
Japan,2023,HUL,2023_Japan_HUL_4.0,39,1.0,32.73584905660377,3.5,1.0343126578767374,1.0,MEDIUM,42.070253164556966,98.39,0.9950000000000045
Japan,2023,HUL,2023_Japan_HUL_4.0,40,2.0,30.754716981132077,3.5,1.0347497794210456,1.0,MEDIUM,42.070253164556966,97.656,0.2610000000000099
Japan,2023,HUL,2023_Japan_HUL_4.0,41,3.0,28.77358490566038,3.5,1.0351814702514919,1.0,MEDIUM,42.070253164556966,97.395,0.0
Japan,2023,HUL,2023_Japan_HUL_4.0,42,4.0,26.79245283018868,3.5,1.035607927885541,1.0,MEDIUM,42.070253164556966,97.309,-0.08599999999999852
Japan,2023,HUL,2023_Japan_HUL_4.0,43,5.0,24.81132075471698,3.5,1.0360293381502792,1.0,MEDIUM,42.070253164556966,97.445,0.04999999999999716
Japan,2023,HUL,2023_Japan_HUL_4.0,44,6.0,22.830188679245282,3.5,1.0364458761287536,1.0,MEDIUM,42.070253164556966,97.25,-0.14499999999999602
Japan,2023,HUL,2023_Japan_HUL_4.0,45,7.0,20.849056603773583,3.5,1.036857707010037,1.0,MEDIUM,42.070253164556966,99.136,1.7409999999999997
Japan,2023,HUL,2023_Japan_HUL_4.0,46,8.0,18.867924528301884,3.5,1.0372649868547277,1.0,MEDIUM,42.070253164556966,97.811,0.416000000000011
Japan,2023,HUL,2023_Japan_HUL_4.0,47,9.0,16.88679245283019,3.5,1.0376678632859404,1.0,MEDIUM,42.070253164556966,97.628,0.2330000000000041
Japan,2023,HUL,2023_Japan_HUL_4.0,48,10.0,14.90566037735849,3.5,1.038066476114471,1.0,MEDIUM,42.070253164556966,97.86,0.4650000000000034
Japan,2023,HUL,2023_Japan_HUL_4.0,49,11.0,12.924528301886792,3.5,1.038460957905633,1.0,MEDIUM,42.070253164556966,97.713,0.31799999999999784
Japan,2023,HUL,2023_Japan_HUL_4.0,50,12.0,10.943396226415095,3.5,1.0388514344942905,1.0,MEDIUM,42.070253164556966,97.655,0.2600000000000051
Japan,2023,HUL,2023_Japan_HUL_4.0,51,13.0,8.962264150943396,3.5,1.0392380254537539,1.0,MEDIUM,42.070253164556966,97.744,0.34900000000000375
Japan,2023,HUL,2023_Japan_HUL_4.0,52,14.0,6.981132075471698,3.5,1.0396208445234918,1.0,MEDIUM,42.070253164556966,97.929,0.534000000000006
Japan,2023,LAW,2023_Japan_LAW_2.0,15,1.0,80.28301886792453,3.5,1.0212798070639573,1.0,MEDIUM,42.070253164556966,99.871,0.1559999999999917
Japan,2023,LAW,2023_Japan_LAW_2.0,16,2.0,78.30188679245283,3.5,1.0219776902317903,1.0,MEDIUM,42.070253164556966,99.715,0.0
Japan,2023,LAW,2023_Japan_LAW_2.0,17,3.0,76.32075471698113,3.5,1.0226540845581942,1.0,MEDIUM,42.070253164556966,100.392,0.6769999999999925
Japan,2023,LAW,2023_Japan_LAW_2.0,18,4.0,74.33962264150944,3.5,1.0233108606965744,1.0,MEDIUM,42.070253164556966,100.279,0.563999999999993
Japan,2023,LAW,2023_Japan_LAW_2.0,19,5.0,72.35849056603773,3.5,1.0239496326832036,1.0,MEDIUM,42.070253164556966,100.178,0.46299999999999386
Japan,2023,LAW,2023_Japan_LAW_2.0,20,6.0,70.37735849056604,3.5,1.024571804673358,1.0,MEDIUM,42.070253164556966,100.586,0.8709999999999951
Japan,2023,LAW,2023_Japan_LAW_2.0,21,7.0,68.39622641509433,3.5,1.0251786072718676,1.0,MEDIUM,42.070253164556966,101.015,1.2999999999999972
Japan,2023,LAW,2023_Japan_LAW_2.0,22,8.0,66.41509433962264,3.5,1.0257711261569267,1.0,MEDIUM,42.070253164556966,100.809,1.093999999999994
Japan,2023,LAW,2023_Japan_LAW_2.0,23,9.0,64.43396226415095,3.5,1.0263503249058055,1.0,MEDIUM,42.070253164556966,101.565,1.8499999999999943
Japan,2023,LAW,2023_Japan_LAW_2.0,24,10.0,62.45283018867924,3.5,1.0269170633964182,1.0,MEDIUM,42.070253164556966,100.596,0.8810000000000002
Japan,2023,LAW,2023_Japan_LAW_3.0,27,1.0,56.509433962264154,3.5,1.0285498570858531,2.0,HARD,42.070253164556966,98.667,0.0
Japan,2023,LAW,2023_Japan_LAW_3.0,28,2.0,54.528301886792455,3.5,1.0290737513724653,2.0,HARD,42.070253164556966,98.832,0.16499999999999204
Japan,2023,LAW,2023_Japan_LAW_3.0,29,3.0,52.54716981132076,3.5,1.0295883709945852,2.0,HARD,42.070253164556966,99.124,0.45699999999999363
Japan,2023,LAW,2023_Japan_LAW_3.0,30,4.0,50.56603773584906,3.5,1.0300941917545312,2.0,HARD,42.070253164556966,98.819,0.15200000000000102
Japan,2023,LAW,2023_Japan_LAW_3.0,31,5.0,48.58490566037736,3.5,1.03059165011247,2.0,HARD,42.070253164556966,99.327,0.6599999999999966
Japan,2023,LAW,2023_Japan_LAW_3.0,32,6.0,46.60377358490566,3.5,1.0310811475954325,2.0,HARD,42.070253164556966,98.802,0.13500000000000512
Japan,2023,LAW,2023_Japan_LAW_3.0,33,7.0,44.62264150943396,3.5,1.0315630545906815,2.0,HARD,42.070253164556966,98.642,-0.025000000000005684
Japan,2023,LAW,2023_Japan_LAW_3.0,34,8.0,42.64150943396226,3.5,1.0320377136253451,2.0,HARD,42.070253164556966,98.397,-0.269999999999996
Japan,2023,LAW,2023_Japan_LAW_3.0,35,9.0,40.660377358490564,3.5,1.03250544221488,2.0,HARD,42.070253164556966,98.369,-0.2980000000000018
Japan,2023,LAW,2023_Japan_LAW_3.0,36,10.0,38.679245283018865,3.5,1.0329665353476853,2.0,HARD,42.070253164556966,98.268,-0.3990000000000009
Japan,2023,LAW,2023_Japan_LAW_3.0,37,11.0,36.698113207547166,3.5,1.0334212676611088,2.0,HARD,42.070253164556966,98.489,-0.17799999999999727
Japan,2023,LAW,2023_Japan_LAW_3.0,38,12.0,34.716981132075475,3.5,1.0338698953544405,2.0,HARD,42.070253164556966,98.343,-0.32399999999999807
Japan,2023,LAW,2023_Japan_LAW_3.0,39,13.0,32.73584905660377,3.5,1.0343126578767374,2.0,HARD,42.070253164556966,98.478,-0.18900000000000716
Japan,2023,LAW,2023_Japan_LAW_3.0,40,14.0,30.754716981132077,3.5,1.0347497794210456,2.0,HARD,42.070253164556966,98.423,-0.24399999999999977
Japan,2023,LAW,2023_Japan_LAW_3.0,41,15.0,28.77358490566038,3.5,1.0351814702514919,2.0,HARD,42.070253164556966,98.512,-0.15500000000000114
Japan,2023,LAW,2023_Japan_LAW_3.0,42,16.0,26.79245283018868,3.5,1.035607927885541,2.0,HARD,42.070253164556966,98.643,-0.02400000000000091
Japan,2023,LAW,2023_Japan_LAW_3.0,43,17.0,24.81132075471698,3.5,1.0360293381502792,2.0,HARD,42.070253164556966,98.696,0.028999999999996362
Japan,2023,LAW,2023_Japan_LAW_3.0,44,18.0,22.830188679245282,3.5,1.0364458761287536,2.0,HARD,42.070253164556966,98.8,0.13299999999999557
Japan,2023,LAW,2023_Japan_LAW_3.0,45,19.0,20.849056603773583,3.5,1.036857707010037,2.0,HARD,42.070253164556966,98.583,-0.08400000000000318
Japan,2023,LAW,2023_Japan_LAW_3.0,46,20.0,18.867924528301884,3.5,1.0372649868547277,2.0,HARD,42.070253164556966,98.663,-0.0040000000000048885
Japan,2023,LAW,2023_Japan_LAW_3.0,47,21.0,16.88679245283019,3.5,1.0376678632859404,2.0,HARD,42.070253164556966,98.665,-0.001999999999995339
Japan,2023,LAW,2023_Japan_LAW_3.0,48,22.0,14.90566037735849,3.5,1.038066476114471,2.0,HARD,42.070253164556966,98.673,0.006000000000000227
Japan,2023,LAW,2023_Japan_LAW_3.0,49,23.0,12.924528301886792,3.5,1.038460957905633,2.0,HARD,42.070253164556966,98.348,-0.3190000000000026
Japan,2023,LAW,2023_Japan_LAW_3.0,50,24.0,10.943396226415095,3.5,1.0388514344942905,2.0,HARD,42.070253164556966,98.267,-0.4000000000000057
Japan,2023,LAW,2023_Japan_LAW_3.0,51,25.0,8.962264150943396,3.5,1.0392380254537539,2.0,HARD,42.070253164556966,98.515,-0.15200000000000102
Japan,2023,LAW,2023_Japan_LAW_3.0,52,26.0,6.981132075471698,3.5,1.0396208445234918,2.0,HARD,42.070253164556966,100.389,1.7219999999999942
Japan,2023,LEC,2023_Japan_LEC_1.0,5,1.0,100.09433962264151,3.5,1.012285902336679,1.0,MEDIUM,42.070253164556966,98.805,0.0
Japan,2023,LEC,2023_Japan_LEC_1.0,6,2.0,98.11320754716981,3.5,1.013458531698209,1.0,MEDIUM,42.070253164556966,98.924,0.11899999999999977
Japan,2023,LEC,2023_Japan_LEC_1.0,7,3.0,96.13207547169812,3.5,1.0145368756862325,1.0,MEDIUM,42.070253164556966,99.093,0.2879999999999967
Japan,2023,LEC,2023_Japan_LEC_1.0,8,4.0,94.15094339622641,3.5,1.0155405737977161,1.0,MEDIUM,42.070253164556966,99.086,0.2809999999999917
Japan,2023,LEC,2023_Japan_LEC_1.0,9,5.0,92.16981132075472,3.5,1.0164832676738427,1.0,MEDIUM,42.070253164556966,99.083,0.2779999999999916
Japan,2023,LEC,2023_Japan_LEC_1.0,10,6.0,90.18867924528301,3.5,1.0173748897105228,1.0,MEDIUM,42.070253164556966,99.31,0.5049999999999955
Japan,2023,LEC,2023_Japan_LEC_1.0,11,7.0,88.20754716981132,3.5,1.0182229380643768,1.0,MEDIUM,42.070253164556966,99.562,0.7569999999999908
Japan,2023,LEC,2023_Japan_LEC_1.0,13,8.0,84.24528301886792,3.5,1.019810422261746,1.0,MEDIUM,42.070253164556966,99.375,0.5699999999999932
Japan,2023,LEC,2023_Japan_LEC_1.0,15,9.0,80.28301886792453,3.5,1.0212798070639573,1.0,MEDIUM,42.070253164556966,99.479,0.6739999999999924
Japan,2023,LEC,2023_Japan_LEC_1.0,16,10.0,78.30188679245283,3.5,1.0219776902317903,1.0,MEDIUM,42.070253164556966,99.648,0.8429999999999893
Japan,2023,LEC,2023_Japan_LEC_2.0,19,1.0,72.35849056603773,3.5,1.0239496326832036,1.0,MEDIUM,42.070253164556966,98.574,0.40800000000000125
Japan,2023,LEC,2023_Japan_LEC_2.0,20,2.0,70.37735849056604,3.5,1.024571804673358,1.0,MEDIUM,42.070253164556966,98.169,0.0030000000000001137
Japan,2023,LEC,2023_Japan_LEC_2.0,21,3.0,68.39622641509433,3.5,1.0251786072718676,1.0,MEDIUM,42.070253164556966,98.166,0.0
Japan,2023,LEC,2023_Japan_LEC_2.0,22,4.0,66.41509433962264,3.5,1.0257711261569267,1.0,MEDIUM,42.070253164556966,97.945,-0.22100000000000364
Japan,2023,LEC,2023_Japan_LEC_2.0,23,5.0,64.43396226415095,3.5,1.0263503249058055,1.0,MEDIUM,42.070253164556966,98.005,-0.16100000000000136
Japan,2023,LEC,2023_Japan_LEC_2.0,24,6.0,62.45283018867924,3.5,1.0269170633964182,1.0,MEDIUM,42.070253164556966,97.88,-0.28600000000000136
Japan,2023,LEC,2023_Japan_LEC_2.0,25,7.0,60.471698113207545,3.5,1.0274721127897377,1.0,MEDIUM,42.070253164556966,98.12,-0.04599999999999227
Japan,2023,LEC,2023_Japan_LEC_2.0,26,8.0,58.490566037735846,3.5,1.028016167838899,1.0,MEDIUM,42.070253164556966,98.385,0.2190000000000083
Japan,2023,LEC,2023_Japan_LEC_2.0,27,9.0,56.509433962264154,3.5,1.0285498570858531,1.0,MEDIUM,42.070253164556966,99.317,1.1509999999999962
Japan,2023,LEC,2023_Japan_LEC_2.0,28,10.0,54.528301886792455,3.5,1.0290737513724653,1.0,MEDIUM,42.070253164556966,98.586,0.4200000000000017
Japan,2023,LEC,2023_Japan_LEC_2.0,29,11.0,52.54716981132076,3.5,1.0295883709945852,1.0,MEDIUM,42.070253164556966,98.523,0.3569999999999993
Japan,2023,LEC,2023_Japan_LEC_2.0,30,12.0,50.56603773584906,3.5,1.0300941917545312,1.0,MEDIUM,42.070253164556966,98.476,0.3100000000000023
Japan,2023,LEC,2023_Japan_LEC_2.0,31,13.0,48.58490566037736,3.5,1.03059165011247,1.0,MEDIUM,42.070253164556966,98.889,0.722999999999999
Japan,2023,LEC,2023_Japan_LEC_2.0,32,14.0,46.60377358490566,3.5,1.0310811475954325,1.0,MEDIUM,42.070253164556966,98.661,0.49500000000000455
Japan,2023,LEC,2023_Japan_LEC_2.0,33,15.0,44.62264150943396,3.5,1.0315630545906815,1.0,MEDIUM,42.070253164556966,98.703,0.5370000000000061
Japan,2023,LEC,2023_Japan_LEC_3.0,36,1.0,38.679245283018865,3.5,1.0329665353476853,2.0,HARD,42.070253164556966,96.781,0.2880000000000109
Japan,2023,LEC,2023_Japan_LEC_3.0,37,2.0,36.698113207547166,3.5,1.0334212676611088,2.0,HARD,42.070253164556966,96.891,0.39800000000001035
Japan,2023,LEC,2023_Japan_LEC_3.0,38,3.0,34.716981132075475,3.5,1.0338698953544405,2.0,HARD,42.070253164556966,96.493,0.0
Japan,2023,LEC,2023_Japan_LEC_3.0,39,4.0,32.73584905660377,3.5,1.0343126578767374,2.0,HARD,42.070253164556966,96.672,0.17900000000000205
Japan,2023,LEC,2023_Japan_LEC_3.0,40,5.0,30.754716981132077,3.5,1.0347497794210456,2.0,HARD,42.070253164556966,96.362,-0.13100000000000023
Japan,2023,LEC,2023_Japan_LEC_3.0,41,6.0,28.77358490566038,3.5,1.0351814702514919,2.0,HARD,42.070253164556966,96.921,0.4280000000000115
Japan,2023,LEC,2023_Japan_LEC_3.0,42,7.0,26.79245283018868,3.5,1.035607927885541,2.0,HARD,42.070253164556966,97.355,0.862000000000009
Japan,2023,LEC,2023_Japan_LEC_3.0,43,8.0,24.81132075471698,3.5,1.0360293381502792,2.0,HARD,42.070253164556966,98.056,1.5630000000000024
Japan,2023,LEC,2023_Japan_LEC_3.0,44,9.0,22.830188679245282,3.5,1.0364458761287536,2.0,HARD,42.070253164556966,98.401,1.9080000000000013
Japan,2023,LEC,2023_Japan_LEC_3.0,45,10.0,20.849056603773583,3.5,1.036857707010037,2.0,HARD,42.070253164556966,97.234,0.7409999999999997
Japan,2023,LEC,2023_Japan_LEC_3.0,46,11.0,18.867924528301884,3.5,1.0372649868547277,2.0,HARD,42.070253164556966,97.196,0.703000000000003
Japan,2023,LEC,2023_Japan_LEC_3.0,47,12.0,16.88679245283019,3.5,1.0376678632859404,2.0,HARD,42.070253164556966,97.34,0.8470000000000084
Japan,2023,LEC,2023_Japan_LEC_3.0,48,13.0,14.90566037735849,3.5,1.038066476114471,2.0,HARD,42.070253164556966,97.518,1.0250000000000057
Japan,2023,LEC,2023_Japan_LEC_3.0,49,14.0,12.924528301886792,3.5,1.038460957905633,2.0,HARD,42.070253164556966,97.608,1.115000000000009
Japan,2023,LEC,2023_Japan_LEC_3.0,50,15.0,10.943396226415095,3.5,1.0388514344942905,2.0,HARD,42.070253164556966,97.604,1.1110000000000042
Japan,2023,LEC,2023_Japan_LEC_3.0,51,16.0,8.962264150943396,3.5,1.0392380254537539,2.0,HARD,42.070253164556966,97.563,1.0700000000000074
Japan,2023,LEC,2023_Japan_LEC_3.0,52,17.0,6.981132075471698,3.5,1.0396208445234918,2.0,HARD,42.070253164556966,97.773,1.2800000000000011
Japan,2023,LEC,2023_Japan_LEC_3.0,53,18.0,5.0,3.5,1.04,2.0,HARD,42.070253164556966,98.049,1.5560000000000116
Japan,2023,MAG,2023_Japan_MAG_1.0,5,1.0,100.09433962264151,3.5,1.012285902336679,1.0,MEDIUM,42.070253164556966,100.348,0.0
Japan,2023,MAG,2023_Japan_MAG_1.0,6,2.0,98.11320754716981,3.5,1.013458531698209,1.0,MEDIUM,42.070253164556966,100.367,0.019000000000005457
Japan,2023,MAG,2023_Japan_MAG_1.0,7,3.0,96.13207547169812,3.5,1.0145368756862325,1.0,MEDIUM,42.070253164556966,100.571,0.22299999999999898
Japan,2023,MAG,2023_Japan_MAG_1.0,8,4.0,94.15094339622641,3.5,1.0155405737977161,1.0,MEDIUM,42.070253164556966,100.534,0.18600000000000705
Japan,2023,MAG,2023_Japan_MAG_1.0,9,5.0,92.16981132075472,3.5,1.0164832676738427,1.0,MEDIUM,42.070253164556966,100.318,-0.030000000000001137
Japan,2023,MAG,2023_Japan_MAG_1.0,10,6.0,90.18867924528301,3.5,1.0173748897105228,1.0,MEDIUM,42.070253164556966,100.956,0.6080000000000041
Japan,2023,MAG,2023_Japan_MAG_1.0,11,7.0,88.20754716981132,3.5,1.0182229380643768,1.0,MEDIUM,42.070253164556966,101.042,0.6940000000000026
Japan,2023,MAG,2023_Japan_MAG_2.0,15,1.0,80.28301886792453,3.5,1.0212798070639573,2.0,HARD,42.070253164556966,98.373,0.0
Japan,2023,MAG,2023_Japan_MAG_2.0,16,2.0,78.30188679245283,3.5,1.0219776902317903,2.0,HARD,42.070253164556966,99.064,0.6909999999999883
Japan,2023,MAG,2023_Japan_MAG_2.0,17,3.0,76.32075471698113,3.5,1.0226540845581942,2.0,HARD,42.070253164556966,99.208,0.8349999999999937
Japan,2023,MAG,2023_Japan_MAG_2.0,18,4.0,74.33962264150944,3.5,1.0233108606965744,2.0,HARD,42.070253164556966,99.285,0.9119999999999919
Japan,2023,MAG,2023_Japan_MAG_2.0,19,5.0,72.35849056603773,3.5,1.0239496326832036,2.0,HARD,42.070253164556966,99.437,1.063999999999993
Japan,2023,MAG,2023_Japan_MAG_2.0,20,6.0,70.37735849056604,3.5,1.024571804673358,2.0,HARD,42.070253164556966,99.268,0.894999999999996
Japan,2023,MAG,2023_Japan_MAG_2.0,21,7.0,68.39622641509433,3.5,1.0251786072718676,2.0,HARD,42.070253164556966,99.634,1.2609999999999957
Japan,2023,MAG,2023_Japan_MAG_2.0,22,8.0,66.41509433962264,3.5,1.0257711261569267,2.0,HARD,42.070253164556966,99.755,1.3819999999999908
Japan,2023,MAG,2023_Japan_MAG_2.0,23,9.0,64.43396226415095,3.5,1.0263503249058055,2.0,HARD,42.070253164556966,99.53,1.1569999999999965
Japan,2023,MAG,2023_Japan_MAG_2.0,24,10.0,62.45283018867924,3.5,1.0269170633964182,2.0,HARD,42.070253164556966,99.841,1.4679999999999893
Japan,2023,MAG,2023_Japan_MAG_2.0,25,11.0,60.471698113207545,3.5,1.0274721127897377,2.0,HARD,42.070253164556966,99.501,1.1280000000000001
Japan,2023,MAG,2023_Japan_MAG_2.0,26,12.0,58.490566037735846,3.5,1.028016167838899,2.0,HARD,42.070253164556966,100.681,2.3079999999999927
Japan,2023,MAG,2023_Japan_MAG_2.0,27,13.0,56.509433962264154,3.5,1.0285498570858531,2.0,HARD,42.070253164556966,99.656,1.2830000000000013
Japan,2023,MAG,2023_Japan_MAG_2.0,28,14.0,54.528301886792455,3.5,1.0290737513724653,2.0,HARD,42.070253164556966,100.279,1.9059999999999917
Japan,2023,MAG,2023_Japan_MAG_2.0,29,15.0,52.54716981132076,3.5,1.0295883709945852,2.0,HARD,42.070253164556966,100.344,1.9709999999999894
Japan,2023,MAG,2023_Japan_MAG_2.0,30,16.0,50.56603773584906,3.5,1.0300941917545312,2.0,HARD,42.070253164556966,101.122,2.7489999999999952
Japan,2023,MAG,2023_Japan_MAG_3.0,33,1.0,44.62264150943396,3.5,1.0315630545906815,2.0,HARD,42.070253164556966,98.277,0.01300000000000523
Japan,2023,MAG,2023_Japan_MAG_3.0,34,2.0,42.64150943396226,3.5,1.0320377136253451,2.0,HARD,42.070253164556966,98.264,0.0
Japan,2023,MAG,2023_Japan_MAG_3.0,35,3.0,40.660377358490564,3.5,1.03250544221488,2.0,HARD,42.070253164556966,98.677,0.4130000000000109
Japan,2023,MAG,2023_Japan_MAG_3.0,36,4.0,38.679245283018865,3.5,1.0329665353476853,2.0,HARD,42.070253164556966,98.018,-0.2459999999999951
Japan,2023,MAG,2023_Japan_MAG_3.0,37,5.0,36.698113207547166,3.5,1.0334212676611088,2.0,HARD,42.070253164556966,98.172,-0.09199999999999875
Japan,2023,MAG,2023_Japan_MAG_3.0,38,6.0,34.716981132075475,3.5,1.0338698953544405,2.0,HARD,42.070253164556966,98.221,-0.042999999999992156
Japan,2023,MAG,2023_Japan_MAG_3.0,39,7.0,32.73584905660377,3.5,1.0343126578767374,2.0,HARD,42.070253164556966,98.005,-0.25900000000000034
Japan,2023,MAG,2023_Japan_MAG_3.0,40,8.0,30.754716981132077,3.5,1.0347497794210456,2.0,HARD,42.070253164556966,97.958,-0.3059999999999974
Japan,2023,MAG,2023_Japan_MAG_3.0,41,9.0,28.77358490566038,3.5,1.0351814702514919,2.0,HARD,42.070253164556966,97.842,-0.42199999999999704
Japan,2023,MAG,2023_Japan_MAG_3.0,42,10.0,26.79245283018868,3.5,1.035607927885541,2.0,HARD,42.070253164556966,99.229,0.9650000000000034
Japan,2023,MAG,2023_Japan_MAG_3.0,43,11.0,24.81132075471698,3.5,1.0360293381502792,2.0,HARD,42.070253164556966,98.206,-0.057999999999992724
Japan,2023,MAG,2023_Japan_MAG_3.0,44,12.0,22.830188679245282,3.5,1.0364458761287536,2.0,HARD,42.070253164556966,98.066,-0.1979999999999933
Japan,2023,MAG,2023_Japan_MAG_3.0,45,13.0,20.849056603773583,3.5,1.036857707010037,2.0,HARD,42.070253164556966,98.507,0.2430000000000092
Japan,2023,MAG,2023_Japan_MAG_3.0,46,14.0,18.867924528301884,3.5,1.0372649868547277,2.0,HARD,42.070253164556966,98.898,0.6340000000000003
Japan,2023,MAG,2023_Japan_MAG_3.0,47,15.0,16.88679245283019,3.5,1.0376678632859404,2.0,HARD,42.070253164556966,98.802,0.5380000000000109
Japan,2023,MAG,2023_Japan_MAG_3.0,48,16.0,14.90566037735849,3.5,1.038066476114471,2.0,HARD,42.070253164556966,102.684,4.420000000000002
Japan,2023,MAG,2023_Japan_MAG_3.0,49,17.0,12.924528301886792,3.5,1.038460957905633,2.0,HARD,42.070253164556966,99.439,1.1749999999999972
Japan,2023,MAG,2023_Japan_MAG_3.0,50,18.0,10.943396226415095,3.5,1.0388514344942905,2.0,HARD,42.070253164556966,98.9,0.6360000000000099
Japan,2023,MAG,2023_Japan_MAG_3.0,51,19.0,8.962264150943396,3.5,1.0392380254537539,2.0,HARD,42.070253164556966,98.892,0.6280000000000001
Japan,2023,MAG,2023_Japan_MAG_3.0,52,20.0,6.981132075471698,3.5,1.0396208445234918,2.0,HARD,42.070253164556966,98.628,0.3640000000000043
Japan,2023,NOR,2023_Japan_NOR_1.0,5,1.0,100.09433962264151,3.5,1.012285902336679,1.0,MEDIUM,42.070253164556966,97.66,0.0
Japan,2023,NOR,2023_Japan_NOR_1.0,6,2.0,98.11320754716981,3.5,1.013458531698209,1.0,MEDIUM,42.070253164556966,98.158,0.49800000000000466
Japan,2023,NOR,2023_Japan_NOR_1.0,7,3.0,96.13207547169812,3.5,1.0145368756862325,1.0,MEDIUM,42.070253164556966,98.394,0.7340000000000089
Japan,2023,NOR,2023_Japan_NOR_1.0,8,4.0,94.15094339622641,3.5,1.0155405737977161,1.0,MEDIUM,42.070253164556966,98.506,0.8460000000000036
Japan,2023,NOR,2023_Japan_NOR_1.0,9,5.0,92.16981132075472,3.5,1.0164832676738427,1.0,MEDIUM,42.070253164556966,98.578,0.9180000000000064
Japan,2023,NOR,2023_Japan_NOR_1.0,10,6.0,90.18867924528301,3.5,1.0173748897105228,1.0,MEDIUM,42.070253164556966,99.012,1.3520000000000039
Japan,2023,NOR,2023_Japan_NOR_1.0,11,7.0,88.20754716981132,3.5,1.0182229380643768,1.0,MEDIUM,42.070253164556966,99.069,1.409000000000006
Japan,2023,NOR,2023_Japan_NOR_1.0,13,8.0,84.24528301886792,3.5,1.019810422261746,1.0,MEDIUM,42.070253164556966,99.156,1.4960000000000093
Japan,2023,NOR,2023_Japan_NOR_1.0,15,9.0,80.28301886792453,3.5,1.0212798070639573,1.0,MEDIUM,42.070253164556966,99.107,1.4470000000000027
Japan,2023,NOR,2023_Japan_NOR_1.0,16,10.0,78.30188679245283,3.5,1.0219776902317903,1.0,MEDIUM,42.070253164556966,99.226,1.5660000000000025
Japan,2023,NOR,2023_Japan_NOR_2.0,19,1.0,72.35849056603773,3.5,1.0239496326832036,2.0,HARD,42.070253164556966,96.689,0.0
Japan,2023,NOR,2023_Japan_NOR_2.0,20,2.0,70.37735849056604,3.5,1.024571804673358,2.0,HARD,42.070253164556966,97.776,1.0870000000000033
Japan,2023,NOR,2023_Japan_NOR_2.0,21,3.0,68.39622641509433,3.5,1.0251786072718676,2.0,HARD,42.070253164556966,97.553,0.8640000000000043
Japan,2023,NOR,2023_Japan_NOR_2.0,22,4.0,66.41509433962264,3.5,1.0257711261569267,2.0,HARD,42.070253164556966,97.646,0.9570000000000078
Japan,2023,NOR,2023_Japan_NOR_2.0,23,5.0,64.43396226415095,3.5,1.0263503249058055,2.0,HARD,42.070253164556966,98.064,1.375
Japan,2023,NOR,2023_Japan_NOR_2.0,24,6.0,62.45283018867924,3.5,1.0269170633964182,2.0,HARD,42.070253164556966,98.137,1.4480000000000075
Japan,2023,NOR,2023_Japan_NOR_2.0,25,7.0,60.471698113207545,3.5,1.0274721127897377,2.0,HARD,42.070253164556966,98.372,1.683000000000007
Japan,2023,NOR,2023_Japan_NOR_2.0,26,8.0,58.490566037735846,3.5,1.028016167838899,2.0,HARD,42.070253164556966,98.793,2.1040000000000134
Japan,2023,NOR,2023_Japan_NOR_2.0,27,9.0,56.509433962264154,3.5,1.0285498570858531,2.0,HARD,42.070253164556966,97.402,0.7130000000000081
Japan,2023,NOR,2023_Japan_NOR_2.0,28,10.0,54.528301886792455,3.5,1.0290737513724653,2.0,HARD,42.070253164556966,98.019,1.3300000000000125
Japan,2023,NOR,2023_Japan_NOR_2.0,29,11.0,52.54716981132076,3.5,1.0295883709945852,2.0,HARD,42.070253164556966,97.757,1.068000000000012
Japan,2023,NOR,2023_Japan_NOR_2.0,30,12.0,50.56603773584906,3.5,1.0300941917545312,2.0,HARD,42.070253164556966,98.037,1.3480000000000132
Japan,2023,NOR,2023_Japan_NOR_2.0,31,13.0,48.58490566037736,3.5,1.03059165011247,2.0,HARD,42.070253164556966,97.7,1.01100000000001
Japan,2023,NOR,2023_Japan_NOR_2.0,32,14.0,46.60377358490566,3.5,1.0310811475954325,2.0,HARD,42.070253164556966,98.445,1.7560000000000002
Japan,2023,NOR,2023_Japan_NOR_2.0,33,15.0,44.62264150943396,3.5,1.0315630545906815,2.0,HARD,42.070253164556966,97.952,1.2630000000000052
Japan,2023,NOR,2023_Japan_NOR_2.0,34,16.0,42.64150943396226,3.5,1.0320377136253451,2.0,HARD,42.070253164556966,98.003,1.3140000000000072
Japan,2023,NOR,2023_Japan_NOR_2.0,35,17.0,40.660377358490564,3.5,1.03250544221488,2.0,HARD,42.070253164556966,97.86,1.1710000000000065
Japan,2023,NOR,2023_Japan_NOR_3.0,38,1.0,34.716981132075475,3.5,1.0338698953544405,2.0,HARD,42.070253164556966,96.003,0.7560000000000002
Japan,2023,NOR,2023_Japan_NOR_3.0,39,2.0,32.73584905660377,3.5,1.0343126578767374,2.0,HARD,42.070253164556966,95.972,0.7249999999999943
Japan,2023,NOR,2023_Japan_NOR_3.0,40,3.0,30.754716981132077,3.5,1.0347497794210456,2.0,HARD,42.070253164556966,95.247,0.0
Japan,2023,NOR,2023_Japan_NOR_3.0,41,4.0,28.77358490566038,3.5,1.0351814702514919,2.0,HARD,42.070253164556966,95.823,0.5759999999999934
Japan,2023,NOR,2023_Japan_NOR_3.0,42,5.0,26.79245283018868,3.5,1.035607927885541,2.0,HARD,42.070253164556966,95.844,0.5969999999999942
Japan,2023,NOR,2023_Japan_NOR_3.0,43,6.0,24.81132075471698,3.5,1.0360293381502792,2.0,HARD,42.070253164556966,96.052,0.8050000000000068
Japan,2023,NOR,2023_Japan_NOR_3.0,44,7.0,22.830188679245282,3.5,1.0364458761287536,2.0,HARD,42.070253164556966,96.059,0.8119999999999976
Japan,2023,NOR,2023_Japan_NOR_3.0,45,8.0,20.849056603773583,3.5,1.036857707010037,2.0,HARD,42.070253164556966,96.078,0.8310000000000031
Japan,2023,NOR,2023_Japan_NOR_3.0,46,9.0,18.867924528301884,3.5,1.0372649868547277,2.0,HARD,42.070253164556966,96.378,1.1310000000000002
Japan,2023,NOR,2023_Japan_NOR_3.0,47,10.0,16.88679245283019,3.5,1.0376678632859404,2.0,HARD,42.070253164556966,96.411,1.1640000000000015
Japan,2023,NOR,2023_Japan_NOR_3.0,48,11.0,14.90566037735849,3.5,1.038066476114471,2.0,HARD,42.070253164556966,96.587,1.3400000000000034
Japan,2023,NOR,2023_Japan_NOR_3.0,49,12.0,12.924528301886792,3.5,1.038460957905633,2.0,HARD,42.070253164556966,97.728,2.4809999999999945
Japan,2023,NOR,2023_Japan_NOR_3.0,50,13.0,10.943396226415095,3.5,1.0388514344942905,2.0,HARD,42.070253164556966,96.942,1.6949999999999932
Japan,2023,NOR,2023_Japan_NOR_3.0,51,14.0,8.962264150943396,3.5,1.0392380254537539,2.0,HARD,42.070253164556966,96.741,1.4939999999999998
Japan,2023,NOR,2023_Japan_NOR_3.0,52,15.0,6.981132075471698,3.5,1.0396208445234918,2.0,HARD,42.070253164556966,96.71,1.4629999999999939
Japan,2023,NOR,2023_Japan_NOR_3.0,53,16.0,5.0,3.5,1.04,2.0,HARD,42.070253164556966,96.755,1.5079999999999956
Japan,2023,OCO,2023_Japan_OCO_2.0,5,1.0,100.09433962264151,3.5,1.012285902336679,2.0,HARD,42.070253164556966,100.016,0.0
Japan,2023,OCO,2023_Japan_OCO_2.0,6,2.0,98.11320754716981,3.5,1.013458531698209,2.0,HARD,42.070253164556966,100.478,0.4619999999999891
Japan,2023,OCO,2023_Japan_OCO_2.0,7,3.0,96.13207547169812,3.5,1.0145368756862325,2.0,HARD,42.070253164556966,100.535,0.5189999999999912
Japan,2023,OCO,2023_Japan_OCO_2.0,8,4.0,94.15094339622641,3.5,1.0155405737977161,2.0,HARD,42.070253164556966,100.401,0.3849999999999909
Japan,2023,OCO,2023_Japan_OCO_2.0,9,5.0,92.16981132075472,3.5,1.0164832676738427,2.0,HARD,42.070253164556966,100.497,0.48099999999999454
Japan,2023,OCO,2023_Japan_OCO_2.0,10,6.0,90.18867924528301,3.5,1.0173748897105228,2.0,HARD,42.070253164556966,100.689,0.6729999999999876
Japan,2023,OCO,2023_Japan_OCO_2.0,11,7.0,88.20754716981132,3.5,1.0182229380643768,2.0,HARD,42.070253164556966,99.825,-0.1910000000000025
Japan,2023,OCO,2023_Japan_OCO_2.0,15,8.0,80.28301886792453,3.5,1.0212798070639573,2.0,HARD,42.070253164556966,99.631,-0.3850000000000051
Japan,2023,OCO,2023_Japan_OCO_2.0,16,9.0,78.30188679245283,3.5,1.0219776902317903,2.0,HARD,42.070253164556966,100.029,0.012999999999991019
Japan,2023,OCO,2023_Japan_OCO_2.0,17,10.0,76.32075471698113,3.5,1.0226540845581942,2.0,HARD,42.070253164556966,99.924,-0.09199999999999875
Japan,2023,OCO,2023_Japan_OCO_2.0,18,11.0,74.33962264150944,3.5,1.0233108606965744,2.0,HARD,42.070253164556966,100.746,0.7299999999999898
Japan,2023,OCO,2023_Japan_OCO_2.0,19,12.0,72.35849056603773,3.5,1.0239496326832036,2.0,HARD,42.070253164556966,100.621,0.6049999999999898
Japan,2023,OCO,2023_Japan_OCO_2.0,20,13.0,70.37735849056604,3.5,1.024571804673358,2.0,HARD,42.070253164556966,100.417,0.40099999999999625
Japan,2023,OCO,2023_Japan_OCO_2.0,21,14.0,68.39622641509433,3.5,1.0251786072718676,2.0,HARD,42.070253164556966,100.916,0.8999999999999915
Japan,2023,OCO,2023_Japan_OCO_2.0,22,15.0,66.41509433962264,3.5,1.0257711261569267,2.0,HARD,42.070253164556966,100.942,0.9259999999999877
Japan,2023,OCO,2023_Japan_OCO_2.0,23,16.0,64.43396226415095,3.5,1.0263503249058055,2.0,HARD,42.070253164556966,100.263,0.2469999999999999
Japan,2023,OCO,2023_Japan_OCO_2.0,24,17.0,62.45283018867924,3.5,1.0269170633964182,2.0,HARD,42.070253164556966,100.477,0.4609999999999985
Japan,2023,OCO,2023_Japan_OCO_2.0,25,18.0,60.471698113207545,3.5,1.0274721127897377,2.0,HARD,42.070253164556966,101.252,1.23599999999999
Japan,2023,OCO,2023_Japan_OCO_2.0,26,19.0,58.490566037735846,3.5,1.028016167838899,2.0,HARD,42.070253164556966,100.552,0.5360000000000014
Japan,2023,OCO,2023_Japan_OCO_2.0,27,20.0,56.509433962264154,3.5,1.0285498570858531,2.0,HARD,42.070253164556966,100.489,0.472999999999999
Japan,2023,OCO,2023_Japan_OCO_3.0,30,1.0,50.56603773584906,3.5,1.0300941917545312,2.0,HARD,42.070253164556966,97.572,0.0
Japan,2023,OCO,2023_Japan_OCO_3.0,31,2.0,48.58490566037736,3.5,1.03059165011247,2.0,HARD,42.070253164556966,97.978,0.4059999999999917
Japan,2023,OCO,2023_Japan_OCO_3.0,32,3.0,46.60377358490566,3.5,1.0310811475954325,2.0,HARD,42.070253164556966,97.833,0.2609999999999957
Japan,2023,OCO,2023_Japan_OCO_3.0,33,4.0,44.62264150943396,3.5,1.0315630545906815,2.0,HARD,42.070253164556966,97.853,0.2809999999999917
Japan,2023,OCO,2023_Japan_OCO_3.0,34,5.0,42.64150943396226,3.5,1.0320377136253451,2.0,HARD,42.070253164556966,97.398,-0.1740000000000066
Japan,2023,OCO,2023_Japan_OCO_3.0,35,6.0,40.660377358490564,3.5,1.03250544221488,2.0,HARD,42.070253164556966,97.848,0.27599999999999625
Japan,2023,OCO,2023_Japan_OCO_3.0,36,7.0,38.679245283018865,3.5,1.0329665353476853,2.0,HARD,42.070253164556966,97.616,0.04399999999999693
Japan,2023,OCO,2023_Japan_OCO_3.0,37,8.0,36.698113207547166,3.5,1.0334212676611088,2.0,HARD,42.070253164556966,98.094,0.5219999999999914
Japan,2023,OCO,2023_Japan_OCO_3.0,38,9.0,34.716981132075475,3.5,1.0338698953544405,2.0,HARD,42.070253164556966,97.88,0.3079999999999927
Japan,2023,OCO,2023_Japan_OCO_3.0,39,10.0,32.73584905660377,3.5,1.0343126578767374,2.0,HARD,42.070253164556966,98.026,0.4539999999999935
Japan,2023,OCO,2023_Japan_OCO_3.0,40,11.0,30.754716981132077,3.5,1.0347497794210456,2.0,HARD,42.070253164556966,97.904,0.33199999999999363
Japan,2023,OCO,2023_Japan_OCO_3.0,41,12.0,28.77358490566038,3.5,1.0351814702514919,2.0,HARD,42.070253164556966,97.773,0.2009999999999934
Japan,2023,OCO,2023_Japan_OCO_3.0,42,13.0,26.79245283018868,3.5,1.035607927885541,2.0,HARD,42.070253164556966,97.82,0.24799999999999045
Japan,2023,OCO,2023_Japan_OCO_3.0,43,14.0,24.81132075471698,3.5,1.0360293381502792,2.0,HARD,42.070253164556966,97.793,0.22100000000000364
Japan,2023,OCO,2023_Japan_OCO_3.0,44,15.0,22.830188679245282,3.5,1.0364458761287536,2.0,HARD,42.070253164556966,98.316,0.7439999999999998
Japan,2023,OCO,2023_Japan_OCO_3.0,45,16.0,20.849056603773583,3.5,1.036857707010037,2.0,HARD,42.070253164556966,98.198,0.6259999999999906
Japan,2023,OCO,2023_Japan_OCO_3.0,46,17.0,18.867924528301884,3.5,1.0372649868547277,2.0,HARD,42.070253164556966,100.776,3.2039999999999935
Japan,2023,OCO,2023_Japan_OCO_3.0,47,18.0,16.88679245283019,3.5,1.0376678632859404,2.0,HARD,42.070253164556966,98.758,1.1859999999999928
Japan,2023,OCO,2023_Japan_OCO_3.0,48,19.0,14.90566037735849,3.5,1.038066476114471,2.0,HARD,42.070253164556966,98.392,0.8199999999999932
Japan,2023,OCO,2023_Japan_OCO_3.0,49,20.0,12.924528301886792,3.5,1.038460957905633,2.0,HARD,42.070253164556966,98.381,0.8089999999999975
Japan,2023,OCO,2023_Japan_OCO_3.0,50,21.0,10.943396226415095,3.5,1.0388514344942905,2.0,HARD,42.070253164556966,98.33,0.7579999999999956
Japan,2023,OCO,2023_Japan_OCO_3.0,51,22.0,8.962264150943396,3.5,1.0392380254537539,2.0,HARD,42.070253164556966,98.386,0.813999999999993
Japan,2023,OCO,2023_Japan_OCO_3.0,52,23.0,6.981132075471698,3.5,1.0396208445234918,2.0,HARD,42.070253164556966,98.045,0.472999999999999
Japan,2023,OCO,2023_Japan_OCO_3.0,53,24.0,5.0,3.5,1.04,2.0,HARD,42.070253164556966,98.292,0.7199999999999989
Japan,2023,PER,2023_Japan_PER_2.0,5,1.0,100.09433962264151,3.5,1.012285902336679,2.0,HARD,42.070253164556966,99.985,0.0
Japan,2023,PER,2023_Japan_PER_2.0,6,2.0,98.11320754716981,3.5,1.013458531698209,2.0,HARD,42.070253164556966,100.759,0.7740000000000009
Japan,2023,PER,2023_Japan_PER_2.0,7,3.0,96.13207547169812,3.5,1.0145368756862325,2.0,HARD,42.070253164556966,100.134,0.1490000000000009
Japan,2023,PER,2023_Japan_PER_2.0,8,4.0,94.15094339622641,3.5,1.0155405737977161,2.0,HARD,42.070253164556966,99.704,-0.2810000000000059
Japan,2023,PER,2023_Japan_PER_2.0,9,5.0,92.16981132075472,3.5,1.0164832676738427,2.0,HARD,42.070253164556966,100.466,0.48099999999999454
Japan,2023,PER,2023_Japan_PER_2.0,10,6.0,90.18867924528301,3.5,1.0173748897105228,2.0,HARD,42.070253164556966,100.744,0.7590000000000003
Japan,2023,PER,2023_Japan_PER_2.0,11,7.0,88.20754716981132,3.5,1.0182229380643768,2.0,HARD,42.070253164556966,100.896,0.9110000000000014
Japan,2023,PIA,2023_Japan_PIA_1.0,5,1.0,100.09433962264151,3.5,1.012285902336679,1.0,MEDIUM,42.070253164556966,98.676,0.0
Japan,2023,PIA,2023_Japan_PIA_1.0,6,2.0,98.11320754716981,3.5,1.013458531698209,1.0,MEDIUM,42.070253164556966,98.82,0.14399999999999125
Japan,2023,PIA,2023_Japan_PIA_1.0,7,3.0,96.13207547169812,3.5,1.0145368756862325,1.0,MEDIUM,42.070253164556966,98.787,0.1110000000000042
Japan,2023,PIA,2023_Japan_PIA_1.0,8,4.0,94.15094339622641,3.5,1.0155405737977161,1.0,MEDIUM,42.070253164556966,98.876,0.20000000000000284
Japan,2023,PIA,2023_Japan_PIA_1.0,9,5.0,92.16981132075472,3.5,1.0164832676738427,1.0,MEDIUM,42.070253164556966,99.15,0.47400000000000375
Japan,2023,PIA,2023_Japan_PIA_1.0,10,6.0,90.18867924528301,3.5,1.0173748897105228,1.0,MEDIUM,42.070253164556966,99.231,0.5549999999999926
Japan,2023,PIA,2023_Japan_PIA_1.0,11,7.0,88.20754716981132,3.5,1.0182229380643768,1.0,MEDIUM,42.070253164556966,99.333,0.6569999999999965
Japan,2023,PIA,2023_Japan_PIA_2.0,15,1.0,80.28301886792453,3.5,1.0212798070639573,2.0,HARD,42.070253164556966,98.405,0.0
Japan,2023,PIA,2023_Japan_PIA_2.0,16,2.0,78.30188679245283,3.5,1.0219776902317903,2.0,HARD,42.070253164556966,98.44,0.03499999999999659
Japan,2023,PIA,2023_Japan_PIA_2.0,17,3.0,76.32075471698113,3.5,1.0226540845581942,2.0,HARD,42.070253164556966,98.669,0.2639999999999958
Japan,2023,PIA,2023_Japan_PIA_2.0,18,4.0,74.33962264150944,3.5,1.0233108606965744,2.0,HARD,42.070253164556966,98.622,0.21699999999999875
Japan,2023,PIA,2023_Japan_PIA_2.0,19,5.0,72.35849056603773,3.5,1.0239496326832036,2.0,HARD,42.070253164556966,98.574,0.16899999999999693
Japan,2023,PIA,2023_Japan_PIA_2.0,20,6.0,70.37735849056604,3.5,1.024571804673358,2.0,HARD,42.070253164556966,98.706,0.30100000000000193
Japan,2023,PIA,2023_Japan_PIA_2.0,21,7.0,68.39622641509433,3.5,1.0251786072718676,2.0,HARD,42.070253164556966,98.263,-0.1419999999999959
Japan,2023,PIA,2023_Japan_PIA_2.0,22,8.0,66.41509433962264,3.5,1.0257711261569267,2.0,HARD,42.070253164556966,98.265,-0.14000000000000057
Japan,2023,PIA,2023_Japan_PIA_2.0,23,9.0,64.43396226415095,3.5,1.0263503249058055,2.0,HARD,42.070253164556966,98.732,0.3269999999999982
Japan,2023,PIA,2023_Japan_PIA_2.0,24,10.0,62.45283018867924,3.5,1.0269170633964182,2.0,HARD,42.070253164556966,99.112,0.7069999999999936
Japan,2023,PIA,2023_Japan_PIA_2.0,25,11.0,60.471698113207545,3.5,1.0274721127897377,2.0,HARD,42.070253164556966,98.541,0.13599999999999568
Japan,2023,PIA,2023_Japan_PIA_2.0,26,12.0,58.490566037735846,3.5,1.028016167838899,2.0,HARD,42.070253164556966,98.935,0.5300000000000011
Japan,2023,PIA,2023_Japan_PIA_2.0,27,13.0,56.509433962264154,3.5,1.0285498570858531,2.0,HARD,42.070253164556966,99.779,1.3739999999999952
Japan,2023,PIA,2023_Japan_PIA_2.0,28,14.0,54.528301886792455,3.5,1.0290737513724653,2.0,HARD,42.070253164556966,98.697,0.2920000000000016
Japan,2023,PIA,2023_Japan_PIA_2.0,29,15.0,52.54716981132076,3.5,1.0295883709945852,2.0,HARD,42.070253164556966,98.698,0.29299999999999216
Japan,2023,PIA,2023_Japan_PIA_2.0,30,16.0,50.56603773584906,3.5,1.0300941917545312,2.0,HARD,42.070253164556966,98.557,0.15200000000000102
Japan,2023,PIA,2023_Japan_PIA_2.0,31,17.0,48.58490566037736,3.5,1.03059165011247,2.0,HARD,42.070253164556966,98.621,0.21599999999999397
Japan,2023,PIA,2023_Japan_PIA_2.0,32,18.0,46.60377358490566,3.5,1.0310811475954325,2.0,HARD,42.070253164556966,98.458,0.05299999999999727
Japan,2023,PIA,2023_Japan_PIA_2.0,33,19.0,44.62264150943396,3.5,1.0315630545906815,2.0,HARD,42.070253164556966,98.506,0.10099999999999909
Japan,2023,PIA,2023_Japan_PIA_2.0,34,20.0,42.64150943396226,3.5,1.0320377136253451,2.0,HARD,42.070253164556966,98.117,-0.2879999999999967
Japan,2023,PIA,2023_Japan_PIA_3.0,37,1.0,36.698113207547166,3.5,1.0334212676611088,2.0,HARD,42.070253164556966,96.632,0.30400000000000205
Japan,2023,PIA,2023_Japan_PIA_3.0,38,2.0,34.716981132075475,3.5,1.0338698953544405,2.0,HARD,42.070253164556966,96.328,0.0
Japan,2023,PIA,2023_Japan_PIA_3.0,39,3.0,32.73584905660377,3.5,1.0343126578767374,2.0,HARD,42.070253164556966,96.597,0.26899999999999125
Japan,2023,PIA,2023_Japan_PIA_3.0,40,4.0,30.754716981132077,3.5,1.0347497794210456,2.0,HARD,42.070253164556966,96.741,0.4129999999999967
Japan,2023,PIA,2023_Japan_PIA_3.0,41,5.0,28.77358490566038,3.5,1.0351814702514919,2.0,HARD,42.070253164556966,97.882,1.554000000000002
Japan,2023,PIA,2023_Japan_PIA_3.0,42,6.0,26.79245283018868,3.5,1.035607927885541,2.0,HARD,42.070253164556966,96.848,0.519999999999996
Japan,2023,PIA,2023_Japan_PIA_3.0,43,7.0,24.81132075471698,3.5,1.0360293381502792,2.0,HARD,42.070253164556966,97.251,0.9230000000000018
Japan,2023,PIA,2023_Japan_PIA_3.0,44,8.0,22.830188679245282,3.5,1.0364458761287536,2.0,HARD,42.070253164556966,97.843,1.5150000000000006
Japan,2023,PIA,2023_Japan_PIA_3.0,45,9.0,20.849056603773583,3.5,1.036857707010037,2.0,HARD,42.070253164556966,97.296,0.9680000000000035
Japan,2023,PIA,2023_Japan_PIA_3.0,46,10.0,18.867924528301884,3.5,1.0372649868547277,2.0,HARD,42.070253164556966,96.459,0.13100000000000023
Japan,2023,PIA,2023_Japan_PIA_3.0,47,11.0,16.88679245283019,3.5,1.0376678632859404,2.0,HARD,42.070253164556966,96.704,0.37599999999999056
Japan,2023,PIA,2023_Japan_PIA_3.0,48,12.0,14.90566037735849,3.5,1.038066476114471,2.0,HARD,42.070253164556966,96.88,0.5519999999999925
Japan,2023,PIA,2023_Japan_PIA_3.0,49,13.0,12.924528301886792,3.5,1.038460957905633,2.0,HARD,42.070253164556966,97.117,0.7890000000000015
Japan,2023,PIA,2023_Japan_PIA_3.0,50,14.0,10.943396226415095,3.5,1.0388514344942905,2.0,HARD,42.070253164556966,97.131,0.8029999999999973
Japan,2023,PIA,2023_Japan_PIA_3.0,51,15.0,8.962264150943396,3.5,1.0392380254537539,2.0,HARD,42.070253164556966,97.231,0.9029999999999916
Japan,2023,PIA,2023_Japan_PIA_3.0,52,16.0,6.981132075471698,3.5,1.0396208445234918,2.0,HARD,42.070253164556966,97.795,1.4669999999999987
Japan,2023,PIA,2023_Japan_PIA_3.0,53,17.0,5.0,3.5,1.04,2.0,HARD,42.070253164556966,97.017,0.688999999999993
Japan,2023,RUS,2023_Japan_RUS_1.0,5,1.0,100.09433962264151,3.5,1.012285902336679,1.0,MEDIUM,42.070253164556966,99.465,0.0
Japan,2023,RUS,2023_Japan_RUS_1.0,6,2.0,98.11320754716981,3.5,1.013458531698209,1.0,MEDIUM,42.070253164556966,99.518,0.05299999999999727
Japan,2023,RUS,2023_Japan_RUS_1.0,7,3.0,96.13207547169812,3.5,1.0145368756862325,1.0,MEDIUM,42.070253164556966,99.582,0.11699999999999022
Japan,2023,RUS,2023_Japan_RUS_1.0,8,4.0,94.15094339622641,3.5,1.0155405737977161,1.0,MEDIUM,42.070253164556966,99.672,0.20699999999999363
Japan,2023,RUS,2023_Japan_RUS_1.0,9,5.0,92.16981132075472,3.5,1.0164832676738427,1.0,MEDIUM,42.070253164556966,99.767,0.3019999999999925
Japan,2023,RUS,2023_Japan_RUS_1.0,10,6.0,90.18867924528301,3.5,1.0173748897105228,1.0,MEDIUM,42.070253164556966,99.894,0.42900000000000205
Japan,2023,RUS,2023_Japan_RUS_1.0,11,7.0,88.20754716981132,3.5,1.0182229380643768,1.0,MEDIUM,42.070253164556966,100.012,0.546999999999997
Japan,2023,RUS,2023_Japan_RUS_1.0,13,8.0,84.24528301886792,3.5,1.019810422261746,1.0,MEDIUM,42.070253164556966,99.213,-0.25200000000000955
Japan,2023,RUS,2023_Japan_RUS_1.0,15,9.0,80.28301886792453,3.5,1.0212798070639573,1.0,MEDIUM,42.070253164556966,98.768,-0.6970000000000027
Japan,2023,RUS,2023_Japan_RUS_1.0,16,10.0,78.30188679245283,3.5,1.0219776902317903,1.0,MEDIUM,42.070253164556966,100.5,1.0349999999999966
Japan,2023,RUS,2023_Japan_RUS_1.0,17,11.0,76.32075471698113,3.5,1.0226540845581942,1.0,MEDIUM,42.070253164556966,99.13,-0.33500000000000796
Japan,2023,RUS,2023_Japan_RUS_1.0,18,12.0,74.33962264150944,3.5,1.0233108606965744,1.0,MEDIUM,42.070253164556966,99.553,0.08799999999999386
Japan,2023,RUS,2023_Japan_RUS_1.0,19,13.0,72.35849056603773,3.5,1.0239496326832036,1.0,MEDIUM,42.070253164556966,100.016,0.5510000000000019
Japan,2023,RUS,2023_Japan_RUS_1.0,20,14.0,70.37735849056604,3.5,1.024571804673358,1.0,MEDIUM,42.070253164556966,99.419,-0.04600000000000648
Japan,2023,RUS,2023_Japan_RUS_1.0,21,15.0,68.39622641509433,3.5,1.0251786072718676,1.0,MEDIUM,42.070253164556966,99.559,0.09399999999999409
Japan,2023,RUS,2023_Japan_RUS_1.0,22,16.0,66.41509433962264,3.5,1.0257711261569267,1.0,MEDIUM,42.070253164556966,99.565,0.09999999999999432
Japan,2023,RUS,2023_Japan_RUS_1.0,23,17.0,64.43396226415095,3.5,1.0263503249058055,1.0,MEDIUM,42.070253164556966,99.439,-0.02600000000001046
Japan,2023,RUS,2023_Japan_RUS_2.0,26,1.0,58.490566037735846,3.5,1.028016167838899,2.0,HARD,42.070253164556966,98.014,0.36099999999999
Japan,2023,RUS,2023_Japan_RUS_2.0,27,2.0,56.509433962264154,3.5,1.0285498570858531,2.0,HARD,42.070253164556966,97.653,0.0
Japan,2023,RUS,2023_Japan_RUS_2.0,28,3.0,54.528301886792455,3.5,1.0290737513724653,2.0,HARD,42.070253164556966,97.678,0.024999999999991473
Japan,2023,RUS,2023_Japan_RUS_2.0,29,4.0,52.54716981132076,3.5,1.0295883709945852,2.0,HARD,42.070253164556966,97.841,0.18799999999998818
Japan,2023,RUS,2023_Japan_RUS_2.0,30,5.0,50.56603773584906,3.5,1.0300941917545312,2.0,HARD,42.070253164556966,97.951,0.2979999999999876
Japan,2023,RUS,2023_Japan_RUS_2.0,31,6.0,48.58490566037736,3.5,1.03059165011247,2.0,HARD,42.070253164556966,98.002,0.34899999999998954
Japan,2023,RUS,2023_Japan_RUS_2.0,32,7.0,46.60377358490566,3.5,1.0310811475954325,2.0,HARD,42.070253164556966,98.196,0.5429999999999922
Japan,2023,RUS,2023_Japan_RUS_2.0,33,8.0,44.62264150943396,3.5,1.0315630545906815,2.0,HARD,42.070253164556966,98.129,0.4759999999999991
Japan,2023,RUS,2023_Japan_RUS_2.0,34,9.0,42.64150943396226,3.5,1.0320377136253451,2.0,HARD,42.070253164556966,98.097,0.4439999999999884
Japan,2023,RUS,2023_Japan_RUS_2.0,35,10.0,40.660377358490564,3.5,1.03250544221488,2.0,HARD,42.070253164556966,98.197,0.5439999999999969
Japan,2023,RUS,2023_Japan_RUS_2.0,36,11.0,38.679245283018865,3.5,1.0329665353476853,2.0,HARD,42.070253164556966,97.997,0.3439999999999941
Japan,2023,RUS,2023_Japan_RUS_2.0,37,12.0,36.698113207547166,3.5,1.0334212676611088,2.0,HARD,42.070253164556966,98.48,0.8269999999999982
Japan,2023,RUS,2023_Japan_RUS_2.0,38,13.0,34.716981132075475,3.5,1.0338698953544405,2.0,HARD,42.070253164556966,99.043,1.3900000000000006
Japan,2023,RUS,2023_Japan_RUS_2.0,39,14.0,32.73584905660377,3.5,1.0343126578767374,2.0,HARD,42.070253164556966,98.016,0.36299999999999955
Japan,2023,RUS,2023_Japan_RUS_2.0,40,15.0,30.754716981132077,3.5,1.0347497794210456,2.0,HARD,42.070253164556966,97.692,0.03899999999998727
Japan,2023,RUS,2023_Japan_RUS_2.0,41,16.0,28.77358490566038,3.5,1.0351814702514919,2.0,HARD,42.070253164556966,98.022,0.3689999999999998
Japan,2023,RUS,2023_Japan_RUS_2.0,42,17.0,26.79245283018868,3.5,1.035607927885541,2.0,HARD,42.070253164556966,98.579,0.9259999999999877
Japan,2023,RUS,2023_Japan_RUS_2.0,43,18.0,24.81132075471698,3.5,1.0360293381502792,2.0,HARD,42.070253164556966,98.1,0.4469999999999885
Japan,2023,RUS,2023_Japan_RUS_2.0,44,19.0,22.830188679245282,3.5,1.0364458761287536,2.0,HARD,42.070253164556966,98.454,0.8009999999999877
Japan,2023,RUS,2023_Japan_RUS_2.0,45,20.0,20.849056603773583,3.5,1.036857707010037,2.0,HARD,42.070253164556966,99.238,1.5849999999999937
Japan,2023,RUS,2023_Japan_RUS_2.0,46,21.0,18.867924528301884,3.5,1.0372649868547277,2.0,HARD,42.070253164556966,98.44,0.7869999999999919
Japan,2023,RUS,2023_Japan_RUS_2.0,47,22.0,16.88679245283019,3.5,1.0376678632859404,2.0,HARD,42.070253164556966,98.739,1.0859999999999985
Japan,2023,RUS,2023_Japan_RUS_2.0,48,23.0,14.90566037735849,3.5,1.038066476114471,2.0,HARD,42.070253164556966,98.356,0.7029999999999887
Japan,2023,RUS,2023_Japan_RUS_2.0,49,24.0,12.924528301886792,3.5,1.038460957905633,2.0,HARD,42.070253164556966,100.592,2.938999999999993
Japan,2023,RUS,2023_Japan_RUS_2.0,50,25.0,10.943396226415095,3.5,1.0388514344942905,2.0,HARD,42.070253164556966,99.679,2.0259999999999962
Japan,2023,RUS,2023_Japan_RUS_2.0,51,26.0,8.962264150943396,3.5,1.0392380254537539,2.0,HARD,42.070253164556966,99.071,1.4179999999999922
Japan,2023,RUS,2023_Japan_RUS_2.0,52,27.0,6.981132075471698,3.5,1.0396208445234918,2.0,HARD,42.070253164556966,99.055,1.402000000000001
Japan,2023,RUS,2023_Japan_RUS_2.0,53,28.0,5.0,3.5,1.04,2.0,HARD,42.070253164556966,98.88,1.2269999999999897
Japan,2023,SAI,2023_Japan_SAI_1.0,5,1.0,100.09433962264151,3.5,1.012285902336679,1.0,MEDIUM,42.070253164556966,98.962,0.0
Japan,2023,SAI,2023_Japan_SAI_1.0,6,2.0,98.11320754716981,3.5,1.013458531698209,1.0,MEDIUM,42.070253164556966,99.17,0.2079999999999984
Japan,2023,SAI,2023_Japan_SAI_1.0,7,3.0,96.13207547169812,3.5,1.0145368756862325,1.0,MEDIUM,42.070253164556966,99.189,0.22699999999998965
Japan,2023,SAI,2023_Japan_SAI_1.0,8,4.0,94.15094339622641,3.5,1.0155405737977161,1.0,MEDIUM,42.070253164556966,99.108,0.1460000000000008
Japan,2023,SAI,2023_Japan_SAI_1.0,9,5.0,92.16981132075472,3.5,1.0164832676738427,1.0,MEDIUM,42.070253164556966,99.168,0.20600000000000307
Japan,2023,SAI,2023_Japan_SAI_1.0,10,6.0,90.18867924528301,3.5,1.0173748897105228,1.0,MEDIUM,42.070253164556966,99.441,0.4789999999999992
Japan,2023,SAI,2023_Japan_SAI_1.0,11,7.0,88.20754716981132,3.5,1.0182229380643768,1.0,MEDIUM,42.070253164556966,99.677,0.7150000000000034
Japan,2023,SAI,2023_Japan_SAI_1.0,13,8.0,84.24528301886792,3.5,1.019810422261746,1.0,MEDIUM,42.070253164556966,99.579,0.6169999999999902
Japan,2023,SAI,2023_Japan_SAI_1.0,15,9.0,80.28301886792453,3.5,1.0212798070639573,1.0,MEDIUM,42.070253164556966,99.398,0.43599999999999284
Japan,2023,SAI,2023_Japan_SAI_1.0,16,10.0,78.30188679245283,3.5,1.0219776902317903,1.0,MEDIUM,42.070253164556966,99.513,0.5510000000000019
Japan,2023,SAI,2023_Japan_SAI_1.0,17,11.0,76.32075471698113,3.5,1.0226540845581942,1.0,MEDIUM,42.070253164556966,99.548,0.5859999999999985
Japan,2023,SAI,2023_Japan_SAI_2.0,20,1.0,70.37735849056604,3.5,1.024571804673358,1.0,MEDIUM,42.070253164556966,99.188,1.3089999999999975
Japan,2023,SAI,2023_Japan_SAI_2.0,21,2.0,68.39622641509433,3.5,1.0251786072718676,1.0,MEDIUM,42.070253164556966,97.987,0.10799999999998988
Japan,2023,SAI,2023_Japan_SAI_2.0,22,3.0,66.41509433962264,3.5,1.0257711261569267,1.0,MEDIUM,42.070253164556966,97.879,0.0
Japan,2023,SAI,2023_Japan_SAI_2.0,23,4.0,64.43396226415095,3.5,1.0263503249058055,1.0,MEDIUM,42.070253164556966,97.859,-0.020000000000010232
Japan,2023,SAI,2023_Japan_SAI_2.0,24,5.0,62.45283018867924,3.5,1.0269170633964182,1.0,MEDIUM,42.070253164556966,97.889,0.009999999999990905
Japan,2023,SAI,2023_Japan_SAI_2.0,25,6.0,60.471698113207545,3.5,1.0274721127897377,1.0,MEDIUM,42.070253164556966,97.753,-0.12600000000000477
Japan,2023,SAI,2023_Japan_SAI_2.0,26,7.0,58.490566037735846,3.5,1.028016167838899,1.0,MEDIUM,42.070253164556966,98.177,0.2980000000000018
Japan,2023,SAI,2023_Japan_SAI_2.0,27,8.0,56.509433962264154,3.5,1.0285498570858531,1.0,MEDIUM,42.070253164556966,98.819,0.9399999999999977
Japan,2023,SAI,2023_Japan_SAI_2.0,28,9.0,54.528301886792455,3.5,1.0290737513724653,1.0,MEDIUM,42.070253164556966,98.681,0.8019999999999925
Japan,2023,SAI,2023_Japan_SAI_2.0,29,10.0,52.54716981132076,3.5,1.0295883709945852,1.0,MEDIUM,42.070253164556966,98.537,0.6580000000000013
Japan,2023,SAI,2023_Japan_SAI_2.0,30,11.0,50.56603773584906,3.5,1.0300941917545312,1.0,MEDIUM,42.070253164556966,98.715,0.8359999999999985
Japan,2023,SAI,2023_Japan_SAI_2.0,31,12.0,48.58490566037736,3.5,1.03059165011247,1.0,MEDIUM,42.070253164556966,98.716,0.8369999999999891
Japan,2023,SAI,2023_Japan_SAI_2.0,32,13.0,46.60377358490566,3.5,1.0310811475954325,1.0,MEDIUM,42.070253164556966,98.726,0.8469999999999942
Japan,2023,SAI,2023_Japan_SAI_2.0,33,14.0,44.62264150943396,3.5,1.0315630545906815,1.0,MEDIUM,42.070253164556966,98.634,0.7549999999999955
Japan,2023,SAI,2023_Japan_SAI_2.0,34,15.0,42.64150943396226,3.5,1.0320377136253451,1.0,MEDIUM,42.070253164556966,98.588,0.708999999999989
Japan,2023,SAI,2023_Japan_SAI_2.0,35,16.0,40.660377358490564,3.5,1.03250544221488,1.0,MEDIUM,42.070253164556966,98.702,0.8229999999999933
Japan,2023,SAI,2023_Japan_SAI_2.0,36,17.0,38.679245283018865,3.5,1.0329665353476853,1.0,MEDIUM,42.070253164556966,98.452,0.5729999999999933
Japan,2023,SAI,2023_Japan_SAI_2.0,37,18.0,36.698113207547166,3.5,1.0334212676611088,1.0,MEDIUM,42.070253164556966,99.098,1.218999999999994
Japan,2023,SAI,2023_Japan_SAI_3.0,40,1.0,30.754716981132077,3.5,1.0347497794210456,2.0,HARD,42.070253164556966,96.187,0.0
Japan,2023,SAI,2023_Japan_SAI_3.0,41,2.0,28.77358490566038,3.5,1.0351814702514919,2.0,HARD,42.070253164556966,96.364,0.1770000000000067
Japan,2023,SAI,2023_Japan_SAI_3.0,42,3.0,26.79245283018868,3.5,1.035607927885541,2.0,HARD,42.070253164556966,96.378,0.1910000000000025
Japan,2023,SAI,2023_Japan_SAI_3.0,43,4.0,24.81132075471698,3.5,1.0360293381502792,2.0,HARD,42.070253164556966,96.677,0.4900000000000091
Japan,2023,SAI,2023_Japan_SAI_3.0,44,5.0,22.830188679245282,3.5,1.0364458761287536,2.0,HARD,42.070253164556966,96.724,0.5370000000000061
Japan,2023,SAI,2023_Japan_SAI_3.0,45,6.0,20.849056603773583,3.5,1.036857707010037,2.0,HARD,42.070253164556966,96.798,0.6110000000000042
Japan,2023,SAI,2023_Japan_SAI_3.0,46,7.0,18.867924528301884,3.5,1.0372649868547277,2.0,HARD,42.070253164556966,96.783,0.5960000000000036
Japan,2023,SAI,2023_Japan_SAI_3.0,47,8.0,16.88679245283019,3.5,1.0376678632859404,2.0,HARD,42.070253164556966,97.516,1.3290000000000077
Japan,2023,SAI,2023_Japan_SAI_3.0,48,9.0,14.90566037735849,3.5,1.038066476114471,2.0,HARD,42.070253164556966,98.346,2.159000000000006
Japan,2023,SAI,2023_Japan_SAI_3.0,49,10.0,12.924528301886792,3.5,1.038460957905633,2.0,HARD,42.070253164556966,99.668,3.4810000000000088
Japan,2023,SAI,2023_Japan_SAI_3.0,50,11.0,10.943396226415095,3.5,1.0388514344942905,2.0,HARD,42.070253164556966,97.349,1.1620000000000061
Japan,2023,SAI,2023_Japan_SAI_3.0,51,12.0,8.962264150943396,3.5,1.0392380254537539,2.0,HARD,42.070253164556966,97.118,0.9309999999999974
Japan,2023,SAI,2023_Japan_SAI_3.0,52,13.0,6.981132075471698,3.5,1.0396208445234918,2.0,HARD,42.070253164556966,97.389,1.2019999999999982
Japan,2023,SAI,2023_Japan_SAI_3.0,53,14.0,5.0,3.5,1.04,2.0,HARD,42.070253164556966,97.259,1.0720000000000027
Japan,2023,SAR,2023_Japan_SAR_3.0,7,1.0,96.13207547169812,3.5,1.0145368756862325,1.0,MEDIUM,42.070253164556966,98.848,0.0
Japan,2023,SAR,2023_Japan_SAR_3.0,8,2.0,94.15094339622641,3.5,1.0155405737977161,1.0,MEDIUM,42.070253164556966,99.721,0.8730000000000047
Japan,2023,SAR,2023_Japan_SAR_3.0,9,3.0,92.16981132075472,3.5,1.0164832676738427,1.0,MEDIUM,42.070253164556966,100.317,1.468999999999994
Japan,2023,SAR,2023_Japan_SAR_3.0,10,4.0,90.18867924528301,3.5,1.0173748897105228,1.0,MEDIUM,42.070253164556966,100.619,1.7710000000000008
Japan,2023,SAR,2023_Japan_SAR_3.0,11,5.0,88.20754716981132,3.5,1.0182229380643768,1.0,MEDIUM,42.070253164556966,101.063,2.2150000000000034
Japan,2023,SAR,2023_Japan_SAR_3.0,15,6.0,80.28301886792453,3.5,1.0212798070639573,1.0,MEDIUM,42.070253164556966,100.853,2.0049999999999955
Japan,2023,SAR,2023_Japan_SAR_3.0,16,7.0,78.30188679245283,3.5,1.0219776902317903,1.0,MEDIUM,42.070253164556966,100.472,1.6239999999999952
Japan,2023,SAR,2023_Japan_SAR_3.0,17,8.0,76.32075471698113,3.5,1.0226540845581942,1.0,MEDIUM,42.070253164556966,100.746,1.8979999999999961
Japan,2023,SAR,2023_Japan_SAR_3.0,18,9.0,74.33962264150944,3.5,1.0233108606965744,1.0,MEDIUM,42.070253164556966,100.568,1.7199999999999989
Japan,2023,SAR,2023_Japan_SAR_3.0,19,10.0,72.35849056603773,3.5,1.0239496326832036,1.0,MEDIUM,42.070253164556966,100.463,1.6149999999999949
Japan,2023,SAR,2023_Japan_SAR_3.0,20,11.0,70.37735849056604,3.5,1.024571804673358,1.0,MEDIUM,42.070253164556966,101.168,2.3200000000000074
Japan,2023,STR,2023_Japan_STR_1.0,5,1.0,100.09433962264151,3.5,1.012285902336679,0.0,SOFT,42.070253164556966,100.379,0.5300000000000011
Japan,2023,STR,2023_Japan_STR_1.0,6,2.0,98.11320754716981,3.5,1.013458531698209,0.0,SOFT,42.070253164556966,99.849,0.0
Japan,2023,STR,2023_Japan_STR_1.0,7,3.0,96.13207547169812,3.5,1.0145368756862325,0.0,SOFT,42.070253164556966,100.052,0.20300000000000296
Japan,2023,STR,2023_Japan_STR_1.0,8,4.0,94.15094339622641,3.5,1.0155405737977161,0.0,SOFT,42.070253164556966,100.141,0.2920000000000016
Japan,2023,STR,2023_Japan_STR_1.0,9,5.0,92.16981132075472,3.5,1.0164832676738427,0.0,SOFT,42.070253164556966,100.376,0.527000000000001
Japan,2023,STR,2023_Japan_STR_1.0,10,6.0,90.18867924528301,3.5,1.0173748897105228,0.0,SOFT,42.070253164556966,99.829,-0.020000000000010232
Japan,2023,STR,2023_Japan_STR_1.0,11,7.0,88.20754716981132,3.5,1.0182229380643768,0.0,SOFT,42.070253164556966,100.151,0.3019999999999925
Japan,2023,TSU,2023_Japan_TSU_2.0,11,1.0,88.20754716981132,3.5,1.0182229380643768,1.0,MEDIUM,42.070253164556966,98.737,0.0
Japan,2023,TSU,2023_Japan_TSU_2.0,15,2.0,80.28301886792453,3.5,1.0212798070639573,1.0,MEDIUM,42.070253164556966,99.684,0.9470000000000027
Japan,2023,TSU,2023_Japan_TSU_2.0,16,3.0,78.30188679245283,3.5,1.0219776902317903,1.0,MEDIUM,42.070253164556966,99.874,1.1370000000000005
Japan,2023,TSU,2023_Japan_TSU_2.0,17,4.0,76.32075471698113,3.5,1.0226540845581942,1.0,MEDIUM,42.070253164556966,100.664,1.9270000000000067
Japan,2023,TSU,2023_Japan_TSU_2.0,18,5.0,74.33962264150944,3.5,1.0233108606965744,1.0,MEDIUM,42.070253164556966,100.142,1.4050000000000011
Japan,2023,TSU,2023_Japan_TSU_2.0,19,6.0,72.35849056603773,3.5,1.0239496326832036,1.0,MEDIUM,42.070253164556966,100.216,1.4789999999999992
Japan,2023,TSU,2023_Japan_TSU_2.0,20,7.0,70.37735849056604,3.5,1.024571804673358,1.0,MEDIUM,42.070253164556966,100.487,1.75
Japan,2023,TSU,2023_Japan_TSU_2.0,21,8.0,68.39622641509433,3.5,1.0251786072718676,1.0,MEDIUM,42.070253164556966,100.492,1.7550000000000097
Japan,2023,TSU,2023_Japan_TSU_2.0,22,9.0,66.41509433962264,3.5,1.0257711261569267,1.0,MEDIUM,42.070253164556966,100.651,1.9140000000000015
Japan,2023,TSU,2023_Japan_TSU_2.0,23,10.0,64.43396226415095,3.5,1.0263503249058055,1.0,MEDIUM,42.070253164556966,100.761,2.024000000000001
Japan,2023,TSU,2023_Japan_TSU_2.0,24,11.0,62.45283018867924,3.5,1.0269170633964182,1.0,MEDIUM,42.070253164556966,101.239,2.5020000000000095
Japan,2023,TSU,2023_Japan_TSU_2.0,25,12.0,60.471698113207545,3.5,1.0274721127897377,1.0,MEDIUM,42.070253164556966,100.349,1.612000000000009
Japan,2023,TSU,2023_Japan_TSU_2.0,26,13.0,58.490566037735846,3.5,1.028016167838899,1.0,MEDIUM,42.070253164556966,100.672,1.9350000000000023
Japan,2023,TSU,2023_Japan_TSU_2.0,27,14.0,56.509433962264154,3.5,1.0285498570858531,1.0,MEDIUM,42.070253164556966,100.486,1.7490000000000094
Japan,2023,TSU,2023_Japan_TSU_2.0,28,15.0,54.528301886792455,3.5,1.0290737513724653,1.0,MEDIUM,42.070253164556966,100.578,1.8410000000000082
Japan,2023,TSU,2023_Japan_TSU_2.0,29,16.0,52.54716981132076,3.5,1.0295883709945852,1.0,MEDIUM,42.070253164556966,101.219,2.4819999999999993
Japan,2023,TSU,2023_Japan_TSU_3.0,32,1.0,46.60377358490566,3.5,1.0310811475954325,2.0,HARD,42.070253164556966,97.853,0.0
Japan,2023,TSU,2023_Japan_TSU_3.0,33,2.0,44.62264150943396,3.5,1.0315630545906815,2.0,HARD,42.070253164556966,98.093,0.2400000000000091
Japan,2023,TSU,2023_Japan_TSU_3.0,34,3.0,42.64150943396226,3.5,1.0320377136253451,2.0,HARD,42.070253164556966,97.898,0.045000000000001705
Japan,2023,TSU,2023_Japan_TSU_3.0,35,4.0,40.660377358490564,3.5,1.03250544221488,2.0,HARD,42.070253164556966,97.977,0.12400000000000944
Japan,2023,TSU,2023_Japan_TSU_3.0,36,5.0,38.679245283018865,3.5,1.0329665353476853,2.0,HARD,42.070253164556966,97.768,-0.08499999999999375
Japan,2023,TSU,2023_Japan_TSU_3.0,37,6.0,36.698113207547166,3.5,1.0334212676611088,2.0,HARD,42.070253164556966,98.013,0.1600000000000108
Japan,2023,TSU,2023_Japan_TSU_3.0,38,7.0,34.716981132075475,3.5,1.0338698953544405,2.0,HARD,42.070253164556966,97.816,-0.03699999999999193
Japan,2023,TSU,2023_Japan_TSU_3.0,39,8.0,32.73584905660377,3.5,1.0343126578767374,2.0,HARD,42.070253164556966,98.097,0.24399999999999977
Japan,2023,TSU,2023_Japan_TSU_3.0,40,9.0,30.754716981132077,3.5,1.0347497794210456,2.0,HARD,42.070253164556966,97.92,0.06700000000000728
Japan,2023,TSU,2023_Japan_TSU_3.0,41,10.0,28.77358490566038,3.5,1.0351814702514919,2.0,HARD,42.070253164556966,98.218,0.3650000000000091
Japan,2023,TSU,2023_Japan_TSU_3.0,42,11.0,26.79245283018868,3.5,1.035607927885541,2.0,HARD,42.070253164556966,98.419,0.5660000000000025
Japan,2023,TSU,2023_Japan_TSU_3.0,43,12.0,24.81132075471698,3.5,1.0360293381502792,2.0,HARD,42.070253164556966,98.768,0.9150000000000063
Japan,2023,TSU,2023_Japan_TSU_3.0,44,13.0,22.830188679245282,3.5,1.0364458761287536,2.0,HARD,42.070253164556966,98.51,0.6570000000000107
Japan,2023,TSU,2023_Japan_TSU_3.0,45,14.0,20.849056603773583,3.5,1.036857707010037,2.0,HARD,42.070253164556966,98.538,0.6850000000000023
Japan,2023,TSU,2023_Japan_TSU_3.0,46,15.0,18.867924528301884,3.5,1.0372649868547277,2.0,HARD,42.070253164556966,98.683,0.8300000000000125
Japan,2023,TSU,2023_Japan_TSU_3.0,47,16.0,16.88679245283019,3.5,1.0376678632859404,2.0,HARD,42.070253164556966,98.604,0.7510000000000048
Japan,2023,TSU,2023_Japan_TSU_3.0,48,17.0,14.90566037735849,3.5,1.038066476114471,2.0,HARD,42.070253164556966,98.687,0.8340000000000032
Japan,2023,TSU,2023_Japan_TSU_3.0,49,18.0,12.924528301886792,3.5,1.038460957905633,2.0,HARD,42.070253164556966,98.499,0.6460000000000008
Japan,2023,TSU,2023_Japan_TSU_3.0,50,19.0,10.943396226415095,3.5,1.0388514344942905,2.0,HARD,42.070253164556966,98.264,0.41100000000000136
Japan,2023,TSU,2023_Japan_TSU_3.0,51,20.0,8.962264150943396,3.5,1.0392380254537539,2.0,HARD,42.070253164556966,99.867,2.01400000000001
Japan,2023,TSU,2023_Japan_TSU_3.0,52,21.0,6.981132075471698,3.5,1.0396208445234918,2.0,HARD,42.070253164556966,99.1,1.2469999999999999
Japan,2023,VER,2023_Japan_VER_1.0,5,1.0,100.09433962264151,3.5,1.012285902336679,1.0,MEDIUM,42.070253164556966,96.748,0.0
Japan,2023,VER,2023_Japan_VER_1.0,6,2.0,98.11320754716981,3.5,1.013458531698209,1.0,MEDIUM,42.070253164556966,97.837,1.0889999999999986
Japan,2023,VER,2023_Japan_VER_1.0,7,3.0,96.13207547169812,3.5,1.0145368756862325,1.0,MEDIUM,42.070253164556966,98.033,1.2849999999999966
Japan,2023,VER,2023_Japan_VER_1.0,8,4.0,94.15094339622641,3.5,1.0155405737977161,1.0,MEDIUM,42.070253164556966,98.148,1.3999999999999915
Japan,2023,VER,2023_Japan_VER_1.0,9,5.0,92.16981132075472,3.5,1.0164832676738427,1.0,MEDIUM,42.070253164556966,98.241,1.492999999999995
Japan,2023,VER,2023_Japan_VER_1.0,10,6.0,90.18867924528301,3.5,1.0173748897105228,1.0,MEDIUM,42.070253164556966,98.301,1.5529999999999973
Japan,2023,VER,2023_Japan_VER_1.0,11,7.0,88.20754716981132,3.5,1.0182229380643768,1.0,MEDIUM,42.070253164556966,98.519,1.7710000000000008
Japan,2023,VER,2023_Japan_VER_1.0,13,8.0,84.24528301886792,3.5,1.019810422261746,1.0,MEDIUM,42.070253164556966,98.689,1.9409999999999883
Japan,2023,VER,2023_Japan_VER_1.0,15,9.0,80.28301886792453,3.5,1.0212798070639573,1.0,MEDIUM,42.070253164556966,98.373,1.625
Japan,2023,VER,2023_Japan_VER_2.0,18,1.0,74.33962264150944,3.5,1.0233108606965744,1.0,MEDIUM,42.070253164556966,97.399,0.05500000000000682
Japan,2023,VER,2023_Japan_VER_2.0,19,2.0,72.35849056603773,3.5,1.0239496326832036,1.0,MEDIUM,42.070253164556966,97.769,0.42500000000001137
Japan,2023,VER,2023_Japan_VER_2.0,20,3.0,70.37735849056604,3.5,1.024571804673358,1.0,MEDIUM,42.070253164556966,97.344,0.0
Japan,2023,VER,2023_Japan_VER_2.0,21,4.0,68.39622641509433,3.5,1.0251786072718676,1.0,MEDIUM,42.070253164556966,97.565,0.22100000000000364
Japan,2023,VER,2023_Japan_VER_2.0,22,5.0,66.41509433962264,3.5,1.0257711261569267,1.0,MEDIUM,42.070253164556966,97.592,0.24800000000000466
Japan,2023,VER,2023_Japan_VER_2.0,23,6.0,64.43396226415095,3.5,1.0263503249058055,1.0,MEDIUM,42.070253164556966,97.722,0.3780000000000001
Japan,2023,VER,2023_Japan_VER_2.0,24,7.0,62.45283018867924,3.5,1.0269170633964182,1.0,MEDIUM,42.070253164556966,97.714,0.37000000000000455
Japan,2023,VER,2023_Japan_VER_2.0,25,8.0,60.471698113207545,3.5,1.0274721127897377,1.0,MEDIUM,42.070253164556966,97.946,0.6020000000000039
Japan,2023,VER,2023_Japan_VER_2.0,26,9.0,58.490566037735846,3.5,1.028016167838899,1.0,MEDIUM,42.070253164556966,97.903,0.5590000000000117
Japan,2023,VER,2023_Japan_VER_2.0,27,10.0,56.509433962264154,3.5,1.0285498570858531,1.0,MEDIUM,42.070253164556966,97.865,0.5210000000000008
Japan,2023,VER,2023_Japan_VER_2.0,28,11.0,54.528301886792455,3.5,1.0290737513724653,1.0,MEDIUM,42.070253164556966,97.558,0.21400000000001285
Japan,2023,VER,2023_Japan_VER_2.0,29,12.0,52.54716981132076,3.5,1.0295883709945852,1.0,MEDIUM,42.070253164556966,97.424,0.0800000000000125
Japan,2023,VER,2023_Japan_VER_2.0,30,13.0,50.56603773584906,3.5,1.0300941917545312,1.0,MEDIUM,42.070253164556966,97.599,0.25500000000000966
Japan,2023,VER,2023_Japan_VER_2.0,31,14.0,48.58490566037736,3.5,1.03059165011247,1.0,MEDIUM,42.070253164556966,97.599,0.25500000000000966
Japan,2023,VER,2023_Japan_VER_2.0,32,15.0,46.60377358490566,3.5,1.0310811475954325,1.0,MEDIUM,42.070253164556966,97.92,0.5760000000000076
Japan,2023,VER,2023_Japan_VER_2.0,33,16.0,44.62264150943396,3.5,1.0315630545906815,1.0,MEDIUM,42.070253164556966,97.655,0.31100000000000705
Japan,2023,VER,2023_Japan_VER_2.0,34,17.0,42.64150943396226,3.5,1.0320377136253451,1.0,MEDIUM,42.070253164556966,97.733,0.38900000000001
Japan,2023,VER,2023_Japan_VER_2.0,35,18.0,40.660377358490564,3.5,1.03250544221488,1.0,MEDIUM,42.070253164556966,97.788,0.4440000000000026
Japan,2023,VER,2023_Japan_VER_2.0,36,19.0,38.679245283018865,3.5,1.0329665353476853,1.0,MEDIUM,42.070253164556966,97.82,0.4759999999999991
Japan,2023,VER,2023_Japan_VER_3.0,39,1.0,32.73584905660377,3.5,1.0343126578767374,2.0,HARD,42.070253164556966,94.183,0.0
Japan,2023,VER,2023_Japan_VER_3.0,40,2.0,30.754716981132077,3.5,1.0347497794210456,2.0,HARD,42.070253164556966,95.914,1.7309999999999945
Japan,2023,VER,2023_Japan_VER_3.0,41,3.0,28.77358490566038,3.5,1.0351814702514919,2.0,HARD,42.070253164556966,95.433,1.25
Japan,2023,VER,2023_Japan_VER_3.0,42,4.0,26.79245283018868,3.5,1.035607927885541,2.0,HARD,42.070253164556966,95.248,1.0649999999999977
Japan,2023,VER,2023_Japan_VER_3.0,43,5.0,24.81132075471698,3.5,1.0360293381502792,2.0,HARD,42.070253164556966,95.969,1.7859999999999872
Japan,2023,VER,2023_Japan_VER_3.0,44,6.0,22.830188679245282,3.5,1.0364458761287536,2.0,HARD,42.070253164556966,95.462,1.2789999999999964
Japan,2023,VER,2023_Japan_VER_3.0,45,7.0,20.849056603773583,3.5,1.036857707010037,2.0,HARD,42.070253164556966,95.915,1.7319999999999993
Japan,2023,VER,2023_Japan_VER_3.0,46,8.0,18.867924528301884,3.5,1.0372649868547277,2.0,HARD,42.070253164556966,95.983,1.7999999999999972
Japan,2023,VER,2023_Japan_VER_3.0,47,9.0,16.88679245283019,3.5,1.0376678632859404,2.0,HARD,42.070253164556966,96.22,2.036999999999992
Japan,2023,VER,2023_Japan_VER_3.0,48,10.0,14.90566037735849,3.5,1.038066476114471,2.0,HARD,42.070253164556966,96.198,2.0149999999999864
Japan,2023,VER,2023_Japan_VER_3.0,49,11.0,12.924528301886792,3.5,1.038460957905633,2.0,HARD,42.070253164556966,96.689,2.505999999999986
Japan,2023,VER,2023_Japan_VER_3.0,50,12.0,10.943396226415095,3.5,1.0388514344942905,2.0,HARD,42.070253164556966,96.877,2.6939999999999884
Japan,2023,VER,2023_Japan_VER_3.0,51,13.0,8.962264150943396,3.5,1.0392380254537539,2.0,HARD,42.070253164556966,96.64,2.4569999999999936
Japan,2023,VER,2023_Japan_VER_3.0,52,14.0,6.981132075471698,3.5,1.0396208445234918,2.0,HARD,42.070253164556966,97.05,2.8669999999999902
Japan,2023,VER,2023_Japan_VER_3.0,53,15.0,5.0,3.5,1.04,2.0,HARD,42.070253164556966,96.3,2.1169999999999902
Japan,2023,ZHO,2023_Japan_ZHO_3.0,15,1.0,80.28301886792453,3.5,1.0212798070639573,0.0,SOFT,42.070253164556966,99.106,0.0
Japan,2023,ZHO,2023_Japan_ZHO_3.0,16,2.0,78.30188679245283,3.5,1.0219776902317903,0.0,SOFT,42.070253164556966,100.159,1.0530000000000115
Japan,2023,ZHO,2023_Japan_ZHO_3.0,17,3.0,76.32075471698113,3.5,1.0226540845581942,0.0,SOFT,42.070253164556966,99.867,0.7610000000000099
Japan,2023,ZHO,2023_Japan_ZHO_3.0,18,4.0,74.33962264150944,3.5,1.0233108606965744,0.0,SOFT,42.070253164556966,100.016,0.9100000000000108
Japan,2023,ZHO,2023_Japan_ZHO_3.0,19,5.0,72.35849056603773,3.5,1.0239496326832036,0.0,SOFT,42.070253164556966,99.809,0.703000000000003
Japan,2023,ZHO,2023_Japan_ZHO_3.0,20,6.0,70.37735849056604,3.5,1.024571804673358,0.0,SOFT,42.070253164556966,100.741,1.6350000000000051
Japan,2023,ZHO,2023_Japan_ZHO_3.0,21,7.0,68.39622641509433,3.5,1.0251786072718676,0.0,SOFT,42.070253164556966,100.625,1.5190000000000055
Japan,2023,ZHO,2023_Japan_ZHO_3.0,22,8.0,66.41509433962264,3.5,1.0257711261569267,0.0,SOFT,42.070253164556966,100.415,1.3090000000000117
Japan,2023,ZHO,2023_Japan_ZHO_3.0,23,9.0,64.43396226415095,3.5,1.0263503249058055,0.0,SOFT,42.070253164556966,100.134,1.0280000000000058
Japan,2023,ZHO,2023_Japan_ZHO_3.0,24,10.0,62.45283018867924,3.5,1.0269170633964182,0.0,SOFT,42.070253164556966,99.971,0.8650000000000091
Japan,2023,ZHO,2023_Japan_ZHO_3.0,25,11.0,60.471698113207545,3.5,1.0274721127897377,0.0,SOFT,42.070253164556966,99.999,0.8930000000000007
Japan,2023,ZHO,2023_Japan_ZHO_3.0,26,12.0,58.490566037735846,3.5,1.028016167838899,0.0,SOFT,42.070253164556966,100.423,1.3170000000000073
Japan,2023,ZHO,2023_Japan_ZHO_3.0,27,13.0,56.509433962264154,3.5,1.0285498570858531,0.0,SOFT,42.070253164556966,100.822,1.7160000000000082
Japan,2023,ZHO,2023_Japan_ZHO_3.0,28,14.0,54.528301886792455,3.5,1.0290737513724653,0.0,SOFT,42.070253164556966,100.264,1.1580000000000013
Japan,2023,ZHO,2023_Japan_ZHO_4.0,31,1.0,48.58490566037736,3.5,1.03059165011247,2.0,HARD,42.070253164556966,98.278,0.0
Japan,2023,ZHO,2023_Japan_ZHO_4.0,32,2.0,46.60377358490566,3.5,1.0310811475954325,2.0,HARD,42.070253164556966,98.465,0.1869999999999976
Japan,2023,ZHO,2023_Japan_ZHO_4.0,33,3.0,44.62264150943396,3.5,1.0315630545906815,2.0,HARD,42.070253164556966,98.643,0.3649999999999949
Japan,2023,ZHO,2023_Japan_ZHO_4.0,34,4.0,42.64150943396226,3.5,1.0320377136253451,2.0,HARD,42.070253164556966,98.649,0.3709999999999951
Japan,2023,ZHO,2023_Japan_ZHO_4.0,35,5.0,40.660377358490564,3.5,1.03250544221488,2.0,HARD,42.070253164556966,98.641,0.36299999999999955
Japan,2023,ZHO,2023_Japan_ZHO_4.0,36,6.0,38.679245283018865,3.5,1.0329665353476853,2.0,HARD,42.070253164556966,98.255,-0.023000000000010346
Japan,2023,ZHO,2023_Japan_ZHO_4.0,37,7.0,36.698113207547166,3.5,1.0334212676611088,2.0,HARD,42.070253164556966,98.43,0.15200000000000102
Japan,2023,ZHO,2023_Japan_ZHO_4.0,38,8.0,34.716981132075475,3.5,1.0338698953544405,2.0,HARD,42.070253164556966,98.211,-0.06700000000000728
Japan,2023,ZHO,2023_Japan_ZHO_4.0,39,9.0,32.73584905660377,3.5,1.0343126578767374,2.0,HARD,42.070253164556966,97.992,-0.28600000000000136
Japan,2023,ZHO,2023_Japan_ZHO_4.0,40,10.0,30.754716981132077,3.5,1.0347497794210456,2.0,HARD,42.070253164556966,98.332,0.053999999999987836
Japan,2023,ZHO,2023_Japan_ZHO_4.0,41,11.0,28.77358490566038,3.5,1.0351814702514919,2.0,HARD,42.070253164556966,98.191,-0.0870000000000033
Japan,2023,ZHO,2023_Japan_ZHO_4.0,42,12.0,26.79245283018868,3.5,1.035607927885541,2.0,HARD,42.070253164556966,97.906,-0.3719999999999999
Japan,2023,ZHO,2023_Japan_ZHO_4.0,43,13.0,24.81132075471698,3.5,1.0360293381502792,2.0,HARD,42.070253164556966,98.213,-0.06500000000001194
Japan,2023,ZHO,2023_Japan_ZHO_4.0,44,14.0,22.830188679245282,3.5,1.0364458761287536,2.0,HARD,42.070253164556966,98.202,-0.07600000000000762
Japan,2023,ZHO,2023_Japan_ZHO_4.0,45,15.0,20.849056603773583,3.5,1.036857707010037,2.0,HARD,42.070253164556966,97.791,-0.487000000000009
Japan,2023,ZHO,2023_Japan_ZHO_4.0,46,16.0,18.867924528301884,3.5,1.0372649868547277,2.0,HARD,42.070253164556966,98.264,-0.014000000000010004
Japan,2023,ZHO,2023_Japan_ZHO_4.0,47,17.0,16.88679245283019,3.5,1.0376678632859404,2.0,HARD,42.070253164556966,98.232,-0.04600000000000648
Japan,2023,ZHO,2023_Japan_ZHO_4.0,48,18.0,14.90566037735849,3.5,1.038066476114471,2.0,HARD,42.070253164556966,98.585,0.30699999999998795
Japan,2023,ZHO,2023_Japan_ZHO_4.0,49,19.0,12.924528301886792,3.5,1.038460957905633,2.0,HARD,42.070253164556966,99.73,1.4519999999999982
Japan,2023,ZHO,2023_Japan_ZHO_4.0,50,20.0,10.943396226415095,3.5,1.0388514344942905,2.0,HARD,42.070253164556966,98.098,-0.18000000000000682
Japan,2023,ZHO,2023_Japan_ZHO_4.0,51,21.0,8.962264150943396,3.5,1.0392380254537539,2.0,HARD,42.070253164556966,98.444,0.16599999999999682
Japan,2023,ZHO,2023_Japan_ZHO_4.0,52,22.0,6.981132075471698,3.5,1.0396208445234918,2.0,HARD,42.070253164556966,98.513,0.23499999999999943
Abu Dhabi,2023,ALB,2023_Abu Dhabi_ALB_1.0,2,1.0,105.0,3.5,1.007427813527082,1.0,MEDIUM,33.46089743589744,93.56,1.9690000000000083
Abu Dhabi,2023,ALB,2023_Abu Dhabi_ALB_1.0,3,2.0,104.56896551724138,3.5,1.0090971765229468,1.0,MEDIUM,33.46089743589744,91.768,0.1770000000000067
Abu Dhabi,2023,ALB,2023_Abu Dhabi_ALB_1.0,4,3.0,102.75862068965517,3.5,1.0105045146287779,1.0,MEDIUM,33.46089743589744,91.591,0.0
Abu Dhabi,2023,ALB,2023_Abu Dhabi_ALB_1.0,5,4.0,100.94827586206897,3.5,1.0117444043902941,1.0,MEDIUM,33.46089743589744,91.422,-0.16899999999999693
Abu Dhabi,2023,ALB,2023_Abu Dhabi_ALB_1.0,6,5.0,99.13793103448276,3.5,1.0128653504180536,1.0,MEDIUM,33.46089743589744,91.491,-0.09999999999999432
Abu Dhabi,2023,ALB,2023_Abu Dhabi_ALB_1.0,7,6.0,97.32758620689656,3.5,1.013896166675593,1.0,MEDIUM,33.46089743589744,91.438,-0.1529999999999916
Abu Dhabi,2023,ALB,2023_Abu Dhabi_ALB_1.0,8,7.0,95.51724137931035,3.5,1.0148556270541642,1.0,MEDIUM,33.46089743589744,91.58,-0.01099999999999568
Abu Dhabi,2023,ALB,2023_Abu Dhabi_ALB_1.0,9,8.0,93.70689655172414,3.5,1.0157567719431666,1.0,MEDIUM,33.46089743589744,91.644,0.05300000000001148
Abu Dhabi,2023,ALB,2023_Abu Dhabi_ALB_1.0,10,9.0,91.89655172413794,3.5,1.016609095970748,1.0,MEDIUM,33.46089743589744,91.978,0.38700000000000045
Abu Dhabi,2023,ALB,2023_Abu Dhabi_ALB_1.0,11,10.0,90.08620689655172,3.5,1.0174197668142277,1.0,MEDIUM,33.46089743589744,91.962,0.3710000000000093
Abu Dhabi,2023,ALB,2023_Abu Dhabi_ALB_1.0,12,11.0,88.27586206896551,3.5,1.0181943530458937,1.0,MEDIUM,33.46089743589744,91.958,0.36700000000000443
Abu Dhabi,2023,ALB,2023_Abu Dhabi_ALB_1.0,13,12.0,86.4655172413793,3.5,1.01893728305896,1.0,MEDIUM,33.46089743589744,91.7,0.10900000000000887
Abu Dhabi,2023,ALB,2023_Abu Dhabi_ALB_1.0,14,13.0,84.6551724137931,3.5,1.0196521473776208,1.0,MEDIUM,33.46089743589744,91.655,0.06400000000000716
Abu Dhabi,2023,ALB,2023_Abu Dhabi_ALB_1.0,15,14.0,82.84482758620689,3.5,1.0203419051086242,1.0,MEDIUM,33.46089743589744,91.729,0.13800000000000523
Abu Dhabi,2023,ALB,2023_Abu Dhabi_ALB_2.0,18,1.0,77.41379310344827,3.5,1.0222834405812462,2.0,HARD,33.46089743589744,90.463,0.07099999999999795
Abu Dhabi,2023,ALB,2023_Abu Dhabi_ALB_2.0,19,2.0,75.60344827586206,3.5,1.0228940588588935,2.0,HARD,33.46089743589744,90.573,0.18099999999999739
Abu Dhabi,2023,ALB,2023_Abu Dhabi_ALB_2.0,20,3.0,73.79310344827586,3.5,1.0234888087805882,2.0,HARD,33.46089743589744,90.392,0.0
Abu Dhabi,2023,ALB,2023_Abu Dhabi_ALB_2.0,21,4.0,71.98275862068965,3.5,1.0240688667125726,2.0,HARD,33.46089743589744,90.54,0.14800000000001035
Abu Dhabi,2023,ALB,2023_Abu Dhabi_ALB_2.0,22,5.0,70.17241379310344,3.5,1.0246352704820576,2.0,HARD,33.46089743589744,90.706,0.31400000000000716
Abu Dhabi,2023,ALB,2023_Abu Dhabi_ALB_2.0,23,6.0,68.36206896551724,3.5,1.0251889411968962,2.0,HARD,33.46089743589744,90.272,-0.11999999999999034
Abu Dhabi,2023,ALB,2023_Abu Dhabi_ALB_2.0,24,7.0,66.55172413793103,3.5,1.0257307008361072,2.0,HARD,33.46089743589744,90.511,0.11899999999999977
Abu Dhabi,2023,ALB,2023_Abu Dhabi_ALB_2.0,25,8.0,64.74137931034483,3.5,1.0262612865719445,2.0,HARD,33.46089743589744,90.655,0.26300000000000523
Abu Dhabi,2023,ALB,2023_Abu Dhabi_ALB_2.0,26,9.0,62.93103448275862,3.5,1.0267813625364794,2.0,HARD,33.46089743589744,90.092,-0.29999999999999716
Abu Dhabi,2023,ALB,2023_Abu Dhabi_ALB_2.0,27,10.0,61.12068965517241,3.5,1.0272915295688405,2.0,HARD,33.46089743589744,90.728,0.3359999999999985
Abu Dhabi,2023,ALB,2023_Abu Dhabi_ALB_2.0,28,11.0,59.310344827586206,3.5,1.027792333351186,2.0,HARD,33.46089743589744,90.631,0.23900000000000432
Abu Dhabi,2023,ALB,2023_Abu Dhabi_ALB_2.0,29,12.0,57.5,3.5,1.0282842712474618,2.0,HARD,33.46089743589744,90.588,0.19599999999999795
Abu Dhabi,2023,ALB,2023_Abu Dhabi_ALB_2.0,30,13.0,55.689655172413794,3.5,1.028767798089123,2.0,HARD,33.46089743589744,90.591,0.19899999999999807
Abu Dhabi,2023,ALB,2023_Abu Dhabi_ALB_2.0,31,14.0,53.87931034482759,3.5,1.0292433310994678,2.0,HARD,33.46089743589744,90.555,0.16300000000001091
Abu Dhabi,2023,ALB,2023_Abu Dhabi_ALB_2.0,32,15.0,52.06896551724138,3.5,1.0297112541083282,2.0,HARD,33.46089743589744,90.35,-0.04200000000000159
Abu Dhabi,2023,ALB,2023_Abu Dhabi_ALB_2.0,33,16.0,50.258620689655174,3.5,1.0301719211782445,2.0,HARD,33.46089743589744,90.447,0.05500000000000682
Abu Dhabi,2023,ALB,2023_Abu Dhabi_ALB_2.0,34,17.0,48.44827586206897,3.5,1.0306256597395511,2.0,HARD,33.46089743589744,90.026,-0.36599999999999966
Abu Dhabi,2023,ALB,2023_Abu Dhabi_ALB_2.0,35,18.0,46.637931034482754,3.5,1.0310727733132932,2.0,HARD,33.46089743589744,89.987,-0.40500000000000114
Abu Dhabi,2023,ALB,2023_Abu Dhabi_ALB_2.0,36,19.0,44.82758620689655,3.5,1.0315135438863334,2.0,HARD,33.46089743589744,90.341,-0.05100000000000193
Abu Dhabi,2023,ALB,2023_Abu Dhabi_ALB_2.0,37,20.0,43.01724137931034,3.5,1.0319482339914496,2.0,HARD,33.46089743589744,90.413,0.021000000000000796
Abu Dhabi,2023,ALB,2023_Abu Dhabi_ALB_2.0,38,21.0,41.206896551724135,3.5,1.0323770885360153,2.0,HARD,33.46089743589744,90.238,-0.15399999999999636
Abu Dhabi,2023,ALB,2023_Abu Dhabi_ALB_2.0,39,22.0,39.39655172413793,3.5,1.0328003364154321,2.0,HARD,33.46089743589744,90.497,0.10500000000000398
Abu Dhabi,2023,ALB,2023_Abu Dhabi_ALB_2.0,40,23.0,37.58620689655172,3.5,1.033218191941496,2.0,HARD,33.46089743589744,90.331,-0.06099999999999284
Abu Dhabi,2023,ALB,2023_Abu Dhabi_ALB_2.0,41,24.0,35.775862068965516,3.5,1.0336308561109975,2.0,HARD,33.46089743589744,90.31,-0.08199999999999363
Abu Dhabi,2023,ALB,2023_Abu Dhabi_ALB_2.0,42,25.0,33.96551724137931,3.5,1.0340385177358706,2.0,HARD,33.46089743589744,90.355,-0.03699999999999193
Abu Dhabi,2023,ALB,2023_Abu Dhabi_ALB_3.0,45,1.0,28.53448275862069,3.5,1.0352332131708821,2.0,HARD,33.46089743589744,87.845,0.0
Abu Dhabi,2023,ALB,2023_Abu Dhabi_ALB_3.0,46,2.0,26.724137931034484,3.5,1.0356225422624687,2.0,HARD,33.46089743589744,88.694,0.8490000000000038
Abu Dhabi,2023,ALB,2023_Abu Dhabi_ALB_3.0,47,3.0,24.913793103448274,3.5,1.0360076620198804,2.0,HARD,33.46089743589744,88.74,0.894999999999996
Abu Dhabi,2023,ALB,2023_Abu Dhabi_ALB_3.0,48,4.0,23.103448275862068,3.5,1.0363887060917873,2.0,HARD,33.46089743589744,88.92,1.0750000000000028
Abu Dhabi,2023,ALB,2023_Abu Dhabi_ALB_3.0,49,5.0,21.29310344827586,3.5,1.0367658012007224,2.0,HARD,33.46089743589744,88.761,0.9159999999999968
Abu Dhabi,2023,ALB,2023_Abu Dhabi_ALB_3.0,50,6.0,19.482758620689655,3.5,1.0371390676354104,2.0,HARD,33.46089743589744,89.011,1.1659999999999968
Abu Dhabi,2023,ALB,2023_Abu Dhabi_ALB_3.0,51,7.0,17.67241379310345,3.5,1.037508619698999,2.0,HARD,33.46089743589744,88.675,0.8299999999999983
Abu Dhabi,2023,ALB,2023_Abu Dhabi_ALB_3.0,52,8.0,15.862068965517242,3.5,1.0378745661179198,2.0,HARD,33.46089743589744,88.402,0.5570000000000022
Abu Dhabi,2023,ALB,2023_Abu Dhabi_ALB_3.0,53,9.0,14.051724137931034,3.5,1.0382370104155285,2.0,HARD,33.46089743589744,88.608,0.7630000000000052
Abu Dhabi,2023,ALB,2023_Abu Dhabi_ALB_3.0,54,10.0,12.241379310344827,3.5,1.0385960512541605,2.0,HARD,33.46089743589744,88.812,0.9669999999999987
Abu Dhabi,2023,ALB,2023_Abu Dhabi_ALB_3.0,55,11.0,10.431034482758621,3.5,1.0389517827488082,2.0,HARD,33.46089743589744,88.742,0.8970000000000056
Abu Dhabi,2023,ALB,2023_Abu Dhabi_ALB_3.0,56,12.0,8.620689655172413,3.5,1.0393042947552413,2.0,HARD,33.46089743589744,88.743,0.8979999999999961
Abu Dhabi,2023,ALB,2023_Abu Dhabi_ALB_3.0,57,13.0,6.810344827586206,3.5,1.039653673135076,2.0,HARD,33.46089743589744,88.749,0.9039999999999964
Abu Dhabi,2023,ALB,2023_Abu Dhabi_ALB_3.0,58,14.0,5.0,3.5,1.04,2.0,HARD,33.46089743589744,88.67,0.8250000000000028
Abu Dhabi,2023,ALO,2023_Abu Dhabi_ALO_1.0,1,1.0,105.0,3.5,1.005252257314389,1.0,MEDIUM,33.46089743589744,96.044,5.221000000000004
Abu Dhabi,2023,ALO,2023_Abu Dhabi_ALO_1.0,2,2.0,105.0,3.5,1.007427813527082,1.0,MEDIUM,33.46089743589744,91.755,0.9320000000000022
Abu Dhabi,2023,ALO,2023_Abu Dhabi_ALO_1.0,3,3.0,104.56896551724138,3.5,1.0090971765229468,1.0,MEDIUM,33.46089743589744,90.823,0.0
Abu Dhabi,2023,ALO,2023_Abu Dhabi_ALO_1.0,4,4.0,102.75862068965517,3.5,1.0105045146287779,1.0,MEDIUM,33.46089743589744,90.66,-0.1629999999999967
Abu Dhabi,2023,ALO,2023_Abu Dhabi_ALO_1.0,5,5.0,100.94827586206897,3.5,1.0117444043902941,1.0,MEDIUM,33.46089743589744,90.773,-0.04999999999999716
Abu Dhabi,2023,ALO,2023_Abu Dhabi_ALO_1.0,6,6.0,99.13793103448276,3.5,1.0128653504180536,1.0,MEDIUM,33.46089743589744,90.803,-0.01999999999999602
Abu Dhabi,2023,ALO,2023_Abu Dhabi_ALO_1.0,7,7.0,97.32758620689656,3.5,1.013896166675593,1.0,MEDIUM,33.46089743589744,90.782,-0.04099999999999682
Abu Dhabi,2023,ALO,2023_Abu Dhabi_ALO_1.0,8,8.0,95.51724137931035,3.5,1.0148556270541642,1.0,MEDIUM,33.46089743589744,91.109,0.28600000000000136
Abu Dhabi,2023,ALO,2023_Abu Dhabi_ALO_1.0,9,9.0,93.70689655172414,3.5,1.0157567719431666,1.0,MEDIUM,33.46089743589744,90.915,0.09200000000001296
Abu Dhabi,2023,ALO,2023_Abu Dhabi_ALO_1.0,10,10.0,91.89655172413794,3.5,1.016609095970748,1.0,MEDIUM,33.46089743589744,91.18,0.35700000000001353
Abu Dhabi,2023,ALO,2023_Abu Dhabi_ALO_1.0,11,11.0,90.08620689655172,3.5,1.0174197668142277,1.0,MEDIUM,33.46089743589744,91.381,0.5580000000000069
Abu Dhabi,2023,ALO,2023_Abu Dhabi_ALO_2.0,14,1.0,84.6551724137931,3.5,1.0196521473776208,2.0,HARD,33.46089743589744,90.466,0.15200000000000102
Abu Dhabi,2023,ALO,2023_Abu Dhabi_ALO_2.0,15,2.0,82.84482758620689,3.5,1.0203419051086242,2.0,HARD,33.46089743589744,90.389,0.07500000000000284
Abu Dhabi,2023,ALO,2023_Abu Dhabi_ALO_2.0,16,3.0,81.03448275862068,3.5,1.0210090292575555,2.0,HARD,33.46089743589744,90.314,0.0
Abu Dhabi,2023,ALO,2023_Abu Dhabi_ALO_2.0,17,4.0,79.22413793103448,3.5,1.0216556116801483,2.0,HARD,33.46089743589744,90.308,-0.0059999999999860165
Abu Dhabi,2023,ALO,2023_Abu Dhabi_ALO_2.0,18,5.0,77.41379310344827,3.5,1.0222834405812462,2.0,HARD,33.46089743589744,90.38,0.0660000000000025
Abu Dhabi,2023,ALO,2023_Abu Dhabi_ALO_2.0,19,6.0,75.60344827586206,3.5,1.0228940588588935,2.0,HARD,33.46089743589744,90.205,-0.10899999999999466
Abu Dhabi,2023,ALO,2023_Abu Dhabi_ALO_2.0,20,7.0,73.79310344827586,3.5,1.0234888087805882,2.0,HARD,33.46089743589744,90.38,0.0660000000000025
Abu Dhabi,2023,ALO,2023_Abu Dhabi_ALO_2.0,21,8.0,71.98275862068965,3.5,1.0240688667125726,2.0,HARD,33.46089743589744,89.887,-0.4269999999999925
Abu Dhabi,2023,ALO,2023_Abu Dhabi_ALO_2.0,22,9.0,70.17241379310344,3.5,1.0246352704820576,2.0,HARD,33.46089743589744,90.463,0.1490000000000009
Abu Dhabi,2023,ALO,2023_Abu Dhabi_ALO_2.0,23,10.0,68.36206896551724,3.5,1.0251889411968962,2.0,HARD,33.46089743589744,90.102,-0.21199999999998909
Abu Dhabi,2023,ALO,2023_Abu Dhabi_ALO_2.0,24,11.0,66.55172413793103,3.5,1.0257307008361072,2.0,HARD,33.46089743589744,90.093,-0.22099999999998943
Abu Dhabi,2023,ALO,2023_Abu Dhabi_ALO_2.0,25,12.0,64.74137931034483,3.5,1.0262612865719445,2.0,HARD,33.46089743589744,90.951,0.6370000000000005
Abu Dhabi,2023,ALO,2023_Abu Dhabi_ALO_2.0,26,13.0,62.93103448275862,3.5,1.0267813625364794,2.0,HARD,33.46089743589744,89.936,-0.3779999999999859
Abu Dhabi,2023,ALO,2023_Abu Dhabi_ALO_2.0,27,14.0,61.12068965517241,3.5,1.0272915295688405,2.0,HARD,33.46089743589744,90.229,-0.08499999999999375
Abu Dhabi,2023,ALO,2023_Abu Dhabi_ALO_2.0,28,15.0,59.310344827586206,3.5,1.027792333351186,2.0,HARD,33.46089743589744,90.559,0.24500000000000455
Abu Dhabi,2023,ALO,2023_Abu Dhabi_ALO_2.0,29,16.0,57.5,3.5,1.0282842712474618,2.0,HARD,33.46089743589744,90.009,-0.3049999999999926
Abu Dhabi,2023,ALO,2023_Abu Dhabi_ALO_2.0,30,17.0,55.689655172413794,3.5,1.028767798089123,2.0,HARD,33.46089743589744,90.415,0.1010000000000133
Abu Dhabi,2023,ALO,2023_Abu Dhabi_ALO_2.0,31,18.0,53.87931034482759,3.5,1.0292433310994678,2.0,HARD,33.46089743589744,90.128,-0.18599999999999284
Abu Dhabi,2023,ALO,2023_Abu Dhabi_ALO_2.0,32,19.0,52.06896551724138,3.5,1.0297112541083282,2.0,HARD,33.46089743589744,89.807,-0.5069999999999908
Abu Dhabi,2023,ALO,2023_Abu Dhabi_ALO_2.0,33,20.0,50.258620689655174,3.5,1.0301719211782445,2.0,HARD,33.46089743589744,90.426,0.11200000000000898
Abu Dhabi,2023,ALO,2023_Abu Dhabi_ALO_2.0,34,21.0,48.44827586206897,3.5,1.0306256597395511,2.0,HARD,33.46089743589744,89.884,-0.4299999999999926
Abu Dhabi,2023,ALO,2023_Abu Dhabi_ALO_2.0,35,22.0,46.637931034482754,3.5,1.0310727733132932,2.0,HARD,33.46089743589744,89.869,-0.4449999999999932
Abu Dhabi,2023,ALO,2023_Abu Dhabi_ALO_3.0,38,1.0,41.206896551724135,3.5,1.0323770885360153,2.0,HARD,33.46089743589744,88.909,0.2920000000000016
Abu Dhabi,2023,ALO,2023_Abu Dhabi_ALO_3.0,39,2.0,39.39655172413793,3.5,1.0328003364154321,2.0,HARD,33.46089743589744,88.8,0.18299999999999272
Abu Dhabi,2023,ALO,2023_Abu Dhabi_ALO_3.0,40,3.0,37.58620689655172,3.5,1.033218191941496,2.0,HARD,33.46089743589744,88.617,0.0
Abu Dhabi,2023,ALO,2023_Abu Dhabi_ALO_3.0,41,4.0,35.775862068965516,3.5,1.0336308561109975,2.0,HARD,33.46089743589744,88.81,0.19299999999999784
Abu Dhabi,2023,ALO,2023_Abu Dhabi_ALO_3.0,42,5.0,33.96551724137931,3.5,1.0340385177358706,2.0,HARD,33.46089743589744,88.256,-0.3610000000000042
Abu Dhabi,2023,ALO,2023_Abu Dhabi_ALO_3.0,43,6.0,32.1551724137931,3.5,1.0344413544529207,2.0,HARD,33.46089743589744,88.769,0.15200000000000102
Abu Dhabi,2023,ALO,2023_Abu Dhabi_ALO_3.0,44,7.0,30.344827586206897,3.5,1.0348395336284555,2.0,HARD,33.46089743589744,88.986,0.3689999999999998
Abu Dhabi,2023,ALO,2023_Abu Dhabi_ALO_3.0,45,8.0,28.53448275862069,3.5,1.0352332131708821,2.0,HARD,33.46089743589744,90.177,1.5600000000000023
Abu Dhabi,2023,ALO,2023_Abu Dhabi_ALO_3.0,46,9.0,26.724137931034484,3.5,1.0356225422624687,2.0,HARD,33.46089743589744,88.554,-0.06300000000000239
Abu Dhabi,2023,ALO,2023_Abu Dhabi_ALO_3.0,47,10.0,24.913793103448274,3.5,1.0360076620198804,2.0,HARD,33.46089743589744,88.625,0.007999999999995566
Abu Dhabi,2023,ALO,2023_Abu Dhabi_ALO_3.0,48,11.0,23.103448275862068,3.5,1.0363887060917873,2.0,HARD,33.46089743589744,88.592,-0.025000000000005684
Abu Dhabi,2023,ALO,2023_Abu Dhabi_ALO_3.0,49,12.0,21.29310344827586,3.5,1.0367658012007224,2.0,HARD,33.46089743589744,88.5,-0.11700000000000443
Abu Dhabi,2023,ALO,2023_Abu Dhabi_ALO_3.0,50,13.0,19.482758620689655,3.5,1.0371390676354104,2.0,HARD,33.46089743589744,88.619,0.001999999999995339
Abu Dhabi,2023,ALO,2023_Abu Dhabi_ALO_3.0,51,14.0,17.67241379310345,3.5,1.037508619698999,2.0,HARD,33.46089743589744,88.491,-0.12600000000000477
Abu Dhabi,2023,ALO,2023_Abu Dhabi_ALO_3.0,52,15.0,15.862068965517242,3.5,1.0378745661179198,2.0,HARD,33.46089743589744,88.604,-0.01300000000000523
Abu Dhabi,2023,ALO,2023_Abu Dhabi_ALO_3.0,53,16.0,14.051724137931034,3.5,1.0382370104155285,2.0,HARD,33.46089743589744,88.714,0.0969999999999942
Abu Dhabi,2023,ALO,2023_Abu Dhabi_ALO_3.0,54,17.0,12.241379310344827,3.5,1.0385960512541605,2.0,HARD,33.46089743589744,89.174,0.5570000000000022
Abu Dhabi,2023,ALO,2023_Abu Dhabi_ALO_3.0,55,18.0,10.431034482758621,3.5,1.0389517827488082,2.0,HARD,33.46089743589744,88.952,0.33499999999999375
Abu Dhabi,2023,ALO,2023_Abu Dhabi_ALO_3.0,56,19.0,8.620689655172413,3.5,1.0393042947552413,2.0,HARD,33.46089743589744,89.108,0.49099999999999966
Abu Dhabi,2023,ALO,2023_Abu Dhabi_ALO_3.0,57,20.0,6.810344827586206,3.5,1.039653673135076,2.0,HARD,33.46089743589744,89.038,0.42099999999999227
Abu Dhabi,2023,ALO,2023_Abu Dhabi_ALO_3.0,58,21.0,5.0,3.5,1.04,2.0,HARD,33.46089743589744,88.706,0.08899999999999864
Abu Dhabi,2023,BOT,2023_Abu Dhabi_BOT_1.0,2,1.0,105.0,3.5,1.007427813527082,2.0,HARD,33.46089743589744,92.77,1.48899999999999
Abu Dhabi,2023,BOT,2023_Abu Dhabi_BOT_1.0,3,2.0,104.56896551724138,3.5,1.0090971765229468,2.0,HARD,33.46089743589744,91.698,0.4169999999999874
Abu Dhabi,2023,BOT,2023_Abu Dhabi_BOT_1.0,4,3.0,102.75862068965517,3.5,1.0105045146287779,2.0,HARD,33.46089743589744,91.281,0.0
Abu Dhabi,2023,BOT,2023_Abu Dhabi_BOT_1.0,5,4.0,100.94827586206897,3.5,1.0117444043902941,2.0,HARD,33.46089743589744,91.445,0.16399999999998727
Abu Dhabi,2023,BOT,2023_Abu Dhabi_BOT_1.0,6,5.0,99.13793103448276,3.5,1.0128653504180536,2.0,HARD,33.46089743589744,91.122,-0.15900000000000603
Abu Dhabi,2023,BOT,2023_Abu Dhabi_BOT_1.0,7,6.0,97.32758620689656,3.5,1.013896166675593,2.0,HARD,33.46089743589744,91.189,-0.09200000000001296
Abu Dhabi,2023,BOT,2023_Abu Dhabi_BOT_1.0,8,7.0,95.51724137931035,3.5,1.0148556270541642,2.0,HARD,33.46089743589744,91.206,-0.07500000000000284
Abu Dhabi,2023,BOT,2023_Abu Dhabi_BOT_1.0,9,8.0,93.70689655172414,3.5,1.0157567719431666,2.0,HARD,33.46089743589744,91.716,0.43499999999998806
Abu Dhabi,2023,BOT,2023_Abu Dhabi_BOT_1.0,10,9.0,91.89655172413794,3.5,1.016609095970748,2.0,HARD,33.46089743589744,91.713,0.43199999999998795
Abu Dhabi,2023,BOT,2023_Abu Dhabi_BOT_1.0,11,10.0,90.08620689655172,3.5,1.0174197668142277,2.0,HARD,33.46089743589744,91.616,0.33499999999999375
Abu Dhabi,2023,BOT,2023_Abu Dhabi_BOT_1.0,12,11.0,88.27586206896551,3.5,1.0181943530458937,2.0,HARD,33.46089743589744,91.78,0.4989999999999952
Abu Dhabi,2023,BOT,2023_Abu Dhabi_BOT_1.0,13,12.0,86.4655172413793,3.5,1.01893728305896,2.0,HARD,33.46089743589744,91.887,0.6059999999999945
Abu Dhabi,2023,BOT,2023_Abu Dhabi_BOT_1.0,14,13.0,84.6551724137931,3.5,1.0196521473776208,2.0,HARD,33.46089743589744,91.709,0.42799999999999727
Abu Dhabi,2023,BOT,2023_Abu Dhabi_BOT_1.0,15,14.0,82.84482758620689,3.5,1.0203419051086242,2.0,HARD,33.46089743589744,91.436,0.15500000000000114
Abu Dhabi,2023,BOT,2023_Abu Dhabi_BOT_1.0,16,15.0,81.03448275862068,3.5,1.0210090292575555,2.0,HARD,33.46089743589744,91.475,0.1939999999999884
Abu Dhabi,2023,BOT,2023_Abu Dhabi_BOT_1.0,17,16.0,79.22413793103448,3.5,1.0216556116801483,2.0,HARD,33.46089743589744,91.561,0.28000000000000114
Abu Dhabi,2023,BOT,2023_Abu Dhabi_BOT_1.0,18,17.0,77.41379310344827,3.5,1.0222834405812462,2.0,HARD,33.46089743589744,92.236,0.9549999999999983
Abu Dhabi,2023,BOT,2023_Abu Dhabi_BOT_1.0,19,18.0,75.60344827586206,3.5,1.0228940588588935,2.0,HARD,33.46089743589744,92.309,1.0279999999999916
Abu Dhabi,2023,BOT,2023_Abu Dhabi_BOT_1.0,20,19.0,73.79310344827586,3.5,1.0234888087805882,2.0,HARD,33.46089743589744,92.795,1.5139999999999958
Abu Dhabi,2023,BOT,2023_Abu Dhabi_BOT_1.0,21,20.0,71.98275862068965,3.5,1.0240688667125726,2.0,HARD,33.46089743589744,92.462,1.1809999999999974
Abu Dhabi,2023,BOT,2023_Abu Dhabi_BOT_1.0,22,21.0,70.17241379310344,3.5,1.0246352704820576,2.0,HARD,33.46089743589744,92.922,1.6409999999999911
Abu Dhabi,2023,BOT,2023_Abu Dhabi_BOT_1.0,23,22.0,68.36206896551724,3.5,1.0251889411968962,2.0,HARD,33.46089743589744,92.934,1.6529999999999916
Abu Dhabi,2023,BOT,2023_Abu Dhabi_BOT_1.0,24,23.0,66.55172413793103,3.5,1.0257307008361072,2.0,HARD,33.46089743589744,92.36,1.0789999999999935
Abu Dhabi,2023,BOT,2023_Abu Dhabi_BOT_1.0,25,24.0,64.74137931034483,3.5,1.0262612865719445,2.0,HARD,33.46089743589744,92.139,0.8579999999999899
Abu Dhabi,2023,BOT,2023_Abu Dhabi_BOT_1.0,26,25.0,62.93103448275862,3.5,1.0267813625364794,2.0,HARD,33.46089743589744,92.821,1.539999999999992
Abu Dhabi,2023,BOT,2023_Abu Dhabi_BOT_1.0,27,26.0,61.12068965517241,3.5,1.0272915295688405,2.0,HARD,33.46089743589744,91.817,0.5359999999999872
Abu Dhabi,2023,BOT,2023_Abu Dhabi_BOT_1.0,28,27.0,59.310344827586206,3.5,1.027792333351186,2.0,HARD,33.46089743589744,92.424,1.1430000000000007
Abu Dhabi,2023,BOT,2023_Abu Dhabi_BOT_2.0,31,1.0,53.87931034482759,3.5,1.0292433310994678,1.0,MEDIUM,33.46089743589744,91.308,1.0630000000000024
Abu Dhabi,2023,BOT,2023_Abu Dhabi_BOT_2.0,32,2.0,52.06896551724138,3.5,1.0297112541083282,1.0,MEDIUM,33.46089743589744,90.245,0.0
Abu Dhabi,2023,BOT,2023_Abu Dhabi_BOT_2.0,33,3.0,50.258620689655174,3.5,1.0301719211782445,1.0,MEDIUM,33.46089743589744,90.623,0.3780000000000001
Abu Dhabi,2023,BOT,2023_Abu Dhabi_BOT_2.0,34,4.0,48.44827586206897,3.5,1.0306256597395511,1.0,MEDIUM,33.46089743589744,90.473,0.22799999999999443
Abu Dhabi,2023,BOT,2023_Abu Dhabi_BOT_2.0,35,5.0,46.637931034482754,3.5,1.0310727733132932,1.0,MEDIUM,33.46089743589744,90.401,0.1559999999999917
Abu Dhabi,2023,BOT,2023_Abu Dhabi_BOT_2.0,36,6.0,44.82758620689655,3.5,1.0315135438863334,1.0,MEDIUM,33.46089743589744,90.207,-0.038000000000010914
Abu Dhabi,2023,BOT,2023_Abu Dhabi_BOT_2.0,37,7.0,43.01724137931034,3.5,1.0319482339914496,1.0,MEDIUM,33.46089743589744,90.246,0.000999999999990564
Abu Dhabi,2023,BOT,2023_Abu Dhabi_BOT_2.0,38,8.0,41.206896551724135,3.5,1.0323770885360153,1.0,MEDIUM,33.46089743589744,90.016,-0.2289999999999992
Abu Dhabi,2023,BOT,2023_Abu Dhabi_BOT_2.0,39,9.0,39.39655172413793,3.5,1.0328003364154321,1.0,MEDIUM,33.46089743589744,90.001,-0.24399999999999977
Abu Dhabi,2023,BOT,2023_Abu Dhabi_BOT_2.0,40,10.0,37.58620689655172,3.5,1.033218191941496,1.0,MEDIUM,33.46089743589744,90.345,0.09999999999999432
Abu Dhabi,2023,BOT,2023_Abu Dhabi_BOT_2.0,41,11.0,35.775862068965516,3.5,1.0336308561109975,1.0,MEDIUM,33.46089743589744,90.161,-0.08400000000000318
Abu Dhabi,2023,BOT,2023_Abu Dhabi_BOT_2.0,42,12.0,33.96551724137931,3.5,1.0340385177358706,1.0,MEDIUM,33.46089743589744,89.863,-0.382000000000005
Abu Dhabi,2023,BOT,2023_Abu Dhabi_BOT_2.0,43,13.0,32.1551724137931,3.5,1.0344413544529207,1.0,MEDIUM,33.46089743589744,91.418,1.1730000000000018
Abu Dhabi,2023,BOT,2023_Abu Dhabi_BOT_2.0,44,14.0,30.344827586206897,3.5,1.0348395336284555,1.0,MEDIUM,33.46089743589744,89.999,-0.24600000000000932
Abu Dhabi,2023,BOT,2023_Abu Dhabi_BOT_2.0,45,15.0,28.53448275862069,3.5,1.0352332131708821,1.0,MEDIUM,33.46089743589744,90.495,0.25
Abu Dhabi,2023,BOT,2023_Abu Dhabi_BOT_2.0,46,16.0,26.724137931034484,3.5,1.0356225422624687,1.0,MEDIUM,33.46089743589744,89.998,-0.2469999999999999
Abu Dhabi,2023,BOT,2023_Abu Dhabi_BOT_2.0,47,17.0,24.913793103448274,3.5,1.0360076620198804,1.0,MEDIUM,33.46089743589744,90.448,0.20299999999998875
Abu Dhabi,2023,BOT,2023_Abu Dhabi_BOT_2.0,48,18.0,23.103448275862068,3.5,1.0363887060917873,1.0,MEDIUM,33.46089743589744,90.492,0.2469999999999999
Abu Dhabi,2023,BOT,2023_Abu Dhabi_BOT_2.0,49,19.0,21.29310344827586,3.5,1.0367658012007224,1.0,MEDIUM,33.46089743589744,90.688,0.44299999999999784
Abu Dhabi,2023,BOT,2023_Abu Dhabi_BOT_2.0,50,20.0,19.482758620689655,3.5,1.0371390676354104,1.0,MEDIUM,33.46089743589744,91.586,1.340999999999994
Abu Dhabi,2023,BOT,2023_Abu Dhabi_BOT_2.0,51,21.0,17.67241379310345,3.5,1.037508619698999,1.0,MEDIUM,33.46089743589744,91.017,0.7719999999999914
Abu Dhabi,2023,BOT,2023_Abu Dhabi_BOT_2.0,52,22.0,15.862068965517242,3.5,1.0378745661179198,1.0,MEDIUM,33.46089743589744,90.924,0.679000000000002
Abu Dhabi,2023,BOT,2023_Abu Dhabi_BOT_2.0,53,23.0,14.051724137931034,3.5,1.0382370104155285,1.0,MEDIUM,33.46089743589744,91.713,1.4679999999999893
Abu Dhabi,2023,BOT,2023_Abu Dhabi_BOT_2.0,54,24.0,12.241379310344827,3.5,1.0385960512541605,1.0,MEDIUM,33.46089743589744,90.855,0.6099999999999994
Abu Dhabi,2023,BOT,2023_Abu Dhabi_BOT_2.0,55,25.0,10.431034482758621,3.5,1.0389517827488082,1.0,MEDIUM,33.46089743589744,90.53,0.2849999999999966
Abu Dhabi,2023,BOT,2023_Abu Dhabi_BOT_2.0,56,26.0,8.620689655172413,3.5,1.0393042947552413,1.0,MEDIUM,33.46089743589744,90.13,-0.1150000000000091
Abu Dhabi,2023,BOT,2023_Abu Dhabi_BOT_2.0,57,27.0,6.810344827586206,3.5,1.039653673135076,1.0,MEDIUM,33.46089743589744,90.55,0.3049999999999926
Abu Dhabi,2023,GAS,2023_Abu Dhabi_GAS_1.0,1,1.0,105.0,3.5,1.005252257314389,1.0,MEDIUM,33.46089743589744,96.636,5.811999999999998
Abu Dhabi,2023,GAS,2023_Abu Dhabi_GAS_1.0,2,2.0,105.0,3.5,1.007427813527082,1.0,MEDIUM,33.46089743589744,91.774,0.9500000000000028
Abu Dhabi,2023,GAS,2023_Abu Dhabi_GAS_1.0,3,3.0,104.56896551724138,3.5,1.0090971765229468,1.0,MEDIUM,33.46089743589744,90.824,0.0
Abu Dhabi,2023,GAS,2023_Abu Dhabi_GAS_1.0,4,4.0,102.75862068965517,3.5,1.0105045146287779,1.0,MEDIUM,33.46089743589744,90.758,-0.0660000000000025
Abu Dhabi,2023,GAS,2023_Abu Dhabi_GAS_1.0,5,5.0,100.94827586206897,3.5,1.0117444043902941,1.0,MEDIUM,33.46089743589744,90.764,-0.060000000000002274
Abu Dhabi,2023,GAS,2023_Abu Dhabi_GAS_1.0,6,6.0,99.13793103448276,3.5,1.0128653504180536,1.0,MEDIUM,33.46089743589744,90.886,0.06199999999999761
Abu Dhabi,2023,GAS,2023_Abu Dhabi_GAS_1.0,7,7.0,97.32758620689656,3.5,1.013896166675593,1.0,MEDIUM,33.46089743589744,90.787,-0.03699999999999193
Abu Dhabi,2023,GAS,2023_Abu Dhabi_GAS_1.0,8,8.0,95.51724137931035,3.5,1.0148556270541642,1.0,MEDIUM,33.46089743589744,90.944,0.12000000000000455
Abu Dhabi,2023,GAS,2023_Abu Dhabi_GAS_1.0,9,9.0,93.70689655172414,3.5,1.0157567719431666,1.0,MEDIUM,33.46089743589744,91.305,0.48100000000000875
Abu Dhabi,2023,GAS,2023_Abu Dhabi_GAS_1.0,10,10.0,91.89655172413794,3.5,1.016609095970748,1.0,MEDIUM,33.46089743589744,91.136,0.3119999999999976
Abu Dhabi,2023,GAS,2023_Abu Dhabi_GAS_1.0,11,11.0,90.08620689655172,3.5,1.0174197668142277,1.0,MEDIUM,33.46089743589744,91.467,0.6430000000000007
Abu Dhabi,2023,GAS,2023_Abu Dhabi_GAS_1.0,12,12.0,88.27586206896551,3.5,1.0181943530458937,1.0,MEDIUM,33.46089743589744,92.492,1.6680000000000064
Abu Dhabi,2023,GAS,2023_Abu Dhabi_GAS_1.0,13,13.0,86.4655172413793,3.5,1.01893728305896,1.0,MEDIUM,33.46089743589744,91.532,0.7079999999999984
Abu Dhabi,2023,GAS,2023_Abu Dhabi_GAS_1.0,14,14.0,84.6551724137931,3.5,1.0196521473776208,1.0,MEDIUM,33.46089743589744,91.457,0.6329999999999956
Abu Dhabi,2023,GAS,2023_Abu Dhabi_GAS_1.0,15,15.0,82.84482758620689,3.5,1.0203419051086242,1.0,MEDIUM,33.46089743589744,91.986,1.1620000000000061
Abu Dhabi,2023,GAS,2023_Abu Dhabi_GAS_1.0,16,16.0,81.03448275862068,3.5,1.0210090292575555,1.0,MEDIUM,33.46089743589744,92.273,1.448999999999998
Abu Dhabi,2023,GAS,2023_Abu Dhabi_GAS_2.0,19,1.0,75.60344827586206,3.5,1.0228940588588935,2.0,HARD,33.46089743589744,90.0,0.0
Abu Dhabi,2023,GAS,2023_Abu Dhabi_GAS_2.0,20,2.0,73.79310344827586,3.5,1.0234888087805882,2.0,HARD,33.46089743589744,90.242,0.24200000000000443
Abu Dhabi,2023,GAS,2023_Abu Dhabi_GAS_2.0,21,3.0,71.98275862068965,3.5,1.0240688667125726,2.0,HARD,33.46089743589744,90.422,0.42199999999999704
Abu Dhabi,2023,GAS,2023_Abu Dhabi_GAS_2.0,22,4.0,70.17241379310344,3.5,1.0246352704820576,2.0,HARD,33.46089743589744,90.179,0.17900000000000205
Abu Dhabi,2023,GAS,2023_Abu Dhabi_GAS_2.0,23,5.0,68.36206896551724,3.5,1.0251889411968962,2.0,HARD,33.46089743589744,91.158,1.1580000000000013
Abu Dhabi,2023,GAS,2023_Abu Dhabi_GAS_2.0,24,6.0,66.55172413793103,3.5,1.0257307008361072,2.0,HARD,33.46089743589744,90.802,0.8020000000000067
Abu Dhabi,2023,GAS,2023_Abu Dhabi_GAS_2.0,25,7.0,64.74137931034483,3.5,1.0262612865719445,2.0,HARD,33.46089743589744,90.852,0.8520000000000039
Abu Dhabi,2023,GAS,2023_Abu Dhabi_GAS_2.0,26,8.0,62.93103448275862,3.5,1.0267813625364794,2.0,HARD,33.46089743589744,90.629,0.6290000000000049
Abu Dhabi,2023,GAS,2023_Abu Dhabi_GAS_2.0,27,9.0,61.12068965517241,3.5,1.0272915295688405,2.0,HARD,33.46089743589744,90.404,0.40399999999999636
Abu Dhabi,2023,GAS,2023_Abu Dhabi_GAS_2.0,28,10.0,59.310344827586206,3.5,1.027792333351186,2.0,HARD,33.46089743589744,90.496,0.4959999999999951
Abu Dhabi,2023,GAS,2023_Abu Dhabi_GAS_2.0,29,11.0,57.5,3.5,1.0282842712474618,2.0,HARD,33.46089743589744,90.329,0.3289999999999935
Abu Dhabi,2023,GAS,2023_Abu Dhabi_GAS_2.0,30,12.0,55.689655172413794,3.5,1.028767798089123,2.0,HARD,33.46089743589744,90.392,0.3919999999999959
Abu Dhabi,2023,GAS,2023_Abu Dhabi_GAS_2.0,31,13.0,53.87931034482759,3.5,1.0292433310994678,2.0,HARD,33.46089743589744,90.239,0.23900000000000432
Abu Dhabi,2023,GAS,2023_Abu Dhabi_GAS_3.0,34,1.0,48.44827586206897,3.5,1.0306256597395511,2.0,HARD,33.46089743589744,89.151,0.1349999999999909
Abu Dhabi,2023,GAS,2023_Abu Dhabi_GAS_3.0,35,2.0,46.637931034482754,3.5,1.0310727733132932,2.0,HARD,33.46089743589744,89.016,0.0
Abu Dhabi,2023,GAS,2023_Abu Dhabi_GAS_3.0,36,3.0,44.82758620689655,3.5,1.0315135438863334,2.0,HARD,33.46089743589744,89.351,0.33499999999999375
Abu Dhabi,2023,GAS,2023_Abu Dhabi_GAS_3.0,37,4.0,43.01724137931034,3.5,1.0319482339914496,2.0,HARD,33.46089743589744,90.01,0.9939999999999998
Abu Dhabi,2023,GAS,2023_Abu Dhabi_GAS_3.0,38,5.0,41.206896551724135,3.5,1.0323770885360153,2.0,HARD,33.46089743589744,90.098,1.0819999999999936
Abu Dhabi,2023,GAS,2023_Abu Dhabi_GAS_3.0,39,6.0,39.39655172413793,3.5,1.0328003364154321,2.0,HARD,33.46089743589744,90.797,1.7809999999999917
Abu Dhabi,2023,GAS,2023_Abu Dhabi_GAS_3.0,40,7.0,37.58620689655172,3.5,1.033218191941496,2.0,HARD,33.46089743589744,89.859,0.8429999999999893
Abu Dhabi,2023,GAS,2023_Abu Dhabi_GAS_3.0,41,8.0,35.775862068965516,3.5,1.0336308561109975,2.0,HARD,33.46089743589744,89.621,0.6049999999999898
Abu Dhabi,2023,GAS,2023_Abu Dhabi_GAS_3.0,42,9.0,33.96551724137931,3.5,1.0340385177358706,2.0,HARD,33.46089743589744,89.231,0.2149999999999892
Abu Dhabi,2023,GAS,2023_Abu Dhabi_GAS_3.0,43,10.0,32.1551724137931,3.5,1.0344413544529207,2.0,HARD,33.46089743589744,89.717,0.7009999999999934
Abu Dhabi,2023,GAS,2023_Abu Dhabi_GAS_3.0,44,11.0,30.344827586206897,3.5,1.0348395336284555,2.0,HARD,33.46089743589744,89.77,0.7539999999999907
Abu Dhabi,2023,GAS,2023_Abu Dhabi_GAS_3.0,45,12.0,28.53448275862069,3.5,1.0352332131708821,2.0,HARD,33.46089743589744,89.503,0.48699999999999477
Abu Dhabi,2023,GAS,2023_Abu Dhabi_GAS_3.0,46,13.0,26.724137931034484,3.5,1.0356225422624687,2.0,HARD,33.46089743589744,89.428,0.41199999999999193
Abu Dhabi,2023,GAS,2023_Abu Dhabi_GAS_3.0,47,14.0,24.913793103448274,3.5,1.0360076620198804,2.0,HARD,33.46089743589744,89.726,0.7099999999999937
Abu Dhabi,2023,GAS,2023_Abu Dhabi_GAS_3.0,48,15.0,23.103448275862068,3.5,1.0363887060917873,2.0,HARD,33.46089743589744,89.505,0.4889999999999901
Abu Dhabi,2023,GAS,2023_Abu Dhabi_GAS_3.0,49,16.0,21.29310344827586,3.5,1.0367658012007224,2.0,HARD,33.46089743589744,89.518,0.5019999999999953
Abu Dhabi,2023,GAS,2023_Abu Dhabi_GAS_3.0,50,17.0,19.482758620689655,3.5,1.0371390676354104,2.0,HARD,33.46089743589744,89.549,0.5330000000000013
Abu Dhabi,2023,GAS,2023_Abu Dhabi_GAS_3.0,51,18.0,17.67241379310345,3.5,1.037508619698999,2.0,HARD,33.46089743589744,89.445,0.42899999999998784
Abu Dhabi,2023,GAS,2023_Abu Dhabi_GAS_3.0,52,19.0,15.862068965517242,3.5,1.0378745661179198,2.0,HARD,33.46089743589744,89.587,0.570999999999998
Abu Dhabi,2023,GAS,2023_Abu Dhabi_GAS_3.0,53,20.0,14.051724137931034,3.5,1.0382370104155285,2.0,HARD,33.46089743589744,89.532,0.5159999999999911
Abu Dhabi,2023,GAS,2023_Abu Dhabi_GAS_3.0,54,21.0,12.241379310344827,3.5,1.0385960512541605,2.0,HARD,33.46089743589744,89.435,0.41899999999999693
Abu Dhabi,2023,GAS,2023_Abu Dhabi_GAS_3.0,55,22.0,10.431034482758621,3.5,1.0389517827488082,2.0,HARD,33.46089743589744,89.307,0.2909999999999968
Abu Dhabi,2023,GAS,2023_Abu Dhabi_GAS_3.0,56,23.0,8.620689655172413,3.5,1.0393042947552413,2.0,HARD,33.46089743589744,89.496,0.47999999999998977
Abu Dhabi,2023,GAS,2023_Abu Dhabi_GAS_3.0,57,24.0,6.810344827586206,3.5,1.039653673135076,2.0,HARD,33.46089743589744,89.642,0.6259999999999906
Abu Dhabi,2023,GAS,2023_Abu Dhabi_GAS_3.0,58,25.0,5.0,3.5,1.04,2.0,HARD,33.46089743589744,89.547,0.5309999999999917
Abu Dhabi,2023,HAM,2023_Abu Dhabi_HAM_1.0,1,1.0,105.0,3.5,1.005252257314389,1.0,MEDIUM,33.46089743589744,97.227,5.701000000000008
Abu Dhabi,2023,HAM,2023_Abu Dhabi_HAM_1.0,2,2.0,105.0,3.5,1.007427813527082,1.0,MEDIUM,33.46089743589744,91.727,0.20100000000000762
Abu Dhabi,2023,HAM,2023_Abu Dhabi_HAM_1.0,3,3.0,104.56896551724138,3.5,1.0090971765229468,1.0,MEDIUM,33.46089743589744,91.526,0.0
Abu Dhabi,2023,HAM,2023_Abu Dhabi_HAM_1.0,4,4.0,102.75862068965517,3.5,1.0105045146287779,1.0,MEDIUM,33.46089743589744,90.844,-0.6820000000000022
Abu Dhabi,2023,HAM,2023_Abu Dhabi_HAM_1.0,5,5.0,100.94827586206897,3.5,1.0117444043902941,1.0,MEDIUM,33.46089743589744,90.844,-0.6820000000000022
Abu Dhabi,2023,HAM,2023_Abu Dhabi_HAM_1.0,6,6.0,99.13793103448276,3.5,1.0128653504180536,1.0,MEDIUM,33.46089743589744,90.634,-0.8919999999999959
Abu Dhabi,2023,HAM,2023_Abu Dhabi_HAM_1.0,7,7.0,97.32758620689656,3.5,1.013896166675593,1.0,MEDIUM,33.46089743589744,90.899,-0.6269999999999953
Abu Dhabi,2023,HAM,2023_Abu Dhabi_HAM_1.0,8,8.0,95.51724137931035,3.5,1.0148556270541642,1.0,MEDIUM,33.46089743589744,91.061,-0.4649999999999892
Abu Dhabi,2023,HAM,2023_Abu Dhabi_HAM_1.0,9,9.0,93.70689655172414,3.5,1.0157567719431666,1.0,MEDIUM,33.46089743589744,91.132,-0.39399999999999125
Abu Dhabi,2023,HAM,2023_Abu Dhabi_HAM_1.0,10,10.0,91.89655172413794,3.5,1.016609095970748,1.0,MEDIUM,33.46089743589744,91.271,-0.25499999999999545
Abu Dhabi,2023,HAM,2023_Abu Dhabi_HAM_1.0,11,11.0,90.08620689655172,3.5,1.0174197668142277,1.0,MEDIUM,33.46089743589744,91.378,-0.14799999999999613
Abu Dhabi,2023,HAM,2023_Abu Dhabi_HAM_1.0,12,12.0,88.27586206896551,3.5,1.0181943530458937,1.0,MEDIUM,33.46089743589744,91.716,0.18999999999999773
Abu Dhabi,2023,HAM,2023_Abu Dhabi_HAM_1.0,13,13.0,86.4655172413793,3.5,1.01893728305896,1.0,MEDIUM,33.46089743589744,91.689,0.1629999999999967
Abu Dhabi,2023,HAM,2023_Abu Dhabi_HAM_1.0,14,14.0,84.6551724137931,3.5,1.0196521473776208,1.0,MEDIUM,33.46089743589744,91.432,-0.09399999999999409
Abu Dhabi,2023,HAM,2023_Abu Dhabi_HAM_2.0,17,1.0,79.22413793103448,3.5,1.0216556116801483,2.0,HARD,33.46089743589744,90.095,0.11599999999999966
Abu Dhabi,2023,HAM,2023_Abu Dhabi_HAM_2.0,18,2.0,77.41379310344827,3.5,1.0222834405812462,2.0,HARD,33.46089743589744,90.057,0.07800000000000296
Abu Dhabi,2023,HAM,2023_Abu Dhabi_HAM_2.0,19,3.0,75.60344827586206,3.5,1.0228940588588935,2.0,HARD,33.46089743589744,89.979,0.0
Abu Dhabi,2023,HAM,2023_Abu Dhabi_HAM_2.0,20,4.0,73.79310344827586,3.5,1.0234888087805882,2.0,HARD,33.46089743589744,89.657,-0.32200000000000273
Abu Dhabi,2023,HAM,2023_Abu Dhabi_HAM_2.0,21,5.0,71.98275862068965,3.5,1.0240688667125726,2.0,HARD,33.46089743589744,89.85,-0.1290000000000049
Abu Dhabi,2023,HAM,2023_Abu Dhabi_HAM_2.0,22,6.0,70.17241379310344,3.5,1.0246352704820576,2.0,HARD,33.46089743589744,91.502,1.5229999999999961
Abu Dhabi,2023,HAM,2023_Abu Dhabi_HAM_2.0,23,7.0,68.36206896551724,3.5,1.0251889411968962,2.0,HARD,33.46089743589744,90.265,0.28600000000000136
Abu Dhabi,2023,HAM,2023_Abu Dhabi_HAM_2.0,24,8.0,66.55172413793103,3.5,1.0257307008361072,2.0,HARD,33.46089743589744,89.861,-0.117999999999995
Abu Dhabi,2023,HAM,2023_Abu Dhabi_HAM_2.0,25,9.0,64.74137931034483,3.5,1.0262612865719445,2.0,HARD,33.46089743589744,89.37,-0.6089999999999947
Abu Dhabi,2023,HAM,2023_Abu Dhabi_HAM_2.0,26,10.0,62.93103448275862,3.5,1.0267813625364794,2.0,HARD,33.46089743589744,89.899,-0.0799999999999983
Abu Dhabi,2023,HAM,2023_Abu Dhabi_HAM_2.0,27,11.0,61.12068965517241,3.5,1.0272915295688405,2.0,HARD,33.46089743589744,89.568,-0.41100000000000136
Abu Dhabi,2023,HAM,2023_Abu Dhabi_HAM_2.0,28,12.0,59.310344827586206,3.5,1.027792333351186,2.0,HARD,33.46089743589744,89.691,-0.2879999999999967
Abu Dhabi,2023,HAM,2023_Abu Dhabi_HAM_2.0,29,13.0,57.5,3.5,1.0282842712474618,2.0,HARD,33.46089743589744,89.842,-0.13700000000000045
Abu Dhabi,2023,HAM,2023_Abu Dhabi_HAM_2.0,30,14.0,55.689655172413794,3.5,1.028767798089123,2.0,HARD,33.46089743589744,90.118,0.1389999999999958
Abu Dhabi,2023,HAM,2023_Abu Dhabi_HAM_2.0,31,15.0,53.87931034482759,3.5,1.0292433310994678,2.0,HARD,33.46089743589744,89.806,-0.17300000000000182
Abu Dhabi,2023,HAM,2023_Abu Dhabi_HAM_2.0,32,16.0,52.06896551724138,3.5,1.0297112541083282,2.0,HARD,33.46089743589744,89.876,-0.10299999999999443
Abu Dhabi,2023,HAM,2023_Abu Dhabi_HAM_2.0,33,17.0,50.258620689655174,3.5,1.0301719211782445,2.0,HARD,33.46089743589744,89.774,-0.2049999999999983
Abu Dhabi,2023,HAM,2023_Abu Dhabi_HAM_2.0,34,18.0,48.44827586206897,3.5,1.0306256597395511,2.0,HARD,33.46089743589744,89.789,-0.18999999999999773
Abu Dhabi,2023,HAM,2023_Abu Dhabi_HAM_3.0,37,1.0,43.01724137931034,3.5,1.0319482339914496,2.0,HARD,33.46089743589744,89.532,0.31099999999999284
Abu Dhabi,2023,HAM,2023_Abu Dhabi_HAM_3.0,38,2.0,41.206896551724135,3.5,1.0323770885360153,2.0,HARD,33.46089743589744,90.373,1.152000000000001
Abu Dhabi,2023,HAM,2023_Abu Dhabi_HAM_3.0,39,3.0,39.39655172413793,3.5,1.0328003364154321,2.0,HARD,33.46089743589744,89.221,0.0
Abu Dhabi,2023,HAM,2023_Abu Dhabi_HAM_3.0,40,4.0,37.58620689655172,3.5,1.033218191941496,2.0,HARD,33.46089743589744,88.867,-0.3539999999999992
Abu Dhabi,2023,HAM,2023_Abu Dhabi_HAM_3.0,41,5.0,35.775862068965516,3.5,1.0336308561109975,2.0,HARD,33.46089743589744,88.81,-0.41100000000000136
Abu Dhabi,2023,HAM,2023_Abu Dhabi_HAM_3.0,42,6.0,33.96551724137931,3.5,1.0340385177358706,2.0,HARD,33.46089743589744,88.793,-0.42799999999999727
Abu Dhabi,2023,HAM,2023_Abu Dhabi_HAM_3.0,43,7.0,32.1551724137931,3.5,1.0344413544529207,2.0,HARD,33.46089743589744,88.711,-0.5100000000000051
Abu Dhabi,2023,HAM,2023_Abu Dhabi_HAM_3.0,44,8.0,30.344827586206897,3.5,1.0348395336284555,2.0,HARD,33.46089743589744,88.99,-0.23100000000000875
Abu Dhabi,2023,HAM,2023_Abu Dhabi_HAM_3.0,45,9.0,28.53448275862069,3.5,1.0352332131708821,2.0,HARD,33.46089743589744,89.023,-0.1980000000000075
Abu Dhabi,2023,HAM,2023_Abu Dhabi_HAM_3.0,46,10.0,26.724137931034484,3.5,1.0356225422624687,2.0,HARD,33.46089743589744,89.729,0.5079999999999956
Abu Dhabi,2023,HAM,2023_Abu Dhabi_HAM_3.0,47,11.0,24.913793103448274,3.5,1.0360076620198804,2.0,HARD,33.46089743589744,89.528,0.30700000000000216
Abu Dhabi,2023,HAM,2023_Abu Dhabi_HAM_3.0,48,12.0,23.103448275862068,3.5,1.0363887060917873,2.0,HARD,33.46089743589744,88.814,-0.4070000000000107
Abu Dhabi,2023,HAM,2023_Abu Dhabi_HAM_3.0,49,13.0,21.29310344827586,3.5,1.0367658012007224,2.0,HARD,33.46089743589744,88.809,-0.41200000000000614
Abu Dhabi,2023,HAM,2023_Abu Dhabi_HAM_3.0,50,14.0,19.482758620689655,3.5,1.0371390676354104,2.0,HARD,33.46089743589744,88.585,-0.6360000000000099
Abu Dhabi,2023,HAM,2023_Abu Dhabi_HAM_3.0,51,15.0,17.67241379310345,3.5,1.037508619698999,2.0,HARD,33.46089743589744,88.531,-0.6899999999999977
Abu Dhabi,2023,HAM,2023_Abu Dhabi_HAM_3.0,52,16.0,15.862068965517242,3.5,1.0378745661179198,2.0,HARD,33.46089743589744,88.372,-0.8490000000000038
Abu Dhabi,2023,HAM,2023_Abu Dhabi_HAM_3.0,53,17.0,14.051724137931034,3.5,1.0382370104155285,2.0,HARD,33.46089743589744,88.474,-0.7469999999999999
Abu Dhabi,2023,HAM,2023_Abu Dhabi_HAM_3.0,54,18.0,12.241379310344827,3.5,1.0385960512541605,2.0,HARD,33.46089743589744,88.634,-0.5870000000000033
Abu Dhabi,2023,HAM,2023_Abu Dhabi_HAM_3.0,55,19.0,10.431034482758621,3.5,1.0389517827488082,2.0,HARD,33.46089743589744,88.584,-0.6370000000000005
Abu Dhabi,2023,HAM,2023_Abu Dhabi_HAM_3.0,56,20.0,8.620689655172413,3.5,1.0393042947552413,2.0,HARD,33.46089743589744,89.138,-0.08299999999999841
Abu Dhabi,2023,HAM,2023_Abu Dhabi_HAM_3.0,57,21.0,6.810344827586206,3.5,1.039653673135076,2.0,HARD,33.46089743589744,89.666,0.4449999999999932
Abu Dhabi,2023,HAM,2023_Abu Dhabi_HAM_3.0,58,22.0,5.0,3.5,1.04,2.0,HARD,33.46089743589744,90.894,1.6730000000000018
Abu Dhabi,2023,HUL,2023_Abu Dhabi_HUL_1.0,2,1.0,105.0,3.5,1.007427813527082,1.0,MEDIUM,33.46089743589744,92.921,1.5700000000000074
Abu Dhabi,2023,HUL,2023_Abu Dhabi_HUL_1.0,3,2.0,104.56896551724138,3.5,1.0090971765229468,1.0,MEDIUM,33.46089743589744,91.351,0.0
Abu Dhabi,2023,HUL,2023_Abu Dhabi_HUL_1.0,4,3.0,102.75862068965517,3.5,1.0105045146287779,1.0,MEDIUM,33.46089743589744,91.374,0.022999999999996135
Abu Dhabi,2023,HUL,2023_Abu Dhabi_HUL_1.0,5,4.0,100.94827586206897,3.5,1.0117444043902941,1.0,MEDIUM,33.46089743589744,91.227,-0.12399999999999523
Abu Dhabi,2023,HUL,2023_Abu Dhabi_HUL_1.0,6,5.0,99.13793103448276,3.5,1.0128653504180536,1.0,MEDIUM,33.46089743589744,91.101,-0.25
Abu Dhabi,2023,HUL,2023_Abu Dhabi_HUL_1.0,7,6.0,97.32758620689656,3.5,1.013896166675593,1.0,MEDIUM,33.46089743589744,91.332,-0.019000000000005457
Abu Dhabi,2023,HUL,2023_Abu Dhabi_HUL_1.0,8,7.0,95.51724137931035,3.5,1.0148556270541642,1.0,MEDIUM,33.46089743589744,91.5,0.1490000000000009
Abu Dhabi,2023,HUL,2023_Abu Dhabi_HUL_1.0,9,8.0,93.70689655172414,3.5,1.0157567719431666,1.0,MEDIUM,33.46089743589744,91.545,0.19400000000000261
Abu Dhabi,2023,HUL,2023_Abu Dhabi_HUL_1.0,10,9.0,91.89655172413794,3.5,1.016609095970748,1.0,MEDIUM,33.46089743589744,91.583,0.23199999999999932
Abu Dhabi,2023,HUL,2023_Abu Dhabi_HUL_1.0,11,10.0,90.08620689655172,3.5,1.0174197668142277,1.0,MEDIUM,33.46089743589744,92.002,0.6509999999999962
Abu Dhabi,2023,HUL,2023_Abu Dhabi_HUL_1.0,12,11.0,88.27586206896551,3.5,1.0181943530458937,1.0,MEDIUM,33.46089743589744,91.827,0.4759999999999991
Abu Dhabi,2023,HUL,2023_Abu Dhabi_HUL_2.0,15,1.0,82.84482758620689,3.5,1.0203419051086242,2.0,HARD,33.46089743589744,90.133,0.0
Abu Dhabi,2023,HUL,2023_Abu Dhabi_HUL_2.0,16,2.0,81.03448275862068,3.5,1.0210090292575555,2.0,HARD,33.46089743589744,90.574,0.4410000000000025
Abu Dhabi,2023,HUL,2023_Abu Dhabi_HUL_2.0,17,3.0,79.22413793103448,3.5,1.0216556116801483,2.0,HARD,33.46089743589744,90.356,0.22299999999999898
Abu Dhabi,2023,HUL,2023_Abu Dhabi_HUL_2.0,18,4.0,77.41379310344827,3.5,1.0222834405812462,2.0,HARD,33.46089743589744,91.635,1.5020000000000095
Abu Dhabi,2023,HUL,2023_Abu Dhabi_HUL_2.0,19,5.0,75.60344827586206,3.5,1.0228940588588935,2.0,HARD,33.46089743589744,90.335,0.20199999999999818
Abu Dhabi,2023,HUL,2023_Abu Dhabi_HUL_2.0,20,6.0,73.79310344827586,3.5,1.0234888087805882,2.0,HARD,33.46089743589744,90.436,0.3030000000000115
Abu Dhabi,2023,HUL,2023_Abu Dhabi_HUL_2.0,21,7.0,71.98275862068965,3.5,1.0240688667125726,2.0,HARD,33.46089743589744,90.636,0.5030000000000001
Abu Dhabi,2023,HUL,2023_Abu Dhabi_HUL_2.0,22,8.0,70.17241379310344,3.5,1.0246352704820576,2.0,HARD,33.46089743589744,90.451,0.31799999999999784
Abu Dhabi,2023,HUL,2023_Abu Dhabi_HUL_2.0,23,9.0,68.36206896551724,3.5,1.0251889411968962,2.0,HARD,33.46089743589744,91.02,0.8870000000000005
Abu Dhabi,2023,HUL,2023_Abu Dhabi_HUL_2.0,24,10.0,66.55172413793103,3.5,1.0257307008361072,2.0,HARD,33.46089743589744,91.104,0.9710000000000036
Abu Dhabi,2023,HUL,2023_Abu Dhabi_HUL_2.0,25,11.0,64.74137931034483,3.5,1.0262612865719445,2.0,HARD,33.46089743589744,90.868,0.7349999999999994
Abu Dhabi,2023,HUL,2023_Abu Dhabi_HUL_2.0,26,12.0,62.93103448275862,3.5,1.0267813625364794,2.0,HARD,33.46089743589744,91.444,1.311000000000007
Abu Dhabi,2023,HUL,2023_Abu Dhabi_HUL_2.0,27,13.0,61.12068965517241,3.5,1.0272915295688405,2.0,HARD,33.46089743589744,92.085,1.9519999999999982
Abu Dhabi,2023,HUL,2023_Abu Dhabi_HUL_2.0,28,14.0,59.310344827586206,3.5,1.027792333351186,2.0,HARD,33.46089743589744,91.58,1.4470000000000027
Abu Dhabi,2023,HUL,2023_Abu Dhabi_HUL_2.0,29,15.0,57.5,3.5,1.0282842712474618,2.0,HARD,33.46089743589744,91.768,1.6350000000000051
Abu Dhabi,2023,HUL,2023_Abu Dhabi_HUL_2.0,30,16.0,55.689655172413794,3.5,1.028767798089123,2.0,HARD,33.46089743589744,90.667,0.534000000000006
Abu Dhabi,2023,HUL,2023_Abu Dhabi_HUL_2.0,31,17.0,53.87931034482759,3.5,1.0292433310994678,2.0,HARD,33.46089743589744,90.593,0.46000000000000796
Abu Dhabi,2023,HUL,2023_Abu Dhabi_HUL_2.0,32,18.0,52.06896551724138,3.5,1.0297112541083282,2.0,HARD,33.46089743589744,90.845,0.7120000000000033
Abu Dhabi,2023,HUL,2023_Abu Dhabi_HUL_3.0,35,1.0,46.637931034482754,3.5,1.0310727733132932,2.0,HARD,33.46089743589744,90.498,0.8070000000000022
Abu Dhabi,2023,HUL,2023_Abu Dhabi_HUL_3.0,36,2.0,44.82758620689655,3.5,1.0315135438863334,2.0,HARD,33.46089743589744,89.691,0.0
Abu Dhabi,2023,HUL,2023_Abu Dhabi_HUL_3.0,37,3.0,43.01724137931034,3.5,1.0319482339914496,2.0,HARD,33.46089743589744,89.747,0.055999999999997385
Abu Dhabi,2023,HUL,2023_Abu Dhabi_HUL_3.0,38,4.0,41.206896551724135,3.5,1.0323770885360153,2.0,HARD,33.46089743589744,89.462,-0.2289999999999992
Abu Dhabi,2023,HUL,2023_Abu Dhabi_HUL_3.0,39,5.0,39.39655172413793,3.5,1.0328003364154321,2.0,HARD,33.46089743589744,90.091,0.3999999999999915
Abu Dhabi,2023,HUL,2023_Abu Dhabi_HUL_3.0,40,6.0,37.58620689655172,3.5,1.033218191941496,2.0,HARD,33.46089743589744,90.121,0.4299999999999926
Abu Dhabi,2023,HUL,2023_Abu Dhabi_HUL_3.0,41,7.0,35.775862068965516,3.5,1.0336308561109975,2.0,HARD,33.46089743589744,89.893,0.20199999999999818
Abu Dhabi,2023,HUL,2023_Abu Dhabi_HUL_3.0,42,8.0,33.96551724137931,3.5,1.0340385177358706,2.0,HARD,33.46089743589744,89.396,-0.2950000000000017
Abu Dhabi,2023,HUL,2023_Abu Dhabi_HUL_3.0,43,9.0,32.1551724137931,3.5,1.0344413544529207,2.0,HARD,33.46089743589744,89.485,-0.20600000000000307
Abu Dhabi,2023,HUL,2023_Abu Dhabi_HUL_3.0,44,10.0,30.344827586206897,3.5,1.0348395336284555,2.0,HARD,33.46089743589744,89.542,-0.1490000000000009
Abu Dhabi,2023,HUL,2023_Abu Dhabi_HUL_3.0,45,11.0,28.53448275862069,3.5,1.0352332131708821,2.0,HARD,33.46089743589744,89.5,-0.1910000000000025
Abu Dhabi,2023,HUL,2023_Abu Dhabi_HUL_3.0,46,12.0,26.724137931034484,3.5,1.0356225422624687,2.0,HARD,33.46089743589744,89.456,-0.23499999999999943
Abu Dhabi,2023,HUL,2023_Abu Dhabi_HUL_3.0,47,13.0,24.913793103448274,3.5,1.0360076620198804,2.0,HARD,33.46089743589744,90.035,0.3439999999999941
Abu Dhabi,2023,HUL,2023_Abu Dhabi_HUL_3.0,48,14.0,23.103448275862068,3.5,1.0363887060917873,2.0,HARD,33.46089743589744,90.121,0.4299999999999926
Abu Dhabi,2023,HUL,2023_Abu Dhabi_HUL_3.0,49,15.0,21.29310344827586,3.5,1.0367658012007224,2.0,HARD,33.46089743589744,90.705,1.0139999999999958
Abu Dhabi,2023,HUL,2023_Abu Dhabi_HUL_3.0,50,16.0,19.482758620689655,3.5,1.0371390676354104,2.0,HARD,33.46089743589744,90.2,0.5090000000000003
Abu Dhabi,2023,HUL,2023_Abu Dhabi_HUL_3.0,51,17.0,17.67241379310345,3.5,1.037508619698999,2.0,HARD,33.46089743589744,90.079,0.387999999999991
Abu Dhabi,2023,HUL,2023_Abu Dhabi_HUL_3.0,52,18.0,15.862068965517242,3.5,1.0378745661179198,2.0,HARD,33.46089743589744,90.105,0.4140000000000015
Abu Dhabi,2023,HUL,2023_Abu Dhabi_HUL_3.0,53,19.0,14.051724137931034,3.5,1.0382370104155285,2.0,HARD,33.46089743589744,90.09,0.3990000000000009
Abu Dhabi,2023,HUL,2023_Abu Dhabi_HUL_3.0,54,20.0,12.241379310344827,3.5,1.0385960512541605,2.0,HARD,33.46089743589744,89.667,-0.02400000000000091
Abu Dhabi,2023,HUL,2023_Abu Dhabi_HUL_3.0,55,21.0,10.431034482758621,3.5,1.0389517827488082,2.0,HARD,33.46089743589744,89.576,-0.1150000000000091
Abu Dhabi,2023,HUL,2023_Abu Dhabi_HUL_3.0,56,22.0,8.620689655172413,3.5,1.0393042947552413,2.0,HARD,33.46089743589744,89.507,-0.1839999999999975
Abu Dhabi,2023,HUL,2023_Abu Dhabi_HUL_3.0,57,23.0,6.810344827586206,3.5,1.039653673135076,2.0,HARD,33.46089743589744,89.437,-0.2540000000000049
Abu Dhabi,2023,HUL,2023_Abu Dhabi_HUL_3.0,58,24.0,5.0,3.5,1.04,2.0,HARD,33.46089743589744,89.217,-0.47400000000000375
Abu Dhabi,2023,LEC,2023_Abu Dhabi_LEC_1.0,1,1.0,105.0,3.5,1.005252257314389,1.0,MEDIUM,33.46089743589744,93.119,2.6189999999999998
Abu Dhabi,2023,LEC,2023_Abu Dhabi_LEC_1.0,2,2.0,105.0,3.5,1.007427813527082,1.0,MEDIUM,33.46089743589744,91.117,0.6170000000000044
Abu Dhabi,2023,LEC,2023_Abu Dhabi_LEC_1.0,3,3.0,104.56896551724138,3.5,1.0090971765229468,1.0,MEDIUM,33.46089743589744,90.5,0.0
Abu Dhabi,2023,LEC,2023_Abu Dhabi_LEC_1.0,4,4.0,102.75862068965517,3.5,1.0105045146287779,1.0,MEDIUM,33.46089743589744,90.884,0.38400000000000034
Abu Dhabi,2023,LEC,2023_Abu Dhabi_LEC_1.0,5,5.0,100.94827586206897,3.5,1.0117444043902941,1.0,MEDIUM,33.46089743589744,90.459,-0.04099999999999682
Abu Dhabi,2023,LEC,2023_Abu Dhabi_LEC_1.0,6,6.0,99.13793103448276,3.5,1.0128653504180536,1.0,MEDIUM,33.46089743589744,90.544,0.04399999999999693
Abu Dhabi,2023,LEC,2023_Abu Dhabi_LEC_1.0,7,7.0,97.32758620689656,3.5,1.013896166675593,1.0,MEDIUM,33.46089743589744,90.373,-0.12699999999999534
Abu Dhabi,2023,LEC,2023_Abu Dhabi_LEC_1.0,8,8.0,95.51724137931035,3.5,1.0148556270541642,1.0,MEDIUM,33.46089743589744,90.631,0.13100000000000023
Abu Dhabi,2023,LEC,2023_Abu Dhabi_LEC_1.0,9,9.0,93.70689655172414,3.5,1.0157567719431666,1.0,MEDIUM,33.46089743589744,90.431,-0.06900000000000261
Abu Dhabi,2023,LEC,2023_Abu Dhabi_LEC_1.0,10,10.0,91.89655172413794,3.5,1.016609095970748,1.0,MEDIUM,33.46089743589744,90.609,0.10899999999999466
Abu Dhabi,2023,LEC,2023_Abu Dhabi_LEC_1.0,11,11.0,90.08620689655172,3.5,1.0174197668142277,1.0,MEDIUM,33.46089743589744,90.613,0.11299999999999955
Abu Dhabi,2023,LEC,2023_Abu Dhabi_LEC_1.0,12,12.0,88.27586206896551,3.5,1.0181943530458937,1.0,MEDIUM,33.46089743589744,90.584,0.08400000000000318
Abu Dhabi,2023,LEC,2023_Abu Dhabi_LEC_1.0,13,13.0,86.4655172413793,3.5,1.01893728305896,1.0,MEDIUM,33.46089743589744,90.817,0.31699999999999307
Abu Dhabi,2023,LEC,2023_Abu Dhabi_LEC_1.0,14,14.0,84.6551724137931,3.5,1.0196521473776208,1.0,MEDIUM,33.46089743589744,90.571,0.07099999999999795
Abu Dhabi,2023,LEC,2023_Abu Dhabi_LEC_1.0,15,15.0,82.84482758620689,3.5,1.0203419051086242,1.0,MEDIUM,33.46089743589744,90.618,0.117999999999995
Abu Dhabi,2023,LEC,2023_Abu Dhabi_LEC_1.0,16,16.0,81.03448275862068,3.5,1.0210090292575555,1.0,MEDIUM,33.46089743589744,90.711,0.21099999999999852
Abu Dhabi,2023,LEC,2023_Abu Dhabi_LEC_2.0,19,1.0,75.60344827586206,3.5,1.0228940588588935,2.0,HARD,33.46089743589744,89.908,0.1839999999999975
Abu Dhabi,2023,LEC,2023_Abu Dhabi_LEC_2.0,20,2.0,73.79310344827586,3.5,1.0234888087805882,2.0,HARD,33.46089743589744,90.073,0.34899999999998954
Abu Dhabi,2023,LEC,2023_Abu Dhabi_LEC_2.0,21,3.0,71.98275862068965,3.5,1.0240688667125726,2.0,HARD,33.46089743589744,89.724,0.0
Abu Dhabi,2023,LEC,2023_Abu Dhabi_LEC_2.0,22,4.0,70.17241379310344,3.5,1.0246352704820576,2.0,HARD,33.46089743589744,89.704,-0.020000000000010232
Abu Dhabi,2023,LEC,2023_Abu Dhabi_LEC_2.0,23,5.0,68.36206896551724,3.5,1.0251889411968962,2.0,HARD,33.46089743589744,89.847,0.12299999999999045
Abu Dhabi,2023,LEC,2023_Abu Dhabi_LEC_2.0,24,6.0,66.55172413793103,3.5,1.0257307008361072,2.0,HARD,33.46089743589744,89.577,-0.14700000000000557
Abu Dhabi,2023,LEC,2023_Abu Dhabi_LEC_2.0,25,7.0,64.74137931034483,3.5,1.0262612865719445,2.0,HARD,33.46089743589744,89.707,-0.017000000000010118
Abu Dhabi,2023,LEC,2023_Abu Dhabi_LEC_2.0,26,8.0,62.93103448275862,3.5,1.0267813625364794,2.0,HARD,33.46089743589744,89.655,-0.06900000000000261
Abu Dhabi,2023,LEC,2023_Abu Dhabi_LEC_2.0,27,9.0,61.12068965517241,3.5,1.0272915295688405,2.0,HARD,33.46089743589744,89.21,-0.51400000000001
Abu Dhabi,2023,LEC,2023_Abu Dhabi_LEC_2.0,28,10.0,59.310344827586206,3.5,1.027792333351186,2.0,HARD,33.46089743589744,89.556,-0.16800000000000637
Abu Dhabi,2023,LEC,2023_Abu Dhabi_LEC_2.0,29,11.0,57.5,3.5,1.0282842712474618,2.0,HARD,33.46089743589744,89.556,-0.16800000000000637
Abu Dhabi,2023,LEC,2023_Abu Dhabi_LEC_2.0,30,12.0,55.689655172413794,3.5,1.028767798089123,2.0,HARD,33.46089743589744,89.428,-0.2960000000000065
Abu Dhabi,2023,LEC,2023_Abu Dhabi_LEC_2.0,31,13.0,53.87931034482759,3.5,1.0292433310994678,2.0,HARD,33.46089743589744,89.554,-0.1700000000000017
Abu Dhabi,2023,LEC,2023_Abu Dhabi_LEC_2.0,32,14.0,52.06896551724138,3.5,1.0297112541083282,2.0,HARD,33.46089743589744,89.815,0.09099999999999397
Abu Dhabi,2023,LEC,2023_Abu Dhabi_LEC_2.0,33,15.0,50.258620689655174,3.5,1.0301719211782445,2.0,HARD,33.46089743589744,89.693,-0.03100000000000591
Abu Dhabi,2023,LEC,2023_Abu Dhabi_LEC_2.0,34,16.0,48.44827586206897,3.5,1.0306256597395511,2.0,HARD,33.46089743589744,89.447,-0.277000000000001
Abu Dhabi,2023,LEC,2023_Abu Dhabi_LEC_3.0,37,1.0,43.01724137931034,3.5,1.0319482339914496,2.0,HARD,33.46089743589744,89.035,0.2989999999999924
Abu Dhabi,2023,LEC,2023_Abu Dhabi_LEC_3.0,38,2.0,41.206896551724135,3.5,1.0323770885360153,2.0,HARD,33.46089743589744,88.736,0.0
Abu Dhabi,2023,LEC,2023_Abu Dhabi_LEC_3.0,39,3.0,39.39655172413793,3.5,1.0328003364154321,2.0,HARD,33.46089743589744,88.759,0.022999999999996135
Abu Dhabi,2023,LEC,2023_Abu Dhabi_LEC_3.0,40,4.0,37.58620689655172,3.5,1.033218191941496,2.0,HARD,33.46089743589744,88.546,-0.18999999999999773
Abu Dhabi,2023,LEC,2023_Abu Dhabi_LEC_3.0,41,5.0,35.775862068965516,3.5,1.0336308561109975,2.0,HARD,33.46089743589744,88.466,-0.27000000000001023
Abu Dhabi,2023,LEC,2023_Abu Dhabi_LEC_3.0,42,6.0,33.96551724137931,3.5,1.0340385177358706,2.0,HARD,33.46089743589744,88.277,-0.4590000000000032
Abu Dhabi,2023,LEC,2023_Abu Dhabi_LEC_3.0,43,7.0,32.1551724137931,3.5,1.0344413544529207,2.0,HARD,33.46089743589744,88.211,-0.5250000000000057
Abu Dhabi,2023,LEC,2023_Abu Dhabi_LEC_3.0,44,8.0,30.344827586206897,3.5,1.0348395336284555,2.0,HARD,33.46089743589744,88.199,-0.5370000000000061
Abu Dhabi,2023,LEC,2023_Abu Dhabi_LEC_3.0,45,9.0,28.53448275862069,3.5,1.0352332131708821,2.0,HARD,33.46089743589744,88.395,-0.3410000000000082
Abu Dhabi,2023,LEC,2023_Abu Dhabi_LEC_3.0,46,10.0,26.724137931034484,3.5,1.0356225422624687,2.0,HARD,33.46089743589744,88.446,-0.29000000000000625
Abu Dhabi,2023,LEC,2023_Abu Dhabi_LEC_3.0,47,11.0,24.913793103448274,3.5,1.0360076620198804,2.0,HARD,33.46089743589744,88.221,-0.5150000000000006
Abu Dhabi,2023,LEC,2023_Abu Dhabi_LEC_3.0,48,12.0,23.103448275862068,3.5,1.0363887060917873,2.0,HARD,33.46089743589744,88.419,-0.3170000000000073
Abu Dhabi,2023,LEC,2023_Abu Dhabi_LEC_3.0,49,13.0,21.29310344827586,3.5,1.0367658012007224,2.0,HARD,33.46089743589744,88.396,-0.3400000000000034
Abu Dhabi,2023,LEC,2023_Abu Dhabi_LEC_3.0,50,14.0,19.482758620689655,3.5,1.0371390676354104,2.0,HARD,33.46089743589744,88.258,-0.47800000000000864
Abu Dhabi,2023,LEC,2023_Abu Dhabi_LEC_3.0,51,15.0,17.67241379310345,3.5,1.037508619698999,2.0,HARD,33.46089743589744,88.695,-0.04100000000001103
Abu Dhabi,2023,LEC,2023_Abu Dhabi_LEC_3.0,52,16.0,15.862068965517242,3.5,1.0378745661179198,2.0,HARD,33.46089743589744,88.603,-0.13300000000000978
Abu Dhabi,2023,LEC,2023_Abu Dhabi_LEC_3.0,53,17.0,14.051724137931034,3.5,1.0382370104155285,2.0,HARD,33.46089743589744,88.545,-0.1910000000000025
Abu Dhabi,2023,LEC,2023_Abu Dhabi_LEC_3.0,54,18.0,12.241379310344827,3.5,1.0385960512541605,2.0,HARD,33.46089743589744,88.778,0.04200000000000159
Abu Dhabi,2023,LEC,2023_Abu Dhabi_LEC_3.0,55,19.0,10.431034482758621,3.5,1.0389517827488082,2.0,HARD,33.46089743589744,88.552,-0.1839999999999975
Abu Dhabi,2023,LEC,2023_Abu Dhabi_LEC_3.0,56,20.0,8.620689655172413,3.5,1.0393042947552413,2.0,HARD,33.46089743589744,88.657,-0.07900000000000773
Abu Dhabi,2023,LEC,2023_Abu Dhabi_LEC_3.0,57,21.0,6.810344827586206,3.5,1.039653673135076,2.0,HARD,33.46089743589744,89.031,0.2950000000000017
Abu Dhabi,2023,LEC,2023_Abu Dhabi_LEC_3.0,58,22.0,5.0,3.5,1.04,2.0,HARD,33.46089743589744,91.284,2.548000000000002
Abu Dhabi,2023,MAG,2023_Abu Dhabi_MAG_2.0,7,1.0,97.32758620689656,3.5,1.013896166675593,2.0,HARD,33.46089743589744,90.445,0.13299999999999557
Abu Dhabi,2023,MAG,2023_Abu Dhabi_MAG_2.0,8,2.0,95.51724137931035,3.5,1.0148556270541642,2.0,HARD,33.46089743589744,90.312,0.0
Abu Dhabi,2023,MAG,2023_Abu Dhabi_MAG_2.0,9,3.0,93.70689655172414,3.5,1.0157567719431666,2.0,HARD,33.46089743589744,90.325,0.01300000000000523
Abu Dhabi,2023,MAG,2023_Abu Dhabi_MAG_2.0,10,4.0,91.89655172413794,3.5,1.016609095970748,2.0,HARD,33.46089743589744,90.814,0.5019999999999953
Abu Dhabi,2023,MAG,2023_Abu Dhabi_MAG_2.0,11,5.0,90.08620689655172,3.5,1.0174197668142277,2.0,HARD,33.46089743589744,91.051,0.7390000000000043
Abu Dhabi,2023,MAG,2023_Abu Dhabi_MAG_2.0,12,6.0,88.27586206896551,3.5,1.0181943530458937,2.0,HARD,33.46089743589744,90.791,0.4789999999999992
Abu Dhabi,2023,MAG,2023_Abu Dhabi_MAG_2.0,13,7.0,86.4655172413793,3.5,1.01893728305896,2.0,HARD,33.46089743589744,90.956,0.6440000000000055
Abu Dhabi,2023,MAG,2023_Abu Dhabi_MAG_2.0,14,8.0,84.6551724137931,3.5,1.0196521473776208,2.0,HARD,33.46089743589744,91.074,0.7620000000000005
Abu Dhabi,2023,MAG,2023_Abu Dhabi_MAG_2.0,15,9.0,82.84482758620689,3.5,1.0203419051086242,2.0,HARD,33.46089743589744,91.241,0.929000000000002
Abu Dhabi,2023,MAG,2023_Abu Dhabi_MAG_2.0,16,10.0,81.03448275862068,3.5,1.0210090292575555,2.0,HARD,33.46089743589744,91.91,1.597999999999999
Abu Dhabi,2023,MAG,2023_Abu Dhabi_MAG_2.0,17,11.0,79.22413793103448,3.5,1.0216556116801483,2.0,HARD,33.46089743589744,92.454,2.141999999999996
Abu Dhabi,2023,MAG,2023_Abu Dhabi_MAG_2.0,18,12.0,77.41379310344827,3.5,1.0222834405812462,2.0,HARD,33.46089743589744,92.108,1.7960000000000065
Abu Dhabi,2023,MAG,2023_Abu Dhabi_MAG_2.0,19,13.0,75.60344827586206,3.5,1.0228940588588935,2.0,HARD,33.46089743589744,92.16,1.847999999999999
Abu Dhabi,2023,MAG,2023_Abu Dhabi_MAG_2.0,20,14.0,73.79310344827586,3.5,1.0234888087805882,2.0,HARD,33.46089743589744,91.521,1.2090000000000032
Abu Dhabi,2023,MAG,2023_Abu Dhabi_MAG_2.0,21,15.0,71.98275862068965,3.5,1.0240688667125726,2.0,HARD,33.46089743589744,91.95,1.6380000000000052
Abu Dhabi,2023,MAG,2023_Abu Dhabi_MAG_3.0,24,1.0,66.55172413793103,3.5,1.0257307008361072,2.0,HARD,33.46089743589744,91.448,0.8559999999999945
Abu Dhabi,2023,MAG,2023_Abu Dhabi_MAG_3.0,25,2.0,64.74137931034483,3.5,1.0262612865719445,2.0,HARD,33.46089743589744,90.592,0.0
Abu Dhabi,2023,MAG,2023_Abu Dhabi_MAG_3.0,26,3.0,62.93103448275862,3.5,1.0267813625364794,2.0,HARD,33.46089743589744,90.599,0.007000000000005002
Abu Dhabi,2023,MAG,2023_Abu Dhabi_MAG_3.0,27,4.0,61.12068965517241,3.5,1.0272915295688405,2.0,HARD,33.46089743589744,90.691,0.09900000000000375
Abu Dhabi,2023,MAG,2023_Abu Dhabi_MAG_3.0,28,5.0,59.310344827586206,3.5,1.027792333351186,2.0,HARD,33.46089743589744,90.709,0.11700000000000443
Abu Dhabi,2023,MAG,2023_Abu Dhabi_MAG_3.0,29,6.0,57.5,3.5,1.0282842712474618,2.0,HARD,33.46089743589744,90.628,0.036000000000001364
Abu Dhabi,2023,MAG,2023_Abu Dhabi_MAG_3.0,30,7.0,55.689655172413794,3.5,1.028767798089123,2.0,HARD,33.46089743589744,90.116,-0.4759999999999991
Abu Dhabi,2023,MAG,2023_Abu Dhabi_MAG_3.0,31,8.0,53.87931034482759,3.5,1.0292433310994678,2.0,HARD,33.46089743589744,90.631,0.03900000000000148
Abu Dhabi,2023,MAG,2023_Abu Dhabi_MAG_3.0,32,9.0,52.06896551724138,3.5,1.0297112541083282,2.0,HARD,33.46089743589744,90.684,0.09199999999999875
Abu Dhabi,2023,MAG,2023_Abu Dhabi_MAG_3.0,33,10.0,50.258620689655174,3.5,1.0301719211782445,2.0,HARD,33.46089743589744,90.437,-0.15500000000000114
Abu Dhabi,2023,MAG,2023_Abu Dhabi_MAG_3.0,34,11.0,48.44827586206897,3.5,1.0306256597395511,2.0,HARD,33.46089743589744,90.452,-0.14000000000000057
Abu Dhabi,2023,MAG,2023_Abu Dhabi_MAG_3.0,35,12.0,46.637931034482754,3.5,1.0310727733132932,2.0,HARD,33.46089743589744,90.413,-0.17900000000000205
Abu Dhabi,2023,MAG,2023_Abu Dhabi_MAG_3.0,36,13.0,44.82758620689655,3.5,1.0315135438863334,2.0,HARD,33.46089743589744,90.674,0.08200000000000784
Abu Dhabi,2023,MAG,2023_Abu Dhabi_MAG_3.0,37,14.0,43.01724137931034,3.5,1.0319482339914496,2.0,HARD,33.46089743589744,90.345,-0.2469999999999999
Abu Dhabi,2023,MAG,2023_Abu Dhabi_MAG_3.0,38,15.0,41.206896551724135,3.5,1.0323770885360153,2.0,HARD,33.46089743589744,90.376,-0.21599999999999397
Abu Dhabi,2023,MAG,2023_Abu Dhabi_MAG_3.0,39,16.0,39.39655172413793,3.5,1.0328003364154321,2.0,HARD,33.46089743589744,90.425,-0.1670000000000016
Abu Dhabi,2023,MAG,2023_Abu Dhabi_MAG_3.0,40,17.0,37.58620689655172,3.5,1.033218191941496,2.0,HARD,33.46089743589744,91.437,0.8449999999999989
Abu Dhabi,2023,MAG,2023_Abu Dhabi_MAG_3.0,41,18.0,35.775862068965516,3.5,1.0336308561109975,2.0,HARD,33.46089743589744,90.48,-0.11199999999999477
Abu Dhabi,2023,MAG,2023_Abu Dhabi_MAG_3.0,42,19.0,33.96551724137931,3.5,1.0340385177358706,2.0,HARD,33.46089743589744,90.356,-0.2360000000000042
Abu Dhabi,2023,MAG,2023_Abu Dhabi_MAG_3.0,43,20.0,32.1551724137931,3.5,1.0344413544529207,2.0,HARD,33.46089743589744,90.057,-0.5349999999999966
Abu Dhabi,2023,MAG,2023_Abu Dhabi_MAG_3.0,44,21.0,30.344827586206897,3.5,1.0348395336284555,2.0,HARD,33.46089743589744,90.084,-0.5079999999999956
Abu Dhabi,2023,MAG,2023_Abu Dhabi_MAG_3.0,45,22.0,28.53448275862069,3.5,1.0352332131708821,2.0,HARD,33.46089743589744,90.11,-0.4819999999999993
Abu Dhabi,2023,MAG,2023_Abu Dhabi_MAG_3.0,46,23.0,26.724137931034484,3.5,1.0356225422624687,2.0,HARD,33.46089743589744,89.934,-0.6580000000000013
Abu Dhabi,2023,MAG,2023_Abu Dhabi_MAG_3.0,47,24.0,24.913793103448274,3.5,1.0360076620198804,2.0,HARD,33.46089743589744,91.923,1.331000000000003
Abu Dhabi,2023,MAG,2023_Abu Dhabi_MAG_3.0,48,25.0,23.103448275862068,3.5,1.0363887060917873,2.0,HARD,33.46089743589744,90.657,0.06499999999999773
Abu Dhabi,2023,MAG,2023_Abu Dhabi_MAG_3.0,49,26.0,21.29310344827586,3.5,1.0367658012007224,2.0,HARD,33.46089743589744,90.553,-0.03900000000000148
Abu Dhabi,2023,MAG,2023_Abu Dhabi_MAG_3.0,50,27.0,19.482758620689655,3.5,1.0371390676354104,2.0,HARD,33.46089743589744,90.509,-0.08299999999999841
Abu Dhabi,2023,MAG,2023_Abu Dhabi_MAG_3.0,51,28.0,17.67241379310345,3.5,1.037508619698999,2.0,HARD,33.46089743589744,90.432,-0.1599999999999966
Abu Dhabi,2023,MAG,2023_Abu Dhabi_MAG_3.0,52,29.0,15.862068965517242,3.5,1.0378745661179198,2.0,HARD,33.46089743589744,91.497,0.9050000000000011
Abu Dhabi,2023,MAG,2023_Abu Dhabi_MAG_3.0,53,30.0,14.051724137931034,3.5,1.0382370104155285,2.0,HARD,33.46089743589744,90.445,-0.14700000000000557
Abu Dhabi,2023,MAG,2023_Abu Dhabi_MAG_3.0,54,31.0,12.241379310344827,3.5,1.0385960512541605,2.0,HARD,33.46089743589744,90.207,-0.3850000000000051
Abu Dhabi,2023,MAG,2023_Abu Dhabi_MAG_3.0,55,32.0,10.431034482758621,3.5,1.0389517827488082,2.0,HARD,33.46089743589744,90.252,-0.3400000000000034
Abu Dhabi,2023,MAG,2023_Abu Dhabi_MAG_3.0,56,33.0,8.620689655172413,3.5,1.0393042947552413,2.0,HARD,33.46089743589744,90.429,-0.1629999999999967
Abu Dhabi,2023,MAG,2023_Abu Dhabi_MAG_3.0,57,34.0,6.810344827586206,3.5,1.039653673135076,2.0,HARD,33.46089743589744,91.256,0.6640000000000015
Abu Dhabi,2023,NOR,2023_Abu Dhabi_NOR_1.0,1,1.0,105.0,3.5,1.005252257314389,1.0,MEDIUM,33.46089743589744,94.309,3.594999999999999
Abu Dhabi,2023,NOR,2023_Abu Dhabi_NOR_1.0,2,2.0,105.0,3.5,1.007427813527082,1.0,MEDIUM,33.46089743589744,91.43,0.7160000000000082
Abu Dhabi,2023,NOR,2023_Abu Dhabi_NOR_1.0,3,3.0,104.56896551724138,3.5,1.0090971765229468,1.0,MEDIUM,33.46089743589744,90.714,0.0
Abu Dhabi,2023,NOR,2023_Abu Dhabi_NOR_1.0,4,4.0,102.75862068965517,3.5,1.0105045146287779,1.0,MEDIUM,33.46089743589744,90.188,-0.5259999999999962
Abu Dhabi,2023,NOR,2023_Abu Dhabi_NOR_1.0,5,5.0,100.94827586206897,3.5,1.0117444043902941,1.0,MEDIUM,33.46089743589744,90.456,-0.25799999999999557
Abu Dhabi,2023,NOR,2023_Abu Dhabi_NOR_1.0,6,6.0,99.13793103448276,3.5,1.0128653504180536,1.0,MEDIUM,33.46089743589744,90.45,-0.2639999999999958
Abu Dhabi,2023,NOR,2023_Abu Dhabi_NOR_1.0,7,7.0,97.32758620689656,3.5,1.013896166675593,1.0,MEDIUM,33.46089743589744,90.533,-0.18099999999999739
Abu Dhabi,2023,NOR,2023_Abu Dhabi_NOR_1.0,8,8.0,95.51724137931035,3.5,1.0148556270541642,1.0,MEDIUM,33.46089743589744,90.676,-0.0379999999999967
Abu Dhabi,2023,NOR,2023_Abu Dhabi_NOR_1.0,9,9.0,93.70689655172414,3.5,1.0157567719431666,1.0,MEDIUM,33.46089743589744,90.613,-0.10099999999999909
Abu Dhabi,2023,NOR,2023_Abu Dhabi_NOR_1.0,10,10.0,91.89655172413794,3.5,1.016609095970748,1.0,MEDIUM,33.46089743589744,90.912,0.1980000000000075
Abu Dhabi,2023,NOR,2023_Abu Dhabi_NOR_1.0,11,11.0,90.08620689655172,3.5,1.0174197668142277,1.0,MEDIUM,33.46089743589744,91.228,0.5139999999999958
Abu Dhabi,2023,NOR,2023_Abu Dhabi_NOR_1.0,12,12.0,88.27586206896551,3.5,1.0181943530458937,1.0,MEDIUM,33.46089743589744,91.189,0.4749999999999943
Abu Dhabi,2023,NOR,2023_Abu Dhabi_NOR_1.0,13,13.0,86.4655172413793,3.5,1.01893728305896,1.0,MEDIUM,33.46089743589744,91.013,0.2990000000000066
Abu Dhabi,2023,NOR,2023_Abu Dhabi_NOR_2.0,16,1.0,81.03448275862068,3.5,1.0210090292575555,2.0,HARD,33.46089743589744,89.654,0.0
Abu Dhabi,2023,NOR,2023_Abu Dhabi_NOR_2.0,17,2.0,79.22413793103448,3.5,1.0216556116801483,2.0,HARD,33.46089743589744,90.133,0.4789999999999992
Abu Dhabi,2023,NOR,2023_Abu Dhabi_NOR_2.0,18,3.0,77.41379310344827,3.5,1.0222834405812462,2.0,HARD,33.46089743589744,90.044,0.39000000000000057
Abu Dhabi,2023,NOR,2023_Abu Dhabi_NOR_2.0,19,4.0,75.60344827586206,3.5,1.0228940588588935,2.0,HARD,33.46089743589744,89.727,0.0730000000000075
Abu Dhabi,2023,NOR,2023_Abu Dhabi_NOR_2.0,20,5.0,73.79310344827586,3.5,1.0234888087805882,2.0,HARD,33.46089743589744,89.902,0.24800000000000466
Abu Dhabi,2023,NOR,2023_Abu Dhabi_NOR_2.0,21,6.0,71.98275862068965,3.5,1.0240688667125726,2.0,HARD,33.46089743589744,89.781,0.12700000000000955
Abu Dhabi,2023,NOR,2023_Abu Dhabi_NOR_2.0,22,7.0,70.17241379310344,3.5,1.0246352704820576,2.0,HARD,33.46089743589744,90.393,0.7390000000000043
Abu Dhabi,2023,NOR,2023_Abu Dhabi_NOR_2.0,23,8.0,68.36206896551724,3.5,1.0251889411968962,2.0,HARD,33.46089743589744,90.24,0.5859999999999985
Abu Dhabi,2023,NOR,2023_Abu Dhabi_NOR_2.0,24,9.0,66.55172413793103,3.5,1.0257307008361072,2.0,HARD,33.46089743589744,89.791,0.13700000000000045
Abu Dhabi,2023,NOR,2023_Abu Dhabi_NOR_2.0,25,10.0,64.74137931034483,3.5,1.0262612865719445,2.0,HARD,33.46089743589744,89.637,-0.016999999999995907
Abu Dhabi,2023,NOR,2023_Abu Dhabi_NOR_2.0,26,11.0,62.93103448275862,3.5,1.0267813625364794,2.0,HARD,33.46089743589744,89.308,-0.3459999999999894
Abu Dhabi,2023,NOR,2023_Abu Dhabi_NOR_2.0,27,12.0,61.12068965517241,3.5,1.0272915295688405,2.0,HARD,33.46089743589744,89.48,-0.17399999999999238
Abu Dhabi,2023,NOR,2023_Abu Dhabi_NOR_2.0,28,13.0,59.310344827586206,3.5,1.027792333351186,2.0,HARD,33.46089743589744,89.469,-0.18500000000000227
Abu Dhabi,2023,NOR,2023_Abu Dhabi_NOR_2.0,29,14.0,57.5,3.5,1.0282842712474618,2.0,HARD,33.46089743589744,89.426,-0.22799999999999443
Abu Dhabi,2023,NOR,2023_Abu Dhabi_NOR_2.0,30,15.0,55.689655172413794,3.5,1.028767798089123,2.0,HARD,33.46089743589744,89.5,-0.15399999999999636
Abu Dhabi,2023,NOR,2023_Abu Dhabi_NOR_2.0,31,16.0,53.87931034482759,3.5,1.0292433310994678,2.0,HARD,33.46089743589744,90.01,0.35600000000000875
Abu Dhabi,2023,NOR,2023_Abu Dhabi_NOR_2.0,32,17.0,52.06896551724138,3.5,1.0297112541083282,2.0,HARD,33.46089743589744,89.842,0.1880000000000024
Abu Dhabi,2023,NOR,2023_Abu Dhabi_NOR_3.0,35,1.0,46.637931034482754,3.5,1.0310727733132932,2.0,HARD,33.46089743589744,88.736,0.0
Abu Dhabi,2023,NOR,2023_Abu Dhabi_NOR_3.0,36,2.0,44.82758620689655,3.5,1.0315135438863334,2.0,HARD,33.46089743589744,89.881,1.144999999999996
Abu Dhabi,2023,NOR,2023_Abu Dhabi_NOR_3.0,37,3.0,43.01724137931034,3.5,1.0319482339914496,2.0,HARD,33.46089743589744,89.22,0.48399999999999466
Abu Dhabi,2023,NOR,2023_Abu Dhabi_NOR_3.0,38,4.0,41.206896551724135,3.5,1.0323770885360153,2.0,HARD,33.46089743589744,89.596,0.8599999999999994
Abu Dhabi,2023,NOR,2023_Abu Dhabi_NOR_3.0,39,5.0,39.39655172413793,3.5,1.0328003364154321,2.0,HARD,33.46089743589744,89.432,0.695999999999998
Abu Dhabi,2023,NOR,2023_Abu Dhabi_NOR_3.0,40,6.0,37.58620689655172,3.5,1.033218191941496,2.0,HARD,33.46089743589744,89.243,0.5069999999999908
Abu Dhabi,2023,NOR,2023_Abu Dhabi_NOR_3.0,41,7.0,35.775862068965516,3.5,1.0336308561109975,2.0,HARD,33.46089743589744,89.064,0.32799999999998875
Abu Dhabi,2023,NOR,2023_Abu Dhabi_NOR_3.0,42,8.0,33.96551724137931,3.5,1.0340385177358706,2.0,HARD,33.46089743589744,88.522,-0.21399999999999864
Abu Dhabi,2023,NOR,2023_Abu Dhabi_NOR_3.0,43,9.0,32.1551724137931,3.5,1.0344413544529207,2.0,HARD,33.46089743589744,88.848,0.11199999999999477
Abu Dhabi,2023,NOR,2023_Abu Dhabi_NOR_3.0,44,10.0,30.344827586206897,3.5,1.0348395336284555,2.0,HARD,33.46089743589744,88.539,-0.19700000000000273
Abu Dhabi,2023,NOR,2023_Abu Dhabi_NOR_3.0,45,11.0,28.53448275862069,3.5,1.0352332131708821,2.0,HARD,33.46089743589744,88.164,-0.5720000000000027
Abu Dhabi,2023,NOR,2023_Abu Dhabi_NOR_3.0,46,12.0,26.724137931034484,3.5,1.0356225422624687,2.0,HARD,33.46089743589744,88.187,-0.5490000000000066
Abu Dhabi,2023,NOR,2023_Abu Dhabi_NOR_3.0,47,13.0,24.913793103448274,3.5,1.0360076620198804,2.0,HARD,33.46089743589744,88.568,-0.16800000000000637
Abu Dhabi,2023,NOR,2023_Abu Dhabi_NOR_3.0,48,14.0,23.103448275862068,3.5,1.0363887060917873,2.0,HARD,33.46089743589744,89.763,1.027000000000001
Abu Dhabi,2023,NOR,2023_Abu Dhabi_NOR_3.0,49,15.0,21.29310344827586,3.5,1.0367658012007224,2.0,HARD,33.46089743589744,88.797,0.06099999999999284
Abu Dhabi,2023,NOR,2023_Abu Dhabi_NOR_3.0,50,16.0,19.482758620689655,3.5,1.0371390676354104,2.0,HARD,33.46089743589744,88.634,-0.10200000000000387
Abu Dhabi,2023,NOR,2023_Abu Dhabi_NOR_3.0,51,17.0,17.67241379310345,3.5,1.037508619698999,2.0,HARD,33.46089743589744,88.526,-0.21000000000000796
Abu Dhabi,2023,NOR,2023_Abu Dhabi_NOR_3.0,52,18.0,15.862068965517242,3.5,1.0378745661179198,2.0,HARD,33.46089743589744,88.839,0.10299999999999443
Abu Dhabi,2023,NOR,2023_Abu Dhabi_NOR_3.0,53,19.0,14.051724137931034,3.5,1.0382370104155285,2.0,HARD,33.46089743589744,88.557,-0.17900000000000205
Abu Dhabi,2023,NOR,2023_Abu Dhabi_NOR_3.0,54,20.0,12.241379310344827,3.5,1.0385960512541605,2.0,HARD,33.46089743589744,88.59,-0.1460000000000008
Abu Dhabi,2023,NOR,2023_Abu Dhabi_NOR_3.0,55,21.0,10.431034482758621,3.5,1.0389517827488082,2.0,HARD,33.46089743589744,88.458,-0.2780000000000058
Abu Dhabi,2023,NOR,2023_Abu Dhabi_NOR_3.0,56,22.0,8.620689655172413,3.5,1.0393042947552413,2.0,HARD,33.46089743589744,88.572,-0.16400000000000148
Abu Dhabi,2023,NOR,2023_Abu Dhabi_NOR_3.0,57,23.0,6.810344827586206,3.5,1.039653673135076,2.0,HARD,33.46089743589744,88.8,0.06399999999999295
Abu Dhabi,2023,NOR,2023_Abu Dhabi_NOR_3.0,58,24.0,5.0,3.5,1.04,2.0,HARD,33.46089743589744,88.588,-0.14800000000001035
Abu Dhabi,2023,OCO,2023_Abu Dhabi_OCO_1.0,2,1.0,105.0,3.5,1.007427813527082,1.0,MEDIUM,33.46089743589744,91.81,0.8220000000000027
Abu Dhabi,2023,OCO,2023_Abu Dhabi_OCO_1.0,3,2.0,104.56896551724138,3.5,1.0090971765229468,1.0,MEDIUM,33.46089743589744,91.033,0.045000000000001705
Abu Dhabi,2023,OCO,2023_Abu Dhabi_OCO_1.0,4,3.0,102.75862068965517,3.5,1.0105045146287779,1.0,MEDIUM,33.46089743589744,90.988,0.0
Abu Dhabi,2023,OCO,2023_Abu Dhabi_OCO_1.0,5,4.0,100.94827586206897,3.5,1.0117444043902941,1.0,MEDIUM,33.46089743589744,90.994,0.006000000000000227
Abu Dhabi,2023,OCO,2023_Abu Dhabi_OCO_1.0,6,5.0,99.13793103448276,3.5,1.0128653504180536,1.0,MEDIUM,33.46089743589744,90.689,-0.2990000000000066
Abu Dhabi,2023,OCO,2023_Abu Dhabi_OCO_1.0,7,6.0,97.32758620689656,3.5,1.013896166675593,1.0,MEDIUM,33.46089743589744,90.932,-0.055999999999997385
Abu Dhabi,2023,OCO,2023_Abu Dhabi_OCO_1.0,8,7.0,95.51724137931035,3.5,1.0148556270541642,1.0,MEDIUM,33.46089743589744,90.997,0.009000000000000341
Abu Dhabi,2023,OCO,2023_Abu Dhabi_OCO_1.0,9,8.0,93.70689655172414,3.5,1.0157567719431666,1.0,MEDIUM,33.46089743589744,91.073,0.08499999999999375
Abu Dhabi,2023,OCO,2023_Abu Dhabi_OCO_1.0,10,9.0,91.89655172413794,3.5,1.016609095970748,1.0,MEDIUM,33.46089743589744,91.254,0.26600000000000534
Abu Dhabi,2023,OCO,2023_Abu Dhabi_OCO_1.0,11,10.0,90.08620689655172,3.5,1.0174197668142277,1.0,MEDIUM,33.46089743589744,91.422,0.4339999999999975
Abu Dhabi,2023,OCO,2023_Abu Dhabi_OCO_1.0,12,11.0,88.27586206896551,3.5,1.0181943530458937,1.0,MEDIUM,33.46089743589744,91.527,0.5390000000000015
Abu Dhabi,2023,OCO,2023_Abu Dhabi_OCO_1.0,13,12.0,86.4655172413793,3.5,1.01893728305896,1.0,MEDIUM,33.46089743589744,91.77,0.7819999999999965
Abu Dhabi,2023,OCO,2023_Abu Dhabi_OCO_1.0,14,13.0,84.6551724137931,3.5,1.0196521473776208,1.0,MEDIUM,33.46089743589744,91.647,0.659000000000006
Abu Dhabi,2023,OCO,2023_Abu Dhabi_OCO_2.0,17,1.0,79.22413793103448,3.5,1.0216556116801483,2.0,HARD,33.46089743589744,90.134,0.001999999999995339
Abu Dhabi,2023,OCO,2023_Abu Dhabi_OCO_2.0,18,2.0,77.41379310344827,3.5,1.0222834405812462,2.0,HARD,33.46089743589744,90.276,0.14399999999999125
Abu Dhabi,2023,OCO,2023_Abu Dhabi_OCO_2.0,19,3.0,75.60344827586206,3.5,1.0228940588588935,2.0,HARD,33.46089743589744,90.132,0.0
Abu Dhabi,2023,OCO,2023_Abu Dhabi_OCO_2.0,20,4.0,73.79310344827586,3.5,1.0234888087805882,2.0,HARD,33.46089743589744,90.128,-0.0040000000000048885
Abu Dhabi,2023,OCO,2023_Abu Dhabi_OCO_2.0,21,5.0,71.98275862068965,3.5,1.0240688667125726,2.0,HARD,33.46089743589744,90.246,0.11399999999999011
Abu Dhabi,2023,OCO,2023_Abu Dhabi_OCO_2.0,22,6.0,70.17241379310344,3.5,1.0246352704820576,2.0,HARD,33.46089743589744,90.756,0.6239999999999952
Abu Dhabi,2023,OCO,2023_Abu Dhabi_OCO_2.0,23,7.0,68.36206896551724,3.5,1.0251889411968962,2.0,HARD,33.46089743589744,91.726,1.593999999999994
Abu Dhabi,2023,OCO,2023_Abu Dhabi_OCO_2.0,24,8.0,66.55172413793103,3.5,1.0257307008361072,2.0,HARD,33.46089743589744,90.791,0.6589999999999918
Abu Dhabi,2023,OCO,2023_Abu Dhabi_OCO_2.0,25,9.0,64.74137931034483,3.5,1.0262612865719445,2.0,HARD,33.46089743589744,90.338,0.20599999999998886
Abu Dhabi,2023,OCO,2023_Abu Dhabi_OCO_2.0,26,10.0,62.93103448275862,3.5,1.0267813625364794,2.0,HARD,33.46089743589744,90.993,0.86099999999999
Abu Dhabi,2023,OCO,2023_Abu Dhabi_OCO_2.0,27,11.0,61.12068965517241,3.5,1.0272915295688405,2.0,HARD,33.46089743589744,90.578,0.44599999999999795
Abu Dhabi,2023,OCO,2023_Abu Dhabi_OCO_2.0,28,12.0,59.310344827586206,3.5,1.027792333351186,2.0,HARD,33.46089743589744,90.322,0.18999999999999773
Abu Dhabi,2023,OCO,2023_Abu Dhabi_OCO_2.0,29,13.0,57.5,3.5,1.0282842712474618,2.0,HARD,33.46089743589744,90.504,0.3719999999999999
Abu Dhabi,2023,OCO,2023_Abu Dhabi_OCO_2.0,30,14.0,55.689655172413794,3.5,1.028767798089123,2.0,HARD,33.46089743589744,90.514,0.3819999999999908
Abu Dhabi,2023,OCO,2023_Abu Dhabi_OCO_2.0,31,15.0,53.87931034482759,3.5,1.0292433310994678,2.0,HARD,33.46089743589744,90.319,0.1869999999999976
Abu Dhabi,2023,OCO,2023_Abu Dhabi_OCO_2.0,32,16.0,52.06896551724138,3.5,1.0297112541083282,2.0,HARD,33.46089743589744,90.243,0.11099999999999
Abu Dhabi,2023,OCO,2023_Abu Dhabi_OCO_2.0,33,17.0,50.258620689655174,3.5,1.0301719211782445,2.0,HARD,33.46089743589744,90.244,0.11199999999999477
Abu Dhabi,2023,OCO,2023_Abu Dhabi_OCO_2.0,34,18.0,48.44827586206897,3.5,1.0306256597395511,2.0,HARD,33.46089743589744,90.033,-0.09900000000000375
Abu Dhabi,2023,OCO,2023_Abu Dhabi_OCO_2.0,35,19.0,46.637931034482754,3.5,1.0310727733132932,2.0,HARD,33.46089743589744,90.474,0.34199999999999875
Abu Dhabi,2023,OCO,2023_Abu Dhabi_OCO_2.0,36,20.0,44.82758620689655,3.5,1.0315135438863334,2.0,HARD,33.46089743589744,90.622,0.4899999999999949
Abu Dhabi,2023,OCO,2023_Abu Dhabi_OCO_2.0,37,21.0,43.01724137931034,3.5,1.0319482339914496,2.0,HARD,33.46089743589744,90.307,0.17499999999999716
Abu Dhabi,2023,OCO,2023_Abu Dhabi_OCO_2.0,38,22.0,41.206896551724135,3.5,1.0323770885360153,2.0,HARD,33.46089743589744,90.138,0.006000000000000227
Abu Dhabi,2023,OCO,2023_Abu Dhabi_OCO_2.0,39,23.0,39.39655172413793,3.5,1.0328003364154321,2.0,HARD,33.46089743589744,92.095,1.9629999999999939
Abu Dhabi,2023,OCO,2023_Abu Dhabi_OCO_2.0,40,24.0,37.58620689655172,3.5,1.033218191941496,2.0,HARD,33.46089743589744,90.447,0.3149999999999977
Abu Dhabi,2023,OCO,2023_Abu Dhabi_OCO_2.0,41,25.0,35.775862068965516,3.5,1.0336308561109975,2.0,HARD,33.46089743589744,90.252,0.11999999999999034
Abu Dhabi,2023,OCO,2023_Abu Dhabi_OCO_2.0,42,26.0,33.96551724137931,3.5,1.0340385177358706,2.0,HARD,33.46089743589744,90.742,0.6099999999999994
Abu Dhabi,2023,OCO,2023_Abu Dhabi_OCO_2.0,43,27.0,32.1551724137931,3.5,1.0344413544529207,2.0,HARD,33.46089743589744,91.081,0.9489999999999981
Abu Dhabi,2023,OCO,2023_Abu Dhabi_OCO_2.0,44,28.0,30.344827586206897,3.5,1.0348395336284555,2.0,HARD,33.46089743589744,90.431,0.2989999999999924
Abu Dhabi,2023,OCO,2023_Abu Dhabi_OCO_2.0,45,29.0,28.53448275862069,3.5,1.0352332131708821,2.0,HARD,33.46089743589744,90.163,0.0309999999999917
Abu Dhabi,2023,OCO,2023_Abu Dhabi_OCO_2.0,46,30.0,26.724137931034484,3.5,1.0356225422624687,2.0,HARD,33.46089743589744,90.113,-0.019000000000005457
Abu Dhabi,2023,OCO,2023_Abu Dhabi_OCO_2.0,47,31.0,24.913793103448274,3.5,1.0360076620198804,2.0,HARD,33.46089743589744,90.177,0.045000000000001705
Abu Dhabi,2023,OCO,2023_Abu Dhabi_OCO_2.0,48,32.0,23.103448275862068,3.5,1.0363887060917873,2.0,HARD,33.46089743589744,90.359,0.22699999999998965
Abu Dhabi,2023,OCO,2023_Abu Dhabi_OCO_2.0,49,33.0,21.29310344827586,3.5,1.0367658012007224,2.0,HARD,33.46089743589744,90.258,0.12599999999999056
Abu Dhabi,2023,OCO,2023_Abu Dhabi_OCO_2.0,50,34.0,19.482758620689655,3.5,1.0371390676354104,2.0,HARD,33.46089743589744,90.986,0.8539999999999992
Abu Dhabi,2023,OCO,2023_Abu Dhabi_OCO_2.0,51,35.0,17.67241379310345,3.5,1.037508619698999,2.0,HARD,33.46089743589744,90.31,0.17799999999999727
Abu Dhabi,2023,OCO,2023_Abu Dhabi_OCO_2.0,52,36.0,15.862068965517242,3.5,1.0378745661179198,2.0,HARD,33.46089743589744,90.984,0.8519999999999897
Abu Dhabi,2023,OCO,2023_Abu Dhabi_OCO_2.0,53,37.0,14.051724137931034,3.5,1.0382370104155285,2.0,HARD,33.46089743589744,90.283,0.15099999999999625
Abu Dhabi,2023,OCO,2023_Abu Dhabi_OCO_2.0,54,38.0,12.241379310344827,3.5,1.0385960512541605,2.0,HARD,33.46089743589744,90.272,0.14000000000000057
Abu Dhabi,2023,OCO,2023_Abu Dhabi_OCO_2.0,55,39.0,10.431034482758621,3.5,1.0389517827488082,2.0,HARD,33.46089743589744,90.287,0.15500000000000114
Abu Dhabi,2023,OCO,2023_Abu Dhabi_OCO_2.0,56,40.0,8.620689655172413,3.5,1.0393042947552413,2.0,HARD,33.46089743589744,90.208,0.0759999999999934
Abu Dhabi,2023,OCO,2023_Abu Dhabi_OCO_2.0,57,41.0,6.810344827586206,3.5,1.039653673135076,2.0,HARD,33.46089743589744,90.477,0.34499999999999886
Abu Dhabi,2023,OCO,2023_Abu Dhabi_OCO_2.0,58,42.0,5.0,3.5,1.04,2.0,HARD,33.46089743589744,90.639,0.5069999999999908
Abu Dhabi,2023,PER,2023_Abu Dhabi_PER_1.0,2,1.0,105.0,3.5,1.007427813527082,1.0,MEDIUM,33.46089743589744,91.672,1.203000000000003
Abu Dhabi,2023,PER,2023_Abu Dhabi_PER_1.0,3,2.0,104.56896551724138,3.5,1.0090971765229468,1.0,MEDIUM,33.46089743589744,90.469,0.0
Abu Dhabi,2023,PER,2023_Abu Dhabi_PER_1.0,4,3.0,102.75862068965517,3.5,1.0105045146287779,1.0,MEDIUM,33.46089743589744,90.759,0.29000000000000625
Abu Dhabi,2023,PER,2023_Abu Dhabi_PER_1.0,5,4.0,100.94827586206897,3.5,1.0117444043902941,1.0,MEDIUM,33.46089743589744,90.797,0.32800000000000296
Abu Dhabi,2023,PER,2023_Abu Dhabi_PER_1.0,6,5.0,99.13793103448276,3.5,1.0128653504180536,1.0,MEDIUM,33.46089743589744,90.682,0.21300000000000807
Abu Dhabi,2023,PER,2023_Abu Dhabi_PER_1.0,7,6.0,97.32758620689656,3.5,1.013896166675593,1.0,MEDIUM,33.46089743589744,90.818,0.34900000000000375
Abu Dhabi,2023,PER,2023_Abu Dhabi_PER_1.0,8,7.0,95.51724137931035,3.5,1.0148556270541642,1.0,MEDIUM,33.46089743589744,90.993,0.5240000000000009
Abu Dhabi,2023,PER,2023_Abu Dhabi_PER_1.0,9,8.0,93.70689655172414,3.5,1.0157567719431666,1.0,MEDIUM,33.46089743589744,91.287,0.818000000000012
Abu Dhabi,2023,PER,2023_Abu Dhabi_PER_1.0,10,9.0,91.89655172413794,3.5,1.016609095970748,1.0,MEDIUM,33.46089743589744,91.214,0.7450000000000045
Abu Dhabi,2023,PER,2023_Abu Dhabi_PER_1.0,11,10.0,90.08620689655172,3.5,1.0174197668142277,1.0,MEDIUM,33.46089743589744,91.535,1.0660000000000025
Abu Dhabi,2023,PER,2023_Abu Dhabi_PER_1.0,12,11.0,88.27586206896551,3.5,1.0181943530458937,1.0,MEDIUM,33.46089743589744,90.874,0.40500000000000114
Abu Dhabi,2023,PER,2023_Abu Dhabi_PER_1.0,13,12.0,86.4655172413793,3.5,1.01893728305896,1.0,MEDIUM,33.46089743589744,91.309,0.8400000000000034
Abu Dhabi,2023,PER,2023_Abu Dhabi_PER_1.0,14,13.0,84.6551724137931,3.5,1.0196521473776208,1.0,MEDIUM,33.46089743589744,91.19,0.7210000000000036
Abu Dhabi,2023,PER,2023_Abu Dhabi_PER_1.0,15,14.0,82.84482758620689,3.5,1.0203419051086242,1.0,MEDIUM,33.46089743589744,91.225,0.7560000000000002
Abu Dhabi,2023,PER,2023_Abu Dhabi_PER_1.0,16,15.0,81.03448275862068,3.5,1.0210090292575555,1.0,MEDIUM,33.46089743589744,91.375,0.9060000000000059
Abu Dhabi,2023,PER,2023_Abu Dhabi_PER_2.0,19,1.0,75.60344827586206,3.5,1.0228940588588935,2.0,HARD,33.46089743589744,89.365,0.3789999999999907
Abu Dhabi,2023,PER,2023_Abu Dhabi_PER_2.0,20,2.0,73.79310344827586,3.5,1.0234888087805882,2.0,HARD,33.46089743589744,89.107,0.12099999999999511
Abu Dhabi,2023,PER,2023_Abu Dhabi_PER_2.0,21,3.0,71.98275862068965,3.5,1.0240688667125726,2.0,HARD,33.46089743589744,88.986,0.0
Abu Dhabi,2023,PER,2023_Abu Dhabi_PER_2.0,22,4.0,70.17241379310344,3.5,1.0246352704820576,2.0,HARD,33.46089743589744,89.719,0.7329999999999899
Abu Dhabi,2023,PER,2023_Abu Dhabi_PER_2.0,23,5.0,68.36206896551724,3.5,1.0251889411968962,2.0,HARD,33.46089743589744,89.71,0.7239999999999895
Abu Dhabi,2023,PER,2023_Abu Dhabi_PER_2.0,24,6.0,66.55172413793103,3.5,1.0257307008361072,2.0,HARD,33.46089743589744,90.001,1.0150000000000006
Abu Dhabi,2023,PER,2023_Abu Dhabi_PER_2.0,25,7.0,64.74137931034483,3.5,1.0262612865719445,2.0,HARD,33.46089743589744,89.572,0.5859999999999985
Abu Dhabi,2023,PER,2023_Abu Dhabi_PER_2.0,26,8.0,62.93103448275862,3.5,1.0267813625364794,2.0,HARD,33.46089743589744,89.864,0.8780000000000001
Abu Dhabi,2023,PER,2023_Abu Dhabi_PER_2.0,27,9.0,61.12068965517241,3.5,1.0272915295688405,2.0,HARD,33.46089743589744,89.34,0.3539999999999992
Abu Dhabi,2023,PER,2023_Abu Dhabi_PER_2.0,28,10.0,59.310344827586206,3.5,1.027792333351186,2.0,HARD,33.46089743589744,88.954,-0.03200000000001069
Abu Dhabi,2023,PER,2023_Abu Dhabi_PER_2.0,29,11.0,57.5,3.5,1.0282842712474618,2.0,HARD,33.46089743589744,89.563,0.5769999999999982
Abu Dhabi,2023,PER,2023_Abu Dhabi_PER_2.0,30,12.0,55.689655172413794,3.5,1.028767798089123,2.0,HARD,33.46089743589744,89.48,0.4939999999999998
Abu Dhabi,2023,PER,2023_Abu Dhabi_PER_2.0,31,13.0,53.87931034482759,3.5,1.0292433310994678,2.0,HARD,33.46089743589744,89.413,0.4269999999999925
Abu Dhabi,2023,PER,2023_Abu Dhabi_PER_2.0,32,14.0,52.06896551724138,3.5,1.0297112541083282,2.0,HARD,33.46089743589744,89.314,0.32799999999998875
Abu Dhabi,2023,PER,2023_Abu Dhabi_PER_2.0,33,15.0,50.258620689655174,3.5,1.0301719211782445,2.0,HARD,33.46089743589744,89.261,0.2749999999999915
Abu Dhabi,2023,PER,2023_Abu Dhabi_PER_2.0,34,16.0,48.44827586206897,3.5,1.0306256597395511,2.0,HARD,33.46089743589744,89.316,0.3299999999999983
Abu Dhabi,2023,PER,2023_Abu Dhabi_PER_2.0,35,17.0,46.637931034482754,3.5,1.0310727733132932,2.0,HARD,33.46089743589744,89.243,0.2569999999999908
Abu Dhabi,2023,PER,2023_Abu Dhabi_PER_2.0,36,18.0,44.82758620689655,3.5,1.0315135438863334,2.0,HARD,33.46089743589744,88.928,-0.058000000000006935
Abu Dhabi,2023,PER,2023_Abu Dhabi_PER_2.0,37,19.0,43.01724137931034,3.5,1.0319482339914496,2.0,HARD,33.46089743589744,88.992,0.006000000000000227
Abu Dhabi,2023,PER,2023_Abu Dhabi_PER_2.0,38,20.0,41.206896551724135,3.5,1.0323770885360153,2.0,HARD,33.46089743589744,89.043,0.05700000000000216
Abu Dhabi,2023,PER,2023_Abu Dhabi_PER_2.0,39,21.0,39.39655172413793,3.5,1.0328003364154321,2.0,HARD,33.46089743589744,89.13,0.14399999999999125
Abu Dhabi,2023,PER,2023_Abu Dhabi_PER_2.0,40,22.0,37.58620689655172,3.5,1.033218191941496,2.0,HARD,33.46089743589744,88.909,-0.07699999999999818
Abu Dhabi,2023,PER,2023_Abu Dhabi_PER_2.0,41,23.0,35.775862068965516,3.5,1.0336308561109975,2.0,HARD,33.46089743589744,89.195,0.20899999999998897
Abu Dhabi,2023,PER,2023_Abu Dhabi_PER_3.0,44,1.0,30.344827586206897,3.5,1.0348395336284555,2.0,HARD,33.46089743589744,87.493,0.0
Abu Dhabi,2023,PER,2023_Abu Dhabi_PER_3.0,45,2.0,28.53448275862069,3.5,1.0352332131708821,2.0,HARD,33.46089743589744,87.837,0.3440000000000083
Abu Dhabi,2023,PER,2023_Abu Dhabi_PER_3.0,46,3.0,26.724137931034484,3.5,1.0356225422624687,2.0,HARD,33.46089743589744,87.914,0.4210000000000065
Abu Dhabi,2023,PER,2023_Abu Dhabi_PER_3.0,47,4.0,24.913793103448274,3.5,1.0360076620198804,2.0,HARD,33.46089743589744,88.401,0.9080000000000013
Abu Dhabi,2023,PER,2023_Abu Dhabi_PER_3.0,48,5.0,23.103448275862068,3.5,1.0363887060917873,2.0,HARD,33.46089743589744,87.97,0.47700000000000387
Abu Dhabi,2023,PER,2023_Abu Dhabi_PER_3.0,49,6.0,21.29310344827586,3.5,1.0367658012007224,2.0,HARD,33.46089743589744,87.926,0.43300000000000693
Abu Dhabi,2023,PER,2023_Abu Dhabi_PER_3.0,50,7.0,19.482758620689655,3.5,1.0371390676354104,2.0,HARD,33.46089743589744,87.758,0.26500000000000057
Abu Dhabi,2023,PER,2023_Abu Dhabi_PER_3.0,51,8.0,17.67241379310345,3.5,1.037508619698999,2.0,HARD,33.46089743589744,87.866,0.37300000000000466
Abu Dhabi,2023,PER,2023_Abu Dhabi_PER_3.0,52,9.0,15.862068965517242,3.5,1.0378745661179198,2.0,HARD,33.46089743589744,87.886,0.3930000000000007
Abu Dhabi,2023,PER,2023_Abu Dhabi_PER_3.0,53,10.0,14.051724137931034,3.5,1.0382370104155285,2.0,HARD,33.46089743589744,88.307,0.8140000000000072
Abu Dhabi,2023,PER,2023_Abu Dhabi_PER_3.0,54,11.0,12.241379310344827,3.5,1.0385960512541605,2.0,HARD,33.46089743589744,88.024,0.5310000000000059
Abu Dhabi,2023,PER,2023_Abu Dhabi_PER_3.0,55,12.0,10.431034482758621,3.5,1.0389517827488082,2.0,HARD,33.46089743589744,88.187,0.6940000000000026
Abu Dhabi,2023,PER,2023_Abu Dhabi_PER_3.0,56,13.0,8.620689655172413,3.5,1.0393042947552413,2.0,HARD,33.46089743589744,87.896,0.4030000000000058
Abu Dhabi,2023,PER,2023_Abu Dhabi_PER_3.0,57,14.0,6.810344827586206,3.5,1.039653673135076,2.0,HARD,33.46089743589744,87.991,0.49800000000000466
Abu Dhabi,2023,PER,2023_Abu Dhabi_PER_3.0,58,15.0,5.0,3.5,1.04,2.0,HARD,33.46089743589744,87.948,0.4549999999999983
Abu Dhabi,2023,PIA,2023_Abu Dhabi_PIA_1.0,1,1.0,105.0,3.5,1.005252257314389,1.0,MEDIUM,33.46089743589744,93.882,3.2510000000000048
Abu Dhabi,2023,PIA,2023_Abu Dhabi_PIA_1.0,2,2.0,105.0,3.5,1.007427813527082,1.0,MEDIUM,33.46089743589744,91.075,0.4440000000000026
Abu Dhabi,2023,PIA,2023_Abu Dhabi_PIA_1.0,3,3.0,104.56896551724138,3.5,1.0090971765229468,1.0,MEDIUM,33.46089743589744,90.631,0.0
Abu Dhabi,2023,PIA,2023_Abu Dhabi_PIA_1.0,4,4.0,102.75862068965517,3.5,1.0105045146287779,1.0,MEDIUM,33.46089743589744,91.816,1.1850000000000023
Abu Dhabi,2023,PIA,2023_Abu Dhabi_PIA_1.0,5,5.0,100.94827586206897,3.5,1.0117444043902941,1.0,MEDIUM,33.46089743589744,90.419,-0.2120000000000033
Abu Dhabi,2023,PIA,2023_Abu Dhabi_PIA_1.0,6,6.0,99.13793103448276,3.5,1.0128653504180536,1.0,MEDIUM,33.46089743589744,90.813,0.18200000000000216
Abu Dhabi,2023,PIA,2023_Abu Dhabi_PIA_1.0,7,7.0,97.32758620689656,3.5,1.013896166675593,1.0,MEDIUM,33.46089743589744,90.953,0.32200000000000273
Abu Dhabi,2023,PIA,2023_Abu Dhabi_PIA_1.0,8,8.0,95.51724137931035,3.5,1.0148556270541642,1.0,MEDIUM,33.46089743589744,90.795,0.16400000000000148
Abu Dhabi,2023,PIA,2023_Abu Dhabi_PIA_1.0,9,9.0,93.70689655172414,3.5,1.0157567719431666,1.0,MEDIUM,33.46089743589744,90.899,0.2680000000000007
Abu Dhabi,2023,PIA,2023_Abu Dhabi_PIA_1.0,10,10.0,91.89655172413794,3.5,1.016609095970748,1.0,MEDIUM,33.46089743589744,91.239,0.6080000000000041
Abu Dhabi,2023,PIA,2023_Abu Dhabi_PIA_1.0,11,11.0,90.08620689655172,3.5,1.0174197668142277,1.0,MEDIUM,33.46089743589744,92.448,1.816999999999993
Abu Dhabi,2023,PIA,2023_Abu Dhabi_PIA_1.0,12,12.0,88.27586206896551,3.5,1.0181943530458937,1.0,MEDIUM,33.46089743589744,91.304,0.6730000000000018
Abu Dhabi,2023,PIA,2023_Abu Dhabi_PIA_2.0,15,1.0,82.84482758620689,3.5,1.0203419051086242,2.0,HARD,33.46089743589744,90.649,0.6950000000000074
Abu Dhabi,2023,PIA,2023_Abu Dhabi_PIA_2.0,16,2.0,81.03448275862068,3.5,1.0210090292575555,2.0,HARD,33.46089743589744,90.276,0.32200000000000273
Abu Dhabi,2023,PIA,2023_Abu Dhabi_PIA_2.0,17,3.0,79.22413793103448,3.5,1.0216556116801483,2.0,HARD,33.46089743589744,89.954,0.0
Abu Dhabi,2023,PIA,2023_Abu Dhabi_PIA_2.0,18,4.0,77.41379310344827,3.5,1.0222834405812462,2.0,HARD,33.46089743589744,90.438,0.48400000000000887
Abu Dhabi,2023,PIA,2023_Abu Dhabi_PIA_2.0,19,5.0,75.60344827586206,3.5,1.0228940588588935,2.0,HARD,33.46089743589744,90.498,0.5440000000000111
Abu Dhabi,2023,PIA,2023_Abu Dhabi_PIA_2.0,20,6.0,73.79310344827586,3.5,1.0234888087805882,2.0,HARD,33.46089743589744,90.088,0.13400000000000034
Abu Dhabi,2023,PIA,2023_Abu Dhabi_PIA_2.0,21,7.0,71.98275862068965,3.5,1.0240688667125726,2.0,HARD,33.46089743589744,89.888,-0.06599999999998829
Abu Dhabi,2023,PIA,2023_Abu Dhabi_PIA_2.0,22,8.0,70.17241379310344,3.5,1.0246352704820576,2.0,HARD,33.46089743589744,90.496,0.5420000000000016
Abu Dhabi,2023,PIA,2023_Abu Dhabi_PIA_2.0,23,9.0,68.36206896551724,3.5,1.0251889411968962,2.0,HARD,33.46089743589744,90.103,0.1490000000000009
Abu Dhabi,2023,PIA,2023_Abu Dhabi_PIA_2.0,24,10.0,66.55172413793103,3.5,1.0257307008361072,2.0,HARD,33.46089743589744,89.958,0.0040000000000048885
Abu Dhabi,2023,PIA,2023_Abu Dhabi_PIA_2.0,25,11.0,64.74137931034483,3.5,1.0262612865719445,2.0,HARD,33.46089743589744,90.028,0.07400000000001228
Abu Dhabi,2023,PIA,2023_Abu Dhabi_PIA_2.0,26,12.0,62.93103448275862,3.5,1.0267813625364794,2.0,HARD,33.46089743589744,89.918,-0.03599999999998715
Abu Dhabi,2023,PIA,2023_Abu Dhabi_PIA_2.0,27,13.0,61.12068965517241,3.5,1.0272915295688405,2.0,HARD,33.46089743589744,89.602,-0.35199999999998965
Abu Dhabi,2023,PIA,2023_Abu Dhabi_PIA_2.0,28,14.0,59.310344827586206,3.5,1.027792333351186,2.0,HARD,33.46089743589744,91.036,1.0820000000000078
Abu Dhabi,2023,PIA,2023_Abu Dhabi_PIA_2.0,29,15.0,57.5,3.5,1.0282842712474618,2.0,HARD,33.46089743589744,90.34,0.3860000000000099
Abu Dhabi,2023,PIA,2023_Abu Dhabi_PIA_2.0,30,16.0,55.689655172413794,3.5,1.028767798089123,2.0,HARD,33.46089743589744,90.497,0.5430000000000064
Abu Dhabi,2023,PIA,2023_Abu Dhabi_PIA_2.0,31,17.0,53.87931034482759,3.5,1.0292433310994678,2.0,HARD,33.46089743589744,90.082,0.1280000000000001
Abu Dhabi,2023,PIA,2023_Abu Dhabi_PIA_2.0,32,18.0,52.06896551724138,3.5,1.0297112541083282,2.0,HARD,33.46089743589744,89.847,-0.10699999999999932
Abu Dhabi,2023,PIA,2023_Abu Dhabi_PIA_2.0,33,19.0,50.258620689655174,3.5,1.0301719211782445,2.0,HARD,33.46089743589744,89.777,-0.1769999999999925
Abu Dhabi,2023,PIA,2023_Abu Dhabi_PIA_2.0,34,20.0,48.44827586206897,3.5,1.0306256597395511,2.0,HARD,33.46089743589744,89.841,-0.11299999999999955
Abu Dhabi,2023,PIA,2023_Abu Dhabi_PIA_2.0,35,21.0,46.637931034482754,3.5,1.0310727733132932,2.0,HARD,33.46089743589744,89.858,-0.09599999999998943
Abu Dhabi,2023,PIA,2023_Abu Dhabi_PIA_3.0,38,1.0,41.206896551724135,3.5,1.0323770885360153,2.0,HARD,33.46089743589744,88.138,0.0
Abu Dhabi,2023,PIA,2023_Abu Dhabi_PIA_3.0,39,2.0,39.39655172413793,3.5,1.0328003364154321,2.0,HARD,33.46089743589744,88.65,0.5120000000000005
Abu Dhabi,2023,PIA,2023_Abu Dhabi_PIA_3.0,40,3.0,37.58620689655172,3.5,1.033218191941496,2.0,HARD,33.46089743589744,88.683,0.5450000000000017
Abu Dhabi,2023,PIA,2023_Abu Dhabi_PIA_3.0,41,4.0,35.775862068965516,3.5,1.0336308561109975,2.0,HARD,33.46089743589744,88.762,0.6239999999999952
Abu Dhabi,2023,PIA,2023_Abu Dhabi_PIA_3.0,42,5.0,33.96551724137931,3.5,1.0340385177358706,2.0,HARD,33.46089743589744,88.978,0.8399999999999892
Abu Dhabi,2023,PIA,2023_Abu Dhabi_PIA_3.0,43,6.0,32.1551724137931,3.5,1.0344413544529207,2.0,HARD,33.46089743589744,88.332,0.1939999999999884
Abu Dhabi,2023,PIA,2023_Abu Dhabi_PIA_3.0,44,7.0,30.344827586206897,3.5,1.0348395336284555,2.0,HARD,33.46089743589744,88.489,0.3509999999999991
Abu Dhabi,2023,PIA,2023_Abu Dhabi_PIA_3.0,45,8.0,28.53448275862069,3.5,1.0352332131708821,2.0,HARD,33.46089743589744,88.149,0.01099999999999568
Abu Dhabi,2023,PIA,2023_Abu Dhabi_PIA_3.0,46,9.0,26.724137931034484,3.5,1.0356225422624687,2.0,HARD,33.46089743589744,88.806,0.6679999999999922
Abu Dhabi,2023,PIA,2023_Abu Dhabi_PIA_3.0,47,10.0,24.913793103448274,3.5,1.0360076620198804,2.0,HARD,33.46089743589744,89.266,1.1280000000000001
Abu Dhabi,2023,PIA,2023_Abu Dhabi_PIA_3.0,48,11.0,23.103448275862068,3.5,1.0363887060917873,2.0,HARD,33.46089743589744,89.061,0.9230000000000018
Abu Dhabi,2023,PIA,2023_Abu Dhabi_PIA_3.0,49,12.0,21.29310344827586,3.5,1.0367658012007224,2.0,HARD,33.46089743589744,89.445,1.306999999999988
Abu Dhabi,2023,PIA,2023_Abu Dhabi_PIA_3.0,50,13.0,19.482758620689655,3.5,1.0371390676354104,2.0,HARD,33.46089743589744,88.761,0.6229999999999905
Abu Dhabi,2023,PIA,2023_Abu Dhabi_PIA_3.0,51,14.0,17.67241379310345,3.5,1.037508619698999,2.0,HARD,33.46089743589744,88.556,0.41799999999999216
Abu Dhabi,2023,PIA,2023_Abu Dhabi_PIA_3.0,52,15.0,15.862068965517242,3.5,1.0378745661179198,2.0,HARD,33.46089743589744,88.397,0.25900000000000034
Abu Dhabi,2023,PIA,2023_Abu Dhabi_PIA_3.0,53,16.0,14.051724137931034,3.5,1.0382370104155285,2.0,HARD,33.46089743589744,88.788,0.6499999999999915
Abu Dhabi,2023,PIA,2023_Abu Dhabi_PIA_3.0,54,17.0,12.241379310344827,3.5,1.0385960512541605,2.0,HARD,33.46089743589744,88.536,0.39799999999999613
Abu Dhabi,2023,PIA,2023_Abu Dhabi_PIA_3.0,55,18.0,10.431034482758621,3.5,1.0389517827488082,2.0,HARD,33.46089743589744,88.729,0.590999999999994
Abu Dhabi,2023,PIA,2023_Abu Dhabi_PIA_3.0,56,19.0,8.620689655172413,3.5,1.0393042947552413,2.0,HARD,33.46089743589744,88.706,0.5679999999999978
Abu Dhabi,2023,PIA,2023_Abu Dhabi_PIA_3.0,57,20.0,6.810344827586206,3.5,1.039653673135076,2.0,HARD,33.46089743589744,88.786,0.6479999999999961
Abu Dhabi,2023,PIA,2023_Abu Dhabi_PIA_3.0,58,21.0,5.0,3.5,1.04,2.0,HARD,33.46089743589744,88.467,0.3289999999999935
Abu Dhabi,2023,RIC,2023_Abu Dhabi_RIC_2.0,9,1.0,93.70689655172414,3.5,1.0157567719431666,2.0,HARD,33.46089743589744,89.815,0.0
Abu Dhabi,2023,RIC,2023_Abu Dhabi_RIC_2.0,10,2.0,91.89655172413794,3.5,1.016609095970748,2.0,HARD,33.46089743589744,90.238,0.4230000000000018
Abu Dhabi,2023,RIC,2023_Abu Dhabi_RIC_2.0,11,3.0,90.08620689655172,3.5,1.0174197668142277,2.0,HARD,33.46089743589744,90.43,0.6150000000000091
Abu Dhabi,2023,RIC,2023_Abu Dhabi_RIC_2.0,12,4.0,88.27586206896551,3.5,1.0181943530458937,2.0,HARD,33.46089743589744,90.078,0.26300000000000523
Abu Dhabi,2023,RIC,2023_Abu Dhabi_RIC_2.0,13,5.0,86.4655172413793,3.5,1.01893728305896,2.0,HARD,33.46089743589744,90.271,0.45600000000000307
Abu Dhabi,2023,RIC,2023_Abu Dhabi_RIC_2.0,14,6.0,84.6551724137931,3.5,1.0196521473776208,2.0,HARD,33.46089743589744,90.424,0.6090000000000089
Abu Dhabi,2023,RIC,2023_Abu Dhabi_RIC_2.0,15,7.0,82.84482758620689,3.5,1.0203419051086242,2.0,HARD,33.46089743589744,90.475,0.6599999999999966
Abu Dhabi,2023,RIC,2023_Abu Dhabi_RIC_2.0,16,8.0,81.03448275862068,3.5,1.0210090292575555,2.0,HARD,33.46089743589744,90.482,0.6670000000000016
Abu Dhabi,2023,RIC,2023_Abu Dhabi_RIC_2.0,17,9.0,79.22413793103448,3.5,1.0216556116801483,2.0,HARD,33.46089743589744,90.391,0.5760000000000076
Abu Dhabi,2023,RIC,2023_Abu Dhabi_RIC_2.0,18,10.0,77.41379310344827,3.5,1.0222834405812462,2.0,HARD,33.46089743589744,90.697,0.882000000000005
Abu Dhabi,2023,RIC,2023_Abu Dhabi_RIC_2.0,19,11.0,75.60344827586206,3.5,1.0228940588588935,2.0,HARD,33.46089743589744,90.418,0.6030000000000086
Abu Dhabi,2023,RIC,2023_Abu Dhabi_RIC_2.0,20,12.0,73.79310344827586,3.5,1.0234888087805882,2.0,HARD,33.46089743589744,91.085,1.269999999999996
Abu Dhabi,2023,RIC,2023_Abu Dhabi_RIC_2.0,21,13.0,71.98275862068965,3.5,1.0240688667125726,2.0,HARD,33.46089743589744,90.686,0.8710000000000093
Abu Dhabi,2023,RIC,2023_Abu Dhabi_RIC_2.0,22,14.0,70.17241379310344,3.5,1.0246352704820576,2.0,HARD,33.46089743589744,90.883,1.0679999999999978
Abu Dhabi,2023,RIC,2023_Abu Dhabi_RIC_2.0,23,15.0,68.36206896551724,3.5,1.0251889411968962,2.0,HARD,33.46089743589744,90.476,0.6610000000000014
Abu Dhabi,2023,RIC,2023_Abu Dhabi_RIC_2.0,24,16.0,66.55172413793103,3.5,1.0257307008361072,2.0,HARD,33.46089743589744,90.295,0.480000000000004
Abu Dhabi,2023,RIC,2023_Abu Dhabi_RIC_2.0,25,17.0,64.74137931034483,3.5,1.0262612865719445,2.0,HARD,33.46089743589744,91.132,1.3170000000000073
Abu Dhabi,2023,RIC,2023_Abu Dhabi_RIC_2.0,26,18.0,62.93103448275862,3.5,1.0267813625364794,2.0,HARD,33.46089743589744,91.949,2.1340000000000003
Abu Dhabi,2023,RIC,2023_Abu Dhabi_RIC_2.0,27,19.0,61.12068965517241,3.5,1.0272915295688405,2.0,HARD,33.46089743589744,90.737,0.921999999999997
Abu Dhabi,2023,RIC,2023_Abu Dhabi_RIC_2.0,28,20.0,59.310344827586206,3.5,1.027792333351186,2.0,HARD,33.46089743589744,90.697,0.882000000000005
Abu Dhabi,2023,RIC,2023_Abu Dhabi_RIC_2.0,29,21.0,57.5,3.5,1.0282842712474618,2.0,HARD,33.46089743589744,91.307,1.4920000000000044
Abu Dhabi,2023,RIC,2023_Abu Dhabi_RIC_2.0,30,22.0,55.689655172413794,3.5,1.028767798089123,2.0,HARD,33.46089743589744,90.678,0.8629999999999995
Abu Dhabi,2023,RIC,2023_Abu Dhabi_RIC_3.0,33,1.0,50.258620689655174,3.5,1.0301719211782445,2.0,HARD,33.46089743589744,89.349,0.0
Abu Dhabi,2023,RIC,2023_Abu Dhabi_RIC_3.0,34,2.0,48.44827586206897,3.5,1.0306256597395511,2.0,HARD,33.46089743589744,89.584,0.23499999999999943
Abu Dhabi,2023,RIC,2023_Abu Dhabi_RIC_3.0,35,3.0,46.637931034482754,3.5,1.0310727733132932,2.0,HARD,33.46089743589744,89.814,0.4649999999999892
Abu Dhabi,2023,RIC,2023_Abu Dhabi_RIC_3.0,36,4.0,44.82758620689655,3.5,1.0315135438863334,2.0,HARD,33.46089743589744,90.531,1.1820000000000022
Abu Dhabi,2023,RIC,2023_Abu Dhabi_RIC_3.0,37,5.0,43.01724137931034,3.5,1.0319482339914496,2.0,HARD,33.46089743589744,91.968,2.6189999999999998
Abu Dhabi,2023,RIC,2023_Abu Dhabi_RIC_3.0,38,6.0,41.206896551724135,3.5,1.0323770885360153,2.0,HARD,33.46089743589744,91.008,1.6589999999999918
Abu Dhabi,2023,RIC,2023_Abu Dhabi_RIC_3.0,39,7.0,39.39655172413793,3.5,1.0328003364154321,2.0,HARD,33.46089743589744,90.068,0.7189999999999941
Abu Dhabi,2023,RIC,2023_Abu Dhabi_RIC_3.0,40,8.0,37.58620689655172,3.5,1.033218191941496,2.0,HARD,33.46089743589744,88.841,-0.5080000000000098
Abu Dhabi,2023,RIC,2023_Abu Dhabi_RIC_3.0,41,9.0,35.775862068965516,3.5,1.0336308561109975,2.0,HARD,33.46089743589744,88.838,-0.5110000000000099
Abu Dhabi,2023,RIC,2023_Abu Dhabi_RIC_3.0,42,10.0,33.96551724137931,3.5,1.0340385177358706,2.0,HARD,33.46089743589744,88.581,-0.7680000000000007
Abu Dhabi,2023,RIC,2023_Abu Dhabi_RIC_3.0,43,11.0,32.1551724137931,3.5,1.0344413544529207,2.0,HARD,33.46089743589744,90.055,0.7060000000000031
Abu Dhabi,2023,RIC,2023_Abu Dhabi_RIC_3.0,44,12.0,30.344827586206897,3.5,1.0348395336284555,2.0,HARD,33.46089743589744,88.818,-0.5310000000000059
Abu Dhabi,2023,RIC,2023_Abu Dhabi_RIC_3.0,45,13.0,28.53448275862069,3.5,1.0352332131708821,2.0,HARD,33.46089743589744,88.705,-0.6440000000000055
Abu Dhabi,2023,RIC,2023_Abu Dhabi_RIC_3.0,46,14.0,26.724137931034484,3.5,1.0356225422624687,2.0,HARD,33.46089743589744,88.708,-0.6410000000000053
Abu Dhabi,2023,RIC,2023_Abu Dhabi_RIC_3.0,47,15.0,24.913793103448274,3.5,1.0360076620198804,2.0,HARD,33.46089743589744,88.571,-0.7780000000000058
Abu Dhabi,2023,RIC,2023_Abu Dhabi_RIC_3.0,48,16.0,23.103448275862068,3.5,1.0363887060917873,2.0,HARD,33.46089743589744,88.702,-0.6470000000000056
Abu Dhabi,2023,RIC,2023_Abu Dhabi_RIC_3.0,49,17.0,21.29310344827586,3.5,1.0367658012007224,2.0,HARD,33.46089743589744,88.791,-0.5580000000000069
Abu Dhabi,2023,RIC,2023_Abu Dhabi_RIC_3.0,50,18.0,19.482758620689655,3.5,1.0371390676354104,2.0,HARD,33.46089743589744,89.065,-0.284000000000006
Abu Dhabi,2023,RIC,2023_Abu Dhabi_RIC_3.0,51,19.0,17.67241379310345,3.5,1.037508619698999,2.0,HARD,33.46089743589744,89.332,-0.017000000000010118
Abu Dhabi,2023,RIC,2023_Abu Dhabi_RIC_3.0,52,20.0,15.862068965517242,3.5,1.0378745661179198,2.0,HARD,33.46089743589744,88.743,-0.6060000000000088
Abu Dhabi,2023,RIC,2023_Abu Dhabi_RIC_3.0,53,21.0,14.051724137931034,3.5,1.0382370104155285,2.0,HARD,33.46089743589744,88.742,-0.6069999999999993
Abu Dhabi,2023,RIC,2023_Abu Dhabi_RIC_3.0,54,22.0,12.241379310344827,3.5,1.0385960512541605,2.0,HARD,33.46089743589744,88.76,-0.5889999999999986
Abu Dhabi,2023,RIC,2023_Abu Dhabi_RIC_3.0,55,23.0,10.431034482758621,3.5,1.0389517827488082,2.0,HARD,33.46089743589744,88.871,-0.47800000000000864
Abu Dhabi,2023,RIC,2023_Abu Dhabi_RIC_3.0,56,24.0,8.620689655172413,3.5,1.0393042947552413,2.0,HARD,33.46089743589744,88.929,-0.4200000000000017
Abu Dhabi,2023,RIC,2023_Abu Dhabi_RIC_3.0,57,25.0,6.810344827586206,3.5,1.039653673135076,2.0,HARD,33.46089743589744,89.06,-0.2890000000000015
Abu Dhabi,2023,RIC,2023_Abu Dhabi_RIC_3.0,58,26.0,5.0,3.5,1.04,2.0,HARD,33.46089743589744,89.02,-0.32900000000000773
Abu Dhabi,2023,RUS,2023_Abu Dhabi_RUS_1.0,1,1.0,105.0,3.5,1.005252257314389,1.0,MEDIUM,33.46089743589744,94.776,4.177999999999997
Abu Dhabi,2023,RUS,2023_Abu Dhabi_RUS_1.0,2,2.0,105.0,3.5,1.007427813527082,1.0,MEDIUM,33.46089743589744,91.598,1.0
Abu Dhabi,2023,RUS,2023_Abu Dhabi_RUS_1.0,3,3.0,104.56896551724138,3.5,1.0090971765229468,1.0,MEDIUM,33.46089743589744,90.598,0.0
Abu Dhabi,2023,RUS,2023_Abu Dhabi_RUS_1.0,4,4.0,102.75862068965517,3.5,1.0105045146287779,1.0,MEDIUM,33.46089743589744,90.797,0.19899999999999807
Abu Dhabi,2023,RUS,2023_Abu Dhabi_RUS_1.0,5,5.0,100.94827586206897,3.5,1.0117444043902941,1.0,MEDIUM,33.46089743589744,90.689,0.09099999999999397
Abu Dhabi,2023,RUS,2023_Abu Dhabi_RUS_1.0,6,6.0,99.13793103448276,3.5,1.0128653504180536,1.0,MEDIUM,33.46089743589744,90.808,0.21000000000000796
Abu Dhabi,2023,RUS,2023_Abu Dhabi_RUS_1.0,7,7.0,97.32758620689656,3.5,1.013896166675593,1.0,MEDIUM,33.46089743589744,90.842,0.24399999999999977
Abu Dhabi,2023,RUS,2023_Abu Dhabi_RUS_1.0,8,8.0,95.51724137931035,3.5,1.0148556270541642,1.0,MEDIUM,33.46089743589744,90.933,0.33500000000000796
Abu Dhabi,2023,RUS,2023_Abu Dhabi_RUS_1.0,9,9.0,93.70689655172414,3.5,1.0157567719431666,1.0,MEDIUM,33.46089743589744,90.767,0.16899999999999693
Abu Dhabi,2023,RUS,2023_Abu Dhabi_RUS_1.0,10,10.0,91.89655172413794,3.5,1.016609095970748,1.0,MEDIUM,33.46089743589744,91.14,0.5420000000000016
Abu Dhabi,2023,RUS,2023_Abu Dhabi_RUS_1.0,11,11.0,90.08620689655172,3.5,1.0174197668142277,1.0,MEDIUM,33.46089743589744,90.856,0.25799999999999557
Abu Dhabi,2023,RUS,2023_Abu Dhabi_RUS_1.0,12,12.0,88.27586206896551,3.5,1.0181943530458937,1.0,MEDIUM,33.46089743589744,90.95,0.35200000000000387
Abu Dhabi,2023,RUS,2023_Abu Dhabi_RUS_1.0,13,13.0,86.4655172413793,3.5,1.01893728305896,1.0,MEDIUM,33.46089743589744,90.816,0.21800000000000352
Abu Dhabi,2023,RUS,2023_Abu Dhabi_RUS_2.0,16,1.0,81.03448275862068,3.5,1.0210090292575555,2.0,HARD,33.46089743589744,89.537,0.015000000000000568
Abu Dhabi,2023,RUS,2023_Abu Dhabi_RUS_2.0,17,2.0,79.22413793103448,3.5,1.0216556116801483,2.0,HARD,33.46089743589744,90.049,0.527000000000001
Abu Dhabi,2023,RUS,2023_Abu Dhabi_RUS_2.0,18,3.0,77.41379310344827,3.5,1.0222834405812462,2.0,HARD,33.46089743589744,89.522,0.0
Abu Dhabi,2023,RUS,2023_Abu Dhabi_RUS_2.0,19,4.0,75.60344827586206,3.5,1.0228940588588935,2.0,HARD,33.46089743589744,90.358,0.8359999999999985
Abu Dhabi,2023,RUS,2023_Abu Dhabi_RUS_2.0,20,5.0,73.79310344827586,3.5,1.0234888087805882,2.0,HARD,33.46089743589744,90.088,0.5659999999999883
Abu Dhabi,2023,RUS,2023_Abu Dhabi_RUS_2.0,21,6.0,71.98275862068965,3.5,1.0240688667125726,2.0,HARD,33.46089743589744,90.118,0.5959999999999894
Abu Dhabi,2023,RUS,2023_Abu Dhabi_RUS_2.0,22,7.0,70.17241379310344,3.5,1.0246352704820576,2.0,HARD,33.46089743589744,89.786,0.2639999999999958
Abu Dhabi,2023,RUS,2023_Abu Dhabi_RUS_2.0,23,8.0,68.36206896551724,3.5,1.0251889411968962,2.0,HARD,33.46089743589744,89.672,0.14999999999999147
Abu Dhabi,2023,RUS,2023_Abu Dhabi_RUS_2.0,24,9.0,66.55172413793103,3.5,1.0257307008361072,2.0,HARD,33.46089743589744,89.355,-0.1670000000000016
Abu Dhabi,2023,RUS,2023_Abu Dhabi_RUS_2.0,25,10.0,64.74137931034483,3.5,1.0262612865719445,2.0,HARD,33.46089743589744,89.545,0.022999999999996135
Abu Dhabi,2023,RUS,2023_Abu Dhabi_RUS_2.0,26,11.0,62.93103448275862,3.5,1.0267813625364794,2.0,HARD,33.46089743589744,89.54,0.018000000000000682
Abu Dhabi,2023,RUS,2023_Abu Dhabi_RUS_2.0,27,12.0,61.12068965517241,3.5,1.0272915295688405,2.0,HARD,33.46089743589744,89.432,-0.09000000000000341
Abu Dhabi,2023,RUS,2023_Abu Dhabi_RUS_2.0,28,13.0,59.310344827586206,3.5,1.027792333351186,2.0,HARD,33.46089743589744,89.565,0.042999999999992156
Abu Dhabi,2023,RUS,2023_Abu Dhabi_RUS_2.0,29,14.0,57.5,3.5,1.0282842712474618,2.0,HARD,33.46089743589744,89.722,0.19999999999998863
Abu Dhabi,2023,RUS,2023_Abu Dhabi_RUS_2.0,30,15.0,55.689655172413794,3.5,1.028767798089123,2.0,HARD,33.46089743589744,89.84,0.31799999999999784
Abu Dhabi,2023,RUS,2023_Abu Dhabi_RUS_2.0,31,16.0,53.87931034482759,3.5,1.0292433310994678,2.0,HARD,33.46089743589744,89.402,-0.12000000000000455
Abu Dhabi,2023,RUS,2023_Abu Dhabi_RUS_2.0,32,17.0,52.06896551724138,3.5,1.0297112541083282,2.0,HARD,33.46089743589744,89.692,0.1699999999999875
Abu Dhabi,2023,RUS,2023_Abu Dhabi_RUS_2.0,33,18.0,50.258620689655174,3.5,1.0301719211782445,2.0,HARD,33.46089743589744,89.593,0.07099999999999795
Abu Dhabi,2023,RUS,2023_Abu Dhabi_RUS_3.0,36,1.0,44.82758620689655,3.5,1.0315135438863334,2.0,HARD,33.46089743589744,88.687,0.0
Abu Dhabi,2023,RUS,2023_Abu Dhabi_RUS_3.0,37,2.0,43.01724137931034,3.5,1.0319482339914496,2.0,HARD,33.46089743589744,88.943,0.2560000000000002
Abu Dhabi,2023,RUS,2023_Abu Dhabi_RUS_3.0,38,3.0,41.206896551724135,3.5,1.0323770885360153,2.0,HARD,33.46089743589744,89.243,0.5559999999999974
Abu Dhabi,2023,RUS,2023_Abu Dhabi_RUS_3.0,39,4.0,39.39655172413793,3.5,1.0328003364154321,2.0,HARD,33.46089743589744,89.194,0.507000000000005
Abu Dhabi,2023,RUS,2023_Abu Dhabi_RUS_3.0,40,5.0,37.58620689655172,3.5,1.033218191941496,2.0,HARD,33.46089743589744,88.683,-0.003999999999990678
Abu Dhabi,2023,RUS,2023_Abu Dhabi_RUS_3.0,41,6.0,35.775862068965516,3.5,1.0336308561109975,2.0,HARD,33.46089743589744,88.612,-0.07500000000000284
Abu Dhabi,2023,RUS,2023_Abu Dhabi_RUS_3.0,42,7.0,33.96551724137931,3.5,1.0340385177358706,2.0,HARD,33.46089743589744,88.792,0.10500000000000398
Abu Dhabi,2023,RUS,2023_Abu Dhabi_RUS_3.0,43,8.0,32.1551724137931,3.5,1.0344413544529207,2.0,HARD,33.46089743589744,88.524,-0.1629999999999967
Abu Dhabi,2023,RUS,2023_Abu Dhabi_RUS_3.0,44,9.0,30.344827586206897,3.5,1.0348395336284555,2.0,HARD,33.46089743589744,88.36,-0.3269999999999982
Abu Dhabi,2023,RUS,2023_Abu Dhabi_RUS_3.0,45,10.0,28.53448275862069,3.5,1.0352332131708821,2.0,HARD,33.46089743589744,88.187,-0.5
Abu Dhabi,2023,RUS,2023_Abu Dhabi_RUS_3.0,46,11.0,26.724137931034484,3.5,1.0356225422624687,2.0,HARD,33.46089743589744,88.192,-0.49500000000000455
Abu Dhabi,2023,RUS,2023_Abu Dhabi_RUS_3.0,47,12.0,24.913793103448274,3.5,1.0360076620198804,2.0,HARD,33.46089743589744,88.261,-0.42600000000000193
Abu Dhabi,2023,RUS,2023_Abu Dhabi_RUS_3.0,48,13.0,23.103448275862068,3.5,1.0363887060917873,2.0,HARD,33.46089743589744,88.53,-0.15699999999999648
Abu Dhabi,2023,RUS,2023_Abu Dhabi_RUS_3.0,49,14.0,21.29310344827586,3.5,1.0367658012007224,2.0,HARD,33.46089743589744,88.428,-0.25900000000000034
Abu Dhabi,2023,RUS,2023_Abu Dhabi_RUS_3.0,50,15.0,19.482758620689655,3.5,1.0371390676354104,2.0,HARD,33.46089743589744,88.4,-0.28699999999999193
Abu Dhabi,2023,RUS,2023_Abu Dhabi_RUS_3.0,51,16.0,17.67241379310345,3.5,1.037508619698999,2.0,HARD,33.46089743589744,88.692,0.0049999999999954525
Abu Dhabi,2023,RUS,2023_Abu Dhabi_RUS_3.0,52,17.0,15.862068965517242,3.5,1.0378745661179198,2.0,HARD,33.46089743589744,88.877,0.18999999999999773
Abu Dhabi,2023,RUS,2023_Abu Dhabi_RUS_3.0,53,18.0,14.051724137931034,3.5,1.0382370104155285,2.0,HARD,33.46089743589744,88.825,0.13800000000000523
Abu Dhabi,2023,RUS,2023_Abu Dhabi_RUS_3.0,54,19.0,12.241379310344827,3.5,1.0385960512541605,2.0,HARD,33.46089743589744,90.038,1.350999999999999
Abu Dhabi,2023,RUS,2023_Abu Dhabi_RUS_3.0,55,20.0,10.431034482758621,3.5,1.0389517827488082,2.0,HARD,33.46089743589744,88.976,0.2890000000000015
Abu Dhabi,2023,RUS,2023_Abu Dhabi_RUS_3.0,56,21.0,8.620689655172413,3.5,1.0393042947552413,2.0,HARD,33.46089743589744,88.466,-0.22100000000000364
Abu Dhabi,2023,RUS,2023_Abu Dhabi_RUS_3.0,57,22.0,6.810344827586206,3.5,1.039653673135076,2.0,HARD,33.46089743589744,88.557,-0.12999999999999545
Abu Dhabi,2023,RUS,2023_Abu Dhabi_RUS_3.0,58,23.0,5.0,3.5,1.04,2.0,HARD,33.46089743589744,88.82,0.13299999999999557
Abu Dhabi,2023,SAI,2023_Abu Dhabi_SAI_1.0,2,1.0,105.0,3.5,1.007427813527082,2.0,HARD,33.46089743589744,91.98,0.8810000000000002
Abu Dhabi,2023,SAI,2023_Abu Dhabi_SAI_1.0,3,2.0,104.56896551724138,3.5,1.0090971765229468,2.0,HARD,33.46089743589744,91.308,0.20900000000000318
Abu Dhabi,2023,SAI,2023_Abu Dhabi_SAI_1.0,4,3.0,102.75862068965517,3.5,1.0105045146287779,2.0,HARD,33.46089743589744,91.099,0.0
Abu Dhabi,2023,SAI,2023_Abu Dhabi_SAI_1.0,5,4.0,100.94827586206897,3.5,1.0117444043902941,2.0,HARD,33.46089743589744,91.158,0.0589999999999975
Abu Dhabi,2023,SAI,2023_Abu Dhabi_SAI_1.0,6,5.0,99.13793103448276,3.5,1.0128653504180536,2.0,HARD,33.46089743589744,91.175,0.0759999999999934
Abu Dhabi,2023,SAI,2023_Abu Dhabi_SAI_1.0,7,6.0,97.32758620689656,3.5,1.013896166675593,2.0,HARD,33.46089743589744,91.301,0.20199999999999818
Abu Dhabi,2023,SAI,2023_Abu Dhabi_SAI_1.0,8,7.0,95.51724137931035,3.5,1.0148556270541642,2.0,HARD,33.46089743589744,91.263,0.16400000000000148
Abu Dhabi,2023,SAI,2023_Abu Dhabi_SAI_1.0,9,8.0,93.70689655172414,3.5,1.0157567719431666,2.0,HARD,33.46089743589744,90.965,-0.13400000000000034
Abu Dhabi,2023,SAI,2023_Abu Dhabi_SAI_1.0,10,9.0,91.89655172413794,3.5,1.016609095970748,2.0,HARD,33.46089743589744,91.305,0.20600000000000307
Abu Dhabi,2023,SAI,2023_Abu Dhabi_SAI_1.0,11,10.0,90.08620689655172,3.5,1.0174197668142277,2.0,HARD,33.46089743589744,91.085,-0.014000000000010004
Abu Dhabi,2023,SAI,2023_Abu Dhabi_SAI_1.0,12,11.0,88.27586206896551,3.5,1.0181943530458937,2.0,HARD,33.46089743589744,91.278,0.17900000000000205
Abu Dhabi,2023,SAI,2023_Abu Dhabi_SAI_1.0,13,12.0,86.4655172413793,3.5,1.01893728305896,2.0,HARD,33.46089743589744,91.385,0.28600000000000136
Abu Dhabi,2023,SAI,2023_Abu Dhabi_SAI_1.0,14,13.0,84.6551724137931,3.5,1.0196521473776208,2.0,HARD,33.46089743589744,91.416,0.31699999999999307
Abu Dhabi,2023,SAI,2023_Abu Dhabi_SAI_1.0,15,14.0,82.84482758620689,3.5,1.0203419051086242,2.0,HARD,33.46089743589744,91.619,0.519999999999996
Abu Dhabi,2023,SAI,2023_Abu Dhabi_SAI_1.0,16,15.0,81.03448275862068,3.5,1.0210090292575555,2.0,HARD,33.46089743589744,91.197,0.09799999999999898
Abu Dhabi,2023,SAI,2023_Abu Dhabi_SAI_1.0,17,16.0,79.22413793103448,3.5,1.0216556116801483,2.0,HARD,33.46089743589744,91.621,0.5219999999999914
Abu Dhabi,2023,SAI,2023_Abu Dhabi_SAI_1.0,18,17.0,77.41379310344827,3.5,1.0222834405812462,2.0,HARD,33.46089743589744,90.96,-0.13900000000001
Abu Dhabi,2023,SAI,2023_Abu Dhabi_SAI_1.0,19,18.0,75.60344827586206,3.5,1.0228940588588935,2.0,HARD,33.46089743589744,91.551,0.4519999999999982
Abu Dhabi,2023,SAI,2023_Abu Dhabi_SAI_1.0,20,19.0,73.79310344827586,3.5,1.0234888087805882,2.0,HARD,33.46089743589744,90.933,-0.16599999999999682
Abu Dhabi,2023,SAI,2023_Abu Dhabi_SAI_1.0,21,20.0,71.98275862068965,3.5,1.0240688667125726,2.0,HARD,33.46089743589744,92.184,1.0849999999999937
Abu Dhabi,2023,SAI,2023_Abu Dhabi_SAI_1.0,22,21.0,70.17241379310344,3.5,1.0246352704820576,2.0,HARD,33.46089743589744,92.071,0.9719999999999942
Abu Dhabi,2023,SAI,2023_Abu Dhabi_SAI_2.0,25,1.0,64.74137931034483,3.5,1.0262612865719445,2.0,HARD,33.46089743589744,90.188,0.3470000000000084
Abu Dhabi,2023,SAI,2023_Abu Dhabi_SAI_2.0,26,2.0,62.93103448275862,3.5,1.0267813625364794,2.0,HARD,33.46089743589744,90.007,0.16600000000001103
Abu Dhabi,2023,SAI,2023_Abu Dhabi_SAI_2.0,27,3.0,61.12068965517241,3.5,1.0272915295688405,2.0,HARD,33.46089743589744,89.841,0.0
Abu Dhabi,2023,SAI,2023_Abu Dhabi_SAI_2.0,28,4.0,59.310344827586206,3.5,1.027792333351186,2.0,HARD,33.46089743589744,89.977,0.1360000000000099
Abu Dhabi,2023,SAI,2023_Abu Dhabi_SAI_2.0,29,5.0,57.5,3.5,1.0282842712474618,2.0,HARD,33.46089743589744,89.64,-0.2009999999999934
Abu Dhabi,2023,SAI,2023_Abu Dhabi_SAI_2.0,30,6.0,55.689655172413794,3.5,1.028767798089123,2.0,HARD,33.46089743589744,89.7,-0.14099999999999113
Abu Dhabi,2023,SAI,2023_Abu Dhabi_SAI_2.0,31,7.0,53.87931034482759,3.5,1.0292433310994678,2.0,HARD,33.46089743589744,89.764,-0.07699999999999818
Abu Dhabi,2023,SAI,2023_Abu Dhabi_SAI_2.0,32,8.0,52.06896551724138,3.5,1.0297112541083282,2.0,HARD,33.46089743589744,89.897,0.056000000000011596
Abu Dhabi,2023,SAI,2023_Abu Dhabi_SAI_2.0,33,9.0,50.258620689655174,3.5,1.0301719211782445,2.0,HARD,33.46089743589744,89.76,-0.08099999999998886
Abu Dhabi,2023,SAI,2023_Abu Dhabi_SAI_2.0,34,10.0,48.44827586206897,3.5,1.0306256597395511,2.0,HARD,33.46089743589744,89.674,-0.16699999999998738
Abu Dhabi,2023,SAI,2023_Abu Dhabi_SAI_2.0,35,11.0,46.637931034482754,3.5,1.0310727733132932,2.0,HARD,33.46089743589744,89.494,-0.3469999999999942
Abu Dhabi,2023,SAI,2023_Abu Dhabi_SAI_2.0,36,12.0,44.82758620689655,3.5,1.0315135438863334,2.0,HARD,33.46089743589744,90.228,0.38700000000000045
Abu Dhabi,2023,SAI,2023_Abu Dhabi_SAI_2.0,37,13.0,43.01724137931034,3.5,1.0319482339914496,2.0,HARD,33.46089743589744,89.807,-0.033999999999991815
Abu Dhabi,2023,SAI,2023_Abu Dhabi_SAI_2.0,38,14.0,41.206896551724135,3.5,1.0323770885360153,2.0,HARD,33.46089743589744,89.746,-0.09499999999999886
Abu Dhabi,2023,SAI,2023_Abu Dhabi_SAI_2.0,39,15.0,39.39655172413793,3.5,1.0328003364154321,2.0,HARD,33.46089743589744,90.581,0.7400000000000091
Abu Dhabi,2023,SAI,2023_Abu Dhabi_SAI_2.0,40,16.0,37.58620689655172,3.5,1.033218191941496,2.0,HARD,33.46089743589744,89.635,-0.20599999999998886
Abu Dhabi,2023,SAI,2023_Abu Dhabi_SAI_2.0,41,17.0,35.775862068965516,3.5,1.0336308561109975,2.0,HARD,33.46089743589744,89.495,-0.3459999999999894
Abu Dhabi,2023,SAI,2023_Abu Dhabi_SAI_2.0,42,18.0,33.96551724137931,3.5,1.0340385177358706,2.0,HARD,33.46089743589744,89.452,-0.3889999999999958
Abu Dhabi,2023,SAI,2023_Abu Dhabi_SAI_2.0,43,19.0,32.1551724137931,3.5,1.0344413544529207,2.0,HARD,33.46089743589744,89.612,-0.2289999999999992
Abu Dhabi,2023,SAI,2023_Abu Dhabi_SAI_2.0,44,20.0,30.344827586206897,3.5,1.0348395336284555,2.0,HARD,33.46089743589744,89.809,-0.031999999999996476
Abu Dhabi,2023,SAI,2023_Abu Dhabi_SAI_2.0,45,21.0,28.53448275862069,3.5,1.0352332131708821,2.0,HARD,33.46089743589744,90.132,0.291000000000011
Abu Dhabi,2023,SAI,2023_Abu Dhabi_SAI_2.0,46,22.0,26.724137931034484,3.5,1.0356225422624687,2.0,HARD,33.46089743589744,90.712,0.8710000000000093
Abu Dhabi,2023,SAI,2023_Abu Dhabi_SAI_2.0,47,23.0,24.913793103448274,3.5,1.0360076620198804,2.0,HARD,33.46089743589744,91.102,1.26100000000001
Abu Dhabi,2023,SAI,2023_Abu Dhabi_SAI_2.0,48,24.0,23.103448275862068,3.5,1.0363887060917873,2.0,HARD,33.46089743589744,90.565,0.7240000000000038
Abu Dhabi,2023,SAI,2023_Abu Dhabi_SAI_2.0,49,25.0,21.29310344827586,3.5,1.0367658012007224,2.0,HARD,33.46089743589744,90.033,0.19200000000000728
Abu Dhabi,2023,SAI,2023_Abu Dhabi_SAI_2.0,50,26.0,19.482758620689655,3.5,1.0371390676354104,2.0,HARD,33.46089743589744,89.873,0.03200000000001069
Abu Dhabi,2023,SAI,2023_Abu Dhabi_SAI_2.0,51,27.0,17.67241379310345,3.5,1.037508619698999,2.0,HARD,33.46089743589744,89.718,-0.12299999999999045
Abu Dhabi,2023,SAI,2023_Abu Dhabi_SAI_2.0,52,28.0,15.862068965517242,3.5,1.0378745661179198,2.0,HARD,33.46089743589744,89.645,-0.19599999999999795
Abu Dhabi,2023,SAI,2023_Abu Dhabi_SAI_2.0,53,29.0,14.051724137931034,3.5,1.0382370104155285,2.0,HARD,33.46089743589744,89.775,-0.06599999999998829
Abu Dhabi,2023,SAI,2023_Abu Dhabi_SAI_2.0,54,30.0,12.241379310344827,3.5,1.0385960512541605,2.0,HARD,33.46089743589744,89.734,-0.10699999999999932
Abu Dhabi,2023,SAI,2023_Abu Dhabi_SAI_2.0,55,31.0,10.431034482758621,3.5,1.0389517827488082,2.0,HARD,33.46089743589744,89.654,-0.1869999999999976
Abu Dhabi,2023,SAR,2023_Abu Dhabi_SAR_1.0,2,1.0,105.0,3.5,1.007427813527082,1.0,MEDIUM,33.46089743589744,93.582,2.181999999999988
Abu Dhabi,2023,SAR,2023_Abu Dhabi_SAR_1.0,3,2.0,104.56896551724138,3.5,1.0090971765229468,1.0,MEDIUM,33.46089743589744,91.4,0.0
Abu Dhabi,2023,SAR,2023_Abu Dhabi_SAR_1.0,4,3.0,102.75862068965517,3.5,1.0105045146287779,1.0,MEDIUM,33.46089743589744,91.487,0.08699999999998909
Abu Dhabi,2023,SAR,2023_Abu Dhabi_SAR_1.0,5,4.0,100.94827586206897,3.5,1.0117444043902941,1.0,MEDIUM,33.46089743589744,92.275,0.875
Abu Dhabi,2023,SAR,2023_Abu Dhabi_SAR_1.0,6,5.0,99.13793103448276,3.5,1.0128653504180536,1.0,MEDIUM,33.46089743589744,91.712,0.3119999999999976
Abu Dhabi,2023,SAR,2023_Abu Dhabi_SAR_1.0,7,6.0,97.32758620689656,3.5,1.013896166675593,1.0,MEDIUM,33.46089743589744,91.157,-0.2430000000000092
Abu Dhabi,2023,SAR,2023_Abu Dhabi_SAR_1.0,8,7.0,95.51724137931035,3.5,1.0148556270541642,1.0,MEDIUM,33.46089743589744,91.542,0.1419999999999959
Abu Dhabi,2023,SAR,2023_Abu Dhabi_SAR_1.0,9,8.0,93.70689655172414,3.5,1.0157567719431666,1.0,MEDIUM,33.46089743589744,91.408,0.007999999999995566
Abu Dhabi,2023,SAR,2023_Abu Dhabi_SAR_1.0,10,9.0,91.89655172413794,3.5,1.016609095970748,1.0,MEDIUM,33.46089743589744,92.038,0.637999999999991
Abu Dhabi,2023,SAR,2023_Abu Dhabi_SAR_1.0,11,10.0,90.08620689655172,3.5,1.0174197668142277,1.0,MEDIUM,33.46089743589744,91.882,0.4819999999999993
Abu Dhabi,2023,SAR,2023_Abu Dhabi_SAR_1.0,12,11.0,88.27586206896551,3.5,1.0181943530458937,1.0,MEDIUM,33.46089743589744,91.889,0.4889999999999901
Abu Dhabi,2023,SAR,2023_Abu Dhabi_SAR_1.0,13,12.0,86.4655172413793,3.5,1.01893728305896,1.0,MEDIUM,33.46089743589744,92.05,0.6499999999999915
Abu Dhabi,2023,SAR,2023_Abu Dhabi_SAR_1.0,14,13.0,84.6551724137931,3.5,1.0196521473776208,1.0,MEDIUM,33.46089743589744,91.825,0.42499999999999716
Abu Dhabi,2023,SAR,2023_Abu Dhabi_SAR_2.0,17,1.0,79.22413793103448,3.5,1.0216556116801483,2.0,HARD,33.46089743589744,90.404,0.036000000000001364
Abu Dhabi,2023,SAR,2023_Abu Dhabi_SAR_2.0,18,2.0,77.41379310344827,3.5,1.0222834405812462,2.0,HARD,33.46089743589744,91.295,0.9270000000000067
Abu Dhabi,2023,SAR,2023_Abu Dhabi_SAR_2.0,19,3.0,75.60344827586206,3.5,1.0228940588588935,2.0,HARD,33.46089743589744,90.368,0.0
Abu Dhabi,2023,SAR,2023_Abu Dhabi_SAR_2.0,20,4.0,73.79310344827586,3.5,1.0234888087805882,2.0,HARD,33.46089743589744,90.406,0.038000000000010914
Abu Dhabi,2023,SAR,2023_Abu Dhabi_SAR_2.0,21,5.0,71.98275862068965,3.5,1.0240688667125726,2.0,HARD,33.46089743589744,90.281,-0.08699999999998909
Abu Dhabi,2023,SAR,2023_Abu Dhabi_SAR_2.0,22,6.0,70.17241379310344,3.5,1.0246352704820576,2.0,HARD,33.46089743589744,90.434,0.0660000000000025
Abu Dhabi,2023,SAR,2023_Abu Dhabi_SAR_2.0,23,7.0,68.36206896551724,3.5,1.0251889411968962,2.0,HARD,33.46089743589744,90.837,0.4690000000000083
Abu Dhabi,2023,SAR,2023_Abu Dhabi_SAR_2.0,24,8.0,66.55172413793103,3.5,1.0257307008361072,2.0,HARD,33.46089743589744,90.609,0.24099999999999966
Abu Dhabi,2023,SAR,2023_Abu Dhabi_SAR_2.0,25,9.0,64.74137931034483,3.5,1.0262612865719445,2.0,HARD,33.46089743589744,90.53,0.16200000000000614
Abu Dhabi,2023,SAR,2023_Abu Dhabi_SAR_2.0,26,10.0,62.93103448275862,3.5,1.0267813625364794,2.0,HARD,33.46089743589744,90.608,0.2400000000000091
Abu Dhabi,2023,SAR,2023_Abu Dhabi_SAR_2.0,27,11.0,61.12068965517241,3.5,1.0272915295688405,2.0,HARD,33.46089743589744,90.465,0.09700000000000841
Abu Dhabi,2023,SAR,2023_Abu Dhabi_SAR_2.0,28,12.0,59.310344827586206,3.5,1.027792333351186,2.0,HARD,33.46089743589744,90.987,0.6189999999999998
Abu Dhabi,2023,SAR,2023_Abu Dhabi_SAR_2.0,29,13.0,57.5,3.5,1.0282842712474618,2.0,HARD,33.46089743589744,90.693,0.32500000000000284
Abu Dhabi,2023,SAR,2023_Abu Dhabi_SAR_2.0,30,14.0,55.689655172413794,3.5,1.028767798089123,2.0,HARD,33.46089743589744,90.642,0.2740000000000009
Abu Dhabi,2023,SAR,2023_Abu Dhabi_SAR_2.0,31,15.0,53.87931034482759,3.5,1.0292433310994678,2.0,HARD,33.46089743589744,90.647,0.2790000000000106
Abu Dhabi,2023,SAR,2023_Abu Dhabi_SAR_2.0,32,16.0,52.06896551724138,3.5,1.0297112541083282,2.0,HARD,33.46089743589744,91.13,0.7620000000000005
Abu Dhabi,2023,SAR,2023_Abu Dhabi_SAR_2.0,33,17.0,50.258620689655174,3.5,1.0301719211782445,2.0,HARD,33.46089743589744,90.878,0.5100000000000051
Abu Dhabi,2023,SAR,2023_Abu Dhabi_SAR_2.0,34,18.0,48.44827586206897,3.5,1.0306256597395511,2.0,HARD,33.46089743589744,90.769,0.40100000000001046
Abu Dhabi,2023,SAR,2023_Abu Dhabi_SAR_2.0,35,19.0,46.637931034482754,3.5,1.0310727733132932,2.0,HARD,33.46089743589744,90.545,0.1770000000000067
Abu Dhabi,2023,SAR,2023_Abu Dhabi_SAR_2.0,36,20.0,44.82758620689655,3.5,1.0315135438863334,2.0,HARD,33.46089743589744,90.74,0.3719999999999999
Abu Dhabi,2023,SAR,2023_Abu Dhabi_SAR_2.0,37,21.0,43.01724137931034,3.5,1.0319482339914496,2.0,HARD,33.46089743589744,91.78,1.4120000000000061
Abu Dhabi,2023,SAR,2023_Abu Dhabi_SAR_2.0,38,22.0,41.206896551724135,3.5,1.0323770885360153,2.0,HARD,33.46089743589744,91.231,0.8629999999999995
Abu Dhabi,2023,SAR,2023_Abu Dhabi_SAR_2.0,39,23.0,39.39655172413793,3.5,1.0328003364154321,2.0,HARD,33.46089743589744,91.989,1.6210000000000093
Abu Dhabi,2023,SAR,2023_Abu Dhabi_SAR_2.0,40,24.0,37.58620689655172,3.5,1.033218191941496,2.0,HARD,33.46089743589744,91.754,1.38600000000001
Abu Dhabi,2023,SAR,2023_Abu Dhabi_SAR_3.0,43,1.0,32.1551724137931,3.5,1.0344413544529207,2.0,HARD,33.46089743589744,88.58,0.0
Abu Dhabi,2023,SAR,2023_Abu Dhabi_SAR_3.0,44,2.0,30.344827586206897,3.5,1.0348395336284555,2.0,HARD,33.46089743589744,88.645,0.06499999999999773
Abu Dhabi,2023,SAR,2023_Abu Dhabi_SAR_3.0,45,3.0,28.53448275862069,3.5,1.0352332131708821,2.0,HARD,33.46089743589744,88.791,0.21099999999999852
Abu Dhabi,2023,SAR,2023_Abu Dhabi_SAR_3.0,46,4.0,26.724137931034484,3.5,1.0356225422624687,2.0,HARD,33.46089743589744,88.918,0.33800000000000807
Abu Dhabi,2023,SAR,2023_Abu Dhabi_SAR_3.0,47,5.0,24.913793103448274,3.5,1.0360076620198804,2.0,HARD,33.46089743589744,89.458,0.8780000000000001
Abu Dhabi,2023,SAR,2023_Abu Dhabi_SAR_3.0,48,6.0,23.103448275862068,3.5,1.0363887060917873,2.0,HARD,33.46089743589744,89.931,1.350999999999999
Abu Dhabi,2023,SAR,2023_Abu Dhabi_SAR_3.0,49,7.0,21.29310344827586,3.5,1.0367658012007224,2.0,HARD,33.46089743589744,88.896,0.3160000000000025
Abu Dhabi,2023,SAR,2023_Abu Dhabi_SAR_3.0,50,8.0,19.482758620689655,3.5,1.0371390676354104,2.0,HARD,33.46089743589744,88.98,0.4000000000000057
Abu Dhabi,2023,SAR,2023_Abu Dhabi_SAR_3.0,51,9.0,17.67241379310345,3.5,1.037508619698999,2.0,HARD,33.46089743589744,88.837,0.257000000000005
Abu Dhabi,2023,SAR,2023_Abu Dhabi_SAR_3.0,52,10.0,15.862068965517242,3.5,1.0378745661179198,2.0,HARD,33.46089743589744,88.64,0.060000000000002274
Abu Dhabi,2023,SAR,2023_Abu Dhabi_SAR_3.0,53,11.0,14.051724137931034,3.5,1.0382370104155285,2.0,HARD,33.46089743589744,88.943,0.36299999999999955
Abu Dhabi,2023,SAR,2023_Abu Dhabi_SAR_3.0,54,12.0,12.241379310344827,3.5,1.0385960512541605,2.0,HARD,33.46089743589744,88.923,0.3430000000000035
Abu Dhabi,2023,SAR,2023_Abu Dhabi_SAR_3.0,55,13.0,10.431034482758621,3.5,1.0389517827488082,2.0,HARD,33.46089743589744,89.025,0.4450000000000074
Abu Dhabi,2023,SAR,2023_Abu Dhabi_SAR_3.0,56,14.0,8.620689655172413,3.5,1.0393042947552413,2.0,HARD,33.46089743589744,89.43,0.8500000000000085
Abu Dhabi,2023,SAR,2023_Abu Dhabi_SAR_3.0,57,15.0,6.810344827586206,3.5,1.039653673135076,2.0,HARD,33.46089743589744,89.265,0.6850000000000023
Abu Dhabi,2023,SAR,2023_Abu Dhabi_SAR_3.0,58,16.0,5.0,3.5,1.04,2.0,HARD,33.46089743589744,89.379,0.7990000000000066
Abu Dhabi,2023,STR,2023_Abu Dhabi_STR_1.0,2,1.0,105.0,3.5,1.007427813527082,2.0,HARD,33.46089743589744,91.963,1.0359999999999872
Abu Dhabi,2023,STR,2023_Abu Dhabi_STR_1.0,3,2.0,104.56896551724138,3.5,1.0090971765229468,2.0,HARD,33.46089743589744,90.927,0.0
Abu Dhabi,2023,STR,2023_Abu Dhabi_STR_1.0,4,3.0,102.75862068965517,3.5,1.0105045146287779,2.0,HARD,33.46089743589744,91.017,0.0899999999999892
Abu Dhabi,2023,STR,2023_Abu Dhabi_STR_1.0,5,4.0,100.94827586206897,3.5,1.0117444043902941,2.0,HARD,33.46089743589744,91.094,0.16699999999998738
Abu Dhabi,2023,STR,2023_Abu Dhabi_STR_1.0,6,5.0,99.13793103448276,3.5,1.0128653504180536,2.0,HARD,33.46089743589744,90.795,-0.132000000000005
Abu Dhabi,2023,STR,2023_Abu Dhabi_STR_1.0,7,6.0,97.32758620689656,3.5,1.013896166675593,2.0,HARD,33.46089743589744,91.056,0.12899999999999068
Abu Dhabi,2023,STR,2023_Abu Dhabi_STR_1.0,8,7.0,95.51724137931035,3.5,1.0148556270541642,2.0,HARD,33.46089743589744,90.988,0.06099999999999284
Abu Dhabi,2023,STR,2023_Abu Dhabi_STR_1.0,9,8.0,93.70689655172414,3.5,1.0157567719431666,2.0,HARD,33.46089743589744,91.195,0.26799999999998647
Abu Dhabi,2023,STR,2023_Abu Dhabi_STR_1.0,10,9.0,91.89655172413794,3.5,1.016609095970748,2.0,HARD,33.46089743589744,91.074,0.14699999999999136
Abu Dhabi,2023,STR,2023_Abu Dhabi_STR_1.0,11,10.0,90.08620689655172,3.5,1.0174197668142277,2.0,HARD,33.46089743589744,91.367,0.4399999999999977
Abu Dhabi,2023,STR,2023_Abu Dhabi_STR_1.0,12,11.0,88.27586206896551,3.5,1.0181943530458937,2.0,HARD,33.46089743589744,91.555,0.6280000000000001
Abu Dhabi,2023,STR,2023_Abu Dhabi_STR_1.0,13,12.0,86.4655172413793,3.5,1.01893728305896,2.0,HARD,33.46089743589744,91.631,0.7039999999999935
Abu Dhabi,2023,STR,2023_Abu Dhabi_STR_1.0,14,13.0,84.6551724137931,3.5,1.0196521473776208,2.0,HARD,33.46089743589744,91.693,0.7659999999999911
Abu Dhabi,2023,STR,2023_Abu Dhabi_STR_1.0,15,14.0,82.84482758620689,3.5,1.0203419051086242,2.0,HARD,33.46089743589744,91.312,0.3849999999999909
Abu Dhabi,2023,STR,2023_Abu Dhabi_STR_1.0,16,15.0,81.03448275862068,3.5,1.0210090292575555,2.0,HARD,33.46089743589744,91.293,0.36599999999999966
Abu Dhabi,2023,STR,2023_Abu Dhabi_STR_1.0,17,16.0,79.22413793103448,3.5,1.0216556116801483,2.0,HARD,33.46089743589744,90.5,-0.4270000000000067
Abu Dhabi,2023,STR,2023_Abu Dhabi_STR_1.0,18,17.0,77.41379310344827,3.5,1.0222834405812462,2.0,HARD,33.46089743589744,91.011,0.08399999999998897
Abu Dhabi,2023,STR,2023_Abu Dhabi_STR_1.0,19,18.0,75.60344827586206,3.5,1.0228940588588935,2.0,HARD,33.46089743589744,90.64,-0.28700000000000614
Abu Dhabi,2023,STR,2023_Abu Dhabi_STR_1.0,20,19.0,73.79310344827586,3.5,1.0234888087805882,2.0,HARD,33.46089743589744,90.655,-0.27200000000000557
Abu Dhabi,2023,STR,2023_Abu Dhabi_STR_1.0,21,20.0,71.98275862068965,3.5,1.0240688667125726,2.0,HARD,33.46089743589744,91.623,0.695999999999998
Abu Dhabi,2023,STR,2023_Abu Dhabi_STR_2.0,24,1.0,66.55172413793103,3.5,1.0257307008361072,2.0,HARD,33.46089743589744,90.353,1.492999999999995
Abu Dhabi,2023,STR,2023_Abu Dhabi_STR_2.0,25,2.0,64.74137931034483,3.5,1.0262612865719445,2.0,HARD,33.46089743589744,89.87,1.0100000000000051
Abu Dhabi,2023,STR,2023_Abu Dhabi_STR_2.0,26,3.0,62.93103448275862,3.5,1.0267813625364794,2.0,HARD,33.46089743589744,88.86,0.0
Abu Dhabi,2023,STR,2023_Abu Dhabi_STR_2.0,27,4.0,61.12068965517241,3.5,1.0272915295688405,2.0,HARD,33.46089743589744,90.191,1.331000000000003
Abu Dhabi,2023,STR,2023_Abu Dhabi_STR_2.0,28,5.0,59.310344827586206,3.5,1.027792333351186,2.0,HARD,33.46089743589744,90.312,1.4519999999999982
Abu Dhabi,2023,STR,2023_Abu Dhabi_STR_2.0,29,6.0,57.5,3.5,1.0282842712474618,2.0,HARD,33.46089743589744,89.602,0.7420000000000044
Abu Dhabi,2023,STR,2023_Abu Dhabi_STR_2.0,30,7.0,55.689655172413794,3.5,1.028767798089123,2.0,HARD,33.46089743589744,89.736,0.8760000000000048
Abu Dhabi,2023,STR,2023_Abu Dhabi_STR_2.0,31,8.0,53.87931034482759,3.5,1.0292433310994678,2.0,HARD,33.46089743589744,89.706,0.8460000000000036
Abu Dhabi,2023,STR,2023_Abu Dhabi_STR_2.0,32,9.0,52.06896551724138,3.5,1.0297112541083282,2.0,HARD,33.46089743589744,89.831,0.9710000000000036
Abu Dhabi,2023,STR,2023_Abu Dhabi_STR_2.0,33,10.0,50.258620689655174,3.5,1.0301719211782445,2.0,HARD,33.46089743589744,90.128,1.2680000000000007
Abu Dhabi,2023,STR,2023_Abu Dhabi_STR_2.0,34,11.0,48.44827586206897,3.5,1.0306256597395511,2.0,HARD,33.46089743589744,89.921,1.061000000000007
Abu Dhabi,2023,STR,2023_Abu Dhabi_STR_2.0,35,12.0,46.637931034482754,3.5,1.0310727733132932,2.0,HARD,33.46089743589744,89.902,1.0420000000000016
Abu Dhabi,2023,STR,2023_Abu Dhabi_STR_2.0,36,13.0,44.82758620689655,3.5,1.0315135438863334,2.0,HARD,33.46089743589744,90.486,1.6260000000000048
Abu Dhabi,2023,STR,2023_Abu Dhabi_STR_2.0,37,14.0,43.01724137931034,3.5,1.0319482339914496,2.0,HARD,33.46089743589744,90.751,1.8910000000000053
Abu Dhabi,2023,STR,2023_Abu Dhabi_STR_2.0,38,15.0,41.206896551724135,3.5,1.0323770885360153,2.0,HARD,33.46089743589744,90.403,1.5430000000000064
Abu Dhabi,2023,STR,2023_Abu Dhabi_STR_2.0,39,16.0,39.39655172413793,3.5,1.0328003364154321,2.0,HARD,33.46089743589744,90.305,1.4450000000000074
Abu Dhabi,2023,STR,2023_Abu Dhabi_STR_2.0,40,17.0,37.58620689655172,3.5,1.033218191941496,2.0,HARD,33.46089743589744,90.099,1.2390000000000043
Abu Dhabi,2023,STR,2023_Abu Dhabi_STR_2.0,41,18.0,35.775862068965516,3.5,1.0336308561109975,2.0,HARD,33.46089743589744,89.991,1.1310000000000002
Abu Dhabi,2023,STR,2023_Abu Dhabi_STR_3.0,44,1.0,30.344827586206897,3.5,1.0348395336284555,1.0,MEDIUM,33.46089743589744,88.05,0.0
Abu Dhabi,2023,STR,2023_Abu Dhabi_STR_3.0,45,2.0,28.53448275862069,3.5,1.0352332131708821,1.0,MEDIUM,33.46089743589744,88.177,0.12700000000000955
Abu Dhabi,2023,STR,2023_Abu Dhabi_STR_3.0,46,3.0,26.724137931034484,3.5,1.0356225422624687,1.0,MEDIUM,33.46089743589744,88.239,0.18900000000000716
Abu Dhabi,2023,STR,2023_Abu Dhabi_STR_3.0,47,4.0,24.913793103448274,3.5,1.0360076620198804,1.0,MEDIUM,33.46089743589744,88.535,0.48499999999999943
Abu Dhabi,2023,STR,2023_Abu Dhabi_STR_3.0,48,5.0,23.103448275862068,3.5,1.0363887060917873,1.0,MEDIUM,33.46089743589744,88.639,0.5889999999999986
Abu Dhabi,2023,STR,2023_Abu Dhabi_STR_3.0,49,6.0,21.29310344827586,3.5,1.0367658012007224,1.0,MEDIUM,33.46089743589744,89.03,0.980000000000004
Abu Dhabi,2023,STR,2023_Abu Dhabi_STR_3.0,50,7.0,19.482758620689655,3.5,1.0371390676354104,1.0,MEDIUM,33.46089743589744,88.81,0.7600000000000051
Abu Dhabi,2023,STR,2023_Abu Dhabi_STR_3.0,51,8.0,17.67241379310345,3.5,1.037508619698999,1.0,MEDIUM,33.46089743589744,88.801,0.7510000000000048
Abu Dhabi,2023,STR,2023_Abu Dhabi_STR_3.0,52,9.0,15.862068965517242,3.5,1.0378745661179198,1.0,MEDIUM,33.46089743589744,88.864,0.8140000000000072
Abu Dhabi,2023,STR,2023_Abu Dhabi_STR_3.0,53,10.0,14.051724137931034,3.5,1.0382370104155285,1.0,MEDIUM,33.46089743589744,89.205,1.1550000000000011
Abu Dhabi,2023,STR,2023_Abu Dhabi_STR_3.0,54,11.0,12.241379310344827,3.5,1.0385960512541605,1.0,MEDIUM,33.46089743589744,89.301,1.2510000000000048
Abu Dhabi,2023,STR,2023_Abu Dhabi_STR_3.0,55,12.0,10.431034482758621,3.5,1.0389517827488082,1.0,MEDIUM,33.46089743589744,89.458,1.4080000000000013
Abu Dhabi,2023,STR,2023_Abu Dhabi_STR_3.0,56,13.0,8.620689655172413,3.5,1.0393042947552413,1.0,MEDIUM,33.46089743589744,89.655,1.605000000000004
Abu Dhabi,2023,STR,2023_Abu Dhabi_STR_3.0,57,14.0,6.810344827586206,3.5,1.039653673135076,1.0,MEDIUM,33.46089743589744,89.486,1.436000000000007
Abu Dhabi,2023,STR,2023_Abu Dhabi_STR_3.0,58,15.0,5.0,3.5,1.04,1.0,MEDIUM,33.46089743589744,89.683,1.6330000000000098
Abu Dhabi,2023,TSU,2023_Abu Dhabi_TSU_1.0,1,1.0,105.0,3.5,1.005252257314389,1.0,MEDIUM,33.46089743589744,95.435,4.760999999999996
Abu Dhabi,2023,TSU,2023_Abu Dhabi_TSU_1.0,2,2.0,105.0,3.5,1.007427813527082,1.0,MEDIUM,33.46089743589744,91.674,1.0
Abu Dhabi,2023,TSU,2023_Abu Dhabi_TSU_1.0,3,3.0,104.56896551724138,3.5,1.0090971765229468,1.0,MEDIUM,33.46089743589744,90.674,0.0
Abu Dhabi,2023,TSU,2023_Abu Dhabi_TSU_1.0,4,4.0,102.75862068965517,3.5,1.0105045146287779,1.0,MEDIUM,33.46089743589744,90.757,0.08299999999999841
Abu Dhabi,2023,TSU,2023_Abu Dhabi_TSU_1.0,5,5.0,100.94827586206897,3.5,1.0117444043902941,1.0,MEDIUM,33.46089743589744,90.685,0.01099999999999568
Abu Dhabi,2023,TSU,2023_Abu Dhabi_TSU_1.0,6,6.0,99.13793103448276,3.5,1.0128653504180536,1.0,MEDIUM,33.46089743589744,90.786,0.11199999999999477
Abu Dhabi,2023,TSU,2023_Abu Dhabi_TSU_1.0,7,7.0,97.32758620689656,3.5,1.013896166675593,1.0,MEDIUM,33.46089743589744,90.826,0.1519999999999868
Abu Dhabi,2023,TSU,2023_Abu Dhabi_TSU_1.0,8,8.0,95.51724137931035,3.5,1.0148556270541642,1.0,MEDIUM,33.46089743589744,91.097,0.4229999999999876
Abu Dhabi,2023,TSU,2023_Abu Dhabi_TSU_1.0,9,9.0,93.70689655172414,3.5,1.0157567719431666,1.0,MEDIUM,33.46089743589744,90.862,0.18799999999998818
Abu Dhabi,2023,TSU,2023_Abu Dhabi_TSU_1.0,10,10.0,91.89655172413794,3.5,1.016609095970748,1.0,MEDIUM,33.46089743589744,91.104,0.4299999999999926
Abu Dhabi,2023,TSU,2023_Abu Dhabi_TSU_1.0,11,11.0,90.08620689655172,3.5,1.0174197668142277,1.0,MEDIUM,33.46089743589744,91.472,0.7979999999999876
Abu Dhabi,2023,TSU,2023_Abu Dhabi_TSU_1.0,12,12.0,88.27586206896551,3.5,1.0181943530458937,1.0,MEDIUM,33.46089743589744,91.466,0.7919999999999874
Abu Dhabi,2023,TSU,2023_Abu Dhabi_TSU_1.0,13,13.0,86.4655172413793,3.5,1.01893728305896,1.0,MEDIUM,33.46089743589744,91.198,0.5239999999999867
Abu Dhabi,2023,TSU,2023_Abu Dhabi_TSU_1.0,14,14.0,84.6551724137931,3.5,1.0196521473776208,1.0,MEDIUM,33.46089743589744,90.85,0.17599999999998772
Abu Dhabi,2023,TSU,2023_Abu Dhabi_TSU_1.0,15,15.0,82.84482758620689,3.5,1.0203419051086242,1.0,MEDIUM,33.46089743589744,90.901,0.22699999999998965
Abu Dhabi,2023,TSU,2023_Abu Dhabi_TSU_1.0,16,16.0,81.03448275862068,3.5,1.0210090292575555,1.0,MEDIUM,33.46089743589744,91.081,0.4069999999999965
Abu Dhabi,2023,TSU,2023_Abu Dhabi_TSU_1.0,17,17.0,79.22413793103448,3.5,1.0216556116801483,1.0,MEDIUM,33.46089743589744,91.228,0.5539999999999878
Abu Dhabi,2023,TSU,2023_Abu Dhabi_TSU_1.0,18,18.0,77.41379310344827,3.5,1.0222834405812462,1.0,MEDIUM,33.46089743589744,91.244,0.5699999999999932
Abu Dhabi,2023,TSU,2023_Abu Dhabi_TSU_1.0,19,19.0,75.60344827586206,3.5,1.0228940588588935,1.0,MEDIUM,33.46089743589744,91.453,0.7789999999999964
Abu Dhabi,2023,TSU,2023_Abu Dhabi_TSU_1.0,20,20.0,73.79310344827586,3.5,1.0234888087805882,1.0,MEDIUM,33.46089743589744,91.211,0.5369999999999919
Abu Dhabi,2023,TSU,2023_Abu Dhabi_TSU_1.0,21,21.0,71.98275862068965,3.5,1.0240688667125726,1.0,MEDIUM,33.46089743589744,91.134,0.45999999999999375
Abu Dhabi,2023,TSU,2023_Abu Dhabi_TSU_2.0,24,1.0,66.55172413793103,3.5,1.0257307008361072,2.0,HARD,33.46089743589744,90.313,0.5889999999999986
Abu Dhabi,2023,TSU,2023_Abu Dhabi_TSU_2.0,25,2.0,64.74137931034483,3.5,1.0262612865719445,2.0,HARD,33.46089743589744,90.104,0.37999999999999545
Abu Dhabi,2023,TSU,2023_Abu Dhabi_TSU_2.0,26,3.0,62.93103448275862,3.5,1.0267813625364794,2.0,HARD,33.46089743589744,89.724,0.0
Abu Dhabi,2023,TSU,2023_Abu Dhabi_TSU_2.0,27,4.0,61.12068965517241,3.5,1.0272915295688405,2.0,HARD,33.46089743589744,89.942,0.2179999999999893
Abu Dhabi,2023,TSU,2023_Abu Dhabi_TSU_2.0,28,5.0,59.310344827586206,3.5,1.027792333351186,2.0,HARD,33.46089743589744,89.892,0.16799999999999216
Abu Dhabi,2023,TSU,2023_Abu Dhabi_TSU_2.0,29,6.0,57.5,3.5,1.0282842712474618,2.0,HARD,33.46089743589744,89.688,-0.036000000000001364
Abu Dhabi,2023,TSU,2023_Abu Dhabi_TSU_2.0,30,7.0,55.689655172413794,3.5,1.028767798089123,2.0,HARD,33.46089743589744,89.989,0.26500000000000057
Abu Dhabi,2023,TSU,2023_Abu Dhabi_TSU_2.0,31,8.0,53.87931034482759,3.5,1.0292433310994678,2.0,HARD,33.46089743589744,89.667,-0.05700000000000216
Abu Dhabi,2023,TSU,2023_Abu Dhabi_TSU_2.0,32,9.0,52.06896551724138,3.5,1.0297112541083282,2.0,HARD,33.46089743589744,89.968,0.24399999999999977
Abu Dhabi,2023,TSU,2023_Abu Dhabi_TSU_2.0,33,10.0,50.258620689655174,3.5,1.0301719211782445,2.0,HARD,33.46089743589744,89.759,0.03499999999999659
Abu Dhabi,2023,TSU,2023_Abu Dhabi_TSU_2.0,34,11.0,48.44827586206897,3.5,1.0306256597395511,2.0,HARD,33.46089743589744,89.976,0.25199999999999534
Abu Dhabi,2023,TSU,2023_Abu Dhabi_TSU_2.0,35,12.0,46.637931034482754,3.5,1.0310727733132932,2.0,HARD,33.46089743589744,89.773,0.04899999999999238
Abu Dhabi,2023,TSU,2023_Abu Dhabi_TSU_2.0,36,13.0,44.82758620689655,3.5,1.0315135438863334,2.0,HARD,33.46089743589744,89.64,-0.08400000000000318
Abu Dhabi,2023,TSU,2023_Abu Dhabi_TSU_2.0,37,14.0,43.01724137931034,3.5,1.0319482339914496,2.0,HARD,33.46089743589744,89.834,0.10999999999999943
Abu Dhabi,2023,TSU,2023_Abu Dhabi_TSU_2.0,38,15.0,41.206896551724135,3.5,1.0323770885360153,2.0,HARD,33.46089743589744,90.579,0.8549999999999898
Abu Dhabi,2023,TSU,2023_Abu Dhabi_TSU_2.0,39,16.0,39.39655172413793,3.5,1.0328003364154321,2.0,HARD,33.46089743589744,91.013,1.2890000000000015
Abu Dhabi,2023,TSU,2023_Abu Dhabi_TSU_2.0,40,17.0,37.58620689655172,3.5,1.033218191941496,2.0,HARD,33.46089743589744,89.633,-0.09100000000000819
Abu Dhabi,2023,TSU,2023_Abu Dhabi_TSU_2.0,41,18.0,35.775862068965516,3.5,1.0336308561109975,2.0,HARD,33.46089743589744,89.511,-0.21300000000000807
Abu Dhabi,2023,TSU,2023_Abu Dhabi_TSU_2.0,42,19.0,33.96551724137931,3.5,1.0340385177358706,2.0,HARD,33.46089743589744,90.349,0.625
Abu Dhabi,2023,TSU,2023_Abu Dhabi_TSU_2.0,43,20.0,32.1551724137931,3.5,1.0344413544529207,2.0,HARD,33.46089743589744,89.659,-0.06499999999999773
Abu Dhabi,2023,TSU,2023_Abu Dhabi_TSU_2.0,44,21.0,30.344827586206897,3.5,1.0348395336284555,2.0,HARD,33.46089743589744,89.732,0.007999999999995566
Abu Dhabi,2023,TSU,2023_Abu Dhabi_TSU_2.0,45,22.0,28.53448275862069,3.5,1.0352332131708821,2.0,HARD,33.46089743589744,89.315,-0.409000000000006
Abu Dhabi,2023,TSU,2023_Abu Dhabi_TSU_2.0,46,23.0,26.724137931034484,3.5,1.0356225422624687,2.0,HARD,33.46089743589744,89.41,-0.31400000000000716
Abu Dhabi,2023,TSU,2023_Abu Dhabi_TSU_2.0,47,24.0,24.913793103448274,3.5,1.0360076620198804,2.0,HARD,33.46089743589744,89.335,-0.38900000000001
Abu Dhabi,2023,TSU,2023_Abu Dhabi_TSU_2.0,48,25.0,23.103448275862068,3.5,1.0363887060917873,2.0,HARD,33.46089743589744,90.932,1.2079999999999984
Abu Dhabi,2023,TSU,2023_Abu Dhabi_TSU_2.0,49,26.0,21.29310344827586,3.5,1.0367658012007224,2.0,HARD,33.46089743589744,89.951,0.22699999999998965
Abu Dhabi,2023,TSU,2023_Abu Dhabi_TSU_2.0,50,27.0,19.482758620689655,3.5,1.0371390676354104,2.0,HARD,33.46089743589744,89.643,-0.08100000000000307
Abu Dhabi,2023,TSU,2023_Abu Dhabi_TSU_2.0,51,28.0,17.67241379310345,3.5,1.037508619698999,2.0,HARD,33.46089743589744,89.529,-0.1950000000000074
Abu Dhabi,2023,TSU,2023_Abu Dhabi_TSU_2.0,52,29.0,15.862068965517242,3.5,1.0378745661179198,2.0,HARD,33.46089743589744,89.454,-0.27000000000001023
Abu Dhabi,2023,TSU,2023_Abu Dhabi_TSU_2.0,53,30.0,14.051724137931034,3.5,1.0382370104155285,2.0,HARD,33.46089743589744,89.413,-0.31100000000000705
Abu Dhabi,2023,TSU,2023_Abu Dhabi_TSU_2.0,54,31.0,12.241379310344827,3.5,1.0385960512541605,2.0,HARD,33.46089743589744,89.385,-0.33899999999999864
Abu Dhabi,2023,TSU,2023_Abu Dhabi_TSU_2.0,55,32.0,10.431034482758621,3.5,1.0389517827488082,2.0,HARD,33.46089743589744,89.256,-0.4680000000000035
Abu Dhabi,2023,TSU,2023_Abu Dhabi_TSU_2.0,56,33.0,8.620689655172413,3.5,1.0393042947552413,2.0,HARD,33.46089743589744,91.027,1.3029999999999973
Abu Dhabi,2023,TSU,2023_Abu Dhabi_TSU_2.0,57,34.0,6.810344827586206,3.5,1.039653673135076,2.0,HARD,33.46089743589744,89.828,0.1039999999999992
Abu Dhabi,2023,TSU,2023_Abu Dhabi_TSU_2.0,58,35.0,5.0,3.5,1.04,2.0,HARD,33.46089743589744,90.38,0.6559999999999917
Abu Dhabi,2023,VER,2023_Abu Dhabi_VER_1.0,1,1.0,105.0,3.5,1.005252257314389,1.0,MEDIUM,33.46089743589744,92.19,1.7819999999999965
Abu Dhabi,2023,VER,2023_Abu Dhabi_VER_1.0,2,2.0,105.0,3.5,1.007427813527082,1.0,MEDIUM,33.46089743589744,90.71,0.3019999999999925
Abu Dhabi,2023,VER,2023_Abu Dhabi_VER_1.0,3,3.0,104.56896551724138,3.5,1.0090971765229468,1.0,MEDIUM,33.46089743589744,90.408,0.0
Abu Dhabi,2023,VER,2023_Abu Dhabi_VER_1.0,4,4.0,102.75862068965517,3.5,1.0105045146287779,1.0,MEDIUM,33.46089743589744,90.716,0.3079999999999927
Abu Dhabi,2023,VER,2023_Abu Dhabi_VER_1.0,5,5.0,100.94827586206897,3.5,1.0117444043902941,1.0,MEDIUM,33.46089743589744,90.552,0.14400000000000546
Abu Dhabi,2023,VER,2023_Abu Dhabi_VER_1.0,6,6.0,99.13793103448276,3.5,1.0128653504180536,1.0,MEDIUM,33.46089743589744,90.44,0.031999999999996476
Abu Dhabi,2023,VER,2023_Abu Dhabi_VER_1.0,7,7.0,97.32758620689656,3.5,1.013896166675593,1.0,MEDIUM,33.46089743589744,90.529,0.12099999999999511
Abu Dhabi,2023,VER,2023_Abu Dhabi_VER_1.0,8,8.0,95.51724137931035,3.5,1.0148556270541642,1.0,MEDIUM,33.46089743589744,90.516,0.10800000000000409
Abu Dhabi,2023,VER,2023_Abu Dhabi_VER_1.0,9,9.0,93.70689655172414,3.5,1.0157567719431666,1.0,MEDIUM,33.46089743589744,90.632,0.22400000000000375
Abu Dhabi,2023,VER,2023_Abu Dhabi_VER_1.0,10,10.0,91.89655172413794,3.5,1.016609095970748,1.0,MEDIUM,33.46089743589744,90.506,0.09799999999999898
Abu Dhabi,2023,VER,2023_Abu Dhabi_VER_1.0,11,11.0,90.08620689655172,3.5,1.0174197668142277,1.0,MEDIUM,33.46089743589744,90.561,0.1530000000000058
Abu Dhabi,2023,VER,2023_Abu Dhabi_VER_1.0,12,12.0,88.27586206896551,3.5,1.0181943530458937,1.0,MEDIUM,33.46089743589744,90.59,0.18200000000000216
Abu Dhabi,2023,VER,2023_Abu Dhabi_VER_1.0,13,13.0,86.4655172413793,3.5,1.01893728305896,1.0,MEDIUM,33.46089743589744,90.561,0.1530000000000058
Abu Dhabi,2023,VER,2023_Abu Dhabi_VER_1.0,14,14.0,84.6551724137931,3.5,1.0196521473776208,1.0,MEDIUM,33.46089743589744,90.647,0.23900000000000432
Abu Dhabi,2023,VER,2023_Abu Dhabi_VER_1.0,15,15.0,82.84482758620689,3.5,1.0203419051086242,1.0,MEDIUM,33.46089743589744,90.267,-0.14100000000000534
Abu Dhabi,2023,VER,2023_Abu Dhabi_VER_2.0,18,1.0,77.41379310344827,3.5,1.0222834405812462,2.0,HARD,33.46089743589744,89.896,0.5100000000000051
Abu Dhabi,2023,VER,2023_Abu Dhabi_VER_2.0,19,2.0,75.60344827586206,3.5,1.0228940588588935,2.0,HARD,33.46089743589744,89.386,0.0
Abu Dhabi,2023,VER,2023_Abu Dhabi_VER_2.0,20,3.0,73.79310344827586,3.5,1.0234888087805882,2.0,HARD,33.46089743589744,89.628,0.24200000000000443
Abu Dhabi,2023,VER,2023_Abu Dhabi_VER_2.0,21,4.0,71.98275862068965,3.5,1.0240688667125726,2.0,HARD,33.46089743589744,89.127,-0.25900000000000034
Abu Dhabi,2023,VER,2023_Abu Dhabi_VER_2.0,22,5.0,70.17241379310344,3.5,1.0246352704820576,2.0,HARD,33.46089743589744,89.689,0.30299999999999727
Abu Dhabi,2023,VER,2023_Abu Dhabi_VER_2.0,23,6.0,68.36206896551724,3.5,1.0251889411968962,2.0,HARD,33.46089743589744,89.634,0.24800000000000466
Abu Dhabi,2023,VER,2023_Abu Dhabi_VER_2.0,24,7.0,66.55172413793103,3.5,1.0257307008361072,2.0,HARD,33.46089743589744,89.293,-0.09299999999998931
Abu Dhabi,2023,VER,2023_Abu Dhabi_VER_2.0,25,8.0,64.74137931034483,3.5,1.0262612865719445,2.0,HARD,33.46089743589744,89.401,0.015000000000000568
Abu Dhabi,2023,VER,2023_Abu Dhabi_VER_2.0,26,9.0,62.93103448275862,3.5,1.0267813625364794,2.0,HARD,33.46089743589744,89.289,-0.0969999999999942
Abu Dhabi,2023,VER,2023_Abu Dhabi_VER_2.0,27,10.0,61.12068965517241,3.5,1.0272915295688405,2.0,HARD,33.46089743589744,89.156,-0.22999999999998977
Abu Dhabi,2023,VER,2023_Abu Dhabi_VER_2.0,28,11.0,59.310344827586206,3.5,1.027792333351186,2.0,HARD,33.46089743589744,89.217,-0.16899999999999693
Abu Dhabi,2023,VER,2023_Abu Dhabi_VER_2.0,29,12.0,57.5,3.5,1.0282842712474618,2.0,HARD,33.46089743589744,89.183,-0.20299999999998875
Abu Dhabi,2023,VER,2023_Abu Dhabi_VER_2.0,30,13.0,55.689655172413794,3.5,1.028767798089123,2.0,HARD,33.46089743589744,89.266,-0.11999999999999034
Abu Dhabi,2023,VER,2023_Abu Dhabi_VER_2.0,31,14.0,53.87931034482759,3.5,1.0292433310994678,2.0,HARD,33.46089743589744,89.149,-0.23699999999999477
Abu Dhabi,2023,VER,2023_Abu Dhabi_VER_2.0,32,15.0,52.06896551724138,3.5,1.0297112541083282,2.0,HARD,33.46089743589744,89.1,-0.28600000000000136
Abu Dhabi,2023,VER,2023_Abu Dhabi_VER_2.0,33,16.0,50.258620689655174,3.5,1.0301719211782445,2.0,HARD,33.46089743589744,89.137,-0.24899999999999523
Abu Dhabi,2023,VER,2023_Abu Dhabi_VER_2.0,34,17.0,48.44827586206897,3.5,1.0306256597395511,2.0,HARD,33.46089743589744,89.077,-0.3089999999999975
Abu Dhabi,2023,VER,2023_Abu Dhabi_VER_2.0,35,18.0,46.637931034482754,3.5,1.0310727733132932,2.0,HARD,33.46089743589744,89.148,-0.23799999999999955
Abu Dhabi,2023,VER,2023_Abu Dhabi_VER_2.0,36,19.0,44.82758620689655,3.5,1.0315135438863334,2.0,HARD,33.46089743589744,88.902,-0.48399999999999466
Abu Dhabi,2023,VER,2023_Abu Dhabi_VER_2.0,37,20.0,43.01724137931034,3.5,1.0319482339914496,2.0,HARD,33.46089743589744,88.91,-0.4759999999999991
Abu Dhabi,2023,VER,2023_Abu Dhabi_VER_2.0,38,21.0,41.206896551724135,3.5,1.0323770885360153,2.0,HARD,33.46089743589744,89.073,-0.3130000000000024
Abu Dhabi,2023,VER,2023_Abu Dhabi_VER_2.0,39,22.0,39.39655172413793,3.5,1.0328003364154321,2.0,HARD,33.46089743589744,88.849,-0.5369999999999919
Abu Dhabi,2023,VER,2023_Abu Dhabi_VER_2.0,40,23.0,37.58620689655172,3.5,1.033218191941496,2.0,HARD,33.46089743589744,89.053,-0.3329999999999984
Abu Dhabi,2023,VER,2023_Abu Dhabi_VER_2.0,41,24.0,35.775862068965516,3.5,1.0336308561109975,2.0,HARD,33.46089743589744,89.003,-0.38299999999999557
Abu Dhabi,2023,VER,2023_Abu Dhabi_VER_2.0,42,25.0,33.96551724137931,3.5,1.0340385177358706,2.0,HARD,33.46089743589744,89.082,-0.30400000000000205
Abu Dhabi,2023,VER,2023_Abu Dhabi_VER_3.0,45,1.0,28.53448275862069,3.5,1.0352332131708821,2.0,HARD,33.46089743589744,86.993,0.0
Abu Dhabi,2023,VER,2023_Abu Dhabi_VER_3.0,46,2.0,26.724137931034484,3.5,1.0356225422624687,2.0,HARD,33.46089743589744,87.902,0.909000000000006
Abu Dhabi,2023,VER,2023_Abu Dhabi_VER_3.0,47,3.0,24.913793103448274,3.5,1.0360076620198804,2.0,HARD,33.46089743589744,87.962,0.9690000000000083
Abu Dhabi,2023,VER,2023_Abu Dhabi_VER_3.0,48,4.0,23.103448275862068,3.5,1.0363887060917873,2.0,HARD,33.46089743589744,87.968,0.9750000000000085
Abu Dhabi,2023,VER,2023_Abu Dhabi_VER_3.0,49,5.0,21.29310344827586,3.5,1.0367658012007224,2.0,HARD,33.46089743589744,87.901,0.9080000000000013
Abu Dhabi,2023,VER,2023_Abu Dhabi_VER_3.0,50,6.0,19.482758620689655,3.5,1.0371390676354104,2.0,HARD,33.46089743589744,88.04,1.0470000000000113
Abu Dhabi,2023,VER,2023_Abu Dhabi_VER_3.0,51,7.0,17.67241379310345,3.5,1.037508619698999,2.0,HARD,33.46089743589744,87.849,0.8560000000000088
Abu Dhabi,2023,VER,2023_Abu Dhabi_VER_3.0,52,8.0,15.862068965517242,3.5,1.0378745661179198,2.0,HARD,33.46089743589744,87.851,0.8580000000000041
Abu Dhabi,2023,VER,2023_Abu Dhabi_VER_3.0,53,9.0,14.051724137931034,3.5,1.0382370104155285,2.0,HARD,33.46089743589744,87.683,0.6900000000000119
Abu Dhabi,2023,VER,2023_Abu Dhabi_VER_3.0,54,10.0,12.241379310344827,3.5,1.0385960512541605,2.0,HARD,33.46089743589744,87.513,0.5200000000000102
Abu Dhabi,2023,VER,2023_Abu Dhabi_VER_3.0,55,11.0,10.431034482758621,3.5,1.0389517827488082,2.0,HARD,33.46089743589744,87.93,0.9370000000000118
Abu Dhabi,2023,VER,2023_Abu Dhabi_VER_3.0,56,12.0,8.620689655172413,3.5,1.0393042947552413,2.0,HARD,33.46089743589744,87.727,0.7340000000000089
Abu Dhabi,2023,VER,2023_Abu Dhabi_VER_3.0,57,13.0,6.810344827586206,3.5,1.039653673135076,2.0,HARD,33.46089743589744,87.98,0.987000000000009
Abu Dhabi,2023,VER,2023_Abu Dhabi_VER_3.0,58,14.0,5.0,3.5,1.04,2.0,HARD,33.46089743589744,88.545,1.5520000000000067
Abu Dhabi,2023,ZHO,2023_Abu Dhabi_ZHO_1.0,2,1.0,105.0,3.5,1.007427813527082,1.0,MEDIUM,33.46089743589744,92.533,1.230000000000004
Abu Dhabi,2023,ZHO,2023_Abu Dhabi_ZHO_1.0,3,2.0,104.56896551724138,3.5,1.0090971765229468,1.0,MEDIUM,33.46089743589744,91.817,0.5139999999999958
Abu Dhabi,2023,ZHO,2023_Abu Dhabi_ZHO_1.0,4,3.0,102.75862068965517,3.5,1.0105045146287779,1.0,MEDIUM,33.46089743589744,91.303,0.0
Abu Dhabi,2023,ZHO,2023_Abu Dhabi_ZHO_1.0,5,4.0,100.94827586206897,3.5,1.0117444043902941,1.0,MEDIUM,33.46089743589744,91.44,0.13700000000000045
Abu Dhabi,2023,ZHO,2023_Abu Dhabi_ZHO_1.0,6,5.0,99.13793103448276,3.5,1.0128653504180536,1.0,MEDIUM,33.46089743589744,91.331,0.028000000000005798
Abu Dhabi,2023,ZHO,2023_Abu Dhabi_ZHO_1.0,7,6.0,97.32758620689656,3.5,1.013896166675593,1.0,MEDIUM,33.46089743589744,91.227,-0.0759999999999934
Abu Dhabi,2023,ZHO,2023_Abu Dhabi_ZHO_1.0,8,7.0,95.51724137931035,3.5,1.0148556270541642,1.0,MEDIUM,33.46089743589744,91.318,0.015000000000000568
Abu Dhabi,2023,ZHO,2023_Abu Dhabi_ZHO_1.0,9,8.0,93.70689655172414,3.5,1.0157567719431666,1.0,MEDIUM,33.46089743589744,91.662,0.35900000000000887
Abu Dhabi,2023,ZHO,2023_Abu Dhabi_ZHO_1.0,10,9.0,91.89655172413794,3.5,1.016609095970748,1.0,MEDIUM,33.46089743589744,91.936,0.6330000000000098
Abu Dhabi,2023,ZHO,2023_Abu Dhabi_ZHO_1.0,11,10.0,90.08620689655172,3.5,1.0174197668142277,1.0,MEDIUM,33.46089743589744,91.845,0.5420000000000016
Abu Dhabi,2023,ZHO,2023_Abu Dhabi_ZHO_1.0,12,11.0,88.27586206896551,3.5,1.0181943530458937,1.0,MEDIUM,33.46089743589744,92.298,0.9950000000000045
Abu Dhabi,2023,ZHO,2023_Abu Dhabi_ZHO_2.0,15,1.0,82.84482758620689,3.5,1.0203419051086242,2.0,HARD,33.46089743589744,90.762,0.0
Abu Dhabi,2023,ZHO,2023_Abu Dhabi_ZHO_2.0,16,2.0,81.03448275862068,3.5,1.0210090292575555,2.0,HARD,33.46089743589744,90.842,0.0799999999999983
Abu Dhabi,2023,ZHO,2023_Abu Dhabi_ZHO_2.0,17,3.0,79.22413793103448,3.5,1.0216556116801483,2.0,HARD,33.46089743589744,90.892,0.12999999999999545
Abu Dhabi,2023,ZHO,2023_Abu Dhabi_ZHO_2.0,18,4.0,77.41379310344827,3.5,1.0222834405812462,2.0,HARD,33.46089743589744,90.973,0.21099999999999852
Abu Dhabi,2023,ZHO,2023_Abu Dhabi_ZHO_2.0,19,5.0,75.60344827586206,3.5,1.0228940588588935,2.0,HARD,33.46089743589744,91.083,0.32099999999999795
Abu Dhabi,2023,ZHO,2023_Abu Dhabi_ZHO_2.0,20,6.0,73.79310344827586,3.5,1.0234888087805882,2.0,HARD,33.46089743589744,91.099,0.3370000000000033
Abu Dhabi,2023,ZHO,2023_Abu Dhabi_ZHO_2.0,21,7.0,71.98275862068965,3.5,1.0240688667125726,2.0,HARD,33.46089743589744,91.055,0.29300000000000637
Abu Dhabi,2023,ZHO,2023_Abu Dhabi_ZHO_2.0,22,8.0,70.17241379310344,3.5,1.0246352704820576,2.0,HARD,33.46089743589744,90.353,-0.409000000000006
Abu Dhabi,2023,ZHO,2023_Abu Dhabi_ZHO_2.0,23,9.0,68.36206896551724,3.5,1.0251889411968962,2.0,HARD,33.46089743589744,90.707,-0.05500000000000682
Abu Dhabi,2023,ZHO,2023_Abu Dhabi_ZHO_2.0,24,10.0,66.55172413793103,3.5,1.0257307008361072,2.0,HARD,33.46089743589744,90.957,0.19499999999999318
Abu Dhabi,2023,ZHO,2023_Abu Dhabi_ZHO_2.0,25,11.0,64.74137931034483,3.5,1.0262612865719445,2.0,HARD,33.46089743589744,90.695,-0.06700000000000728
Abu Dhabi,2023,ZHO,2023_Abu Dhabi_ZHO_2.0,26,12.0,62.93103448275862,3.5,1.0267813625364794,2.0,HARD,33.46089743589744,91.879,1.1170000000000044
Abu Dhabi,2023,ZHO,2023_Abu Dhabi_ZHO_2.0,27,13.0,61.12068965517241,3.5,1.0272915295688405,2.0,HARD,33.46089743589744,90.619,-0.14300000000000068
Abu Dhabi,2023,ZHO,2023_Abu Dhabi_ZHO_2.0,28,14.0,59.310344827586206,3.5,1.027792333351186,2.0,HARD,33.46089743589744,90.782,0.01999999999999602
Abu Dhabi,2023,ZHO,2023_Abu Dhabi_ZHO_2.0,29,15.0,57.5,3.5,1.0282842712474618,2.0,HARD,33.46089743589744,90.608,-0.15399999999999636
Abu Dhabi,2023,ZHO,2023_Abu Dhabi_ZHO_2.0,30,16.0,55.689655172413794,3.5,1.028767798089123,2.0,HARD,33.46089743589744,91.054,0.2920000000000016
Abu Dhabi,2023,ZHO,2023_Abu Dhabi_ZHO_2.0,31,17.0,53.87931034482759,3.5,1.0292433310994678,2.0,HARD,33.46089743589744,90.935,0.17300000000000182
Abu Dhabi,2023,ZHO,2023_Abu Dhabi_ZHO_2.0,32,18.0,52.06896551724138,3.5,1.0297112541083282,2.0,HARD,33.46089743589744,90.874,0.11199999999999477
Abu Dhabi,2023,ZHO,2023_Abu Dhabi_ZHO_2.0,33,19.0,50.258620689655174,3.5,1.0301719211782445,2.0,HARD,33.46089743589744,90.844,0.08199999999999363
Abu Dhabi,2023,ZHO,2023_Abu Dhabi_ZHO_2.0,34,20.0,48.44827586206897,3.5,1.0306256597395511,2.0,HARD,33.46089743589744,90.941,0.17900000000000205
Abu Dhabi,2023,ZHO,2023_Abu Dhabi_ZHO_2.0,35,21.0,46.637931034482754,3.5,1.0310727733132932,2.0,HARD,33.46089743589744,90.594,-0.16800000000000637
Abu Dhabi,2023,ZHO,2023_Abu Dhabi_ZHO_2.0,36,22.0,44.82758620689655,3.5,1.0315135438863334,2.0,HARD,33.46089743589744,90.67,-0.09199999999999875
Abu Dhabi,2023,ZHO,2023_Abu Dhabi_ZHO_3.0,39,1.0,39.39655172413793,3.5,1.0328003364154321,1.0,MEDIUM,33.46089743589744,88.951,0.0
Abu Dhabi,2023,ZHO,2023_Abu Dhabi_ZHO_3.0,40,2.0,37.58620689655172,3.5,1.033218191941496,1.0,MEDIUM,33.46089743589744,89.081,0.13000000000000966
Abu Dhabi,2023,ZHO,2023_Abu Dhabi_ZHO_3.0,41,3.0,35.775862068965516,3.5,1.0336308561109975,1.0,MEDIUM,33.46089743589744,89.402,0.4510000000000076
Abu Dhabi,2023,ZHO,2023_Abu Dhabi_ZHO_3.0,42,4.0,33.96551724137931,3.5,1.0340385177358706,1.0,MEDIUM,33.46089743589744,88.972,0.021000000000000796
Abu Dhabi,2023,ZHO,2023_Abu Dhabi_ZHO_3.0,43,5.0,32.1551724137931,3.5,1.0344413544529207,1.0,MEDIUM,33.46089743589744,88.746,-0.2049999999999983
Abu Dhabi,2023,ZHO,2023_Abu Dhabi_ZHO_3.0,44,6.0,30.344827586206897,3.5,1.0348395336284555,1.0,MEDIUM,33.46089743589744,89.083,0.132000000000005
Abu Dhabi,2023,ZHO,2023_Abu Dhabi_ZHO_3.0,45,7.0,28.53448275862069,3.5,1.0352332131708821,1.0,MEDIUM,33.46089743589744,89.89,0.9390000000000072
Abu Dhabi,2023,ZHO,2023_Abu Dhabi_ZHO_3.0,46,8.0,26.724137931034484,3.5,1.0356225422624687,1.0,MEDIUM,33.46089743589744,89.324,0.37300000000000466
Abu Dhabi,2023,ZHO,2023_Abu Dhabi_ZHO_3.0,47,9.0,24.913793103448274,3.5,1.0360076620198804,1.0,MEDIUM,33.46089743589744,89.409,0.4580000000000126
Abu Dhabi,2023,ZHO,2023_Abu Dhabi_ZHO_3.0,48,10.0,23.103448275862068,3.5,1.0363887060917873,1.0,MEDIUM,33.46089743589744,89.383,0.43200000000000216
Abu Dhabi,2023,ZHO,2023_Abu Dhabi_ZHO_3.0,49,11.0,21.29310344827586,3.5,1.0367658012007224,1.0,MEDIUM,33.46089743589744,89.766,0.8150000000000119
Abu Dhabi,2023,ZHO,2023_Abu Dhabi_ZHO_3.0,50,12.0,19.482758620689655,3.5,1.0371390676354104,1.0,MEDIUM,33.46089743589744,89.704,0.7530000000000001
Abu Dhabi,2023,ZHO,2023_Abu Dhabi_ZHO_3.0,51,13.0,17.67241379310345,3.5,1.037508619698999,1.0,MEDIUM,33.46089743589744,89.702,0.7510000000000048
Abu Dhabi,2023,ZHO,2023_Abu Dhabi_ZHO_3.0,52,14.0,15.862068965517242,3.5,1.0378745661179198,1.0,MEDIUM,33.46089743589744,89.608,0.6570000000000107
Abu Dhabi,2023,ZHO,2023_Abu Dhabi_ZHO_3.0,53,15.0,14.051724137931034,3.5,1.0382370104155285,1.0,MEDIUM,33.46089743589744,89.781,0.8300000000000125
Abu Dhabi,2023,ZHO,2023_Abu Dhabi_ZHO_3.0,54,16.0,12.241379310344827,3.5,1.0385960512541605,1.0,MEDIUM,33.46089743589744,90.289,1.338000000000008
Abu Dhabi,2023,ZHO,2023_Abu Dhabi_ZHO_3.0,55,17.0,10.431034482758621,3.5,1.0389517827488082,1.0,MEDIUM,33.46089743589744,90.416,1.4650000000000034
Abu Dhabi,2023,ZHO,2023_Abu Dhabi_ZHO_3.0,56,18.0,8.620689655172413,3.5,1.0393042947552413,1.0,MEDIUM,33.46089743589744,90.2,1.2490000000000094
Abu Dhabi,2023,ZHO,2023_Abu Dhabi_ZHO_3.0,57,19.0,6.810344827586206,3.5,1.039653673135076,1.0,MEDIUM,33.46089743589744,90.991,2.0400000000000063
Abu Dhabi,2023,ZHO,2023_Abu Dhabi_ZHO_3.0,58,20.0,5.0,3.5,1.04,1.0,MEDIUM,33.46089743589744,90.327,1.3760000000000048
